store_id,sku_id,MAPE
STORE_01,SKU_001,45.66051378981921
STORE_01,SKU_002,58.474713684520374
STORE_01,SKU_003,75.00731613400077
STORE_01,SKU_004,115.58706751355605
STORE_01,SKU_005,41.18299842489618
STORE_01,SKU_006,50.95717824702134
STORE_01,SKU_007,54.12979720753015
STORE_01,SKU_008,63.046513605442165
STORE_01,SKU_009,52.008886558575995
STORE_01,SKU_010,31.275670572529297
STORE_01,SKU_011,40.54126318104655
STORE_01,SKU_012,41.37314500268193
STORE_01,SKU_013,136.81477292306124
STORE_01,SKU_014,41.21165345118939
STORE_01,SKU_015,37.49030186347896
STORE_01,SKU_016,47.265691927901635
STORE_01,SKU_017,60.815938247445104
STORE_01,SKU_018,38.304956268221574
STORE_01,SKU_019,134.74273178105932
STORE_01,SKU_020,35.25350031677882
STORE_01,SKU_021,78.57795083517586
STORE_01,SKU_022,60.87463556851311
STORE_01,SKU_023,84.67887154861943
STORE_01,SKU_024,59.68547678484112
STORE_01,SKU_025,66.90962099125363
STORE_01,SKU_026,87.90430192987571
STORE_01,SKU_027,41.44907599667774
STORE_01,SKU_028,124.9536717531887
STORE_01,SKU_029,53.4043931838272
STORE_01,SKU_030,48.59628466771323
STORE_01,SKU_031,85.77699627315664
STORE_01,SKU_032,86.66467945874004
STORE_01,SKU_033,54.8181478995351
STORE_01,SKU_034,146.68434834251158
STORE_01,SKU_035,79.56926020408164
STORE_01,SKU_036,33.499386352479135
STORE_01,SKU_037,44.299262941477956
STORE_01,SKU_038,42.926512710347296
STORE_01,SKU_039,98.15081709624937
STORE_01,SKU_040,46.13383184721279
STORE_01,SKU_041,69.61085509472606
STORE_01,SKU_042,53.65810564089129
STORE_01,SKU_043,89.2821889961329
STORE_01,SKU_044,39.53397816513728
STORE_01,SKU_045,54.53069921376949
STORE_01,SKU_046,53.0627290800294
STORE_01,SKU_047,137.8035927632702
STORE_01,SKU_048,82.30526842771741
STORE_01,SKU_049,64.4511049356135
STORE_01,SKU_050,80.1887259758272
STORE_01,SKU_051,46.66867653305567
STORE_01,SKU_052,62.174176601333585
STORE_01,SKU_053,41.35876062391636
STORE_01,SKU_054,50.356728057076495
STORE_01,SKU_055,39.69716919025675
STORE_01,SKU_056,46.00587008997148
STORE_01,SKU_057,45.2310924369748
STORE_01,SKU_058,54.3767920391297
STORE_01,SKU_059,50.72590011614402
STORE_01,SKU_060,37.78887441501425
STORE_01,SKU_061,58.819241982507286
STORE_01,SKU_062,69.54629309350861
STORE_01,SKU_063,34.11989795918367
STORE_01,SKU_064,54.82734198800815
STORE_01,SKU_065,54.60729746444031
STORE_01,SKU_066,55.591734821269334
STORE_01,SKU_067,62.11233795850445
STORE_01,SKU_068,48.854618941720496
STORE_01,SKU_069,82.6307060522622
STORE_01,SKU_070,48.47285067873303
STORE_01,SKU_071,56.00193525686136
STORE_01,SKU_072,83.72907577871739
STORE_01,SKU_073,50.14459554895605
STORE_01,SKU_074,54.813341934533724
STORE_01,SKU_075,56.79300731577636
STORE_01,SKU_076,53.415386773266015
STORE_01,SKU_077,33.87323617565839
STORE_01,SKU_078,92.02180872348939
STORE_01,SKU_079,58.21154301566358
STORE_01,SKU_080,80.71896304651942
STORE_01,SKU_081,69.19549830376015
STORE_01,SKU_082,62.49122290425603
STORE_01,SKU_083,33.11484433933414
STORE_01,SKU_084,57.43575207860921
STORE_01,SKU_085,56.73304830714842
STORE_01,SKU_086,101.11733789260389
STORE_01,SKU_087,41.81060725911224
STORE_01,SKU_088,48.50479489454645
STORE_01,SKU_089,56.79110561750473
STORE_01,SKU_090,73.48382749326146
STORE_01,SKU_091,40.047637499846225
STORE_01,SKU_092,91.8983331037333
STORE_01,SKU_093,41.79902432436994
STORE_01,SKU_094,42.553733376150234
STORE_01,SKU_095,110.07002801120449
STORE_01,SKU_096,143.68458585900962
STORE_01,SKU_097,80.08928571428572
STORE_01,SKU_098,51.87317784256559
STORE_01,SKU_099,120.28395371674792
STORE_01,SKU_100,120.61269134396994
STORE_01,SKU_101,82.99172678715651
STORE_01,SKU_102,61.38747460666899
STORE_01,SKU_103,37.75510204081632
STORE_01,SKU_104,49.29566875379683
STORE_01,SKU_105,47.560618319395765
STORE_01,SKU_106,35.095215343662545
STORE_01,SKU_107,61.04289541903718
STORE_01,SKU_108,31.08136761197987
STORE_01,SKU_109,53.10149774743903
STORE_01,SKU_110,67.79663407213106
STORE_01,SKU_111,64.55783224818077
STORE_01,SKU_112,41.87586216937283
STORE_01,SKU_113,45.96388690246988
STORE_01,SKU_114,45.20595007581346
STORE_01,SKU_115,64.22518469753491
STORE_01,SKU_116,45.04911641376012
STORE_01,SKU_117,57.21909453436547
STORE_01,SKU_118,52.170352843230695
STORE_01,SKU_119,51.057693928107994
STORE_01,SKU_120,65.24909162338602
STORE_01,SKU_121,73.56393754555228
STORE_01,SKU_122,48.456432311144354
STORE_01,SKU_123,44.58977690455064
STORE_01,SKU_124,44.33119215727911
STORE_01,SKU_125,20.227142035652673
STORE_01,SKU_126,81.91628625134267
STORE_01,SKU_127,57.4199042849958
STORE_01,SKU_128,100.19506674850389
STORE_01,SKU_129,36.456215690909566
STORE_01,SKU_130,42.674173813849116
STORE_01,SKU_131,32.33829965018624
STORE_01,SKU_132,94.09795137300408
STORE_01,SKU_133,69.90937739925364
STORE_01,SKU_134,113.75993145349743
STORE_01,SKU_135,67.16908005409505
STORE_01,SKU_136,64.57270408163265
STORE_01,SKU_137,41.9116766567026
STORE_01,SKU_138,56.67667066826731
STORE_01,SKU_139,49.737178486531484
STORE_01,SKU_140,95.32138766396642
STORE_01,SKU_141,60.21214896214896
STORE_01,SKU_142,43.12528988868275
STORE_01,SKU_143,73.6843185550082
STORE_01,SKU_144,51.4654908492764
STORE_01,SKU_145,29.21918657029027
STORE_01,SKU_146,35.13493000505988
STORE_01,SKU_147,49.59617626943103
STORE_01,SKU_148,36.51218820861678
STORE_01,SKU_149,47.545626179987416
STORE_01,SKU_150,62.59821070138213
STORE_01,SKU_151,65.74632983083688
STORE_01,SKU_152,60.65338023833823
STORE_01,SKU_153,39.060356057316554
STORE_01,SKU_154,40.52790706926045
STORE_01,SKU_155,39.211230397866345
STORE_01,SKU_156,131.33160847277298
STORE_01,SKU_157,60.11160246815951
STORE_01,SKU_158,60.31436420722135
STORE_01,SKU_159,58.53730680138983
STORE_01,SKU_160,113.0683163904037
STORE_01,SKU_161,40.614857802959456
STORE_01,SKU_162,77.42711441489107
STORE_01,SKU_163,86.81209670714122
STORE_01,SKU_164,94.56445331027437
STORE_01,SKU_165,51.78427754585459
STORE_01,SKU_166,62.3082327540892
STORE_01,SKU_167,65.78747628083491
STORE_01,SKU_168,88.30836033267644
STORE_01,SKU_169,47.638955809529186
STORE_01,SKU_170,54.04639275064865
STORE_01,SKU_171,46.34388607907772
STORE_01,SKU_172,35.16057585825027
STORE_01,SKU_173,59.42313365283164
STORE_01,SKU_174,31.151541835008118
STORE_01,SKU_175,144.42978653857088
STORE_01,SKU_176,69.40204356817927
STORE_01,SKU_177,74.98822605965462
STORE_01,SKU_178,69.41641125314597
STORE_01,SKU_179,103.30893045178759
STORE_01,SKU_180,88.77700765840927
STORE_01,SKU_181,52.19095531351582
STORE_01,SKU_182,48.1915087463557
STORE_01,SKU_183,79.97670740958253
STORE_01,SKU_184,53.68055555555556
STORE_01,SKU_185,59.7077824840628
STORE_01,SKU_186,31.29078750144125
STORE_01,SKU_187,26.482646760223545
STORE_01,SKU_188,95.57905053525111
STORE_01,SKU_189,68.3989724922227
STORE_01,SKU_190,114.62654770903069
STORE_01,SKU_191,49.79975203510661
STORE_01,SKU_192,45.07226432728715
STORE_01,SKU_193,64.75602586713698
STORE_01,SKU_194,70.86557657392967
STORE_01,SKU_195,43.55162392260954
STORE_01,SKU_196,46.952328247292286
STORE_01,SKU_197,49.92727354099534
STORE_01,SKU_198,54.369556335653805
STORE_01,SKU_199,42.83546677599611
STORE_01,SKU_200,95.64348434409224
STORE_01,SKU_201,61.839009489145965
STORE_01,SKU_202,52.39205886436207
STORE_01,SKU_203,49.60803368966635
STORE_01,SKU_204,130.22327978810574
STORE_01,SKU_205,55.47503086538549
STORE_01,SKU_206,47.12430426716141
STORE_01,SKU_207,47.87264579773304
STORE_01,SKU_208,85.84326706456808
STORE_01,SKU_209,61.07795116324214
STORE_01,SKU_210,68.25031482835983
STORE_01,SKU_211,72.91806865578182
STORE_01,SKU_212,93.04084110875678
STORE_01,SKU_213,56.24244871693852
STORE_01,SKU_214,46.61909876732648
STORE_01,SKU_215,86.62514879155383
STORE_01,SKU_216,57.242799663477115
STORE_01,SKU_217,103.15137987012987
STORE_01,SKU_218,99.61240108288213
STORE_01,SKU_219,43.60689597363782
STORE_01,SKU_220,72.14734950584007
STORE_01,SKU_221,30.70117542467773
STORE_01,SKU_222,43.07755997135697
STORE_01,SKU_223,49.32604681694883
STORE_01,SKU_224,69.0548357500895
STORE_01,SKU_225,41.42295202982636
STORE_01,SKU_226,66.49941609296778
STORE_01,SKU_227,48.48734840350448
STORE_01,SKU_228,64.47507658033972
STORE_01,SKU_229,38.033896605325175
STORE_01,SKU_230,66.3243904944528
STORE_01,SKU_231,47.27891156462585
STORE_01,SKU_232,28.10992381646536
STORE_01,SKU_233,36.7821360222576
STORE_01,SKU_234,109.92922286654061
STORE_01,SKU_235,40.92081632653062
STORE_01,SKU_236,36.508683895443475
STORE_01,SKU_237,122.98850574712642
STORE_01,SKU_238,86.03139373455208
STORE_01,SKU_239,37.94475545627619
STORE_01,SKU_240,52.72858295860717
STORE_01,SKU_241,61.85905991409643
STORE_01,SKU_242,80.23308821591549
STORE_01,SKU_243,128.35506585203407
STORE_01,SKU_244,44.87604857894078
STORE_01,SKU_245,124.13433505270244
STORE_01,SKU_246,51.07481164508815
STORE_01,SKU_247,41.10257017897533
STORE_01,SKU_248,66.75070028011204
STORE_01,SKU_249,39.83088797649237
STORE_01,SKU_250,70.4088536048669
STORE_02,SKU_001,66.716772354711
STORE_02,SKU_002,63.18204365079366
STORE_02,SKU_003,44.22879068982965
STORE_02,SKU_004,50.51361107856766
STORE_02,SKU_005,46.33191592683444
STORE_02,SKU_006,32.12191610078708
STORE_02,SKU_007,50.65412610466017
STORE_02,SKU_008,90.61822523505948
STORE_02,SKU_009,36.416632625272335
STORE_02,SKU_010,57.586092182451495
STORE_02,SKU_011,64.4052876097716
STORE_02,SKU_012,90.71854163711164
STORE_02,SKU_013,132.91829231692677
STORE_02,SKU_014,39.18369881484635
STORE_02,SKU_015,85.90478907394471
STORE_02,SKU_016,108.71839685762114
STORE_02,SKU_017,52.49295844245688
STORE_02,SKU_018,43.32295811406324
STORE_02,SKU_019,85.57698871134599
STORE_02,SKU_020,84.45839874411301
STORE_02,SKU_021,32.26797197427776
STORE_02,SKU_022,54.90541671213942
STORE_02,SKU_023,49.201905521214066
STORE_02,SKU_024,52.17127947069239
STORE_02,SKU_025,39.1024315131458
STORE_02,SKU_026,39.125308365104296
STORE_02,SKU_027,50.808015513897864
STORE_02,SKU_028,43.74577699932431
STORE_02,SKU_029,51.85034013605442
STORE_02,SKU_030,61.73076923076922
STORE_02,SKU_031,71.659169550173
STORE_02,SKU_032,61.12412177985947
STORE_02,SKU_033,78.216939345917
STORE_02,SKU_034,82.56406189418774
STORE_02,SKU_035,47.80070943563141
STORE_02,SKU_036,44.17557525803617
STORE_02,SKU_037,47.966240918135966
STORE_02,SKU_038,83.32417296364612
STORE_02,SKU_039,39.490568954854666
STORE_02,SKU_040,52.60491383289258
STORE_02,SKU_041,28.18886198547216
STORE_02,SKU_042,65.07067403035546
STORE_02,SKU_043,40.67991440452644
STORE_02,SKU_044,67.61650929028328
STORE_02,SKU_045,69.50716456795483
STORE_02,SKU_046,127.35390541758878
STORE_02,SKU_047,57.34632797758273
STORE_02,SKU_048,49.30211866763054
STORE_02,SKU_049,66.72774795416548
STORE_02,SKU_050,115.72886297376093
STORE_02,SKU_051,109.29851600579849
STORE_02,SKU_052,57.94969231473684
STORE_02,SKU_053,45.29811579506695
STORE_02,SKU_054,54.87259960344847
STORE_02,SKU_055,68.7119003445534
STORE_02,SKU_056,36.92203443877551
STORE_02,SKU_057,63.48733938019653
STORE_02,SKU_058,51.610506547757396
STORE_02,SKU_059,76.90816935002981
STORE_02,SKU_060,48.502843760455
STORE_02,SKU_061,44.66141001855287
STORE_02,SKU_062,49.14573679713431
STORE_02,SKU_063,62.06289384843037
STORE_02,SKU_064,127.14551001459083
STORE_02,SKU_065,40.38677887799559
STORE_02,SKU_066,45.69984372349763
STORE_02,SKU_067,40.83368370389631
STORE_02,SKU_068,64.53998203054806
STORE_02,SKU_069,65.05725853094273
STORE_02,SKU_070,44.82447184481269
STORE_02,SKU_071,85.74121338196046
STORE_02,SKU_072,111.6485800669474
STORE_02,SKU_073,53.660941604364524
STORE_02,SKU_074,59.51679608897206
STORE_02,SKU_075,93.35497835497836
STORE_02,SKU_076,38.455011634283345
STORE_02,SKU_077,45.054603713296544
STORE_02,SKU_078,43.06998661533578
STORE_02,SKU_079,68.40809689992747
STORE_02,SKU_080,54.04778101716878
STORE_02,SKU_081,95.68053442456674
STORE_02,SKU_082,67.14815343386772
STORE_02,SKU_083,67.63265306122452
STORE_02,SKU_084,50.0708329308735
STORE_02,SKU_085,60.74829931972789
STORE_02,SKU_086,110.75460406850104
STORE_02,SKU_087,47.18172983479106
STORE_02,SKU_088,40.66199020991064
STORE_02,SKU_089,70.6142825793912
STORE_02,SKU_090,69.03363035354987
STORE_02,SKU_091,54.061453473394984
STORE_02,SKU_092,42.40811547101276
STORE_02,SKU_093,62.53858464552798
STORE_02,SKU_094,38.482636297762355
STORE_02,SKU_095,63.845966958211854
STORE_02,SKU_096,54.802771855010654
STORE_02,SKU_097,84.74108089837877
STORE_02,SKU_098,26.30647902455741
STORE_02,SKU_099,65.25256214469043
STORE_02,SKU_100,40.20257849332626
STORE_02,SKU_101,97.72834716304104
STORE_02,SKU_102,52.58539586047185
STORE_02,SKU_103,68.05612244897958
STORE_02,SKU_104,67.75278819010596
STORE_02,SKU_105,42.55255562076578
STORE_02,SKU_106,70.2470461868958
STORE_02,SKU_107,41.54840744244717
STORE_02,SKU_108,99.87621278019407
STORE_02,SKU_109,44.80902255639098
STORE_02,SKU_110,31.605590062111798
STORE_02,SKU_111,64.81717687074831
STORE_02,SKU_112,36.73469387755102
STORE_02,SKU_113,62.199349211370716
STORE_02,SKU_114,36.81978195167371
STORE_02,SKU_115,88.4438775510204
STORE_02,SKU_116,98.24145799555633
STORE_02,SKU_117,41.74367860351688
STORE_02,SKU_118,39.69300911854104
STORE_02,SKU_119,38.40760794113564
STORE_02,SKU_120,40.45910530110663
STORE_02,SKU_121,41.02484078737878
STORE_02,SKU_122,37.77032707290403
STORE_02,SKU_123,62.37956123144555
STORE_02,SKU_124,90.92100294963194
STORE_02,SKU_125,54.34402332361516
STORE_02,SKU_126,31.748305778518393
STORE_02,SKU_127,68.51797862001943
STORE_02,SKU_128,74.45697577276526
STORE_02,SKU_129,65.97202110780051
STORE_02,SKU_130,37.95635880443783
STORE_02,SKU_131,31.74190674190674
STORE_02,SKU_132,99.83370846488113
STORE_02,SKU_133,42.74610078223327
STORE_02,SKU_134,36.397594752186585
STORE_02,SKU_135,74.58021941170834
STORE_02,SKU_136,88.46902956004692
STORE_02,SKU_137,93.4982390490865
STORE_02,SKU_138,82.82597728086448
STORE_02,SKU_139,50.827306803983184
STORE_02,SKU_140,70.91025594635018
STORE_02,SKU_141,75.21636067554435
STORE_02,SKU_142,48.05942416159096
STORE_02,SKU_143,90.04203568219741
STORE_02,SKU_144,58.38371262921876
STORE_02,SKU_145,65.99422407202923
STORE_02,SKU_146,34.30211370262391
STORE_02,SKU_147,75.37334460411381
STORE_02,SKU_148,47.94169096209912
STORE_02,SKU_149,49.010116867259725
STORE_02,SKU_150,42.70081109366824
STORE_02,SKU_151,78.38615023474178
STORE_02,SKU_152,78.34369379935883
STORE_02,SKU_153,69.78727999136164
STORE_02,SKU_154,92.74062601230966
STORE_02,SKU_155,114.9225973159611
STORE_02,SKU_156,40.12261009667025
STORE_02,SKU_157,64.7419943587191
STORE_02,SKU_158,54.74467871863295
STORE_02,SKU_159,54.10498390283669
STORE_02,SKU_160,71.46354138472365
STORE_02,SKU_161,33.15299704787576
STORE_02,SKU_162,53.04392564805841
STORE_02,SKU_163,66.17081897694142
STORE_02,SKU_164,118.89444602596531
STORE_02,SKU_165,27.34002976190476
STORE_02,SKU_166,43.25307522978173
STORE_02,SKU_167,83.91548447125362
STORE_02,SKU_168,67.31131162142276
STORE_02,SKU_169,76.69362714410917
STORE_02,SKU_170,77.0386799068318
STORE_02,SKU_171,50.82770855421307
STORE_02,SKU_172,39.444140025348126
STORE_02,SKU_173,42.742786769880375
STORE_02,SKU_174,59.2655861658557
STORE_02,SKU_175,87.2688137755102
STORE_02,SKU_176,218.5122177544076
STORE_02,SKU_177,55.98980158887673
STORE_02,SKU_178,73.4689927583937
STORE_02,SKU_179,81.53628117913831
STORE_02,SKU_180,69.41813915982532
STORE_02,SKU_181,45.115946931258705
STORE_02,SKU_182,68.78466393772514
STORE_02,SKU_183,96.56221689644383
STORE_02,SKU_184,58.60027134982306
STORE_02,SKU_185,46.26651563507681
STORE_02,SKU_186,65.40433631135826
STORE_02,SKU_187,66.98490805299676
STORE_02,SKU_188,47.00956034134195
STORE_02,SKU_189,93.21861317946792
STORE_02,SKU_190,105.7654438293536
STORE_02,SKU_191,45.14078949445207
STORE_02,SKU_192,87.5626159554731
STORE_02,SKU_193,49.58466595593462
STORE_02,SKU_194,101.1393862916111
STORE_02,SKU_195,30.210535769465547
STORE_02,SKU_196,39.68646383038341
STORE_02,SKU_197,34.09534188754968
STORE_02,SKU_198,38.87995415557528
STORE_02,SKU_199,48.98155416012558
STORE_02,SKU_200,50.86856171039845
STORE_02,SKU_201,70.01384969572246
STORE_02,SKU_202,39.067558057705845
STORE_02,SKU_203,44.87111144156696
STORE_02,SKU_204,73.50328453687513
STORE_02,SKU_205,42.72665962936899
STORE_02,SKU_206,40.85582089748564
STORE_02,SKU_207,64.6249787551151
STORE_02,SKU_208,37.40453869299437
STORE_02,SKU_209,150.08091096844106
STORE_02,SKU_210,56.692427537908586
STORE_02,SKU_211,99.79788069073781
STORE_02,SKU_212,47.591798151376814
STORE_02,SKU_213,127.07216004681443
STORE_02,SKU_214,25.218658892128275
STORE_02,SKU_215,56.584650852159626
STORE_02,SKU_216,69.6290317759244
STORE_02,SKU_217,46.703351677592146
STORE_02,SKU_218,47.27385001619695
STORE_02,SKU_219,58.9997289238276
STORE_02,SKU_220,75.42163206746112
STORE_02,SKU_221,37.1900494106367
STORE_02,SKU_222,67.24489795918366
STORE_02,SKU_223,60.343213011770416
STORE_02,SKU_224,49.91091302566373
STORE_02,SKU_225,65.89174800354924
STORE_02,SKU_226,118.62302410568219
STORE_02,SKU_227,64.44829710968546
STORE_02,SKU_228,38.61227937120794
STORE_02,SKU_229,60.20388084395505
STORE_02,SKU_230,85.70058701978213
STORE_02,SKU_231,31.671899529042385
STORE_02,SKU_232,48.94177710701316
STORE_02,SKU_233,106.93797695160232
STORE_02,SKU_234,66.02758290816325
STORE_02,SKU_235,64.02464494569755
STORE_02,SKU_236,38.813344312643274
STORE_02,SKU_237,67.58246615477876
STORE_02,SKU_238,116.25202176767544
STORE_02,SKU_239,67.53095238095239
STORE_02,SKU_240,54.35454347028067
STORE_02,SKU_241,101.45975056689345
STORE_02,SKU_242,60.664022277844865
STORE_02,SKU_243,49.85366990136289
STORE_02,SKU_244,54.4710005214207
STORE_02,SKU_245,72.40636461958054
STORE_02,SKU_246,39.45085280489007
STORE_02,SKU_247,63.674232579629816
STORE_02,SKU_248,47.57271498342926
STORE_02,SKU_249,75.39173564162508
STORE_02,SKU_250,35.4634870142389
STORE_03,SKU_001,52.5698648103309
STORE_03,SKU_002,96.81105524916734
STORE_03,SKU_003,51.92930945963291
STORE_03,SKU_004,52.34610237537638
STORE_03,SKU_005,51.41526175687666
STORE_03,SKU_006,66.6985049833887
STORE_03,SKU_007,70.08482405307802
STORE_03,SKU_008,206.31342774576856
STORE_03,SKU_009,41.836734693877546
STORE_03,SKU_010,49.69317833821012
STORE_03,SKU_011,39.08605379130336
STORE_03,SKU_012,71.9475773546716
STORE_03,SKU_013,65.51596772360494
STORE_03,SKU_014,49.188193353554645
STORE_03,SKU_015,49.712711960141945
STORE_03,SKU_016,109.76669135176846
STORE_03,SKU_017,61.91703002787019
STORE_03,SKU_018,44.715810390292056
STORE_03,SKU_019,57.81801609532701
STORE_03,SKU_020,64.39431873545173
STORE_03,SKU_021,44.122057014405904
STORE_03,SKU_022,47.65452155817606
STORE_03,SKU_023,85.52296964038933
STORE_03,SKU_024,112.29980751990716
STORE_03,SKU_025,44.82993197278912
STORE_03,SKU_026,34.08429952958047
STORE_03,SKU_027,73.97959183673471
STORE_03,SKU_028,60.67727609178386
STORE_03,SKU_029,47.42066659065862
STORE_03,SKU_030,28.4999284999285
STORE_03,SKU_031,60.03440283594814
STORE_03,SKU_032,31.7403912173316
STORE_03,SKU_033,113.11715448304034
STORE_03,SKU_034,58.00391097717152
STORE_03,SKU_035,64.39907000774994
STORE_03,SKU_036,63.13020486903259
STORE_03,SKU_037,49.112492679190886
STORE_03,SKU_038,182.2488695614548
STORE_03,SKU_039,39.922458028594846
STORE_03,SKU_040,65.66173524525082
STORE_03,SKU_041,61.71610644257702
STORE_03,SKU_042,61.51268828024274
STORE_03,SKU_043,47.654313075957695
STORE_03,SKU_044,35.18813775510204
STORE_03,SKU_045,82.3667532711661
STORE_03,SKU_046,41.957328385899814
STORE_03,SKU_047,59.46483432082511
STORE_03,SKU_048,27.018372252747252
STORE_03,SKU_049,42.3261383242929
STORE_03,SKU_050,44.67109885428826
STORE_03,SKU_051,117.5082283004078
STORE_03,SKU_052,46.519353111615025
STORE_03,SKU_053,68.87218045112783
STORE_03,SKU_054,41.85478367999032
STORE_03,SKU_055,38.77551020408163
STORE_03,SKU_056,37.9459419732002
STORE_03,SKU_057,70.12132296120758
STORE_03,SKU_058,157.2481240739856
STORE_03,SKU_059,56.33596504295151
STORE_03,SKU_060,45.93103002070393
STORE_03,SKU_061,64.70081453634086
STORE_03,SKU_062,63.96996534462841
STORE_03,SKU_063,44.270912656107214
STORE_03,SKU_064,21.049475912814103
STORE_03,SKU_065,38.30612244897959
STORE_03,SKU_066,57.93747391848658
STORE_03,SKU_067,47.70062950553356
STORE_03,SKU_068,76.49330514446791
STORE_03,SKU_069,52.29626024631374
STORE_03,SKU_070,37.77149180096009
STORE_03,SKU_071,63.25350765306123
STORE_03,SKU_072,58.682816380520464
STORE_03,SKU_073,59.31402166129611
STORE_03,SKU_074,78.34958240722031
STORE_03,SKU_075,47.07678153228504
STORE_03,SKU_076,92.41428278628526
STORE_03,SKU_077,29.66339975335886
STORE_03,SKU_078,49.85334713595582
STORE_03,SKU_079,46.6388143690426
STORE_03,SKU_080,52.12540279269602
STORE_03,SKU_081,29.232055545432456
STORE_03,SKU_082,50.528464017185826
STORE_03,SKU_083,53.82571285775721
STORE_03,SKU_084,46.91725799973223
STORE_03,SKU_085,48.051053361905126
STORE_03,SKU_086,34.949661097948415
STORE_03,SKU_087,72.33130773824159
STORE_03,SKU_088,64.78607871720118
STORE_03,SKU_089,65.1101310720082
STORE_03,SKU_090,76.41643386420255
STORE_03,SKU_091,54.02016228178018
STORE_03,SKU_092,46.41178935192485
STORE_03,SKU_093,38.593805068459446
STORE_03,SKU_094,46.29997950215867
STORE_03,SKU_095,66.5819713166652
STORE_03,SKU_096,130.5616643209008
STORE_03,SKU_097,78.86918903709693
STORE_03,SKU_098,38.38073848814987
STORE_03,SKU_099,104.09298398694393
STORE_03,SKU_100,70.67032600243547
STORE_03,SKU_101,82.65554213228633
STORE_03,SKU_102,61.932718063889766
STORE_03,SKU_103,139.27221008713616
STORE_03,SKU_104,64.80081925243216
STORE_03,SKU_105,89.95623972253333
STORE_03,SKU_106,43.939942841041734
STORE_03,SKU_107,49.409135082604465
STORE_03,SKU_108,79.88605910683832
STORE_03,SKU_109,88.14267324871477
STORE_03,SKU_110,147.48691604788368
STORE_03,SKU_111,75.77967109173767
STORE_03,SKU_112,57.38736637512149
STORE_03,SKU_113,80.05991387380641
STORE_03,SKU_114,36.95014208214931
STORE_03,SKU_115,68.47121871522937
STORE_03,SKU_116,79.5341825497572
STORE_03,SKU_117,79.58557972316038
STORE_03,SKU_118,43.33309453662992
STORE_03,SKU_119,36.82578058600244
STORE_03,SKU_120,53.08735175486123
STORE_03,SKU_121,52.56398180574004
STORE_03,SKU_122,88.1101577412367
STORE_03,SKU_123,59.43267873187011
STORE_03,SKU_124,65.85920670071253
STORE_03,SKU_125,49.75704567541302
STORE_03,SKU_126,37.183667850162045
STORE_03,SKU_127,38.50213173770412
STORE_03,SKU_128,88.33500531540572
STORE_03,SKU_129,71.50687533276991
STORE_03,SKU_130,86.04657263466294
STORE_03,SKU_131,28.914161084281037
STORE_03,SKU_132,50.70758307194344
STORE_03,SKU_133,107.63672318383672
STORE_03,SKU_134,26.48299319727891
STORE_03,SKU_135,57.29651161637145
STORE_03,SKU_136,62.26237070170535
STORE_03,SKU_137,52.808704453441294
STORE_03,SKU_138,39.299719887955185
STORE_03,SKU_139,52.16779593868408
STORE_03,SKU_140,52.997800624008995
STORE_03,SKU_141,43.74598896162239
STORE_03,SKU_142,46.76298635601548
STORE_03,SKU_143,66.73485859234735
STORE_03,SKU_144,123.61691664617655
STORE_03,SKU_145,47.54051370298231
STORE_03,SKU_146,42.22050426457721
STORE_03,SKU_147,57.29965123011333
STORE_03,SKU_148,50.82866479925302
STORE_03,SKU_149,41.569832510972915
STORE_03,SKU_150,53.86933575273428
STORE_03,SKU_151,47.79362765514369
STORE_03,SKU_152,44.61588551301593
STORE_03,SKU_153,59.126687324144314
STORE_03,SKU_154,76.73046785582224
STORE_03,SKU_155,98.1540130920503
STORE_03,SKU_156,43.49380267329415
STORE_03,SKU_157,73.80242353287755
STORE_03,SKU_158,55.97217958949802
STORE_03,SKU_159,107.19763109943811
STORE_03,SKU_160,59.38603531300161
STORE_03,SKU_161,44.230109385184576
STORE_03,SKU_162,77.9225199048229
STORE_03,SKU_163,72.00234462717127
STORE_03,SKU_164,62.931382266717364
STORE_03,SKU_165,38.16413600212057
STORE_03,SKU_166,53.27286816189736
STORE_03,SKU_167,103.82160420843401
STORE_03,SKU_168,99.62346938775512
STORE_03,SKU_169,60.907351120117085
STORE_03,SKU_170,162.03802342051185
STORE_03,SKU_171,72.1462122565547
STORE_03,SKU_172,62.43683825236131
STORE_03,SKU_173,31.778358887354326
STORE_03,SKU_174,40.63079777365491
STORE_03,SKU_175,133.74707259953163
STORE_03,SKU_176,94.43465325240165
STORE_03,SKU_177,60.20456558849796
STORE_03,SKU_178,95.62579101408005
STORE_03,SKU_179,55.63985659730341
STORE_03,SKU_180,75.35451085195984
STORE_03,SKU_181,45.31055247706147
STORE_03,SKU_182,55.53522638563621
STORE_03,SKU_183,74.56729789008209
STORE_03,SKU_184,55.11134280909958
STORE_03,SKU_185,29.699764521193078
STORE_03,SKU_186,51.247061324529795
STORE_03,SKU_187,74.49696277025663
STORE_03,SKU_188,105.80221241774457
STORE_03,SKU_189,53.70649611439459
STORE_03,SKU_190,67.42805357980632
STORE_03,SKU_191,76.8719265997392
STORE_03,SKU_192,41.516710379684135
STORE_03,SKU_193,41.33212495524526
STORE_03,SKU_194,66.35057529783117
STORE_03,SKU_195,38.689255840108714
STORE_03,SKU_196,35.96371882086168
STORE_03,SKU_197,64.64138166682196
STORE_03,SKU_198,48.345410205248484
STORE_03,SKU_199,43.17857556647963
STORE_03,SKU_200,55.3735566141897
STORE_03,SKU_201,34.734819853867464
STORE_03,SKU_202,75.47854938629666
STORE_03,SKU_203,130.93232576049286
STORE_03,SKU_204,86.42063492063492
STORE_03,SKU_205,54.41226431119415
STORE_03,SKU_206,48.610005205544226
STORE_03,SKU_207,37.59194372375425
STORE_03,SKU_208,43.115070120242045
STORE_03,SKU_209,54.12965475404864
STORE_03,SKU_210,88.83897693155473
STORE_03,SKU_211,43.80305531598173
STORE_03,SKU_212,50.61924769907964
STORE_03,SKU_213,40.773254025228184
STORE_03,SKU_214,63.603096410978175
STORE_03,SKU_215,39.64625850340137
STORE_03,SKU_216,33.361924090867596
STORE_03,SKU_217,91.26911828509664
STORE_03,SKU_218,94.80848962783466
STORE_03,SKU_219,73.17569433788552
STORE_03,SKU_220,48.5842068224749
STORE_03,SKU_221,59.88837433378986
STORE_03,SKU_222,53.17246395413511
STORE_03,SKU_223,60.258014474645215
STORE_03,SKU_224,43.95285102306893
STORE_03,SKU_225,75.05758971254068
STORE_03,SKU_226,106.0150275517836
STORE_03,SKU_227,60.676976499525026
STORE_03,SKU_228,43.255845384511424
STORE_03,SKU_229,60.85350419237462
STORE_03,SKU_230,96.10226559379102
STORE_03,SKU_231,57.74274865183956
STORE_03,SKU_232,73.26104376587725
STORE_03,SKU_233,41.9963550298753
STORE_03,SKU_234,77.34799619329597
STORE_03,SKU_235,56.94321206743567
STORE_03,SKU_236,57.69306486251775
STORE_03,SKU_237,101.90173847316706
STORE_03,SKU_238,76.64155826264933
STORE_03,SKU_239,42.002551020408156
STORE_03,SKU_240,60.15141876883609
STORE_03,SKU_241,59.009544972411746
STORE_03,SKU_242,110.53563021253699
STORE_03,SKU_243,64.51147110948645
STORE_03,SKU_244,48.18515912111971
STORE_03,SKU_245,61.11022094788326
STORE_03,SKU_246,51.5285445485185
STORE_03,SKU_247,44.64005130671797
STORE_03,SKU_248,39.729053111928
STORE_03,SKU_249,40.99545774422623
STORE_03,SKU_250,53.35081585081585
STORE_04,SKU_001,107.32799279783349
STORE_04,SKU_002,35.76415010265457
STORE_04,SKU_003,71.47215670187673
STORE_04,SKU_004,69.00447449267321
STORE_04,SKU_005,50.98858670287242
STORE_04,SKU_006,58.37408197109689
STORE_04,SKU_007,92.63811488586433
STORE_04,SKU_008,69.29667422524567
STORE_04,SKU_009,41.17782120697573
STORE_04,SKU_010,60.3987960837353
STORE_04,SKU_011,45.1643784440086
STORE_04,SKU_012,102.16342680345775
STORE_04,SKU_013,43.464297237428255
STORE_04,SKU_014,115.24795512548806
STORE_04,SKU_015,84.19144176817713
STORE_04,SKU_016,91.77258255664472
STORE_04,SKU_017,27.807502977998315
STORE_04,SKU_018,45.42777278626335
STORE_04,SKU_019,95.65777833767251
STORE_04,SKU_020,43.71628073062621
STORE_04,SKU_021,59.18367346938774
STORE_04,SKU_022,75.20967291025998
STORE_04,SKU_023,157.20116618075798
STORE_04,SKU_024,63.05411945567386
STORE_04,SKU_025,43.034251917327445
STORE_04,SKU_026,73.58782798833819
STORE_04,SKU_027,24.17355371900826
STORE_04,SKU_028,86.24037850434291
STORE_04,SKU_029,42.61921980020724
STORE_04,SKU_030,15.371626259575516
STORE_04,SKU_031,14.143274638375209
STORE_04,SKU_032,112.6322061671384
STORE_04,SKU_033,91.89542579704691
STORE_04,SKU_034,45.07879520900634
STORE_04,SKU_035,41.12197937239411
STORE_04,SKU_036,54.66499448941589
STORE_04,SKU_037,38.952972493345165
STORE_04,SKU_038,37.55906780606102
STORE_04,SKU_039,38.96132378317411
STORE_04,SKU_040,81.44293675048496
STORE_04,SKU_041,89.96603426733115
STORE_04,SKU_042,108.35376358335544
STORE_04,SKU_043,73.91901482434695
STORE_04,SKU_044,42.17674674682123
STORE_04,SKU_045,85.11102765128399
STORE_04,SKU_046,89.69839398625163
STORE_04,SKU_047,67.52136796956307
STORE_04,SKU_048,131.96317806454857
STORE_04,SKU_049,68.19983152735766
STORE_04,SKU_050,68.05988405214302
STORE_04,SKU_051,92.79976825895194
STORE_04,SKU_052,51.50915009902338
STORE_04,SKU_053,92.9480550246361
STORE_04,SKU_054,58.746556473829216
STORE_04,SKU_055,59.31697003125576
STORE_04,SKU_056,49.35992488620777
STORE_04,SKU_057,56.745158325460686
STORE_04,SKU_058,107.90617769950622
STORE_04,SKU_059,42.54940071266603
STORE_04,SKU_060,53.01157730172814
STORE_04,SKU_061,37.79028159727248
STORE_04,SKU_062,74.01646278467365
STORE_04,SKU_063,63.217789915518274
STORE_04,SKU_064,90.68375188692193
STORE_04,SKU_065,42.4997442586057
STORE_04,SKU_066,51.58498773659124
STORE_04,SKU_067,108.00291545189505
STORE_04,SKU_068,42.80457637600495
STORE_04,SKU_069,72.37642538074357
STORE_04,SKU_070,48.61189303307529
STORE_04,SKU_071,115.37372609825773
STORE_04,SKU_072,39.28543304872151
STORE_04,SKU_073,46.901704077857566
STORE_04,SKU_074,39.18999028182702
STORE_04,SKU_075,40.53469739544169
STORE_04,SKU_076,92.92773713258889
STORE_04,SKU_077,99.73327001114905
STORE_04,SKU_078,43.98794605561523
STORE_04,SKU_079,88.00033918061607
STORE_04,SKU_080,60.72751405232542
STORE_04,SKU_081,53.52611750330924
STORE_04,SKU_082,38.19241982507288
STORE_04,SKU_083,104.2923806231791
STORE_04,SKU_084,76.44196152486971
STORE_04,SKU_085,78.1929725677528
STORE_04,SKU_086,59.41872684032964
STORE_04,SKU_087,45.824175824175825
STORE_04,SKU_088,33.712885154061624
STORE_04,SKU_089,60.4720517394482
STORE_04,SKU_090,94.15374943582489
STORE_04,SKU_091,50.66548358473823
STORE_04,SKU_092,79.70931730521492
STORE_04,SKU_093,68.03296179428389
STORE_04,SKU_094,103.97381954184198
STORE_04,SKU_095,66.20508285618773
STORE_04,SKU_096,68.3943899463971
STORE_04,SKU_097,47.55003617488963
STORE_04,SKU_098,82.75152166129608
STORE_04,SKU_099,122.08399810140504
STORE_04,SKU_100,39.62575992651181
STORE_04,SKU_101,79.7423938246978
STORE_04,SKU_102,49.73577892695539
STORE_04,SKU_103,46.81940700808625
STORE_04,SKU_104,131.9363113416388
STORE_04,SKU_105,63.74260141248618
STORE_04,SKU_106,80.08839402022207
STORE_04,SKU_107,58.946578631452574
STORE_04,SKU_108,43.78904623073719
STORE_04,SKU_109,58.47289318303811
STORE_04,SKU_110,40.227506096778335
STORE_04,SKU_111,62.592157505684796
STORE_04,SKU_112,24.509099056971397
STORE_04,SKU_113,38.234933839157165
STORE_04,SKU_114,53.98061596901533
STORE_04,SKU_115,41.86610113560332
STORE_04,SKU_116,125.33635676492818
STORE_04,SKU_117,74.88886444065497
STORE_04,SKU_118,53.99410104442478
STORE_04,SKU_119,68.06454289032688
STORE_04,SKU_120,72.73187237472952
STORE_04,SKU_121,42.830413415366145
STORE_04,SKU_122,35.631876207273045
STORE_04,SKU_123,35.956116550666515
STORE_04,SKU_124,56.57142857142856
STORE_04,SKU_125,39.43546806477693
STORE_04,SKU_126,92.4009873985874
STORE_04,SKU_127,43.852964257896005
STORE_04,SKU_128,51.921544315248916
STORE_04,SKU_129,59.44703990737522
STORE_04,SKU_130,74.33844751887457
STORE_04,SKU_131,54.589602264263384
STORE_04,SKU_132,82.72292804445722
STORE_04,SKU_133,87.59738270308122
STORE_04,SKU_134,41.96428571428571
STORE_04,SKU_135,43.56986798890566
STORE_04,SKU_136,56.12244897959183
STORE_04,SKU_137,56.681200634209496
STORE_04,SKU_138,37.22435457363374
STORE_04,SKU_139,64.23087602387895
STORE_04,SKU_140,44.22648517386697
STORE_04,SKU_141,37.345186166069496
STORE_04,SKU_142,58.80213092699768
STORE_04,SKU_143,56.72034948164567
STORE_04,SKU_144,42.63086558761436
STORE_04,SKU_145,70.18398644439462
STORE_04,SKU_146,51.251214771622955
STORE_04,SKU_147,119.4628990057561
STORE_04,SKU_148,49.48570394810518
STORE_04,SKU_149,46.42857142857143
STORE_04,SKU_150,45.22540879976703
STORE_04,SKU_151,53.1576825258979
STORE_04,SKU_152,89.85149715749799
STORE_04,SKU_153,56.027031086773945
STORE_04,SKU_154,37.522177276275634
STORE_04,SKU_155,56.30161964722019
STORE_04,SKU_156,55.15027678752572
STORE_04,SKU_157,68.35135215189122
STORE_04,SKU_158,57.6138147566719
STORE_04,SKU_159,42.831632653061234
STORE_04,SKU_160,91.81871518226345
STORE_04,SKU_161,70.66499676793795
STORE_04,SKU_162,156.6913558940137
STORE_04,SKU_163,66.44767150557703
STORE_04,SKU_164,70.27431751921547
STORE_04,SKU_165,56.68367346938774
STORE_04,SKU_166,48.679322641031014
STORE_04,SKU_167,55.451819063060285
STORE_04,SKU_168,92.54533730335864
STORE_04,SKU_169,40.512568663829164
STORE_04,SKU_170,37.148348565602475
STORE_04,SKU_171,96.40111141616589
STORE_04,SKU_172,51.05416212286441
STORE_04,SKU_173,70.90613454433498
STORE_04,SKU_174,68.63356923771461
STORE_04,SKU_175,74.59967847679361
STORE_04,SKU_176,54.46118511713368
STORE_04,SKU_177,77.86920519006321
STORE_04,SKU_178,65.53081600620716
STORE_04,SKU_179,76.86871071823643
STORE_04,SKU_180,69.2129237044156
STORE_04,SKU_181,114.51051574475943
STORE_04,SKU_182,47.0063025210084
STORE_04,SKU_183,81.62079510703364
STORE_04,SKU_184,55.71465832029212
STORE_04,SKU_185,96.900123685838
STORE_04,SKU_186,46.159061631297035
STORE_04,SKU_187,36.189303307529904
STORE_04,SKU_188,51.36904761904761
STORE_04,SKU_189,29.66031867292372
STORE_04,SKU_190,92.95734529658904
STORE_04,SKU_191,56.50696564687443
STORE_04,SKU_192,52.29318292519359
STORE_04,SKU_193,37.752258367559705
STORE_04,SKU_194,84.08005711149708
STORE_04,SKU_195,44.24036281179139
STORE_04,SKU_196,62.70657043305127
STORE_04,SKU_197,35.66077650572424
STORE_04,SKU_198,37.22534309891204
STORE_04,SKU_199,40.63194301289539
STORE_04,SKU_200,60.306895485466924
STORE_04,SKU_201,68.28231292517007
STORE_04,SKU_202,44.21614100185529
STORE_04,SKU_203,63.20374027747299
STORE_04,SKU_204,47.775532132623816
STORE_04,SKU_205,47.308091054958226
STORE_04,SKU_206,102.8346545229662
STORE_04,SKU_207,70.1642915350664
STORE_04,SKU_208,65.20692831730392
STORE_04,SKU_209,25.988151684656735
STORE_04,SKU_210,49.342424242424244
STORE_04,SKU_211,67.00080032012805
STORE_04,SKU_212,48.08765193510655
STORE_04,SKU_213,90.14089047941451
STORE_04,SKU_214,48.90136054421769
STORE_04,SKU_215,59.43730940652123
STORE_04,SKU_216,56.680646497474875
STORE_04,SKU_217,73.5850785850786
STORE_04,SKU_218,62.02878941631901
STORE_04,SKU_219,57.26099327772306
STORE_04,SKU_220,62.965468796214154
STORE_04,SKU_221,83.68689227861627
STORE_04,SKU_222,50.402423469387756
STORE_04,SKU_223,53.52727433094573
STORE_04,SKU_224,92.47440764235085
STORE_04,SKU_225,40.837773933907116
STORE_04,SKU_226,73.96502892495582
STORE_04,SKU_227,55.373134551165215
STORE_04,SKU_228,43.241010689990276
STORE_04,SKU_229,42.28166843763808
STORE_04,SKU_230,46.813745260950235
STORE_04,SKU_231,61.92343525367646
STORE_04,SKU_232,37.22214878629571
STORE_04,SKU_233,39.054643596569065
STORE_04,SKU_234,60.50907503399687
STORE_04,SKU_235,48.4259661311333
STORE_04,SKU_236,48.27748814545073
STORE_04,SKU_237,103.07666221250406
STORE_04,SKU_238,80.35409125693069
STORE_04,SKU_239,103.94583568546703
STORE_04,SKU_240,51.387182381518436
STORE_04,SKU_241,80.14615122486843
STORE_04,SKU_242,38.11507331591173
STORE_04,SKU_243,83.93321844866978
STORE_04,SKU_244,52.34769862785373
STORE_04,SKU_245,51.872306584561144
STORE_04,SKU_246,95.81455154877484
STORE_04,SKU_247,54.6278006424329
STORE_04,SKU_248,36.33150039277298
STORE_04,SKU_249,81.39654662464686
STORE_04,SKU_250,44.08012613216344
STORE_05,SKU_001,70.21139225727691
STORE_05,SKU_002,50.36348267117498
STORE_05,SKU_003,117.02178368845037
STORE_05,SKU_004,76.22752672497569
STORE_05,SKU_005,56.62428905988624
STORE_05,SKU_006,45.8225353633517
STORE_05,SKU_007,36.211407639979065
STORE_05,SKU_008,89.48361259802698
STORE_05,SKU_009,78.5034013605442
STORE_05,SKU_010,50.78466983983289
STORE_05,SKU_011,34.38466295609153
STORE_05,SKU_012,61.34145408163264
STORE_05,SKU_013,89.54367550731449
STORE_05,SKU_014,44.662829234257806
STORE_05,SKU_015,52.39192595070814
STORE_05,SKU_016,118.41506354823548
STORE_05,SKU_017,47.12259281822181
STORE_05,SKU_018,41.881100266193435
STORE_05,SKU_019,125.77019294069981
STORE_05,SKU_020,59.78806907378337
STORE_05,SKU_021,65.36763641626862
STORE_05,SKU_022,46.78973616473617
STORE_05,SKU_023,33.66649223792081
STORE_05,SKU_024,101.48502871483365
STORE_05,SKU_025,51.747083241898906
STORE_05,SKU_026,90.44319417586647
STORE_05,SKU_027,91.60188607110999
STORE_05,SKU_028,47.49949376371628
STORE_05,SKU_029,55.256417531623356
STORE_05,SKU_030,59.084062196307094
STORE_05,SKU_031,76.03589359066306
STORE_05,SKU_032,67.08296994011279
STORE_05,SKU_033,68.60345747957132
STORE_05,SKU_034,66.87053489804265
STORE_05,SKU_035,52.03210184783133
STORE_05,SKU_036,37.43778142754985
STORE_05,SKU_037,49.940029359303075
STORE_05,SKU_038,42.54611630407808
STORE_05,SKU_039,37.13227766022797
STORE_05,SKU_040,41.0535819265978
STORE_05,SKU_041,75.39852584010191
STORE_05,SKU_042,87.79448958441174
STORE_05,SKU_043,51.431638229062116
STORE_05,SKU_044,50.90238095238095
STORE_05,SKU_045,44.61966604823748
STORE_05,SKU_046,91.40589569160996
STORE_05,SKU_047,79.29768564541384
STORE_05,SKU_048,45.72906598190834
STORE_05,SKU_049,120.54749828241837
STORE_05,SKU_050,59.51869818965838
STORE_05,SKU_051,42.756482764846766
STORE_05,SKU_052,84.75747112538234
STORE_05,SKU_053,101.82182462025908
STORE_05,SKU_054,50.60221210786473
STORE_05,SKU_055,72.08629812078088
STORE_05,SKU_056,35.57878291920846
STORE_05,SKU_057,53.527696793002924
STORE_05,SKU_058,150.6499200246671
STORE_05,SKU_059,48.16123697185296
STORE_05,SKU_060,55.8672690450226
STORE_05,SKU_061,73.80191618632185
STORE_05,SKU_062,63.00262380040886
STORE_05,SKU_063,55.192939244663386
STORE_05,SKU_064,70.29331213004683
STORE_05,SKU_065,53.54503870513723
STORE_05,SKU_066,38.605442176870746
STORE_05,SKU_067,64.39958437175595
STORE_05,SKU_068,52.55938440950151
STORE_05,SKU_069,44.48010386950478
STORE_05,SKU_070,50.13207410623826
STORE_05,SKU_071,57.313111339796194
STORE_05,SKU_072,49.94447349609054
STORE_05,SKU_073,40.66217130126905
STORE_05,SKU_074,76.48366852794389
STORE_05,SKU_075,41.42498685656932
STORE_05,SKU_076,47.23462605494465
STORE_05,SKU_077,58.792456475687096
STORE_05,SKU_078,46.358215358215354
STORE_05,SKU_079,136.3136258414709
STORE_05,SKU_080,89.13200596422922
STORE_05,SKU_081,51.20631090273946
STORE_05,SKU_082,97.46782433903792
STORE_05,SKU_083,94.20393936490515
STORE_05,SKU_084,129.07312096598758
STORE_05,SKU_085,66.77145530701364
STORE_05,SKU_086,95.61519996281581
STORE_05,SKU_087,48.48692602040817
STORE_05,SKU_088,43.691524408505536
STORE_05,SKU_089,64.65974581122858
STORE_05,SKU_090,42.409929560979755
STORE_05,SKU_091,49.73333333333333
STORE_05,SKU_092,65.49693047950888
STORE_05,SKU_093,67.20994900900517
STORE_05,SKU_094,66.16496598639456
STORE_05,SKU_095,74.37421600390198
STORE_05,SKU_096,57.09144811072129
STORE_05,SKU_097,45.913958951818074
STORE_05,SKU_098,53.138925872880534
STORE_05,SKU_099,55.98806486880468
STORE_05,SKU_100,41.72043570555279
STORE_05,SKU_101,75.81576055746976
STORE_05,SKU_102,54.616349333029305
STORE_05,SKU_103,70.59007659007659
STORE_05,SKU_104,111.30694671481096
STORE_05,SKU_105,50.77118607209476
STORE_05,SKU_106,47.34044238813538
STORE_05,SKU_107,72.18537414965986
STORE_05,SKU_108,88.03481354710864
STORE_05,SKU_109,38.73227257004498
STORE_05,SKU_110,97.62905162064828
STORE_05,SKU_111,95.42988099284122
STORE_05,SKU_112,37.327108577806136
STORE_05,SKU_113,54.38968600540653
STORE_05,SKU_114,86.36776605796344
STORE_05,SKU_115,91.56719011715356
STORE_05,SKU_116,64.34625821828234
STORE_05,SKU_117,92.21158646945017
STORE_05,SKU_118,87.8301615666328
STORE_05,SKU_119,42.06091968197609
STORE_05,SKU_120,121.01999637627448
STORE_05,SKU_121,39.24158723798076
STORE_05,SKU_122,72.0118480535646
STORE_05,SKU_123,53.78276310524209
STORE_05,SKU_124,31.267314918339036
STORE_05,SKU_125,31.83724256449957
STORE_05,SKU_126,56.76982642306363
STORE_05,SKU_127,58.123829241841676
STORE_05,SKU_128,106.47055697278913
STORE_05,SKU_129,125.81289740385952
STORE_05,SKU_130,74.91269566078859
STORE_05,SKU_131,94.26922284065137
STORE_05,SKU_132,52.940724028304786
STORE_05,SKU_133,70.11507648744777
STORE_05,SKU_134,45.42882025135796
STORE_05,SKU_135,44.40367205004207
STORE_05,SKU_136,66.27238650562266
STORE_05,SKU_137,123.83912128387263
STORE_05,SKU_138,44.25959957442693
STORE_05,SKU_139,114.18015482054895
STORE_05,SKU_140,79.9554708922808
STORE_05,SKU_141,69.02995216351383
STORE_05,SKU_142,55.80563018912956
STORE_05,SKU_143,80.83474485224201
STORE_05,SKU_144,95.28730473670949
STORE_05,SKU_145,44.800284230004635
STORE_05,SKU_146,52.11468002636194
STORE_05,SKU_147,39.87368280645591
STORE_05,SKU_148,36.758445100943774
STORE_05,SKU_149,78.9086418670583
STORE_05,SKU_150,94.86050830588644
STORE_05,SKU_151,68.85698257606288
STORE_05,SKU_152,44.082273210602516
STORE_05,SKU_153,53.614666205465234
STORE_05,SKU_154,43.64092048302574
STORE_05,SKU_155,47.22294186415726
STORE_05,SKU_156,69.33965505394075
STORE_05,SKU_157,118.12122642887688
STORE_05,SKU_158,89.32367398409554
STORE_05,SKU_159,54.40188383045527
STORE_05,SKU_160,50.193664116889316
STORE_05,SKU_161,63.165250681770516
STORE_05,SKU_162,51.403557196335846
STORE_05,SKU_163,51.227336749677846
STORE_05,SKU_164,34.391622340425535
STORE_05,SKU_165,53.19948758724268
STORE_05,SKU_166,107.60016925430456
STORE_05,SKU_167,47.01333800408313
STORE_05,SKU_168,44.279726891259884
STORE_05,SKU_169,47.19879062736205
STORE_05,SKU_170,86.02564742278325
STORE_05,SKU_171,107.39269445151798
STORE_05,SKU_172,50.61529373654224
STORE_05,SKU_173,60.38712723461476
STORE_05,SKU_174,47.464479164272475
STORE_05,SKU_175,125.39149956881278
STORE_05,SKU_176,74.96845450198221
STORE_05,SKU_177,88.89874854765895
STORE_05,SKU_178,166.74310320106397
STORE_05,SKU_179,64.38569653149996
STORE_05,SKU_180,58.57142857142858
STORE_05,SKU_181,45.89638932496075
STORE_05,SKU_182,41.995083747784825
STORE_05,SKU_183,74.98541615639674
STORE_05,SKU_184,54.41135305796959
STORE_05,SKU_185,48.20279137840559
STORE_05,SKU_186,67.82668291197076
STORE_05,SKU_187,64.34631147540985
STORE_05,SKU_188,77.49897961268222
STORE_05,SKU_189,65.97424061837849
STORE_05,SKU_190,43.26386417814989
STORE_05,SKU_191,81.28558532417706
STORE_05,SKU_192,80.05720886737444
STORE_05,SKU_193,113.47359562381656
STORE_05,SKU_194,74.0988603233501
STORE_05,SKU_195,31.429119808320188
STORE_05,SKU_196,32.48441994247363
STORE_05,SKU_197,46.66695430815033
STORE_05,SKU_198,46.314696091202435
STORE_05,SKU_199,57.64030612244896
STORE_05,SKU_200,39.08180153888765
STORE_05,SKU_201,43.59330318953929
STORE_05,SKU_202,54.32256235827665
STORE_05,SKU_203,35.8219954648526
STORE_05,SKU_204,55.74429912250146
STORE_05,SKU_205,74.45839874411303
STORE_05,SKU_206,62.15894465894465
STORE_05,SKU_207,50.33803644914756
STORE_05,SKU_208,55.72028249817615
STORE_05,SKU_209,103.89584605662716
STORE_05,SKU_210,68.08901745498636
STORE_05,SKU_211,34.47433518862091
STORE_05,SKU_212,43.11224489795919
STORE_05,SKU_213,79.08390022675738
STORE_05,SKU_214,56.04269293924467
STORE_05,SKU_215,70.4790350612453
STORE_05,SKU_216,39.62152133580705
STORE_05,SKU_217,71.52242677518163
STORE_05,SKU_218,70.6076106479044
STORE_05,SKU_219,42.88230008984724
STORE_05,SKU_220,79.8925886143931
STORE_05,SKU_221,86.53043416319412
STORE_05,SKU_222,140.791761148904
STORE_05,SKU_223,71.54082798628814
STORE_05,SKU_224,52.34486067562695
STORE_05,SKU_225,38.28882385220414
STORE_05,SKU_226,69.49632531584064
STORE_05,SKU_227,37.98506719761075
STORE_05,SKU_228,65.8454535660418
STORE_05,SKU_229,89.34217760380017
STORE_05,SKU_230,64.22609273594496
STORE_05,SKU_231,65.9090909090909
STORE_05,SKU_232,40.37772280124282
STORE_05,SKU_233,39.37179679113726
STORE_05,SKU_234,109.72302482841125
STORE_05,SKU_235,39.4072208655542
STORE_05,SKU_236,46.86676675682805
STORE_05,SKU_237,42.250457875457876
STORE_05,SKU_238,48.12296347110273
STORE_05,SKU_239,44.91424229266174
STORE_05,SKU_240,89.09058360186182
STORE_05,SKU_241,56.864903294331285
STORE_05,SKU_242,66.68834200346805
STORE_05,SKU_243,52.949817887494945
STORE_05,SKU_244,47.14285714285714
STORE_05,SKU_245,44.73536423116256
STORE_05,SKU_246,48.62891102386901
STORE_05,SKU_247,42.82359763798525
STORE_05,SKU_248,56.65599871003021
STORE_05,SKU_249,91.28056628056628
STORE_05,SKU_250,54.871230464450804
STORE_06,SKU_001,62.07616484584415
STORE_06,SKU_002,50.72465900563541
STORE_06,SKU_003,117.60281414574165
STORE_06,SKU_004,88.55803112611952
STORE_06,SKU_005,40.382772827440846
STORE_06,SKU_006,61.2514635199928
STORE_06,SKU_007,91.12346155324363
STORE_06,SKU_008,58.94232070417272
STORE_06,SKU_009,64.41072313140542
STORE_06,SKU_010,67.47972320353539
STORE_06,SKU_011,70.85110967463909
STORE_06,SKU_012,65.26995017561055
STORE_06,SKU_013,96.63060404884847
STORE_06,SKU_014,44.60507819734521
STORE_06,SKU_015,108.55647409253054
STORE_06,SKU_016,63.97872394736508
STORE_06,SKU_017,89.2236796591964
STORE_06,SKU_018,58.19944699734199
STORE_06,SKU_019,55.323330191367646
STORE_06,SKU_020,73.13095238095238
STORE_06,SKU_021,25.641126856932328
STORE_06,SKU_022,60.69530628061093
STORE_06,SKU_023,84.02558206381143
STORE_06,SKU_024,59.709995109154775
STORE_06,SKU_025,34.44552424144261
STORE_06,SKU_026,45.55422975641869
STORE_06,SKU_027,53.670189770575874
STORE_06,SKU_028,51.78861231344262
STORE_06,SKU_029,54.41417503482674
STORE_06,SKU_030,93.62857142857142
STORE_06,SKU_031,139.17126686740272
STORE_06,SKU_032,51.018803462278626
STORE_06,SKU_033,49.04985767430347
STORE_06,SKU_034,38.388842691388454
STORE_06,SKU_035,52.30800532080614
STORE_06,SKU_036,53.176582713922535
STORE_06,SKU_037,64.90463559429077
STORE_06,SKU_038,72.48638117165908
STORE_06,SKU_039,110.17848594198176
STORE_06,SKU_040,58.15101695792434
STORE_06,SKU_041,64.42578849721707
STORE_06,SKU_042,115.5162115745518
STORE_06,SKU_043,95.91382321772011
STORE_06,SKU_044,40.54162445119892
STORE_06,SKU_045,42.642173148329086
STORE_06,SKU_046,60.28485530882541
STORE_06,SKU_047,61.75647625522976
STORE_06,SKU_048,71.22084548104955
STORE_06,SKU_049,27.55102040816326
STORE_06,SKU_050,45.96334891743056
STORE_06,SKU_051,124.53993351952539
STORE_06,SKU_052,39.19844253490871
STORE_06,SKU_053,102.45474460970829
STORE_06,SKU_054,30.778357854769823
STORE_06,SKU_055,60.96474441955492
STORE_06,SKU_056,68.14662555669749
STORE_06,SKU_057,54.00107411385607
STORE_06,SKU_058,18.959471414828553
STORE_06,SKU_059,43.4825561477728
STORE_06,SKU_060,36.69485041591196
STORE_06,SKU_061,39.07103075530194
STORE_06,SKU_062,44.78210678210679
STORE_06,SKU_063,35.510436508816916
STORE_06,SKU_064,56.65053307386524
STORE_06,SKU_065,43.721340388007064
STORE_06,SKU_066,129.6651354956002
STORE_06,SKU_067,64.15341308937369
STORE_06,SKU_068,70.57291928084562
STORE_06,SKU_069,70.21136477605037
STORE_06,SKU_070,37.35922462630538
STORE_06,SKU_071,57.52722008032681
STORE_06,SKU_072,51.830331140720745
STORE_06,SKU_073,83.01818485241633
STORE_06,SKU_074,69.35670995670995
STORE_06,SKU_075,51.701611480327
STORE_06,SKU_076,45.442070591005304
STORE_06,SKU_077,68.56251942401327
STORE_06,SKU_078,38.37911427197142
STORE_06,SKU_079,91.74037200510948
STORE_06,SKU_080,38.01141948325851
STORE_06,SKU_081,53.9941685460416
STORE_06,SKU_082,38.93756455461765
STORE_06,SKU_083,52.95858485981327
STORE_06,SKU_084,145.51690797096015
STORE_06,SKU_085,77.25884173080145
STORE_06,SKU_086,111.37324656909912
STORE_06,SKU_087,58.96475990815614
STORE_06,SKU_088,76.10544217687072
STORE_06,SKU_089,43.9659674201963
STORE_06,SKU_090,105.86210338059645
STORE_06,SKU_091,44.29808286951143
STORE_06,SKU_092,88.23868319830302
STORE_06,SKU_093,63.76829261362021
STORE_06,SKU_094,39.13321232266909
STORE_06,SKU_095,66.99250685942701
STORE_06,SKU_096,60.30506042079279
STORE_06,SKU_097,62.54163483575247
STORE_06,SKU_098,33.36029533764726
STORE_06,SKU_099,49.22414294335477
STORE_06,SKU_100,51.82481579889574
STORE_06,SKU_101,84.57888179113606
STORE_06,SKU_102,65.40251845419019
STORE_06,SKU_103,38.226404298273714
STORE_06,SKU_104,38.81258135480974
STORE_06,SKU_105,46.71391108891109
STORE_06,SKU_106,54.48657927590512
STORE_06,SKU_107,68.49669445242887
STORE_06,SKU_108,78.62433862433863
STORE_06,SKU_109,60.20627063279234
STORE_06,SKU_110,61.31798124655268
STORE_06,SKU_111,35.30345576799517
STORE_06,SKU_112,73.48402652200122
STORE_06,SKU_113,89.86169939673985
STORE_06,SKU_114,76.36605064793498
STORE_06,SKU_115,72.4938394938395
STORE_06,SKU_116,28.2973206943688
STORE_06,SKU_117,58.27237750539859
STORE_06,SKU_118,95.5442176870748
STORE_06,SKU_119,137.53188775510205
STORE_06,SKU_120,83.05183650096801
STORE_06,SKU_121,80.53195708021312
STORE_06,SKU_122,63.45690128696584
STORE_06,SKU_123,46.97388632872503
STORE_06,SKU_124,45.48931262125273
STORE_06,SKU_125,49.96693121693122
STORE_06,SKU_126,73.32931641778276
STORE_06,SKU_127,105.89557099435515
STORE_06,SKU_128,50.8266476530557
STORE_06,SKU_129,108.99749948133348
STORE_06,SKU_130,52.044073677858236
STORE_06,SKU_131,48.32623987465979
STORE_06,SKU_132,35.58229802009077
STORE_06,SKU_133,54.65287348604798
STORE_06,SKU_134,38.23837227198572
STORE_06,SKU_135,30.686774709883952
STORE_06,SKU_136,45.484232122255754
STORE_06,SKU_137,39.1033911986844
STORE_06,SKU_138,37.11839243894279
STORE_06,SKU_139,45.34711152220451
STORE_06,SKU_140,84.0072078988335
STORE_06,SKU_141,55.1384415892603
STORE_06,SKU_142,67.7366754365087
STORE_06,SKU_143,78.09390660178663
STORE_06,SKU_144,46.11510554812687
STORE_06,SKU_145,53.28858709137151
STORE_06,SKU_146,52.059586376356556
STORE_06,SKU_147,42.18445339919407
STORE_06,SKU_148,61.335430229439446
STORE_06,SKU_149,42.646045861572
STORE_06,SKU_150,115.2180677239551
STORE_06,SKU_151,47.34735004561359
STORE_06,SKU_152,63.82799011266103
STORE_06,SKU_153,86.87403131847574
STORE_06,SKU_154,80.5370783125537
STORE_06,SKU_155,112.62509648849584
STORE_06,SKU_156,40.91739688692716
STORE_06,SKU_157,51.87664840738487
STORE_06,SKU_158,47.86990045871378
STORE_06,SKU_159,47.00535380981029
STORE_06,SKU_160,100.89318681318682
STORE_06,SKU_161,62.01422197143067
STORE_06,SKU_162,26.156063598459912
STORE_06,SKU_163,37.891128730334366
STORE_06,SKU_164,44.9607683982684
STORE_06,SKU_165,83.06707491533966
STORE_06,SKU_166,46.47614725520551
STORE_06,SKU_167,61.14297536616687
STORE_06,SKU_168,122.40038427679889
STORE_06,SKU_169,37.581216159933355
STORE_06,SKU_170,68.56662104570181
STORE_06,SKU_171,81.48665344493217
STORE_06,SKU_172,34.98247783962069
STORE_06,SKU_173,94.67348853237353
STORE_06,SKU_174,99.0275365465335
STORE_06,SKU_175,56.00117558118256
STORE_06,SKU_176,66.15099611273081
STORE_06,SKU_177,114.86295994614359
STORE_06,SKU_178,121.37919684002637
STORE_06,SKU_179,54.77463712757829
STORE_06,SKU_180,112.6182602670698
STORE_06,SKU_181,46.03990532383166
STORE_06,SKU_182,48.25214489465511
STORE_06,SKU_183,57.04537789981291
STORE_06,SKU_184,57.11688311688311
STORE_06,SKU_185,44.78391356542617
STORE_06,SKU_186,14.982982896368727
STORE_06,SKU_187,56.98617723159185
STORE_06,SKU_188,35.17716229348882
STORE_06,SKU_189,102.23295701259228
STORE_06,SKU_190,116.09698066418683
STORE_06,SKU_191,68.02449389613102
STORE_06,SKU_192,44.186450090240186
STORE_06,SKU_193,76.83437081396262
STORE_06,SKU_194,83.79754550342898
STORE_06,SKU_195,22.554817275747503
STORE_06,SKU_196,28.016104400944048
STORE_06,SKU_197,62.92121499762696
STORE_06,SKU_198,34.18164207871395
STORE_06,SKU_199,39.22608004240658
STORE_06,SKU_200,77.78189488085735
STORE_06,SKU_201,82.54815137437089
STORE_06,SKU_202,32.752613240418114
STORE_06,SKU_203,35.57476353322748
STORE_06,SKU_204,80.32805988774949
STORE_06,SKU_205,44.66132001442434
STORE_06,SKU_206,67.05726676170025
STORE_06,SKU_207,46.57604078164827
STORE_06,SKU_208,126.40301667296328
STORE_06,SKU_209,39.586566248272604
STORE_06,SKU_210,34.4548872180451
STORE_06,SKU_211,61.13172541743969
STORE_06,SKU_212,79.54637300464739
STORE_06,SKU_213,61.6124423337617
STORE_06,SKU_214,37.96714484743635
STORE_06,SKU_215,70.04744002864302
STORE_06,SKU_216,64.79611270132483
STORE_06,SKU_217,59.8357453944935
STORE_06,SKU_218,52.67331827128919
STORE_06,SKU_219,54.7445545014251
STORE_06,SKU_220,74.22026107740393
STORE_06,SKU_221,102.84198019155895
STORE_06,SKU_222,41.31177885518849
STORE_06,SKU_223,49.56907841180176
STORE_06,SKU_224,120.59305585757316
STORE_06,SKU_225,54.89924669965357
STORE_06,SKU_226,58.79582511855917
STORE_06,SKU_227,46.372443381565915
STORE_06,SKU_228,48.29038030306463
STORE_06,SKU_229,68.37960010393047
STORE_06,SKU_230,55.46252927400469
STORE_06,SKU_231,54.586012487186665
STORE_06,SKU_232,61.93877551020408
STORE_06,SKU_233,75.9018759018759
STORE_06,SKU_234,50.733535967578526
STORE_06,SKU_235,98.21788433241638
STORE_06,SKU_236,69.75922187056642
STORE_06,SKU_237,53.21448737597806
STORE_06,SKU_238,129.922209693915
STORE_06,SKU_239,50.97210148362053
STORE_06,SKU_240,44.14429217741847
STORE_06,SKU_241,57.19196989646298
STORE_06,SKU_242,48.32823406574206
STORE_06,SKU_243,75.27498902786921
STORE_06,SKU_244,35.12411982336795
STORE_06,SKU_245,64.48707373887807
STORE_06,SKU_246,74.18367346938776
STORE_06,SKU_247,50.92926490984745
STORE_06,SKU_248,32.284066551697656
STORE_06,SKU_249,49.50734812875587
STORE_06,SKU_250,39.02459213774006
STORE_07,SKU_001,55.060073894787024
STORE_07,SKU_002,134.66032102778837
STORE_07,SKU_003,45.114380338601606
STORE_07,SKU_004,33.768801819649276
STORE_07,SKU_005,39.23982291329231
STORE_07,SKU_006,71.08077242524917
STORE_07,SKU_007,49.18610301263362
STORE_07,SKU_008,94.44389846102375
STORE_07,SKU_009,67.68826654116864
STORE_07,SKU_010,62.31691919191918
STORE_07,SKU_011,66.68330903790087
STORE_07,SKU_012,52.19869273010409
STORE_07,SKU_013,92.26696764407501
STORE_07,SKU_014,146.9328012235339
STORE_07,SKU_015,100.09311992482199
STORE_07,SKU_016,83.76256188357941
STORE_07,SKU_017,99.3310657596372
STORE_07,SKU_018,43.23543231524611
STORE_07,SKU_019,223.35261670805883
STORE_07,SKU_020,53.441591690439594
STORE_07,SKU_021,53.21866077185226
STORE_07,SKU_022,54.033575753692375
STORE_07,SKU_023,50.46848928250546
STORE_07,SKU_024,39.32591101444358
STORE_07,SKU_025,82.61744966442953
STORE_07,SKU_026,61.41016063746372
STORE_07,SKU_027,48.925091272030045
STORE_07,SKU_028,60.551139374668786
STORE_07,SKU_029,51.94188172506572
STORE_07,SKU_030,49.47420634920635
STORE_07,SKU_031,86.64668087144675
STORE_07,SKU_032,35.699184536393844
STORE_07,SKU_033,79.68738901182962
STORE_07,SKU_034,86.43705274317519
STORE_07,SKU_035,131.72230511003355
STORE_07,SKU_036,40.33829748115462
STORE_07,SKU_037,71.12994125525454
STORE_07,SKU_038,172.86268705303098
STORE_07,SKU_039,120.42298759697584
STORE_07,SKU_040,65.81775892723752
STORE_07,SKU_041,64.11589140160568
STORE_07,SKU_042,53.1453645156269
STORE_07,SKU_043,106.21570382694505
STORE_07,SKU_044,67.3627016412372
STORE_07,SKU_045,69.76485330974495
STORE_07,SKU_046,46.2436804109993
STORE_07,SKU_047,49.5492872115498
STORE_07,SKU_048,43.35975757706763
STORE_07,SKU_049,58.290010228077115
STORE_07,SKU_050,60.69334769083514
STORE_07,SKU_051,125.8535476366713
STORE_07,SKU_052,34.221402846853024
STORE_07,SKU_053,42.61575597981129
STORE_07,SKU_054,31.659505907626205
STORE_07,SKU_055,40.55227354099536
STORE_07,SKU_056,43.82048500463308
STORE_07,SKU_057,33.74032371569317
STORE_07,SKU_058,37.699274697718785
STORE_07,SKU_059,70.03775588576447
STORE_07,SKU_060,48.22448979591835
STORE_07,SKU_061,98.812284896407
STORE_07,SKU_062,99.62161776254726
STORE_07,SKU_063,42.8945467677862
STORE_07,SKU_064,41.42881336249443
STORE_07,SKU_065,57.54407623162686
STORE_07,SKU_066,42.4633162617565
STORE_07,SKU_067,120.43090877041168
STORE_07,SKU_068,47.829752953813106
STORE_07,SKU_069,81.28676675588268
STORE_07,SKU_070,43.84028792360047
STORE_07,SKU_071,42.18675871679869
STORE_07,SKU_072,77.96964939822081
STORE_07,SKU_073,43.3520879120879
STORE_07,SKU_074,38.257157568674245
STORE_07,SKU_075,93.73961897190559
STORE_07,SKU_076,80.48161293502906
STORE_07,SKU_077,86.62874549297526
STORE_07,SKU_078,34.70220479905709
STORE_07,SKU_079,70.64718404368548
STORE_07,SKU_080,42.72202457126179
STORE_07,SKU_081,84.24410820450741
STORE_07,SKU_082,52.563586066124145
STORE_07,SKU_083,130.81654271878247
STORE_07,SKU_084,59.845047211368055
STORE_07,SKU_085,52.41807990801954
STORE_07,SKU_086,96.74823538547682
STORE_07,SKU_087,89.91941690962102
STORE_07,SKU_088,75.33858660082107
STORE_07,SKU_089,28.61576065244923
STORE_07,SKU_090,34.09980469015708
STORE_07,SKU_091,42.1878653261632
STORE_07,SKU_092,49.44495665754745
STORE_07,SKU_093,105.01708424717793
STORE_07,SKU_094,43.976491695579334
STORE_07,SKU_095,89.16319614265458
STORE_07,SKU_096,43.80450671527025
STORE_07,SKU_097,43.34620853991314
STORE_07,SKU_098,50.30367271562365
STORE_07,SKU_099,96.7941440696108
STORE_07,SKU_100,57.1498824851829
STORE_07,SKU_101,124.53035218941946
STORE_07,SKU_102,63.869764528691796
STORE_07,SKU_103,39.11922663802363
STORE_07,SKU_104,90.88624188771465
STORE_07,SKU_105,71.2976359698108
STORE_07,SKU_106,50.97986021166613
STORE_07,SKU_107,35.614908172069526
STORE_07,SKU_108,45.89083895723136
STORE_07,SKU_109,42.62558869701727
STORE_07,SKU_110,51.6029767406603
STORE_07,SKU_111,46.453605679412135
STORE_07,SKU_112,79.41123498221242
STORE_07,SKU_113,38.79185541493485
STORE_07,SKU_114,34.19945103891897
STORE_07,SKU_115,172.613140052176
STORE_07,SKU_116,49.60716981559435
STORE_07,SKU_117,45.27102909481774
STORE_07,SKU_118,102.27089418667796
STORE_07,SKU_119,66.73451989491447
STORE_07,SKU_120,79.96341647770218
STORE_07,SKU_121,56.82878625134264
STORE_07,SKU_122,73.61856364286767
STORE_07,SKU_123,42.237609329446066
STORE_07,SKU_124,32.76745675848815
STORE_07,SKU_125,51.75928664541502
STORE_07,SKU_126,113.94005587361195
STORE_07,SKU_127,37.61917645846217
STORE_07,SKU_128,51.77096691669008
STORE_07,SKU_129,65.26544821583985
STORE_07,SKU_130,106.86410480253443
STORE_07,SKU_131,59.19377294926454
STORE_07,SKU_132,80.33717148968962
STORE_07,SKU_133,53.77145240558545
STORE_07,SKU_134,35.02288188002473
STORE_07,SKU_135,38.07292964982064
STORE_07,SKU_136,39.24210422468262
STORE_07,SKU_137,110.78717201166177
STORE_07,SKU_138,49.42264085121228
STORE_07,SKU_139,66.17224064038871
STORE_07,SKU_140,66.97067171239355
STORE_07,SKU_141,44.055894744883275
STORE_07,SKU_142,116.26482530184848
STORE_07,SKU_143,64.11903593769165
STORE_07,SKU_144,45.00838797057284
STORE_07,SKU_145,115.8268118247817
STORE_07,SKU_146,89.72720401291826
STORE_07,SKU_147,44.34161962657403
STORE_07,SKU_148,34.29990780842725
STORE_07,SKU_149,93.45309402587027
STORE_07,SKU_150,64.93075491065994
STORE_07,SKU_151,48.14628912264493
STORE_07,SKU_152,62.69293924466338
STORE_07,SKU_153,41.184965606354275
STORE_07,SKU_154,109.32519154024168
STORE_07,SKU_155,74.93799006982599
STORE_07,SKU_156,45.069391367052184
STORE_07,SKU_157,52.9888551165147
STORE_07,SKU_158,58.29695833452596
STORE_07,SKU_159,68.0755503305151
STORE_07,SKU_160,103.74413176322481
STORE_07,SKU_161,61.961451247165535
STORE_07,SKU_162,61.96629530718537
STORE_07,SKU_163,51.71735360810992
STORE_07,SKU_164,55.30118370533225
STORE_07,SKU_165,40.449521138880854
STORE_07,SKU_166,75.68010798069228
STORE_07,SKU_167,98.49314151890266
STORE_07,SKU_168,91.27368804664725
STORE_07,SKU_169,86.83187560738581
STORE_07,SKU_170,62.41585175736961
STORE_07,SKU_171,61.799641678821004
STORE_07,SKU_172,37.758372579801154
STORE_07,SKU_173,53.703405734614726
STORE_07,SKU_174,58.232372936007835
STORE_07,SKU_175,48.451850888098605
STORE_07,SKU_176,99.37150740835207
STORE_07,SKU_177,37.64262242427237
STORE_07,SKU_178,70.25095821655283
STORE_07,SKU_179,63.40136054421769
STORE_07,SKU_180,85.36858830549113
STORE_07,SKU_181,43.72486939112928
STORE_07,SKU_182,54.25581648184388
STORE_07,SKU_183,73.2319628990685
STORE_07,SKU_184,45.614484633138964
STORE_07,SKU_185,44.05447775818146
STORE_07,SKU_186,99.50848014987244
STORE_07,SKU_187,55.722867714518756
STORE_07,SKU_188,27.462083193933307
STORE_07,SKU_189,31.19864925339541
STORE_07,SKU_190,34.05883962780515
STORE_07,SKU_191,78.43940281490359
STORE_07,SKU_192,31.35412328196584
STORE_07,SKU_193,53.31561791383218
STORE_07,SKU_194,60.09689590121763
STORE_07,SKU_195,58.142428837672334
STORE_07,SKU_196,59.455782312925166
STORE_07,SKU_197,42.784773483861635
STORE_07,SKU_198,55.278062518767015
STORE_07,SKU_199,58.40336134453781
STORE_07,SKU_200,59.33460578944728
STORE_07,SKU_201,66.63896689047596
STORE_07,SKU_202,89.78102387451793
STORE_07,SKU_203,40.506013119533534
STORE_07,SKU_204,26.87698520572986
STORE_07,SKU_205,65.21647396801337
STORE_07,SKU_206,82.15769127034073
STORE_07,SKU_207,64.53422861188643
STORE_07,SKU_208,47.99974192312092
STORE_07,SKU_209,114.71693393584455
STORE_07,SKU_210,57.97494693948357
STORE_07,SKU_211,56.969139587165365
STORE_07,SKU_212,48.73204288972483
STORE_07,SKU_213,78.95767598737893
STORE_07,SKU_214,49.83776708515384
STORE_07,SKU_215,62.14285714285715
STORE_07,SKU_216,66.40972765412786
STORE_07,SKU_217,76.59511423617069
STORE_07,SKU_218,83.13250981647819
STORE_07,SKU_219,55.138357426303855
STORE_07,SKU_220,37.539448769198394
STORE_07,SKU_221,36.51360544217688
STORE_07,SKU_222,39.015116697926885
STORE_07,SKU_223,100.53564589374623
STORE_07,SKU_224,34.69322812657282
STORE_07,SKU_225,38.1098659472843
STORE_07,SKU_226,90.17066582006272
STORE_07,SKU_227,77.44897959183675
STORE_07,SKU_228,79.10857594571569
STORE_07,SKU_229,66.42361398000494
STORE_07,SKU_230,142.84609947875254
STORE_07,SKU_231,53.14842807729704
STORE_07,SKU_232,34.09863945578231
STORE_07,SKU_233,46.06596819329739
STORE_07,SKU_234,47.378488692774404
STORE_07,SKU_235,72.90053952615526
STORE_07,SKU_236,51.678191937932205
STORE_07,SKU_237,80.88349349273606
STORE_07,SKU_238,80.36451728399338
STORE_07,SKU_239,109.54004619698554
STORE_07,SKU_240,45.08543864553751
STORE_07,SKU_241,65.75225146539341
STORE_07,SKU_242,55.53286300834203
STORE_07,SKU_243,36.49303983888637
STORE_07,SKU_244,62.74407410771046
STORE_07,SKU_245,58.047425474254744
STORE_07,SKU_246,66.88102179647368
STORE_07,SKU_247,89.78173087416785
STORE_07,SKU_248,54.94993028267208
STORE_07,SKU_249,47.62249785797667
STORE_07,SKU_250,52.73562416419559
STORE_08,SKU_001,87.18685815826518
STORE_08,SKU_002,62.104650665297555
STORE_08,SKU_003,41.1707115278544
STORE_08,SKU_004,50.5169634783976
STORE_08,SKU_005,60.51604073582097
STORE_08,SKU_006,44.29854960852265
STORE_08,SKU_007,54.66711274673804
STORE_08,SKU_008,104.13385394700703
STORE_08,SKU_009,54.630342703118984
STORE_08,SKU_010,72.00166098065732
STORE_08,SKU_011,49.26743424642584
STORE_08,SKU_012,41.31133935055504
STORE_08,SKU_013,80.62364945978392
STORE_08,SKU_014,45.35479637520455
STORE_08,SKU_015,58.99365626579277
STORE_08,SKU_016,40.26809481556599
STORE_08,SKU_017,49.802546018407355
STORE_08,SKU_018,37.64519641848835
STORE_08,SKU_019,42.85843659178225
STORE_08,SKU_020,35.65306122448978
STORE_08,SKU_021,40.40399716933753
STORE_08,SKU_022,55.24395719524059
STORE_08,SKU_023,52.85422811099749
STORE_08,SKU_024,72.81000092344631
STORE_08,SKU_025,65.43043655650756
STORE_08,SKU_026,50.8623890903632
STORE_08,SKU_027,68.75545089830804
STORE_08,SKU_028,53.29431772709084
STORE_08,SKU_029,58.01178328474247
STORE_08,SKU_030,50.569549337007324
STORE_08,SKU_031,65.63686095273474
STORE_08,SKU_032,59.4950967399947
STORE_08,SKU_033,108.90073477307587
STORE_08,SKU_034,136.79567920918367
STORE_08,SKU_035,45.0310628472276
STORE_08,SKU_036,37.17510589141317
STORE_08,SKU_037,39.71997604073076
STORE_08,SKU_038,57.445600756859015
STORE_08,SKU_039,37.557637036577546
STORE_08,SKU_040,69.75672556991238
STORE_08,SKU_041,98.63527781054617
STORE_08,SKU_042,86.68729731057752
STORE_08,SKU_043,60.20408163265307
STORE_08,SKU_044,71.40439932318104
STORE_08,SKU_045,51.04692604692605
STORE_08,SKU_046,27.600761940660163
STORE_08,SKU_047,115.19025192494578
STORE_08,SKU_048,62.181035226703955
STORE_08,SKU_049,47.077301401941334
STORE_08,SKU_050,35.15828770532603
STORE_08,SKU_051,38.93973448410201
STORE_08,SKU_052,42.339338913321036
STORE_08,SKU_053,80.27209525982916
STORE_08,SKU_054,89.79887663138612
STORE_08,SKU_055,54.90208148974644
STORE_08,SKU_056,56.60468212267558
STORE_08,SKU_057,70.69561213189596
STORE_08,SKU_058,44.966489458378774
STORE_08,SKU_059,60.94682771067612
STORE_08,SKU_060,26.392838768908035
STORE_08,SKU_061,33.92857142857143
STORE_08,SKU_062,51.864078693034486
STORE_08,SKU_063,50.43234404608899
STORE_08,SKU_064,75.4340759624099
STORE_08,SKU_065,86.19447779111644
STORE_08,SKU_066,54.91607057156569
STORE_08,SKU_067,48.75373563636355
STORE_08,SKU_068,77.85560972201738
STORE_08,SKU_069,52.22137959995635
STORE_08,SKU_070,52.741040091607935
STORE_08,SKU_071,51.93835731013717
STORE_08,SKU_072,38.765192354814985
STORE_08,SKU_073,42.459483793517414
STORE_08,SKU_074,40.380270327360265
STORE_08,SKU_075,46.63277175709844
STORE_08,SKU_076,43.43547454824224
STORE_08,SKU_077,134.3874673929722
STORE_08,SKU_078,64.13175796634444
STORE_08,SKU_079,62.42107099249956
STORE_08,SKU_080,77.27619778398686
STORE_08,SKU_081,67.08571728299674
STORE_08,SKU_082,74.43444171004975
STORE_08,SKU_083,47.64457816619471
STORE_08,SKU_084,89.12751789027297
STORE_08,SKU_085,44.2363802881946
STORE_08,SKU_086,43.33254179331307
STORE_08,SKU_087,63.124136872794246
STORE_08,SKU_088,58.66550838442372
STORE_08,SKU_089,66.08173572459285
STORE_08,SKU_090,42.60719060351413
STORE_08,SKU_091,52.672142682576386
STORE_08,SKU_092,66.14584511023178
STORE_08,SKU_093,103.99063461000837
STORE_08,SKU_094,32.27458644368265
STORE_08,SKU_095,39.398805787499796
STORE_08,SKU_096,79.57582001709314
STORE_08,SKU_097,69.67870358888678
STORE_08,SKU_098,65.21229181327702
STORE_08,SKU_099,53.95504573711571
STORE_08,SKU_100,41.36591478696742
STORE_08,SKU_101,62.015353588757115
STORE_08,SKU_102,55.88145896656533
STORE_08,SKU_103,52.98245614035088
STORE_08,SKU_104,116.22715195500692
STORE_08,SKU_105,60.689516043877376
STORE_08,SKU_106,50.92403628117914
STORE_08,SKU_107,65.00408163265305
STORE_08,SKU_108,45.36492563126946
STORE_08,SKU_109,55.67457349431919
STORE_08,SKU_110,43.93371302009176
STORE_08,SKU_111,97.11401280084154
STORE_08,SKU_112,69.32588075880759
STORE_08,SKU_113,108.46962241160836
STORE_08,SKU_114,33.56562137049942
STORE_08,SKU_115,117.62557950580701
STORE_08,SKU_116,43.52498074701579
STORE_08,SKU_117,96.55549951222166
STORE_08,SKU_118,48.067285110195236
STORE_08,SKU_119,69.34523809523809
STORE_08,SKU_120,76.02475638945458
STORE_08,SKU_121,54.0790997249964
STORE_08,SKU_122,37.03489859893801
STORE_08,SKU_123,65.01964761059703
STORE_08,SKU_124,122.11040379454533
STORE_08,SKU_125,41.74397031539889
STORE_08,SKU_126,51.88889862606124
STORE_08,SKU_127,27.977085571070532
STORE_08,SKU_128,70.81256465719929
STORE_08,SKU_129,69.23345431467048
STORE_08,SKU_130,63.66781973560399
STORE_08,SKU_131,52.91452458846134
STORE_08,SKU_132,132.13650196920875
STORE_08,SKU_133,74.27407805227355
STORE_08,SKU_134,123.33657393940321
STORE_08,SKU_135,75.10484867035461
STORE_08,SKU_136,59.456997084548114
STORE_08,SKU_137,96.10747655674118
STORE_08,SKU_138,96.58791208791206
STORE_08,SKU_139,40.92434776108245
STORE_08,SKU_140,134.76161446086257
STORE_08,SKU_141,58.128621819098
STORE_08,SKU_142,53.879245111367894
STORE_08,SKU_143,53.53552532123961
STORE_08,SKU_144,62.29128014842301
STORE_08,SKU_145,120.5567137019401
STORE_08,SKU_146,53.72105525136883
STORE_08,SKU_147,62.54472887420863
STORE_08,SKU_148,57.34116288024644
STORE_08,SKU_149,55.32096554991905
STORE_08,SKU_150,67.4784977158988
STORE_08,SKU_151,71.24514991181658
STORE_08,SKU_152,57.70634717447314
STORE_08,SKU_153,54.57615670381627
STORE_08,SKU_154,81.62929816788119
STORE_08,SKU_155,45.28286799982394
STORE_08,SKU_156,28.79767978620019
STORE_08,SKU_157,41.15646258503402
STORE_08,SKU_158,43.91680043664975
STORE_08,SKU_159,58.04846895971717
STORE_08,SKU_160,150.91001976706912
STORE_08,SKU_161,36.489349838295965
STORE_08,SKU_162,45.84715800702195
STORE_08,SKU_163,64.85685941043086
STORE_08,SKU_164,83.87828249579398
STORE_08,SKU_165,39.142162241240584
STORE_08,SKU_166,109.88305434533363
STORE_08,SKU_167,39.444301140889294
STORE_08,SKU_168,86.13952309826095
STORE_08,SKU_169,91.23055417079952
STORE_08,SKU_170,69.03234175025945
STORE_08,SKU_171,45.837245455756985
STORE_08,SKU_172,89.91548514980384
STORE_08,SKU_173,56.713211600429645
STORE_08,SKU_174,48.16144213129137
STORE_08,SKU_175,117.72164052635874
STORE_08,SKU_176,155.07636962831108
STORE_08,SKU_177,75.81728980654763
STORE_08,SKU_178,61.56668700088732
STORE_08,SKU_179,47.427078543452545
STORE_08,SKU_180,76.6947940787024
STORE_08,SKU_181,77.89627478898537
STORE_08,SKU_182,70.56363899524995
STORE_08,SKU_183,63.20684904786285
STORE_08,SKU_184,45.88083800078221
STORE_08,SKU_185,38.77070229422145
STORE_08,SKU_186,37.644382330793476
STORE_08,SKU_187,72.31335775277012
STORE_08,SKU_188,62.38354906867368
STORE_08,SKU_189,50.26122014652968
STORE_08,SKU_190,69.00255971782893
STORE_08,SKU_191,38.58402196805386
STORE_08,SKU_192,52.655187074829946
STORE_08,SKU_193,65.97904026475453
STORE_08,SKU_194,63.899304473697896
STORE_08,SKU_195,54.09324705491954
STORE_08,SKU_196,42.69073220686124
STORE_08,SKU_197,90.75083449528879
STORE_08,SKU_198,58.21034522779944
STORE_08,SKU_199,58.468642931625205
STORE_08,SKU_200,88.86891655057741
STORE_08,SKU_201,37.37060041407868
STORE_08,SKU_202,33.75958894195977
STORE_08,SKU_203,40.50140271742121
STORE_08,SKU_204,41.356905644752295
STORE_08,SKU_205,39.80108935466078
STORE_08,SKU_206,51.2830132052821
STORE_08,SKU_207,136.83720063367815
STORE_08,SKU_208,29.735987150165105
STORE_08,SKU_209,83.69916311848483
STORE_08,SKU_210,28.320902611725895
STORE_08,SKU_211,48.91064533921677
STORE_08,SKU_212,80.81632653061223
STORE_08,SKU_213,59.8740686750891
STORE_08,SKU_214,58.53698350376094
STORE_08,SKU_215,70.0565513816146
STORE_08,SKU_216,35.99611273080661
STORE_08,SKU_217,65.4285982303851
STORE_08,SKU_218,62.422964265881276
STORE_08,SKU_219,45.79349799218879
STORE_08,SKU_220,67.64266356949284
STORE_08,SKU_221,74.13327994693717
STORE_08,SKU_222,50.53481627331507
STORE_08,SKU_223,45.73911665257819
STORE_08,SKU_224,70.8489022813711
STORE_08,SKU_225,41.04896860705067
STORE_08,SKU_226,61.861463778939516
STORE_08,SKU_227,40.87397911677297
STORE_08,SKU_228,61.839156001383614
STORE_08,SKU_229,74.89865149599665
STORE_08,SKU_230,52.1451531628183
STORE_08,SKU_231,66.24451198919283
STORE_08,SKU_232,52.43223225915806
STORE_08,SKU_233,46.576449923034914
STORE_08,SKU_234,31.885271092132506
STORE_08,SKU_235,41.74395550768914
STORE_08,SKU_236,51.49944858656311
STORE_08,SKU_237,189.22359763577563
STORE_08,SKU_238,106.37033799102049
STORE_08,SKU_239,83.22643343051504
STORE_08,SKU_240,191.83013593444434
STORE_08,SKU_241,70.42061290535628
STORE_08,SKU_242,67.66828454228133
STORE_08,SKU_243,37.84700685314896
STORE_08,SKU_244,40.32084906935409
STORE_08,SKU_245,48.55060391503541
STORE_08,SKU_246,79.85788936338386
STORE_08,SKU_247,51.18197278911564
STORE_08,SKU_248,59.68833185448092
STORE_08,SKU_249,53.382464096749814
STORE_08,SKU_250,51.16867259724401
STORE_09,SKU_001,44.62699795637318
STORE_09,SKU_002,39.41302235179786
STORE_09,SKU_003,94.20331721538788
STORE_09,SKU_004,70.11054231939457
STORE_09,SKU_005,38.033199057058916
STORE_09,SKU_006,108.425418948067
STORE_09,SKU_007,63.173090533643084
STORE_09,SKU_008,73.12371519646109
STORE_09,SKU_009,97.45163313552368
STORE_09,SKU_010,58.640195208518186
STORE_09,SKU_011,53.962930739771906
STORE_09,SKU_012,40.61877417086606
STORE_09,SKU_013,31.51586650114772
STORE_09,SKU_014,73.3058195448866
STORE_09,SKU_015,94.63338363113729
STORE_09,SKU_016,84.50501300467305
STORE_09,SKU_017,77.78305857353031
STORE_09,SKU_018,45.40525871072983
STORE_09,SKU_019,72.19782358993892
STORE_09,SKU_020,70.25910119463578
STORE_09,SKU_021,42.474489795918366
STORE_09,SKU_022,55.93400310381443
STORE_09,SKU_023,33.909925295761084
STORE_09,SKU_024,34.545520335793896
STORE_09,SKU_025,89.13297803197709
STORE_09,SKU_026,93.66354777588118
STORE_09,SKU_027,40.28199117484832
STORE_09,SKU_028,51.208905380333945
STORE_09,SKU_029,105.54877688780431
STORE_09,SKU_030,65.25890454461883
STORE_09,SKU_031,70.43494817281751
STORE_09,SKU_032,54.18589044543243
STORE_09,SKU_033,66.0413981585365
STORE_09,SKU_034,32.41392229661718
STORE_09,SKU_035,69.19738226461634
STORE_09,SKU_036,58.439325494719085
STORE_09,SKU_037,57.70847017519599
STORE_09,SKU_038,73.25308996838172
STORE_09,SKU_039,40.407894383049666
STORE_09,SKU_040,98.97549324438918
STORE_09,SKU_041,37.8978751994625
STORE_09,SKU_042,48.659631554485145
STORE_09,SKU_043,161.94344375580587
STORE_09,SKU_044,152.3027864992151
STORE_09,SKU_045,36.16882615860278
STORE_09,SKU_046,37.86391214962642
STORE_09,SKU_047,49.199631732392206
STORE_09,SKU_048,51.80910137191124
STORE_09,SKU_049,70.92312774230702
STORE_09,SKU_050,72.19775835035576
STORE_09,SKU_051,81.24804171379238
STORE_09,SKU_052,52.10204081632652
STORE_09,SKU_053,84.70145617928873
STORE_09,SKU_054,34.73889555822329
STORE_09,SKU_055,54.8766494549627
STORE_09,SKU_056,26.062530275268
STORE_09,SKU_057,46.74903975195521
STORE_09,SKU_058,79.08382707921878
STORE_09,SKU_059,45.93626924453993
STORE_09,SKU_060,42.41597119531452
STORE_09,SKU_061,75.20371457935691
STORE_09,SKU_062,49.69622032486464
STORE_09,SKU_063,44.020260278024246
STORE_09,SKU_064,113.57842664510369
STORE_09,SKU_065,45.890078472333826
STORE_09,SKU_066,60.019678510624175
STORE_09,SKU_067,38.32204559793125
STORE_09,SKU_068,63.51903910043445
STORE_09,SKU_069,62.53941645523741
STORE_09,SKU_070,38.35214085634253
STORE_09,SKU_071,90.47726715721254
STORE_09,SKU_072,30.161923924499373
STORE_09,SKU_073,66.15916207752942
STORE_09,SKU_074,97.93043978154644
STORE_09,SKU_075,68.89296225382104
STORE_09,SKU_076,35.09539053716724
STORE_09,SKU_077,61.004922203868496
STORE_09,SKU_078,38.84278986319803
STORE_09,SKU_079,62.476322020520925
STORE_09,SKU_080,118.86577708006281
STORE_09,SKU_081,181.13832199546488
STORE_09,SKU_082,62.2801580259433
STORE_09,SKU_083,106.49090405392927
STORE_09,SKU_084,54.55178521112587
STORE_09,SKU_085,51.53451273609541
STORE_09,SKU_086,53.446639831424534
STORE_09,SKU_087,37.87639584135541
STORE_09,SKU_088,27.54224270353303
STORE_09,SKU_089,35.07217022934829
STORE_09,SKU_090,96.1034244206157
STORE_09,SKU_091,43.50603336572724
STORE_09,SKU_092,46.531586762571266
STORE_09,SKU_093,42.644396722395875
STORE_09,SKU_094,89.68951216850377
STORE_09,SKU_095,42.79432493718208
STORE_09,SKU_096,61.08895700003957
STORE_09,SKU_097,78.36818090898842
STORE_09,SKU_098,35.18614477040817
STORE_09,SKU_099,72.42315828770532
STORE_09,SKU_100,103.94690965656889
STORE_09,SKU_101,83.19618629574735
STORE_09,SKU_102,38.089812555456966
STORE_09,SKU_103,46.762741309273615
STORE_09,SKU_104,100.4904926630338
STORE_09,SKU_105,56.70157068062828
STORE_09,SKU_106,66.6213308527831
STORE_09,SKU_107,49.037773003938426
STORE_09,SKU_108,61.6748387666755
STORE_09,SKU_109,89.63827964763111
STORE_09,SKU_110,53.937365500923015
STORE_09,SKU_111,99.77106227106229
STORE_09,SKU_112,44.661938423240414
STORE_09,SKU_113,48.32250388944816
STORE_09,SKU_114,41.14488036593948
STORE_09,SKU_115,93.05268200819121
STORE_09,SKU_116,150.76716818114107
STORE_09,SKU_117,39.77518688392482
STORE_09,SKU_118,38.0753893069164
STORE_09,SKU_119,52.71528197981799
STORE_09,SKU_120,114.48408490474573
STORE_09,SKU_121,73.40952828499822
STORE_09,SKU_122,62.68016108520561
STORE_09,SKU_123,52.28980481081321
STORE_09,SKU_124,66.13087091874333
STORE_09,SKU_125,68.97895070726705
STORE_09,SKU_126,49.32688663226966
STORE_09,SKU_127,45.47619047619049
STORE_09,SKU_128,42.95771069575931
STORE_09,SKU_129,100.35351497518883
STORE_09,SKU_130,50.0815858989644
STORE_09,SKU_131,79.15795586527292
STORE_09,SKU_132,45.79298336324097
STORE_09,SKU_133,42.17164396750435
STORE_09,SKU_134,37.993008432650505
STORE_09,SKU_135,71.5616538842305
STORE_09,SKU_136,53.621669265712924
STORE_09,SKU_137,43.407101060319405
STORE_09,SKU_138,43.5065668536888
STORE_09,SKU_139,44.056908477676785
STORE_09,SKU_140,43.726201138762704
STORE_09,SKU_141,95.35147392290249
STORE_09,SKU_142,119.66805201961559
STORE_09,SKU_143,70.24904465161185
STORE_09,SKU_144,50.47876293374494
STORE_09,SKU_145,72.42752660529376
STORE_09,SKU_146,55.894754596053296
STORE_09,SKU_147,49.18401042310155
STORE_09,SKU_148,88.24075084579289
STORE_09,SKU_149,59.74429594846787
STORE_09,SKU_150,53.597507119253216
STORE_09,SKU_151,40.497332125239105
STORE_09,SKU_152,78.55470807851759
STORE_09,SKU_153,48.67735665694849
STORE_09,SKU_154,36.4179104477612
STORE_09,SKU_155,62.16306515611738
STORE_09,SKU_156,90.18733902333396
STORE_09,SKU_157,55.93416656603469
STORE_09,SKU_158,61.398236599604395
STORE_09,SKU_159,57.56141411268339
STORE_09,SKU_160,32.179800718761754
STORE_09,SKU_161,45.829264720242165
STORE_09,SKU_162,33.48415547123372
STORE_09,SKU_163,69.50083617563233
STORE_09,SKU_164,78.99417491696893
STORE_09,SKU_165,39.883670384857936
STORE_09,SKU_166,68.60471005317802
STORE_09,SKU_167,132.52406133319323
STORE_09,SKU_168,46.247937010825844
STORE_09,SKU_169,53.205946753432784
STORE_09,SKU_170,61.960081587109016
STORE_09,SKU_171,47.65728614449055
STORE_09,SKU_172,45.23570539326842
STORE_09,SKU_173,25.98056981777912
STORE_09,SKU_174,52.481632653061226
STORE_09,SKU_175,60.896311649659864
STORE_09,SKU_176,38.50448737062377
STORE_09,SKU_177,168.92592298320886
STORE_09,SKU_178,66.02764934098639
STORE_09,SKU_179,72.97475351002502
STORE_09,SKU_180,206.09927623674653
STORE_09,SKU_181,20.154011807975227
STORE_09,SKU_182,68.40911803317817
STORE_09,SKU_183,38.41897203287377
STORE_09,SKU_184,78.36192536877718
STORE_09,SKU_185,59.08003826530612
STORE_09,SKU_186,48.64934345831356
STORE_09,SKU_187,114.4884001492533
STORE_09,SKU_188,41.07480239059186
STORE_09,SKU_189,77.17886781926192
STORE_09,SKU_190,53.180169177775724
STORE_09,SKU_191,31.898449430792724
STORE_09,SKU_192,38.89873409681333
STORE_09,SKU_193,45.214453128190044
STORE_09,SKU_194,65.71066335421398
STORE_09,SKU_195,28.40671152181803
STORE_09,SKU_196,89.58682200392222
STORE_09,SKU_197,60.26510604241696
STORE_09,SKU_198,39.10944844410068
STORE_09,SKU_199,43.123735980878834
STORE_09,SKU_200,65.1906916612799
STORE_09,SKU_201,92.35791671165818
STORE_09,SKU_202,41.19917373342032
STORE_09,SKU_203,52.996132787073556
STORE_09,SKU_204,73.33169558221415
STORE_09,SKU_205,57.342113961572075
STORE_09,SKU_206,72.9026046508829
STORE_09,SKU_207,45.357772738725124
STORE_09,SKU_208,43.604978601560966
STORE_09,SKU_209,41.04564698219714
STORE_09,SKU_210,54.78522053982884
STORE_09,SKU_211,92.8092718568909
STORE_09,SKU_212,78.14313798914058
STORE_09,SKU_213,79.45371960210804
STORE_09,SKU_214,35.759040458288574
STORE_09,SKU_215,38.2623721793157
STORE_09,SKU_216,56.25602104195716
STORE_09,SKU_217,88.69019585856321
STORE_09,SKU_218,113.67073871802245
STORE_09,SKU_219,43.13241575700047
STORE_09,SKU_220,58.63095238095237
STORE_09,SKU_221,34.93315629131074
STORE_09,SKU_222,123.0667777315008
STORE_09,SKU_223,57.13953055141581
STORE_09,SKU_224,53.517272534013614
STORE_09,SKU_225,41.64084979812445
STORE_09,SKU_226,50.443020278763676
STORE_09,SKU_227,74.93092525885096
STORE_09,SKU_228,65.92403628117914
STORE_09,SKU_229,94.17918110640483
STORE_09,SKU_230,77.13255813223687
STORE_09,SKU_231,70.82710152618968
STORE_09,SKU_232,102.86431948665992
STORE_09,SKU_233,36.593383465679615
STORE_09,SKU_234,61.3313594867999
STORE_09,SKU_235,69.51041800367946
STORE_09,SKU_236,37.573162149636985
STORE_09,SKU_237,61.388483965014565
STORE_09,SKU_238,86.69334375857545
STORE_09,SKU_239,69.81968885694364
STORE_09,SKU_240,43.73389034512888
STORE_09,SKU_241,51.17850552947806
STORE_09,SKU_242,77.83316605330658
STORE_09,SKU_243,53.66617171879086
STORE_09,SKU_244,28.336334533813517
STORE_09,SKU_245,46.75050301810865
STORE_09,SKU_246,72.16318635771522
STORE_09,SKU_247,43.640340751685294
STORE_09,SKU_248,37.502622496287366
STORE_09,SKU_249,44.75722778562902
STORE_09,SKU_250,37.255989352262645
STORE_10,SKU_001,79.1190476190476
STORE_10,SKU_002,38.28544575725026
STORE_10,SKU_003,38.242954324586975
STORE_10,SKU_004,52.37511230907457
STORE_10,SKU_005,70.04464285714286
STORE_10,SKU_006,29.682383298146846
STORE_10,SKU_007,48.22655409832013
STORE_10,SKU_008,55.05749919015226
STORE_10,SKU_009,65.86960733660551
STORE_10,SKU_010,71.57042975920527
STORE_10,SKU_011,74.63751458030019
STORE_10,SKU_012,100.73070727949013
STORE_10,SKU_013,89.0253727753728
STORE_10,SKU_014,50.562089242476645
STORE_10,SKU_015,47.976624288997094
STORE_10,SKU_016,83.845419678288
STORE_10,SKU_017,68.12389770723104
STORE_10,SKU_018,38.5132207470697
STORE_10,SKU_019,82.81048928682615
STORE_10,SKU_020,108.43136370244486
STORE_10,SKU_021,45.756976259891715
STORE_10,SKU_022,66.41053506156194
STORE_10,SKU_023,93.71358082075993
STORE_10,SKU_024,223.366655917446
STORE_10,SKU_025,52.306077913980666
STORE_10,SKU_026,39.26342937803911
STORE_10,SKU_027,58.128557545467174
STORE_10,SKU_028,65.51057992257677
STORE_10,SKU_029,32.39117455492835
STORE_10,SKU_030,55.7435341286273
STORE_10,SKU_031,35.88327585216165
STORE_10,SKU_032,30.86734693877551
STORE_10,SKU_033,111.8770346692894
STORE_10,SKU_034,95.09510319708619
STORE_10,SKU_035,67.15839919314301
STORE_10,SKU_036,81.84744960255165
STORE_10,SKU_037,53.05307539682539
STORE_10,SKU_038,85.83392167220298
STORE_10,SKU_039,75.27228008887634
STORE_10,SKU_040,39.42023121699116
STORE_10,SKU_041,46.76870748299319
STORE_10,SKU_042,36.647561911903864
STORE_10,SKU_043,72.00963718820861
STORE_10,SKU_044,52.24885359743323
STORE_10,SKU_045,50.32679738562093
STORE_10,SKU_046,83.61391688283862
STORE_10,SKU_047,86.63251772857684
STORE_10,SKU_048,88.50420932929575
STORE_10,SKU_049,60.11152537938251
STORE_10,SKU_050,44.49522589659992
STORE_10,SKU_051,81.37425397322129
STORE_10,SKU_052,54.67621010668419
STORE_10,SKU_053,96.46645583172734
STORE_10,SKU_054,39.02976472981219
STORE_10,SKU_055,82.16250475345416
STORE_10,SKU_056,38.985376616038636
STORE_10,SKU_057,30.89386766642308
STORE_10,SKU_058,79.71478561701029
STORE_10,SKU_059,52.43525981821302
STORE_10,SKU_060,38.5566771511472
STORE_10,SKU_061,39.88338192419825
STORE_10,SKU_062,71.19954648526077
STORE_10,SKU_063,93.3997555465017
STORE_10,SKU_064,57.327662800753444
STORE_10,SKU_065,56.223083548664945
STORE_10,SKU_066,76.68554126853053
STORE_10,SKU_067,60.44113432837622
STORE_10,SKU_068,51.95539754363284
STORE_10,SKU_069,70.84376791009444
STORE_10,SKU_070,42.413487133984034
STORE_10,SKU_071,57.250131672708115
STORE_10,SKU_072,67.4796899978498
STORE_10,SKU_073,65.08592402913244
STORE_10,SKU_074,60.238095238095234
STORE_10,SKU_075,99.9717490301906
STORE_10,SKU_076,38.72323521821964
STORE_10,SKU_077,70.67738260352685
STORE_10,SKU_078,49.39936950389912
STORE_10,SKU_079,71.84046279384535
STORE_10,SKU_080,76.6658206527382
STORE_10,SKU_081,53.18897941643351
STORE_10,SKU_082,73.20053238686776
STORE_10,SKU_083,61.794192529082636
STORE_10,SKU_084,50.11205852203896
STORE_10,SKU_085,114.65859182422203
STORE_10,SKU_086,75.17389626305066
STORE_10,SKU_087,37.69031422092646
STORE_10,SKU_088,82.41829004329004
STORE_10,SKU_089,54.78723404255319
STORE_10,SKU_090,76.45493578504949
STORE_10,SKU_091,55.36838849014784
STORE_10,SKU_092,41.65820934032855
STORE_10,SKU_093,44.38452855171593
STORE_10,SKU_094,52.84849074765041
STORE_10,SKU_095,46.59231028062298
STORE_10,SKU_096,62.691860329296546
STORE_10,SKU_097,113.65511017918779
STORE_10,SKU_098,39.55296404275997
STORE_10,SKU_099,52.25545745068321
STORE_10,SKU_100,50.152792959265525
STORE_10,SKU_101,54.83357628765793
STORE_10,SKU_102,87.35345201910549
STORE_10,SKU_103,65.63751443973817
STORE_10,SKU_104,69.66881351244562
STORE_10,SKU_105,73.84321114536941
STORE_10,SKU_106,64.23719487795117
STORE_10,SKU_107,35.8802122577232
STORE_10,SKU_108,27.760703155294493
STORE_10,SKU_109,52.583728716832546
STORE_10,SKU_110,90.5307416884525
STORE_10,SKU_111,75.97749608266666
STORE_10,SKU_112,50.29434850863422
STORE_10,SKU_113,112.31481603630466
STORE_10,SKU_114,59.60636036878345
STORE_10,SKU_115,127.8271704379804
STORE_10,SKU_116,55.08374119543078
STORE_10,SKU_117,46.82070766450911
STORE_10,SKU_118,75.16841808273152
STORE_10,SKU_119,49.932294028722595
STORE_10,SKU_120,54.08802750825986
STORE_10,SKU_121,48.724489795918366
STORE_10,SKU_122,50.68075176483426
STORE_10,SKU_123,76.10071561091969
STORE_10,SKU_124,65.92468140484046
STORE_10,SKU_125,43.819894695618125
STORE_10,SKU_126,52.214802785722355
STORE_10,SKU_127,46.31225039035221
STORE_10,SKU_128,81.60460105131243
STORE_10,SKU_129,81.0748970588188
STORE_10,SKU_130,53.941171610344554
STORE_10,SKU_131,40.934144062402666
STORE_10,SKU_132,71.51010637174122
STORE_10,SKU_133,58.15690414983473
STORE_10,SKU_134,24.667616334283
STORE_10,SKU_135,56.98120108258357
STORE_10,SKU_136,50.70636950432347
STORE_10,SKU_137,53.338509316770185
STORE_10,SKU_138,40.01989617695285
STORE_10,SKU_139,82.61233637074893
STORE_10,SKU_140,157.80192495239464
STORE_10,SKU_141,62.67605633802816
STORE_10,SKU_142,82.61077423361569
STORE_10,SKU_143,96.13918497335241
STORE_10,SKU_144,63.61331185188873
STORE_10,SKU_145,55.257435897435904
STORE_10,SKU_146,52.14085634253701
STORE_10,SKU_147,49.62902345881069
STORE_10,SKU_148,41.50492850201305
STORE_10,SKU_149,90.17993884165482
STORE_10,SKU_150,67.18049521894709
STORE_10,SKU_151,29.267249197243082
STORE_10,SKU_152,64.02273193760263
STORE_10,SKU_153,122.27755522069903
STORE_10,SKU_154,46.02599342661741
STORE_10,SKU_155,52.673321144438404
STORE_10,SKU_156,36.529685249361805
STORE_10,SKU_157,33.45748424094509
STORE_10,SKU_158,58.996490315871576
STORE_10,SKU_159,55.39394446303112
STORE_10,SKU_160,29.540006478781983
STORE_10,SKU_161,67.96111994831972
STORE_10,SKU_162,75.26522962685235
STORE_10,SKU_163,75.79179488977995
STORE_10,SKU_164,75.29309138323767
STORE_10,SKU_165,33.45864661654135
STORE_10,SKU_166,89.13487133984032
STORE_10,SKU_167,86.74968853929421
STORE_10,SKU_168,54.088987985375034
STORE_10,SKU_169,45.278294326784845
STORE_10,SKU_170,49.36974789915966
STORE_10,SKU_171,84.22223441308381
STORE_10,SKU_172,41.12308787557957
STORE_10,SKU_173,22.3083548664944
STORE_10,SKU_174,51.81292517006803
STORE_10,SKU_175,81.20834697515367
STORE_10,SKU_176,94.49387690834482
STORE_10,SKU_177,89.38549135593473
STORE_10,SKU_178,164.83178053830227
STORE_10,SKU_179,57.66475835441353
STORE_10,SKU_180,38.14675930293364
STORE_10,SKU_181,35.023447676943114
STORE_10,SKU_182,55.70721116315378
STORE_10,SKU_183,61.60646340860799
STORE_10,SKU_184,42.162046416629614
STORE_10,SKU_185,46.011234682552264
STORE_10,SKU_186,34.58222419402542
STORE_10,SKU_187,124.93910030855841
STORE_10,SKU_188,55.93477805684014
STORE_10,SKU_189,34.100557463220795
STORE_10,SKU_190,42.83889513942369
STORE_10,SKU_191,67.5032225939107
STORE_10,SKU_192,77.04480512887457
STORE_10,SKU_193,59.31452693647816
STORE_10,SKU_194,115.20732326079603
STORE_10,SKU_195,89.34426229508196
STORE_10,SKU_196,72.78231292517007
STORE_10,SKU_197,41.43418005500073
STORE_10,SKU_198,64.49792960662525
STORE_10,SKU_199,49.28617392903108
STORE_10,SKU_200,37.87366046249295
STORE_10,SKU_201,67.63871173469387
STORE_10,SKU_202,71.94484936831874
STORE_10,SKU_203,53.8029250773458
STORE_10,SKU_204,42.23908750035778
STORE_10,SKU_205,52.42015450247896
STORE_10,SKU_206,49.65152053668614
STORE_10,SKU_207,120.9039651896795
STORE_10,SKU_208,70.5263934881782
STORE_10,SKU_209,55.53951006836652
STORE_10,SKU_210,76.64285714285714
STORE_10,SKU_211,48.83805134957208
STORE_10,SKU_212,52.42745888143055
STORE_10,SKU_213,40.25372311086596
STORE_10,SKU_214,33.415331513059606
STORE_10,SKU_215,116.11859838274931
STORE_10,SKU_216,66.27055535424171
STORE_10,SKU_217,76.7019583150783
STORE_10,SKU_218,103.64902589448914
STORE_10,SKU_219,137.4645691609977
STORE_10,SKU_220,55.371173469387756
STORE_10,SKU_221,43.00137489145594
STORE_10,SKU_222,52.48469938137067
STORE_10,SKU_223,89.17723941189378
STORE_10,SKU_224,60.714293402713714
STORE_10,SKU_225,60.35656168942399
STORE_10,SKU_226,53.18340640509203
STORE_10,SKU_227,90.23918077869448
STORE_10,SKU_228,43.626093294460645
STORE_10,SKU_229,93.11224489795919
STORE_10,SKU_230,85.39256596929248
STORE_10,SKU_231,40.634281881766796
STORE_10,SKU_232,49.902261262730505
STORE_10,SKU_233,44.24307036247334
STORE_10,SKU_234,48.631624513474705
STORE_10,SKU_235,48.15158386586958
STORE_10,SKU_236,35.692102928127774
STORE_10,SKU_237,74.9267662573504
STORE_10,SKU_238,84.80637519699475
STORE_10,SKU_239,136.18938072678048
STORE_10,SKU_240,104.70957613814758
STORE_10,SKU_241,51.18374548516474
STORE_10,SKU_242,91.79258168662685
STORE_10,SKU_243,55.26395481792037
STORE_10,SKU_244,44.3555598339965
STORE_10,SKU_245,71.51033490319205
STORE_10,SKU_246,79.6792044433554
STORE_10,SKU_247,37.69145084934558
STORE_10,SKU_248,94.46428571428572
STORE_10,SKU_249,48.1425270530153
STORE_10,SKU_250,33.242736346875205
STORE_11,SKU_001,42.78567963688022
STORE_11,SKU_002,58.92857142857143
STORE_11,SKU_003,89.29278553526675
STORE_11,SKU_004,51.09419985222553
STORE_11,SKU_005,37.03791594157043
STORE_11,SKU_006,47.93499622071052
STORE_11,SKU_007,49.4829931972789
STORE_11,SKU_008,77.63326109664645
STORE_11,SKU_009,65.353682287517
STORE_11,SKU_010,60.4723296395278
STORE_11,SKU_011,46.09098958732428
STORE_11,SKU_012,90.82629610524639
STORE_11,SKU_013,130.74712643678163
STORE_11,SKU_014,91.31493506493504
STORE_11,SKU_015,79.77897301032014
STORE_11,SKU_016,54.185402974749216
STORE_11,SKU_017,99.90635031150255
STORE_11,SKU_018,43.41705913134485
STORE_11,SKU_019,46.12232062636375
STORE_11,SKU_020,34.366739552964034
STORE_11,SKU_021,36.495385228159414
STORE_11,SKU_022,49.71465175867692
STORE_11,SKU_023,53.311634555560694
STORE_11,SKU_024,57.32536917205905
STORE_11,SKU_025,41.5011369716426
STORE_11,SKU_026,46.944156504400524
STORE_11,SKU_027,39.42560895325872
STORE_11,SKU_028,58.98704879238517
STORE_11,SKU_029,83.57138592357039
STORE_11,SKU_030,84.63840081487142
STORE_11,SKU_031,47.41084805088901
STORE_11,SKU_032,51.25484039769754
STORE_11,SKU_033,70.26980283638879
STORE_11,SKU_034,41.78725779578304
STORE_11,SKU_035,76.68650793650797
STORE_11,SKU_036,51.31337114716615
STORE_11,SKU_037,54.76678218457195
STORE_11,SKU_038,74.3346571286587
STORE_11,SKU_039,39.183784852459205
STORE_11,SKU_040,41.3710996519158
STORE_11,SKU_041,45.83004442445304
STORE_11,SKU_042,69.96096259326973
STORE_11,SKU_043,67.35506165322992
STORE_11,SKU_044,75.03921564699306
STORE_11,SKU_045,61.57894552571415
STORE_11,SKU_046,23.055202942420987
STORE_11,SKU_047,68.43218225706705
STORE_11,SKU_048,50.815358067299385
STORE_11,SKU_049,43.9260212525924
STORE_11,SKU_050,77.99905619084096
STORE_11,SKU_051,73.76129357993196
STORE_11,SKU_052,50.315150847838495
STORE_11,SKU_053,46.36187435868202
STORE_11,SKU_054,52.43461509819982
STORE_11,SKU_055,46.51360544217687
STORE_11,SKU_056,50.69550638633499
STORE_11,SKU_057,88.24743035900494
STORE_11,SKU_058,73.29094983554683
STORE_11,SKU_059,52.24720568833464
STORE_11,SKU_060,54.17886950582841
STORE_11,SKU_061,43.49087003222342
STORE_11,SKU_062,44.85324466865397
STORE_11,SKU_063,47.375136027618304
STORE_11,SKU_064,71.74353470976344
STORE_11,SKU_065,71.81852363971569
STORE_11,SKU_066,35.838420189504376
STORE_11,SKU_067,38.946439137090636
STORE_11,SKU_068,33.60305787156045
STORE_11,SKU_069,52.764934466179284
STORE_11,SKU_070,108.0358187867844
STORE_11,SKU_071,47.82555879494654
STORE_11,SKU_072,58.79065280719081
STORE_11,SKU_073,96.13861386138615
STORE_11,SKU_074,50.147666317282194
STORE_11,SKU_075,67.7988935131792
STORE_11,SKU_076,44.68805004519291
STORE_11,SKU_077,60.486087877774075
STORE_11,SKU_078,52.25070652234621
STORE_11,SKU_079,46.74274577087472
STORE_11,SKU_080,56.39186115732755
STORE_11,SKU_081,58.20283018075033
STORE_11,SKU_082,40.930545332887256
STORE_11,SKU_083,31.834347511898535
STORE_11,SKU_084,88.21886277712059
STORE_11,SKU_085,58.4351847829356
STORE_11,SKU_086,47.695061830400185
STORE_11,SKU_087,37.92759659695143
STORE_11,SKU_088,41.33285057010097
STORE_11,SKU_089,68.7506053268765
STORE_11,SKU_090,74.16992113301016
STORE_11,SKU_091,36.06711920412734
STORE_11,SKU_092,41.517160536530994
STORE_11,SKU_093,42.02161044442011
STORE_11,SKU_094,51.97311339790153
STORE_11,SKU_095,41.16413147256778
STORE_11,SKU_096,55.53329962096011
STORE_11,SKU_097,37.35132563470437
STORE_11,SKU_098,44.81650941159737
STORE_11,SKU_099,78.96383963421434
STORE_11,SKU_100,68.32658137882018
STORE_11,SKU_101,39.218543154044525
STORE_11,SKU_102,117.85714285714286
STORE_11,SKU_103,62.798227783776916
STORE_11,SKU_104,89.43622837009642
STORE_11,SKU_105,73.2915528416091
STORE_11,SKU_106,63.68973569108341
STORE_11,SKU_107,99.20123935045915
STORE_11,SKU_108,99.63990675832868
STORE_11,SKU_109,87.24889697799637
STORE_11,SKU_110,96.77960927960928
STORE_11,SKU_111,50.61727785891919
STORE_11,SKU_112,36.05529953917051
STORE_11,SKU_113,44.188655260083834
STORE_11,SKU_114,81.19605091725096
STORE_11,SKU_115,38.605223415031865
STORE_11,SKU_116,91.96841593780368
STORE_11,SKU_117,61.56395161822731
STORE_11,SKU_118,47.681300028087534
STORE_11,SKU_119,46.82638403649536
STORE_11,SKU_120,45.094193553838245
STORE_11,SKU_121,97.23372575213602
STORE_11,SKU_122,84.02535726370921
STORE_11,SKU_123,55.31632267662195
STORE_11,SKU_124,55.67631750886498
STORE_11,SKU_125,41.10787172011662
STORE_11,SKU_126,64.51406528276547
STORE_11,SKU_127,68.33642547928261
STORE_11,SKU_128,80.65768930523028
STORE_11,SKU_129,79.96178495858187
STORE_11,SKU_130,69.80699256446766
STORE_11,SKU_131,41.90676270508204
STORE_11,SKU_132,42.150058221486795
STORE_11,SKU_133,50.142441401126334
STORE_11,SKU_134,38.26530612244898
STORE_11,SKU_135,35.65336233333041
STORE_11,SKU_136,56.48635846911708
STORE_11,SKU_137,40.13782136231114
STORE_11,SKU_138,42.50557887511942
STORE_11,SKU_139,53.04754393871114
STORE_11,SKU_140,69.60164835164836
STORE_11,SKU_141,85.90103262049499
STORE_11,SKU_142,44.90316534777176
STORE_11,SKU_143,59.53238438232435
STORE_11,SKU_144,58.768664698583805
STORE_11,SKU_145,56.67551255254691
STORE_11,SKU_146,52.01046297784205
STORE_11,SKU_147,40.27410964385755
STORE_11,SKU_148,75.03199964196205
STORE_11,SKU_149,116.4123165578044
STORE_11,SKU_150,48.45787545787547
STORE_11,SKU_151,154.0706412897918
STORE_11,SKU_152,69.896748813397
STORE_11,SKU_153,132.07908163265307
STORE_11,SKU_154,52.73932253313697
STORE_11,SKU_155,103.85583793265735
STORE_11,SKU_156,89.66822609442447
STORE_11,SKU_157,57.18883083854741
STORE_11,SKU_158,50.64207886544446
STORE_11,SKU_159,63.03885342127955
STORE_11,SKU_160,49.408227240739535
STORE_11,SKU_161,85.0965250965251
STORE_11,SKU_162,56.056711632804934
STORE_11,SKU_163,42.239102406486225
STORE_11,SKU_164,64.3410400597486
STORE_11,SKU_165,61.20667150108774
STORE_11,SKU_166,93.44919502145194
STORE_11,SKU_167,114.42176870748297
STORE_11,SKU_168,129.65186074429772
STORE_11,SKU_169,80.09892491275473
STORE_11,SKU_170,54.29298801434162
STORE_11,SKU_171,57.43021346469622
STORE_11,SKU_172,60.977443609022544
STORE_11,SKU_173,58.4841736336753
STORE_11,SKU_174,42.17282499844532
STORE_11,SKU_175,43.0429691024551
STORE_11,SKU_176,45.10727849421978
STORE_11,SKU_177,58.03718038939712
STORE_11,SKU_178,46.0258746355685
STORE_11,SKU_179,163.3613897536416
STORE_11,SKU_180,38.16543126684636
STORE_11,SKU_181,122.53681358691483
STORE_11,SKU_182,42.14158326469918
STORE_11,SKU_183,162.06650849552685
STORE_11,SKU_184,34.13256012787628
STORE_11,SKU_185,50.13835456936535
STORE_11,SKU_186,36.628750879233685
STORE_11,SKU_187,58.54624358667485
STORE_11,SKU_188,64.31803783147797
STORE_11,SKU_189,68.49489795918366
STORE_11,SKU_190,72.06186056693473
STORE_11,SKU_191,84.57482707943961
STORE_11,SKU_192,74.8059704968443
STORE_11,SKU_193,39.96416016070859
STORE_11,SKU_194,81.16522093846356
STORE_11,SKU_195,15.527098997493733
STORE_11,SKU_196,47.59855529086298
STORE_11,SKU_197,35.399478940512374
STORE_11,SKU_198,55.68783068783071
STORE_11,SKU_199,53.55099486603152
STORE_11,SKU_200,71.59133325546661
STORE_11,SKU_201,46.70093183652505
STORE_11,SKU_202,84.09620991253647
STORE_11,SKU_203,86.10065201511449
STORE_11,SKU_204,47.148119044424725
STORE_11,SKU_205,64.18136215038854
STORE_11,SKU_206,88.69331065759637
STORE_11,SKU_207,86.22493153105398
STORE_11,SKU_208,113.93768205082738
STORE_11,SKU_209,49.42093680412408
STORE_11,SKU_210,38.35849056603772
STORE_11,SKU_211,64.7853794368735
STORE_11,SKU_212,50.35430839002267
STORE_11,SKU_213,46.33844657140149
STORE_11,SKU_214,43.23608803986711
STORE_11,SKU_215,67.6809826564595
STORE_11,SKU_216,80.55261894547608
STORE_11,SKU_217,59.71177944862155
STORE_11,SKU_218,147.21878650450074
STORE_11,SKU_219,57.449948475900456
STORE_11,SKU_220,54.79359925788497
STORE_11,SKU_221,43.31963637472926
STORE_11,SKU_222,132.8586937256292
STORE_11,SKU_223,42.273295217901634
STORE_11,SKU_224,97.8061224489796
STORE_11,SKU_225,60.97438975590236
STORE_11,SKU_226,80.89607008070482
STORE_11,SKU_227,84.4370855260343
STORE_11,SKU_228,71.40375068946499
STORE_11,SKU_229,26.11126266395587
STORE_11,SKU_230,99.76725333868188
STORE_11,SKU_231,36.08428446005268
STORE_11,SKU_232,55.39512334392999
STORE_11,SKU_233,89.51194932335156
STORE_11,SKU_234,86.62502756782236
STORE_11,SKU_235,63.45439770705147
STORE_11,SKU_236,47.64715803676843
STORE_11,SKU_237,68.69582664526484
STORE_11,SKU_238,83.56544334471984
STORE_11,SKU_239,91.58255164748668
STORE_11,SKU_240,174.69346609611586
STORE_11,SKU_241,92.89182778374506
STORE_11,SKU_242,33.725236172427344
STORE_11,SKU_243,56.47949602804548
STORE_11,SKU_244,39.365243207109444
STORE_11,SKU_245,97.82928780252995
STORE_11,SKU_246,87.16348767109754
STORE_11,SKU_247,40.98039586008914
STORE_11,SKU_248,57.22874900275369
STORE_11,SKU_249,36.51623914872072
STORE_11,SKU_250,45.93865330563362
STORE_12,SKU_001,134.29075333837238
STORE_12,SKU_002,71.46595325424444
STORE_12,SKU_003,95.05619339785292
STORE_12,SKU_004,86.39089058804113
STORE_12,SKU_005,52.58554549639405
STORE_12,SKU_006,205.5848363665526
STORE_12,SKU_007,27.223546671556946
STORE_12,SKU_008,66.09922017587525
STORE_12,SKU_009,65.00062688955498
STORE_12,SKU_010,50.35304094537544
STORE_12,SKU_011,51.493930905695606
STORE_12,SKU_012,43.87755102040817
STORE_12,SKU_013,79.50898718887088
STORE_12,SKU_014,91.84917869586862
STORE_12,SKU_015,50.93544887928807
STORE_12,SKU_016,122.30461435445254
STORE_12,SKU_017,137.98413633799157
STORE_12,SKU_018,39.72222222222222
STORE_12,SKU_019,61.414415597682535
STORE_12,SKU_020,95.63045465077363
STORE_12,SKU_021,38.94557823129253
STORE_12,SKU_022,38.11414392059553
STORE_12,SKU_023,92.01397887197209
STORE_12,SKU_024,27.622309197651663
STORE_12,SKU_025,95.61096991899635
STORE_12,SKU_026,103.34968038939714
STORE_12,SKU_027,62.62699976059574
STORE_12,SKU_028,42.28131502251738
STORE_12,SKU_029,53.238453276047274
STORE_12,SKU_030,44.88717657353533
STORE_12,SKU_031,54.590029636411806
STORE_12,SKU_032,41.57056174270262
STORE_12,SKU_033,59.34341895962365
STORE_12,SKU_034,97.97628392016148
STORE_12,SKU_035,70.9040711469714
STORE_12,SKU_036,129.9879923326294
STORE_12,SKU_037,95.53212589383581
STORE_12,SKU_038,101.8114983023621
STORE_12,SKU_039,56.83829429713461
STORE_12,SKU_040,40.91632248583203
STORE_12,SKU_041,38.82805642625495
STORE_12,SKU_042,40.66448007774538
STORE_12,SKU_043,42.73057678669923
STORE_12,SKU_044,81.11732502443313
STORE_12,SKU_045,57.10814915666814
STORE_12,SKU_046,53.8540862959226
STORE_12,SKU_047,95.53154595171404
STORE_12,SKU_048,38.94900076213057
STORE_12,SKU_049,58.936502809150795
STORE_12,SKU_050,104.76115220653661
STORE_12,SKU_051,46.212314533847234
STORE_12,SKU_052,70.45737701608833
STORE_12,SKU_053,37.407631516218345
STORE_12,SKU_054,67.77760728351491
STORE_12,SKU_055,51.50820853465876
STORE_12,SKU_056,60.247093023255815
STORE_12,SKU_057,35.0783138862609
STORE_12,SKU_058,58.2732823587656
STORE_12,SKU_059,27.632642356706643
STORE_12,SKU_060,59.37330684486185
STORE_12,SKU_061,37.56372719542363
STORE_12,SKU_062,29.93886675385505
STORE_12,SKU_063,42.884263339887454
STORE_12,SKU_064,105.13594106944493
STORE_12,SKU_065,29.17933130699088
STORE_12,SKU_066,44.44300900002228
STORE_12,SKU_067,187.84093675134835
STORE_12,SKU_068,84.27001763357876
STORE_12,SKU_069,48.201056352090745
STORE_12,SKU_070,76.31946513166238
STORE_12,SKU_071,61.13609285522118
STORE_12,SKU_072,65.02609925748385
STORE_12,SKU_073,49.29991457463986
STORE_12,SKU_074,37.84445064637173
STORE_12,SKU_075,54.16043645180844
STORE_12,SKU_076,92.74617098853992
STORE_12,SKU_077,50.13406532203524
STORE_12,SKU_078,54.26800961240876
STORE_12,SKU_079,37.33728059124884
STORE_12,SKU_080,52.708864395217745
STORE_12,SKU_081,49.328678839957036
STORE_12,SKU_082,111.27547630347816
STORE_12,SKU_083,33.34277182916638
STORE_12,SKU_084,76.61752094845853
STORE_12,SKU_085,32.37757136199894
STORE_12,SKU_086,51.457706033232974
STORE_12,SKU_087,58.23795973234704
STORE_12,SKU_088,50.53098054508428
STORE_12,SKU_089,89.67468009819464
STORE_12,SKU_090,61.98218551072516
STORE_12,SKU_091,46.89831161118109
STORE_12,SKU_092,110.19679300291546
STORE_12,SKU_093,50.73626794526266
STORE_12,SKU_094,45.14873488552363
STORE_12,SKU_095,51.934745252267575
STORE_12,SKU_096,63.233507241859165
STORE_12,SKU_097,68.16875552238551
STORE_12,SKU_098,65.73214003209254
STORE_12,SKU_099,33.23348511396778
STORE_12,SKU_100,41.923632642777434
STORE_12,SKU_101,44.73846681529754
STORE_12,SKU_102,74.05436312456015
STORE_12,SKU_103,130.30558806627047
STORE_12,SKU_104,50.978709016970804
STORE_12,SKU_105,94.20337075323599
STORE_12,SKU_106,30.040411089973762
STORE_12,SKU_107,102.71270882373105
STORE_12,SKU_108,29.522826834654797
STORE_12,SKU_109,28.828129162892314
STORE_12,SKU_110,61.722711165429715
STORE_12,SKU_111,94.70986124863853
STORE_12,SKU_112,37.888839746424885
STORE_12,SKU_113,94.67126515410634
STORE_12,SKU_114,74.33637296927625
STORE_12,SKU_115,89.67905729246937
STORE_12,SKU_116,63.46387414402487
STORE_12,SKU_117,116.18717929549956
STORE_12,SKU_118,90.91947276654766
STORE_12,SKU_119,47.37411805604937
STORE_12,SKU_120,87.88962737942327
STORE_12,SKU_121,56.768340455086374
STORE_12,SKU_122,45.66941891260321
STORE_12,SKU_123,34.30508664371098
STORE_12,SKU_124,86.21747590913222
STORE_12,SKU_125,60.0639955907344
STORE_12,SKU_126,58.470742127496145
STORE_12,SKU_127,74.28744337241069
STORE_12,SKU_128,33.246872942725474
STORE_12,SKU_129,61.84316381539139
STORE_12,SKU_130,99.5619568264648
STORE_12,SKU_131,84.61699748392506
STORE_12,SKU_132,70.18011750154606
STORE_12,SKU_133,50.152782424445185
STORE_12,SKU_134,40.54870010019512
STORE_12,SKU_135,74.77678571428571
STORE_12,SKU_136,69.86781505929527
STORE_12,SKU_137,61.345553185110155
STORE_12,SKU_138,45.38404987355173
STORE_12,SKU_139,51.94947259318711
STORE_12,SKU_140,50.48705806515594
STORE_12,SKU_141,68.0163482558692
STORE_12,SKU_142,52.5341765298603
STORE_12,SKU_143,43.493464801650994
STORE_12,SKU_144,35.66063255823239
STORE_12,SKU_145,49.300134138162306
STORE_12,SKU_146,60.93388811835412
STORE_12,SKU_147,52.34260660786053
STORE_12,SKU_148,93.95021645021644
STORE_12,SKU_149,67.07616566963391
STORE_12,SKU_150,60.69651389967753
STORE_12,SKU_151,71.71285969786973
STORE_12,SKU_152,89.89446181698483
STORE_12,SKU_153,65.13253997050217
STORE_12,SKU_154,70.01546419239588
STORE_12,SKU_155,40.53672316384179
STORE_12,SKU_156,38.19552061672579
STORE_12,SKU_157,79.102199354318
STORE_12,SKU_158,60.84139690358903
STORE_12,SKU_159,57.05801638837353
STORE_12,SKU_160,56.45577769778196
STORE_12,SKU_161,110.35778264141143
STORE_12,SKU_162,54.4278155706727
STORE_12,SKU_163,69.77805010381385
STORE_12,SKU_164,47.65453136622161
STORE_12,SKU_165,101.35410083887832
STORE_12,SKU_166,92.86101978785433
STORE_12,SKU_167,62.86711073318215
STORE_12,SKU_168,51.35579332947754
STORE_12,SKU_169,44.87805042651981
STORE_12,SKU_170,51.315411432281586
STORE_12,SKU_171,65.3338224504769
STORE_12,SKU_172,99.14872656379622
STORE_12,SKU_173,37.22207491297879
STORE_12,SKU_174,43.65734833030848
STORE_12,SKU_175,57.72594752186588
STORE_12,SKU_176,86.73469387755102
STORE_12,SKU_177,90.66025336789451
STORE_12,SKU_178,89.25337240390273
STORE_12,SKU_179,58.205991840566064
STORE_12,SKU_180,78.55062046004845
STORE_12,SKU_181,35.7855878810506
STORE_12,SKU_182,81.55647631057467
STORE_12,SKU_183,53.73690016547159
STORE_12,SKU_184,45.62718903477018
STORE_12,SKU_185,42.354592168337504
STORE_12,SKU_186,62.25768502889879
STORE_12,SKU_187,48.012129380053906
STORE_12,SKU_188,83.72861265718409
STORE_12,SKU_189,39.285714285714285
STORE_12,SKU_190,84.54121581518514
STORE_12,SKU_191,57.8723412795038
STORE_12,SKU_192,119.56375348867397
STORE_12,SKU_193,39.530901429397666
STORE_12,SKU_194,46.50031887755103
STORE_12,SKU_195,39.2800579211729
STORE_12,SKU_196,50.762873050454736
STORE_12,SKU_197,77.89888682745827
STORE_12,SKU_198,94.46505346324577
STORE_12,SKU_199,32.412366940131534
STORE_12,SKU_200,68.25007000378844
STORE_12,SKU_201,53.31863388630307
STORE_12,SKU_202,44.76086956521739
STORE_12,SKU_203,68.41437035643753
STORE_12,SKU_204,55.10411271107427
STORE_12,SKU_205,41.36552181848349
STORE_12,SKU_206,42.995669197911724
STORE_12,SKU_207,38.66636579939274
STORE_12,SKU_208,101.8084501827942
STORE_12,SKU_209,86.2605708560455
STORE_12,SKU_210,80.41078321162767
STORE_12,SKU_211,129.53470415820206
STORE_12,SKU_212,90.38058466629896
STORE_12,SKU_213,104.60549852945704
STORE_12,SKU_214,51.38406426400347
STORE_12,SKU_215,100.82155939298796
STORE_12,SKU_216,82.14539302974676
STORE_12,SKU_217,119.88024962050936
STORE_12,SKU_218,63.497832290387315
STORE_12,SKU_219,35.8263366952712
STORE_12,SKU_220,48.68847091075237
STORE_12,SKU_221,52.02467535485242
STORE_12,SKU_222,52.12342079689019
STORE_12,SKU_223,74.51814058956916
STORE_12,SKU_224,134.2974848972668
STORE_12,SKU_225,50.977872133193316
STORE_12,SKU_226,56.6241426611797
STORE_12,SKU_227,47.944696397077344
STORE_12,SKU_228,48.03521824659987
STORE_12,SKU_229,81.12913587887934
STORE_12,SKU_230,42.30751201218798
STORE_12,SKU_231,40.75745682888539
STORE_12,SKU_232,113.9274509680148
STORE_12,SKU_233,40.77647502988863
STORE_12,SKU_234,81.72641543389841
STORE_12,SKU_235,94.83538838377544
STORE_12,SKU_236,56.59003831417625
STORE_12,SKU_237,41.86741829598972
STORE_12,SKU_238,87.40747036277638
STORE_12,SKU_239,56.006422831054856
STORE_12,SKU_240,137.53891387063302
STORE_12,SKU_241,78.60145319161713
STORE_12,SKU_242,109.48879551820731
STORE_12,SKU_243,58.78472736145676
STORE_12,SKU_244,57.99698795180722
STORE_12,SKU_245,48.547504699509034
STORE_12,SKU_246,48.861228644292034
STORE_12,SKU_247,84.82070794419462
STORE_12,SKU_248,43.89755902360945
STORE_12,SKU_249,48.0598904519511
STORE_12,SKU_250,93.61402579899885
STORE_13,SKU_001,52.63951108898844
STORE_13,SKU_002,56.62842385631501
STORE_13,SKU_003,93.11129042576681
STORE_13,SKU_004,85.20818621138481
STORE_13,SKU_005,43.973407544836114
STORE_13,SKU_006,131.7141338796359
STORE_13,SKU_007,54.746288759406205
STORE_13,SKU_008,62.24044163119793
STORE_13,SKU_009,58.15903328924161
STORE_13,SKU_010,68.86278923866111
STORE_13,SKU_011,47.965853007869825
STORE_13,SKU_012,61.24519122949265
STORE_13,SKU_013,58.134576625142664
STORE_13,SKU_014,78.03644314868802
STORE_13,SKU_015,52.196645714816135
STORE_13,SKU_016,41.14795918367347
STORE_13,SKU_017,58.20882754811325
STORE_13,SKU_018,46.959937256359005
STORE_13,SKU_019,56.2241786228918
STORE_13,SKU_020,67.30091278648632
STORE_13,SKU_021,56.96682353217308
STORE_13,SKU_022,42.033186440194534
STORE_13,SKU_023,88.73033912533857
STORE_13,SKU_024,84.71907281431089
STORE_13,SKU_025,46.64536144127981
STORE_13,SKU_026,39.5939323397304
STORE_13,SKU_027,43.68622448979592
STORE_13,SKU_028,71.6975665471443
STORE_13,SKU_029,107.37798475094738
STORE_13,SKU_030,44.66763429509734
STORE_13,SKU_031,91.57509157509153
STORE_13,SKU_032,61.151970108121354
STORE_13,SKU_033,81.53547133138972
STORE_13,SKU_034,45.02972147349506
STORE_13,SKU_035,81.25448604638704
STORE_13,SKU_036,69.08444593173655
STORE_13,SKU_037,44.781245831666
STORE_13,SKU_038,51.70451796912944
STORE_13,SKU_039,37.264392324093826
STORE_13,SKU_040,68.06222488995596
STORE_13,SKU_041,94.65717321411324
STORE_13,SKU_042,117.41302235179789
STORE_13,SKU_043,64.12758085690419
STORE_13,SKU_044,54.609013537442166
STORE_13,SKU_045,81.13153502512375
STORE_13,SKU_046,65.04182201726844
STORE_13,SKU_047,46.39083217190699
STORE_13,SKU_048,48.082413293186136
STORE_13,SKU_049,88.26433430515061
STORE_13,SKU_050,106.87425387982492
STORE_13,SKU_051,87.33781843771992
STORE_13,SKU_052,82.93689531548446
STORE_13,SKU_053,49.96159754224269
STORE_13,SKU_054,43.394268904472995
STORE_13,SKU_055,74.31836734693876
STORE_13,SKU_056,56.4109781843772
STORE_13,SKU_057,40.44498930926683
STORE_13,SKU_058,93.09622999140625
STORE_13,SKU_059,46.768707482993186
STORE_13,SKU_060,28.944224059647265
STORE_13,SKU_061,82.03865202411713
STORE_13,SKU_062,75.75181462463817
STORE_13,SKU_063,43.31090194698569
STORE_13,SKU_064,48.672345590218455
STORE_13,SKU_065,52.94571893211349
STORE_13,SKU_066,47.7939777137849
STORE_13,SKU_067,47.342091042024286
STORE_13,SKU_068,87.0613516320357
STORE_13,SKU_069,125.45223515762893
STORE_13,SKU_070,104.49074039267575
STORE_13,SKU_071,63.38972431077695
STORE_13,SKU_072,90.26605824409604
STORE_13,SKU_073,89.34066259654682
STORE_13,SKU_074,77.64420026392084
STORE_13,SKU_075,46.920909393498356
STORE_13,SKU_076,84.99802099880726
STORE_13,SKU_077,83.04081632653062
STORE_13,SKU_078,81.50739825546945
STORE_13,SKU_079,59.88023824446065
STORE_13,SKU_080,42.97905325652274
STORE_13,SKU_081,52.439413265306115
STORE_13,SKU_082,79.22566045388344
STORE_13,SKU_083,54.9986385168284
STORE_13,SKU_084,84.02839396628218
STORE_13,SKU_085,90.54639297579497
STORE_13,SKU_086,65.8952171176841
STORE_13,SKU_087,34.69387755102041
STORE_13,SKU_088,42.28149151462034
STORE_13,SKU_089,74.58564545094467
STORE_13,SKU_090,34.16294088425236
STORE_13,SKU_091,61.55160628844839
STORE_13,SKU_092,121.0920385103194
STORE_13,SKU_093,45.62544754744003
STORE_13,SKU_094,79.2284990118557
STORE_13,SKU_095,105.57371352116837
STORE_13,SKU_096,57.221238424245946
STORE_13,SKU_097,39.94499850975537
STORE_13,SKU_098,37.56058264127216
STORE_13,SKU_099,50.06551996294873
STORE_13,SKU_100,91.03547808359431
STORE_13,SKU_101,45.99721637874247
STORE_13,SKU_102,78.28947368421053
STORE_13,SKU_103,69.0760926005989
STORE_13,SKU_104,111.38320794419462
STORE_13,SKU_105,105.60152541491976
STORE_13,SKU_106,53.98886827458257
STORE_13,SKU_107,90.87861888941623
STORE_13,SKU_108,29.220779220779214
STORE_13,SKU_109,146.70885113822067
STORE_13,SKU_110,30.36105220212097
STORE_13,SKU_111,129.30531557141
STORE_13,SKU_112,47.84642117716651
STORE_13,SKU_113,61.69420149011985
STORE_13,SKU_114,51.51964203527047
STORE_13,SKU_115,51.281604308390015
STORE_13,SKU_116,63.29843625761992
STORE_13,SKU_117,41.637484686123685
STORE_13,SKU_118,52.866708468541034
STORE_13,SKU_119,43.658187912846294
STORE_13,SKU_120,42.01190275401779
STORE_13,SKU_121,73.22609599395312
STORE_13,SKU_122,49.23745291043869
STORE_13,SKU_123,55.16979090092299
STORE_13,SKU_124,34.674257590924256
STORE_13,SKU_125,53.614553599605166
STORE_13,SKU_126,91.05822293089759
STORE_13,SKU_127,85.94465847563514
STORE_13,SKU_128,41.989487191877544
STORE_13,SKU_129,75.587084148728
STORE_13,SKU_130,53.54597548826964
STORE_13,SKU_131,116.23386896286753
STORE_13,SKU_132,75.20779220779222
STORE_13,SKU_133,62.29591836734695
STORE_13,SKU_134,38.23283858998145
STORE_13,SKU_135,83.9547787292018
STORE_13,SKU_136,56.316510632647024
STORE_13,SKU_137,68.99928029349309
STORE_13,SKU_138,55.321669454777634
STORE_13,SKU_139,44.01517420385344
STORE_13,SKU_140,70.06802721088438
STORE_13,SKU_141,84.21863508407091
STORE_13,SKU_142,72.73269113940978
STORE_13,SKU_143,65.9762880562061
STORE_13,SKU_144,50.40944949408333
STORE_13,SKU_145,46.071690598469765
STORE_13,SKU_146,38.01515944373088
STORE_13,SKU_147,44.533152767279745
STORE_13,SKU_148,47.74307999061694
STORE_13,SKU_149,132.9998076687539
STORE_13,SKU_150,40.920380314972995
STORE_13,SKU_151,52.446833724073436
STORE_13,SKU_152,116.79082916421213
STORE_13,SKU_153,107.67302573203193
STORE_13,SKU_154,44.722576530612244
STORE_13,SKU_155,45.31760901081744
STORE_13,SKU_156,63.433019486938825
STORE_13,SKU_157,72.19988242210464
STORE_13,SKU_158,38.23676928398478
STORE_13,SKU_159,41.087761197338004
STORE_13,SKU_160,58.135435992578856
STORE_13,SKU_161,61.55799631932549
STORE_13,SKU_162,45.642006802721085
STORE_13,SKU_163,46.07294848134917
STORE_13,SKU_164,64.96637443920086
STORE_13,SKU_165,66.0
STORE_13,SKU_166,91.33750735317167
STORE_13,SKU_167,60.34845457363114
STORE_13,SKU_168,71.15421640354255
STORE_13,SKU_169,99.0353666700999
STORE_13,SKU_170,32.3674055624346
STORE_13,SKU_171,46.157011191573396
STORE_13,SKU_172,35.61742366119379
STORE_13,SKU_173,34.363459669582106
STORE_13,SKU_174,48.5583352941623
STORE_13,SKU_175,53.782518290335005
STORE_13,SKU_176,44.55374964357
STORE_13,SKU_177,44.28427971032204
STORE_13,SKU_178,77.18587760413207
STORE_13,SKU_179,60.698246608986494
STORE_13,SKU_180,41.01280533608903
STORE_13,SKU_181,103.47266316821353
STORE_13,SKU_182,45.30609478814567
STORE_13,SKU_183,82.93478143375995
STORE_13,SKU_184,91.71930961989702
STORE_13,SKU_185,45.26020408163265
STORE_13,SKU_186,45.53176461841568
STORE_13,SKU_187,65.95382833984658
STORE_13,SKU_188,113.62275136347644
STORE_13,SKU_189,40.02599645157923
STORE_13,SKU_190,42.70688760424335
STORE_13,SKU_191,78.31793499240806
STORE_13,SKU_192,33.26036866359447
STORE_13,SKU_193,78.8948130626067
STORE_13,SKU_194,107.95367761478691
STORE_13,SKU_195,47.62033384782484
STORE_13,SKU_196,82.09222034678535
STORE_13,SKU_197,63.734281591424455
STORE_13,SKU_198,50.40975807186546
STORE_13,SKU_199,82.84099504983482
STORE_13,SKU_200,37.398348423876584
STORE_13,SKU_201,38.860810080161734
STORE_13,SKU_202,43.45164684578867
STORE_13,SKU_203,105.01231527093596
STORE_13,SKU_204,44.5140694958643
STORE_13,SKU_205,92.94097256127331
STORE_13,SKU_206,65.9275870092084
STORE_13,SKU_207,107.0701948812312
STORE_13,SKU_208,43.309833024118745
STORE_13,SKU_209,89.73234679690435
STORE_13,SKU_210,86.25469095738117
STORE_13,SKU_211,72.05688868954174
STORE_13,SKU_212,83.99264100452861
STORE_13,SKU_213,60.63836248785229
STORE_13,SKU_214,76.23032069970846
STORE_13,SKU_215,64.21207205818808
STORE_13,SKU_216,46.01874896299984
STORE_13,SKU_217,63.169888126368
STORE_13,SKU_218,58.49577762139339
STORE_13,SKU_219,63.61259563693354
STORE_13,SKU_220,47.980480758546605
STORE_13,SKU_221,47.08478786251343
STORE_13,SKU_222,96.46443362938328
STORE_13,SKU_223,76.49254600512462
STORE_13,SKU_224,118.38573267144699
STORE_13,SKU_225,28.27030904868885
STORE_13,SKU_226,45.19622300302815
STORE_13,SKU_227,47.00407713261955
STORE_13,SKU_228,55.43923513217685
STORE_13,SKU_229,35.86465659710211
STORE_13,SKU_230,30.381899595281155
STORE_13,SKU_231,85.31603864116177
STORE_13,SKU_232,55.81493104916111
STORE_13,SKU_233,34.54925277197493
STORE_13,SKU_234,42.14932146327918
STORE_13,SKU_235,61.65854691055335
STORE_13,SKU_236,40.136054421768705
STORE_13,SKU_237,54.488479262672804
STORE_13,SKU_238,77.42668221872562
STORE_13,SKU_239,26.028961702605574
STORE_13,SKU_240,37.35728468993776
STORE_13,SKU_241,52.34360410830998
STORE_13,SKU_242,47.04931972789116
STORE_13,SKU_243,48.33896696910395
STORE_13,SKU_244,76.26192324755989
STORE_13,SKU_245,59.17606880150436
STORE_13,SKU_246,39.86707841031149
STORE_13,SKU_247,81.68771835528081
STORE_13,SKU_248,41.39781221130428
STORE_13,SKU_249,43.280792952732234
STORE_13,SKU_250,96.8606228618615
STORE_14,SKU_001,67.57037297677692
STORE_14,SKU_002,67.89147146783394
STORE_14,SKU_003,111.40713139377758
STORE_14,SKU_004,68.28485729551936
STORE_14,SKU_005,74.26699755178436
STORE_14,SKU_006,102.01650266794104
STORE_14,SKU_007,33.43772125701214
STORE_14,SKU_008,46.99097272837706
STORE_14,SKU_009,68.16385620480548
STORE_14,SKU_010,53.41440261031772
STORE_14,SKU_011,115.6462585034014
STORE_14,SKU_012,63.972909918684465
STORE_14,SKU_013,70.69582254583982
STORE_14,SKU_014,26.785438457125206
STORE_14,SKU_015,33.99814471243043
STORE_14,SKU_016,48.11799580788934
STORE_14,SKU_017,81.58128445343652
STORE_14,SKU_018,65.55601832569762
STORE_14,SKU_019,118.67650981173948
STORE_14,SKU_020,38.300475384858395
STORE_14,SKU_021,38.24806949806949
STORE_14,SKU_022,173.84183499753323
STORE_14,SKU_023,51.0381531084656
STORE_14,SKU_024,48.68465480604154
STORE_14,SKU_025,40.44945133405298
STORE_14,SKU_026,59.626951995373055
STORE_14,SKU_027,109.9415412598195
STORE_14,SKU_028,149.5597204417665
STORE_14,SKU_029,60.477790889598474
STORE_14,SKU_030,39.33549029367845
STORE_14,SKU_031,44.96304897186561
STORE_14,SKU_032,55.2721088435374
STORE_14,SKU_033,132.58197810374153
STORE_14,SKU_034,77.02027822094527
STORE_14,SKU_035,37.37979759805157
STORE_14,SKU_036,96.0518489419585
STORE_14,SKU_037,29.710488846701473
STORE_14,SKU_038,51.39572526598764
STORE_14,SKU_039,41.916420879055494
STORE_14,SKU_040,79.94129312338998
STORE_14,SKU_041,49.25235953945742
STORE_14,SKU_042,55.77460299147924
STORE_14,SKU_043,44.90549216038683
STORE_14,SKU_044,69.54476524197227
STORE_14,SKU_045,75.87046193309386
STORE_14,SKU_046,63.825871957521855
STORE_14,SKU_047,43.53615520282187
STORE_14,SKU_048,56.05903378300472
STORE_14,SKU_049,82.33338448161219
STORE_14,SKU_050,60.524239816408475
STORE_14,SKU_051,61.68239621973862
STORE_14,SKU_052,58.94025565998825
STORE_14,SKU_053,48.90958554503001
STORE_14,SKU_054,52.978538799240624
STORE_14,SKU_055,69.80369290573373
STORE_14,SKU_056,42.271454036159916
STORE_14,SKU_057,39.16092373053653
STORE_14,SKU_058,45.95008721122779
STORE_14,SKU_059,25.460701378132573
STORE_14,SKU_060,39.36701295505283
STORE_14,SKU_061,62.87840208227239
STORE_14,SKU_062,56.497330114841624
STORE_14,SKU_063,63.96871248499399
STORE_14,SKU_064,81.28478664192947
STORE_14,SKU_065,51.92529842125529
STORE_14,SKU_066,60.460466821459136
STORE_14,SKU_067,72.14031953565106
STORE_14,SKU_068,43.4604843097462
STORE_14,SKU_069,39.65895784543325
STORE_14,SKU_070,79.07083242678735
STORE_14,SKU_071,49.18091267514757
STORE_14,SKU_072,56.75081272948154
STORE_14,SKU_073,52.282864392922704
STORE_14,SKU_074,62.41112986548003
STORE_14,SKU_075,46.49825700859739
STORE_14,SKU_076,63.10722850291196
STORE_14,SKU_077,69.5770532536061
STORE_14,SKU_078,53.34283063874901
STORE_14,SKU_079,54.103392836424504
STORE_14,SKU_080,48.401969483445555
STORE_14,SKU_081,45.21422061647626
STORE_14,SKU_082,41.227192558134234
STORE_14,SKU_083,123.61418286598268
STORE_14,SKU_084,53.92472045273913
STORE_14,SKU_085,87.47928488848588
STORE_14,SKU_086,82.40504535147394
STORE_14,SKU_087,37.51079277864991
STORE_14,SKU_088,76.3258070436753
STORE_14,SKU_089,50.928162087345754
STORE_14,SKU_090,49.27216649371613
STORE_14,SKU_091,40.92790632548044
STORE_14,SKU_092,38.56113874121077
STORE_14,SKU_093,62.97212543554006
STORE_14,SKU_094,83.90834024871843
STORE_14,SKU_095,62.010302197802204
STORE_14,SKU_096,86.48995585695094
STORE_14,SKU_097,79.28399301609265
STORE_14,SKU_098,41.8807673163074
STORE_14,SKU_099,71.90429663980173
STORE_14,SKU_100,49.07101522272377
STORE_14,SKU_101,106.07515621307593
STORE_14,SKU_102,40.9128357225243
STORE_14,SKU_103,67.8106148647741
STORE_14,SKU_104,31.43285272664999
STORE_14,SKU_105,64.98225377107364
STORE_14,SKU_106,55.95139790020055
STORE_14,SKU_107,132.37990580847725
STORE_14,SKU_108,74.49413058732054
STORE_14,SKU_109,55.466889168536035
STORE_14,SKU_110,70.23393804113654
STORE_14,SKU_111,90.04460274675911
STORE_14,SKU_112,65.72745186167039
STORE_14,SKU_113,107.55067651194847
STORE_14,SKU_114,44.62585034013606
STORE_14,SKU_115,57.367502133933414
STORE_14,SKU_116,54.032802708107916
STORE_14,SKU_117,75.47829110348123
STORE_14,SKU_118,48.89452273803295
STORE_14,SKU_119,48.8938775510204
STORE_14,SKU_120,59.174751867960296
STORE_14,SKU_121,138.21262695860767
STORE_14,SKU_122,100.82659687251525
STORE_14,SKU_123,64.18952196263119
STORE_14,SKU_124,73.91762833267012
STORE_14,SKU_125,64.24749595481302
STORE_14,SKU_126,70.68050978556394
STORE_14,SKU_127,37.233560090702944
STORE_14,SKU_128,57.872841444270016
STORE_14,SKU_129,91.54708011273277
STORE_14,SKU_130,36.7884694541447
STORE_14,SKU_131,23.756254748369184
STORE_14,SKU_132,132.21322221611013
STORE_14,SKU_133,42.25173285670692
STORE_14,SKU_134,40.06553841048614
STORE_14,SKU_135,45.98512444559603
STORE_14,SKU_136,89.90081371274493
STORE_14,SKU_137,103.72798397047424
STORE_14,SKU_138,63.636066921664536
STORE_14,SKU_139,97.78911564625851
STORE_14,SKU_140,42.582118758156184
STORE_14,SKU_141,70.4614929242515
STORE_14,SKU_142,82.31292517006803
STORE_14,SKU_143,51.75531914893617
STORE_14,SKU_144,74.15257083741987
STORE_14,SKU_145,105.9498614260519
STORE_14,SKU_146,70.55836558761438
STORE_14,SKU_147,49.92042210668382
STORE_14,SKU_148,84.46804951488795
STORE_14,SKU_149,106.16691527109181
STORE_14,SKU_150,144.5481728875761
STORE_14,SKU_151,58.95024214672018
STORE_14,SKU_152,125.9644926324435
STORE_14,SKU_153,54.67320548909218
STORE_14,SKU_154,78.90613872667709
STORE_14,SKU_155,40.76978523849411
STORE_14,SKU_156,52.218551250922815
STORE_14,SKU_157,70.64023797114467
STORE_14,SKU_158,68.00415081286751
STORE_14,SKU_159,65.04537846701159
STORE_14,SKU_160,96.84849809241379
STORE_14,SKU_161,54.27410430839002
STORE_14,SKU_162,108.57850874352917
STORE_14,SKU_163,47.58608172834983
STORE_14,SKU_164,73.4357555458473
STORE_14,SKU_165,56.635897435897434
STORE_14,SKU_166,39.69324996110709
STORE_14,SKU_167,70.16917474060332
STORE_14,SKU_168,46.41591391947458
STORE_14,SKU_169,51.275472433274885
STORE_14,SKU_170,38.14808421742151
STORE_14,SKU_171,51.2798131300713
STORE_14,SKU_172,33.92857142857143
STORE_14,SKU_173,42.394840408301114
STORE_14,SKU_174,44.76702297289316
STORE_14,SKU_175,37.002318233775576
STORE_14,SKU_176,37.497879499546336
STORE_14,SKU_177,72.62746320559205
STORE_14,SKU_178,66.52873130819147
STORE_14,SKU_179,53.366497573407415
STORE_14,SKU_180,46.05816110799499
STORE_14,SKU_181,59.96061081775369
STORE_14,SKU_182,67.43112104219038
STORE_14,SKU_183,45.54863955232958
STORE_14,SKU_184,57.99263549263548
STORE_14,SKU_185,54.9547454309359
STORE_14,SKU_186,57.74707917565062
STORE_14,SKU_187,38.85194307608101
STORE_14,SKU_188,77.32647684829394
STORE_14,SKU_189,116.52500223928797
STORE_14,SKU_190,61.97404887881077
STORE_14,SKU_191,111.05918367346936
STORE_14,SKU_192,52.25346190802866
STORE_14,SKU_193,23.10741276032597
STORE_14,SKU_194,58.678508539952
STORE_14,SKU_195,44.66163856847086
STORE_14,SKU_196,93.5604435213951
STORE_14,SKU_197,64.37472099290702
STORE_14,SKU_198,41.29918075139957
STORE_14,SKU_199,57.41452425125894
STORE_14,SKU_200,55.17923759365498
STORE_14,SKU_201,75.57736934929918
STORE_14,SKU_202,78.39303440256388
STORE_14,SKU_203,81.22213194411253
STORE_14,SKU_204,63.18261730921879
STORE_14,SKU_205,84.5160715677433
STORE_14,SKU_206,44.69787516012563
STORE_14,SKU_207,55.30197742179309
STORE_14,SKU_208,47.19977425494007
STORE_14,SKU_209,48.73474079286887
STORE_14,SKU_210,69.5358396383856
STORE_14,SKU_211,69.58969970361989
STORE_14,SKU_212,73.2155668293683
STORE_14,SKU_213,79.34588988453157
STORE_14,SKU_214,65.72061032492685
STORE_14,SKU_215,91.85934250643264
STORE_14,SKU_216,58.9648033126294
STORE_14,SKU_217,48.00880063056065
STORE_14,SKU_218,49.66461003005853
STORE_14,SKU_219,90.5100535789537
STORE_14,SKU_220,64.24431181813836
STORE_14,SKU_221,83.4363103039381
STORE_14,SKU_222,63.87790395479017
STORE_14,SKU_223,39.04677269393152
STORE_14,SKU_224,33.91132157108991
STORE_14,SKU_225,39.754117939310554
STORE_14,SKU_226,55.894679300291536
STORE_14,SKU_227,98.6481772196058
STORE_14,SKU_228,98.53395903816075
STORE_14,SKU_229,97.94178478307751
STORE_14,SKU_230,42.2711637846628
STORE_14,SKU_231,38.82823450741355
STORE_14,SKU_232,132.24939562601904
STORE_14,SKU_233,46.03083483680499
STORE_14,SKU_234,35.2326410272746
STORE_14,SKU_235,44.87758802828746
STORE_14,SKU_236,50.56614482527705
STORE_14,SKU_237,40.15121287157762
STORE_14,SKU_238,54.08632248254889
STORE_14,SKU_239,60.004175563965404
STORE_14,SKU_240,64.52154373213783
STORE_14,SKU_241,72.7864885791715
STORE_14,SKU_242,63.45005704145014
STORE_14,SKU_243,36.90182267597305
STORE_14,SKU_244,47.71726721515074
STORE_14,SKU_245,75.78993397175215
STORE_14,SKU_246,61.687572128267576
STORE_14,SKU_247,53.801648111153874
STORE_14,SKU_248,28.660507068358758
STORE_14,SKU_249,91.87152133580703
STORE_14,SKU_250,57.96376868925037
STORE_15,SKU_001,74.43394024276377
STORE_15,SKU_002,54.10357691463681
STORE_15,SKU_003,97.39732078752264
STORE_15,SKU_004,42.15439049182891
STORE_15,SKU_005,26.04259094942325
STORE_15,SKU_006,52.973774172962294
STORE_15,SKU_007,38.80842659644504
STORE_15,SKU_008,80.02142106301474
STORE_15,SKU_009,61.1335129392568
STORE_15,SKU_010,54.99676060900553
STORE_15,SKU_011,44.772838350269325
STORE_15,SKU_012,37.277622419230084
STORE_15,SKU_013,51.709956709956714
STORE_15,SKU_014,73.05743243243244
STORE_15,SKU_015,36.99638707157504
STORE_15,SKU_016,75.34106902949269
STORE_15,SKU_017,101.20449900143542
STORE_15,SKU_018,68.2536435558342
STORE_15,SKU_019,50.3530194284276
STORE_15,SKU_020,105.23327953630432
STORE_15,SKU_021,41.64765072456117
STORE_15,SKU_022,58.26027373192544
STORE_15,SKU_023,46.376241127461135
STORE_15,SKU_024,51.13863696602957
STORE_15,SKU_025,80.02002043053247
STORE_15,SKU_026,58.99954469976968
STORE_15,SKU_027,71.43243173688137
STORE_15,SKU_028,36.94009609032642
STORE_15,SKU_029,69.4362253940924
STORE_15,SKU_030,41.13058266784976
STORE_15,SKU_031,46.57289002557545
STORE_15,SKU_032,50.49763939573868
STORE_15,SKU_033,44.04919291883861
STORE_15,SKU_034,53.043352934394086
STORE_15,SKU_035,74.36239950525663
STORE_15,SKU_036,38.0952380952381
STORE_15,SKU_037,92.95238095238093
STORE_15,SKU_038,77.49429251469373
STORE_15,SKU_039,36.043935098179844
STORE_15,SKU_040,61.289582096163166
STORE_15,SKU_041,45.9378876764747
STORE_15,SKU_042,76.81268352791886
STORE_15,SKU_043,64.48110562906481
STORE_15,SKU_044,106.14458109140365
STORE_15,SKU_045,59.178551472740324
STORE_15,SKU_046,50.588732760863905
STORE_15,SKU_047,63.98358025687217
STORE_15,SKU_048,97.234072536736
STORE_15,SKU_049,78.03182732760197
STORE_15,SKU_050,101.04037024645925
STORE_15,SKU_051,121.57095396298057
STORE_15,SKU_052,51.43957493291105
STORE_15,SKU_053,107.87199937446243
STORE_15,SKU_054,39.153182495409034
STORE_15,SKU_055,48.155588330027626
STORE_15,SKU_056,52.225358228397745
STORE_15,SKU_057,95.72070550074334
STORE_15,SKU_058,74.8156446019966
STORE_15,SKU_059,64.38600357086354
STORE_15,SKU_060,46.44710754635052
STORE_15,SKU_061,40.58310883707709
STORE_15,SKU_062,51.39094555058035
STORE_15,SKU_063,47.90882548086218
STORE_15,SKU_064,56.965563819984354
STORE_15,SKU_065,79.35645272601796
STORE_15,SKU_066,44.61678324846233
STORE_15,SKU_067,73.9072649309616
STORE_15,SKU_068,93.83026186998474
STORE_15,SKU_069,53.95179306290417
STORE_15,SKU_070,86.17688982842034
STORE_15,SKU_071,69.20281773911752
STORE_15,SKU_072,47.9001277930527
STORE_15,SKU_073,68.94937037786025
STORE_15,SKU_074,95.08422416585682
STORE_15,SKU_075,72.22522587075049
STORE_15,SKU_076,124.63516865686788
STORE_15,SKU_077,53.989428085363514
STORE_15,SKU_078,62.60857021379981
STORE_15,SKU_079,47.33177282829716
STORE_15,SKU_080,44.00808727746418
STORE_15,SKU_081,38.57650768568748
STORE_15,SKU_082,35.42748413438069
STORE_15,SKU_083,94.50161016787668
STORE_15,SKU_084,36.57607480413151
STORE_15,SKU_085,47.405434060514146
STORE_15,SKU_086,61.78653859502985
STORE_15,SKU_087,32.83153182221504
STORE_15,SKU_088,44.65827090329804
STORE_15,SKU_089,106.22373018686385
STORE_15,SKU_090,41.94330749541196
STORE_15,SKU_091,92.94553195427831
STORE_15,SKU_092,62.07902641576112
STORE_15,SKU_093,99.3819010668045
STORE_15,SKU_094,49.56084586835193
STORE_15,SKU_095,50.00901813509907
STORE_15,SKU_096,116.86020762471657
STORE_15,SKU_097,74.76385237121434
STORE_15,SKU_098,48.106852497096405
STORE_15,SKU_099,29.890914602139567
STORE_15,SKU_100,40.80293933554051
STORE_15,SKU_101,66.07142857142857
STORE_15,SKU_102,81.58403568737911
STORE_15,SKU_103,78.71782825442698
STORE_15,SKU_104,45.79049050123431
STORE_15,SKU_105,55.93005952380952
STORE_15,SKU_106,45.411073825503365
STORE_15,SKU_107,41.182626896912616
STORE_15,SKU_108,74.03627630053745
STORE_15,SKU_109,54.6310064461282
STORE_15,SKU_110,123.03708580206276
STORE_15,SKU_111,71.28851689352517
STORE_15,SKU_112,81.53115214339702
STORE_15,SKU_113,57.5974374712291
STORE_15,SKU_114,55.44573265387399
STORE_15,SKU_115,63.17858675001532
STORE_15,SKU_116,55.15088086516656
STORE_15,SKU_117,58.1967727386802
STORE_15,SKU_118,29.75990524005129
STORE_15,SKU_119,109.60993618913928
STORE_15,SKU_120,66.18621836853252
STORE_15,SKU_121,57.100530652143554
STORE_15,SKU_122,52.22383793812365
STORE_15,SKU_123,40.52706784009354
STORE_15,SKU_124,68.41952619777169
STORE_15,SKU_125,34.94655004859086
STORE_15,SKU_126,70.20330639378258
STORE_15,SKU_127,37.848158131177
STORE_15,SKU_128,47.62007404625978
STORE_15,SKU_129,82.26121379088987
STORE_15,SKU_130,52.832688699159746
STORE_15,SKU_131,80.46836381611467
STORE_15,SKU_132,53.69947243811291
STORE_15,SKU_133,51.442407471463156
STORE_15,SKU_134,32.36712267324511
STORE_15,SKU_135,75.59568779434849
STORE_15,SKU_136,34.7461577223482
STORE_15,SKU_137,40.91242091242092
STORE_15,SKU_138,87.31009070294782
STORE_15,SKU_139,34.86129262870993
STORE_15,SKU_140,42.548356240892076
STORE_15,SKU_141,48.26974267968057
STORE_15,SKU_142,104.28076293808661
STORE_15,SKU_143,43.81145920838069
STORE_15,SKU_144,86.66127941859972
STORE_15,SKU_145,77.77086714738046
STORE_15,SKU_146,47.2408187260795
STORE_15,SKU_147,45.54919789897579
STORE_15,SKU_148,68.85204739790652
STORE_15,SKU_149,44.14352388682746
STORE_15,SKU_150,90.62334217506631
STORE_15,SKU_151,68.81636252384553
STORE_15,SKU_152,72.44619868607558
STORE_15,SKU_153,50.724239462140005
STORE_15,SKU_154,83.15782312925168
STORE_15,SKU_155,43.69471239796023
STORE_15,SKU_156,29.057627475769067
STORE_15,SKU_157,68.8668794037799
STORE_15,SKU_158,46.798137176017356
STORE_15,SKU_159,44.40198390113017
STORE_15,SKU_160,56.61762827336598
STORE_15,SKU_161,68.9958054596461
STORE_15,SKU_162,106.46131649938886
STORE_15,SKU_163,93.45449036403919
STORE_15,SKU_164,89.56376747730131
STORE_15,SKU_165,56.08550875995972
STORE_15,SKU_166,42.31190476190476
STORE_15,SKU_167,46.97511178748835
STORE_15,SKU_168,53.414856216580354
STORE_15,SKU_169,88.13021137026239
STORE_15,SKU_170,88.73236143790942
STORE_15,SKU_171,82.83833148537958
STORE_15,SKU_172,26.46783935720563
STORE_15,SKU_173,65.04836036081441
STORE_15,SKU_174,80.6172468987595
STORE_15,SKU_175,68.31856708257617
STORE_15,SKU_176,59.63568898633833
STORE_15,SKU_177,63.83897889052529
STORE_15,SKU_178,75.81941867656153
STORE_15,SKU_179,91.00841089173234
STORE_15,SKU_180,38.54018351526657
STORE_15,SKU_181,77.61178483551474
STORE_15,SKU_182,95.80793382441735
STORE_15,SKU_183,91.83078425505616
STORE_15,SKU_184,61.29296099184487
STORE_15,SKU_185,34.17450313458717
STORE_15,SKU_186,45.56122448979592
STORE_15,SKU_187,45.27891156462586
STORE_15,SKU_188,58.930035128805635
STORE_15,SKU_189,50.80054020454686
STORE_15,SKU_190,71.31571570817749
STORE_15,SKU_191,83.85249107916746
STORE_15,SKU_192,63.19019725724685
STORE_15,SKU_193,82.04939738452458
STORE_15,SKU_194,89.57615729218516
STORE_15,SKU_195,96.4766567581745
STORE_15,SKU_196,43.93265019892951
STORE_15,SKU_197,47.41164758586361
STORE_15,SKU_198,53.18763848396502
STORE_15,SKU_199,46.25510204081632
STORE_15,SKU_200,46.698399843537814
STORE_15,SKU_201,42.862907875014415
STORE_15,SKU_202,81.0990212411495
STORE_15,SKU_203,56.462814506555006
STORE_15,SKU_204,48.18825396825397
STORE_15,SKU_205,72.25451026971635
STORE_15,SKU_206,73.38126804993033
STORE_15,SKU_207,78.5257296466974
STORE_15,SKU_208,86.76266068788652
STORE_15,SKU_209,56.92152869212202
STORE_15,SKU_210,96.3036234902124
STORE_15,SKU_211,45.1526442878672
STORE_15,SKU_212,76.52670263507703
STORE_15,SKU_213,96.5616082797257
STORE_15,SKU_214,76.8190637885035
STORE_15,SKU_215,54.86364982107459
STORE_15,SKU_216,62.06358980373761
STORE_15,SKU_217,55.412520716194635
STORE_15,SKU_218,56.59743695457982
STORE_15,SKU_219,38.811211340206185
STORE_15,SKU_220,126.27802640619485
STORE_15,SKU_221,59.628237259816196
STORE_15,SKU_222,49.173453516119366
STORE_15,SKU_223,43.34915401470561
STORE_15,SKU_224,46.31292888511812
STORE_15,SKU_225,66.22934888241011
STORE_15,SKU_226,62.27845398248986
STORE_15,SKU_227,46.40562574236045
STORE_15,SKU_228,88.79668298771122
STORE_15,SKU_229,62.351786614116534
STORE_15,SKU_230,75.7372448979592
STORE_15,SKU_231,46.73705766971005
STORE_15,SKU_232,63.79175863893944
STORE_15,SKU_233,55.11827742112757
STORE_15,SKU_234,51.576479840419346
STORE_15,SKU_235,66.52407980496386
STORE_15,SKU_236,57.48180125825417
STORE_15,SKU_237,104.7763020552136
STORE_15,SKU_238,55.398982601890324
STORE_15,SKU_239,65.13863985518721
STORE_15,SKU_240,128.16153039693395
STORE_15,SKU_241,49.373277007596045
STORE_15,SKU_242,107.60447035957239
STORE_15,SKU_243,42.51989679515894
STORE_15,SKU_244,37.17690997967814
STORE_15,SKU_245,63.389167983909125
STORE_15,SKU_246,52.400136700725376
STORE_15,SKU_247,39.120765687893936
STORE_15,SKU_248,48.89905172776044
STORE_15,SKU_249,57.410106899902836
STORE_15,SKU_250,63.9484126984127
STORE_16,SKU_001,59.423504453327716
STORE_16,SKU_002,53.38716423712342
STORE_16,SKU_003,52.3727422003284
STORE_16,SKU_004,58.15655558348072
STORE_16,SKU_005,60.59123403257941
STORE_16,SKU_006,69.67761479591837
STORE_16,SKU_007,43.707482993197274
STORE_16,SKU_008,42.666639305294765
STORE_16,SKU_009,131.06850821136538
STORE_16,SKU_010,59.86707869961172
STORE_16,SKU_011,48.335548172757484
STORE_16,SKU_012,79.5691745997123
STORE_16,SKU_013,62.61001071363245
STORE_16,SKU_014,37.75988656332098
STORE_16,SKU_015,41.06077323898508
STORE_16,SKU_016,51.33053221288516
STORE_16,SKU_017,51.37288302158745
STORE_16,SKU_018,112.60603780682776
STORE_16,SKU_019,84.03598281417828
STORE_16,SKU_020,84.7972750898112
STORE_16,SKU_021,49.747387217797915
STORE_16,SKU_022,89.82365097937908
STORE_16,SKU_023,58.512913857909
STORE_16,SKU_024,37.87069064914101
STORE_16,SKU_025,42.45002348765593
STORE_16,SKU_026,87.85257328921071
STORE_16,SKU_027,50.38337585034014
STORE_16,SKU_028,83.9514415843779
STORE_16,SKU_029,42.844629377174584
STORE_16,SKU_030,44.33617290760147
STORE_16,SKU_031,103.7325456498389
STORE_16,SKU_032,37.80976676384839
STORE_16,SKU_033,49.67314951058793
STORE_16,SKU_034,55.84545574182054
STORE_16,SKU_035,54.05091628488129
STORE_16,SKU_036,60.12853705175857
STORE_16,SKU_037,47.468927019114446
STORE_16,SKU_038,79.33813635344247
STORE_16,SKU_039,48.24752628324057
STORE_16,SKU_040,53.711001642036116
STORE_16,SKU_041,80.96392498088589
STORE_16,SKU_042,64.52176672418238
STORE_16,SKU_043,69.99398208531534
STORE_16,SKU_044,139.17927007704202
STORE_16,SKU_045,75.82586540151117
STORE_16,SKU_046,91.13568682308923
STORE_16,SKU_047,58.34987205891531
STORE_16,SKU_048,65.65391897025205
STORE_16,SKU_049,98.04277643260694
STORE_16,SKU_050,89.18399844749358
STORE_16,SKU_051,70.67093754795152
STORE_16,SKU_052,99.121802034935
STORE_16,SKU_053,53.75557119399485
STORE_16,SKU_054,52.52950982764647
STORE_16,SKU_055,52.39474810903383
STORE_16,SKU_056,70.35856009070295
STORE_16,SKU_057,54.57579496915045
STORE_16,SKU_058,93.5374937741547
STORE_16,SKU_059,56.295495156588004
STORE_16,SKU_060,43.21332306507508
STORE_16,SKU_061,79.17819193793221
STORE_16,SKU_062,98.79949288529046
STORE_16,SKU_063,33.830110991765125
STORE_16,SKU_064,46.093963008932384
STORE_16,SKU_065,39.156462585034014
STORE_16,SKU_066,102.07162110127068
STORE_16,SKU_067,48.22631882941856
STORE_16,SKU_068,40.423457518600664
STORE_16,SKU_069,31.928753644314867
STORE_16,SKU_070,60.72408385906793
STORE_16,SKU_071,64.09935684404753
STORE_16,SKU_072,34.10660179603934
STORE_16,SKU_073,44.54924782552096
STORE_16,SKU_074,43.02434602343187
STORE_16,SKU_075,45.65567765567766
STORE_16,SKU_076,87.2146750522438
STORE_16,SKU_077,69.67295433915697
STORE_16,SKU_078,61.94165048624595
STORE_16,SKU_079,39.475780829164286
STORE_16,SKU_080,49.17332150251405
STORE_16,SKU_081,93.35110599093903
STORE_16,SKU_082,47.89296832534467
STORE_16,SKU_083,39.827239229024954
STORE_16,SKU_084,51.57344419249181
STORE_16,SKU_085,105.50507504589139
STORE_16,SKU_086,41.808320507847526
STORE_16,SKU_087,43.34929311195134
STORE_16,SKU_088,54.379251700680264
STORE_16,SKU_089,31.607090636081875
STORE_16,SKU_090,55.90759539616189
STORE_16,SKU_091,60.937309055358654
STORE_16,SKU_092,58.96703296703297
STORE_16,SKU_093,37.567954753416885
STORE_16,SKU_094,57.96991999414144
STORE_16,SKU_095,91.7759961127308
STORE_16,SKU_096,106.33016177729024
STORE_16,SKU_097,77.48718255630699
STORE_16,SKU_098,69.21985815602835
STORE_16,SKU_099,65.42315484187404
STORE_16,SKU_100,56.80212915152675
STORE_16,SKU_101,47.131317341982246
STORE_16,SKU_102,47.356155365371954
STORE_16,SKU_103,97.09010722933245
STORE_16,SKU_104,69.01411036749383
STORE_16,SKU_105,82.44588744588745
STORE_16,SKU_106,37.74376417233561
STORE_16,SKU_107,47.342192691029894
STORE_16,SKU_108,77.78894386037244
STORE_16,SKU_109,56.36196145124717
STORE_16,SKU_110,74.98085171568627
STORE_16,SKU_111,89.82767653597267
STORE_16,SKU_112,72.12762038711405
STORE_16,SKU_113,93.94801532823415
STORE_16,SKU_114,48.36220987250735
STORE_16,SKU_115,52.63038139886318
STORE_16,SKU_116,65.78723001136794
STORE_16,SKU_117,58.61208841019222
STORE_16,SKU_118,55.555009539226454
STORE_16,SKU_119,68.85272162240092
STORE_16,SKU_120,111.37766315317334
STORE_16,SKU_121,56.47341234630498
STORE_16,SKU_122,63.089596027984655
STORE_16,SKU_123,47.12046639307897
STORE_16,SKU_124,96.39646267628447
STORE_16,SKU_125,44.527453838678326
STORE_16,SKU_126,88.18674533897016
STORE_16,SKU_127,37.11201079622132
STORE_16,SKU_128,50.979650480882
STORE_16,SKU_129,48.123486682808725
STORE_16,SKU_130,148.66828087167073
STORE_16,SKU_131,78.15365276545405
STORE_16,SKU_132,75.68202023834496
STORE_16,SKU_133,44.78492777383906
STORE_16,SKU_134,76.69491525423729
STORE_16,SKU_135,65.07440476190477
STORE_16,SKU_136,81.07090795501874
STORE_16,SKU_137,36.94956116177146
STORE_16,SKU_138,46.775168015622974
STORE_16,SKU_139,47.97485814602337
STORE_16,SKU_140,82.65338939595938
STORE_16,SKU_141,53.729767769176625
STORE_16,SKU_142,49.93794360650309
STORE_16,SKU_143,52.22532173852306
STORE_16,SKU_144,40.70294784580501
STORE_16,SKU_145,69.16849510834471
STORE_16,SKU_146,42.43107180760503
STORE_16,SKU_147,75.77394034536891
STORE_16,SKU_148,34.11090305931575
STORE_16,SKU_149,59.46043269766922
STORE_16,SKU_150,70.79116252476877
STORE_16,SKU_151,89.0702947845805
STORE_16,SKU_152,94.15926348609621
STORE_16,SKU_153,64.66077875822461
STORE_16,SKU_154,50.27301243077876
STORE_16,SKU_155,43.015659093826216
STORE_16,SKU_156,60.20132137987639
STORE_16,SKU_157,59.38888497590581
STORE_16,SKU_158,52.73552920042024
STORE_16,SKU_159,58.70643319056016
STORE_16,SKU_160,53.23460123348951
STORE_16,SKU_161,61.9047619047619
STORE_16,SKU_162,34.10920798687981
STORE_16,SKU_163,61.42158815126362
STORE_16,SKU_164,62.81575462043224
STORE_16,SKU_165,45.14046359284455
STORE_16,SKU_166,50.86109730695624
STORE_16,SKU_167,93.02904977826499
STORE_16,SKU_168,46.90341638838941
STORE_16,SKU_169,64.37494395121513
STORE_16,SKU_170,51.760291104745995
STORE_16,SKU_171,62.23593073593074
STORE_16,SKU_172,62.37880624147856
STORE_16,SKU_173,35.59135465209707
STORE_16,SKU_174,49.13431538028744
STORE_16,SKU_175,51.73227618959101
STORE_16,SKU_176,57.17966069499353
STORE_16,SKU_177,41.07306384092099
STORE_16,SKU_178,84.49770370145077
STORE_16,SKU_179,71.23384895359418
STORE_16,SKU_180,49.493505267275445
STORE_16,SKU_181,55.19215148746065
STORE_16,SKU_182,53.10527721678532
STORE_16,SKU_183,61.74901916544453
STORE_16,SKU_184,176.2791619715371
STORE_16,SKU_185,85.75636088916596
STORE_16,SKU_186,78.6314525810324
STORE_16,SKU_187,65.78543409277651
STORE_16,SKU_188,44.43812459333872
STORE_16,SKU_189,55.04281397753395
STORE_16,SKU_190,50.862647690655216
STORE_16,SKU_191,82.47652530750459
STORE_16,SKU_192,60.88831168831169
STORE_16,SKU_193,91.98341836734694
STORE_16,SKU_194,108.2347061420722
STORE_16,SKU_195,41.9397686081732
STORE_16,SKU_196,64.43841334226681
STORE_16,SKU_197,47.87801484230056
STORE_16,SKU_198,50.23788131604844
STORE_16,SKU_199,40.69647255453906
STORE_16,SKU_200,43.679107344212724
STORE_16,SKU_201,47.975032947484394
STORE_16,SKU_202,48.516315469277146
STORE_16,SKU_203,72.86327793716957
STORE_16,SKU_204,38.04286344167298
STORE_16,SKU_205,41.467376424253914
STORE_16,SKU_206,63.93579449886661
STORE_16,SKU_207,112.88636899221788
STORE_16,SKU_208,46.77181876247944
STORE_16,SKU_209,70.94999751725508
STORE_16,SKU_210,63.87081119612456
STORE_16,SKU_211,98.98248596348525
STORE_16,SKU_212,184.3362967149931
STORE_16,SKU_213,83.64329047745466
STORE_16,SKU_214,45.759597545311834
STORE_16,SKU_215,50.72627695145854
STORE_16,SKU_216,51.3644008488351
STORE_16,SKU_217,86.98399565746506
STORE_16,SKU_218,37.05009276437848
STORE_16,SKU_219,58.749359959037385
STORE_16,SKU_220,76.1736510129263
STORE_16,SKU_221,53.9719072814311
STORE_16,SKU_222,66.01787331656894
STORE_16,SKU_223,54.99092970521543
STORE_16,SKU_224,87.65277391008385
STORE_16,SKU_225,108.43480249242556
STORE_16,SKU_226,89.93462403972998
STORE_16,SKU_227,48.70305704248912
STORE_16,SKU_228,64.08157039508907
STORE_16,SKU_229,135.88473301898816
STORE_16,SKU_230,37.141999178903454
STORE_16,SKU_231,58.45372832231484
STORE_16,SKU_232,97.94819455138344
STORE_16,SKU_233,46.78688001022005
STORE_16,SKU_234,54.436526806746755
STORE_16,SKU_235,80.43246217055636
STORE_16,SKU_236,71.7984693877551
STORE_16,SKU_237,60.74829931972789
STORE_16,SKU_238,63.74149659863946
STORE_16,SKU_239,32.908163265306115
STORE_16,SKU_240,62.88373498532992
STORE_16,SKU_241,49.73600209314494
STORE_16,SKU_242,38.83107341297175
STORE_16,SKU_243,52.80045351473922
STORE_16,SKU_244,41.5614263205966
STORE_16,SKU_245,106.8961874263383
STORE_16,SKU_246,123.91625615763544
STORE_16,SKU_247,57.570222766756
STORE_16,SKU_248,60.09178791133678
STORE_16,SKU_249,52.787456445993044
STORE_16,SKU_250,42.697592353209465
STORE_17,SKU_001,117.68390963415041
STORE_17,SKU_002,77.58145333869874
STORE_17,SKU_003,118.37571445525872
STORE_17,SKU_004,36.83309801908185
STORE_17,SKU_005,36.9781245831666
STORE_17,SKU_006,74.33863102763229
STORE_17,SKU_007,64.76576312120142
STORE_17,SKU_008,112.11624383898338
STORE_17,SKU_009,61.06321995464853
STORE_17,SKU_010,59.38426652712367
STORE_17,SKU_011,57.118018259935546
STORE_17,SKU_012,39.032139802028595
STORE_17,SKU_013,47.599223668517965
STORE_17,SKU_014,40.66117012842873
STORE_17,SKU_015,69.03577886850944
STORE_17,SKU_016,84.45401537238276
STORE_17,SKU_017,63.09038490927642
STORE_17,SKU_018,76.12098827260967
STORE_17,SKU_019,122.67917267917265
STORE_17,SKU_020,87.5200423001856
STORE_17,SKU_021,62.279647435897445
STORE_17,SKU_022,70.90663473642196
STORE_17,SKU_023,50.412854797091256
STORE_17,SKU_024,83.87856803851109
STORE_17,SKU_025,74.93197734064854
STORE_17,SKU_026,39.24564215588059
STORE_17,SKU_027,64.0689764277804
STORE_17,SKU_028,41.558951467166224
STORE_17,SKU_029,41.42966956174502
STORE_17,SKU_030,51.778616520257856
STORE_17,SKU_031,42.07825008456422
STORE_17,SKU_032,36.98820831968556
STORE_17,SKU_033,89.19413919413918
STORE_17,SKU_034,131.49638516494468
STORE_17,SKU_035,85.29823495146285
STORE_17,SKU_036,82.86623376623375
STORE_17,SKU_037,55.56365403304178
STORE_17,SKU_038,56.71070680817268
STORE_17,SKU_039,179.21075837742504
STORE_17,SKU_040,48.704472868329454
STORE_17,SKU_041,39.95126189003739
STORE_17,SKU_042,121.46127681841972
STORE_17,SKU_043,32.564319566689235
STORE_17,SKU_044,30.419082305138506
STORE_17,SKU_045,93.45703000094046
STORE_17,SKU_046,41.94718241017851
STORE_17,SKU_047,46.3797831632653
STORE_17,SKU_048,56.510369329918205
STORE_17,SKU_049,62.096873848061385
STORE_17,SKU_050,84.48314108251995
STORE_17,SKU_051,114.58102945611743
STORE_17,SKU_052,53.19464177559019
STORE_17,SKU_053,72.03176837237358
STORE_17,SKU_054,43.387696959125535
STORE_17,SKU_055,36.42141066953097
STORE_17,SKU_056,70.8454810495627
STORE_17,SKU_057,53.77150860344139
STORE_17,SKU_058,48.3827058894233
STORE_17,SKU_059,58.14068990428029
STORE_17,SKU_060,45.14818615416091
STORE_17,SKU_061,38.939909297052154
STORE_17,SKU_062,78.45155427662715
STORE_17,SKU_063,48.481338481338476
STORE_17,SKU_064,45.93265775140852
STORE_17,SKU_065,71.13085810821003
STORE_17,SKU_066,43.18801594711959
STORE_17,SKU_067,34.426680633105796
STORE_17,SKU_068,114.1553970985985
STORE_17,SKU_069,36.904761904761905
STORE_17,SKU_070,71.96642241954562
STORE_17,SKU_071,53.19136052465277
STORE_17,SKU_072,63.32992430210006
STORE_17,SKU_073,52.368243946126015
STORE_17,SKU_074,63.1659886439224
STORE_17,SKU_075,44.318468127991935
STORE_17,SKU_076,103.6615716759496
STORE_17,SKU_077,49.632725430597766
STORE_17,SKU_078,123.63098264216717
STORE_17,SKU_079,40.66515495086925
STORE_17,SKU_080,77.74166270281697
STORE_17,SKU_081,47.32678995351806
STORE_17,SKU_082,70.40321001921306
STORE_17,SKU_083,41.805944548246295
STORE_17,SKU_084,121.49163625676569
STORE_17,SKU_085,55.53478329043132
STORE_17,SKU_086,30.824016563146994
STORE_17,SKU_087,58.127457208096544
STORE_17,SKU_088,62.28571428571428
STORE_17,SKU_089,164.44278495841004
STORE_17,SKU_090,75.53427031189835
STORE_17,SKU_091,46.80932351130201
STORE_17,SKU_092,50.146725356809384
STORE_17,SKU_093,57.223914549804554
STORE_17,SKU_094,91.59915457205521
STORE_17,SKU_095,100.56206088992977
STORE_17,SKU_096,64.19460641399417
STORE_17,SKU_097,33.81683081975041
STORE_17,SKU_098,115.42641446822628
STORE_17,SKU_099,85.11709530751077
STORE_17,SKU_100,84.53339117719335
STORE_17,SKU_101,87.11449637727985
STORE_17,SKU_102,63.83735312306741
STORE_17,SKU_103,48.98878430682618
STORE_17,SKU_104,33.602400886886734
STORE_17,SKU_105,68.92462589467198
STORE_17,SKU_106,46.80109029913334
STORE_17,SKU_107,56.72992218470121
STORE_17,SKU_108,44.28957989618882
STORE_17,SKU_109,47.732485201872954
STORE_17,SKU_110,128.90841013824885
STORE_17,SKU_111,76.33361678004535
STORE_17,SKU_112,58.02159512960907
STORE_17,SKU_113,38.433783799902194
STORE_17,SKU_114,90.32434402332362
STORE_17,SKU_115,44.15294924554184
STORE_17,SKU_116,40.81154219929729
STORE_17,SKU_117,106.73188405797103
STORE_17,SKU_118,77.75351616313716
STORE_17,SKU_119,51.339058956916105
STORE_17,SKU_120,63.075060532687665
STORE_17,SKU_121,64.44249470825511
STORE_17,SKU_122,47.55886970172684
STORE_17,SKU_123,51.91951780712285
STORE_17,SKU_124,39.38866432857152
STORE_17,SKU_125,48.09344790547798
STORE_17,SKU_126,56.86068931264055
STORE_17,SKU_127,47.60635597522592
STORE_17,SKU_128,53.83669920616722
STORE_17,SKU_129,57.5631506375478
STORE_17,SKU_130,48.14814814814814
STORE_17,SKU_131,46.41396809170896
STORE_17,SKU_132,45.82211608047474
STORE_17,SKU_133,71.0333926101561
STORE_17,SKU_134,38.60182370820668
STORE_17,SKU_135,84.04902780256143
STORE_17,SKU_136,70.82095170173145
STORE_17,SKU_137,93.6959715096834
STORE_17,SKU_138,50.813682541700864
STORE_17,SKU_139,66.6381174529643
STORE_17,SKU_140,49.33514813454023
STORE_17,SKU_141,55.71234823043142
STORE_17,SKU_142,70.57069365142178
STORE_17,SKU_143,57.535429251954604
STORE_17,SKU_144,90.88534074344024
STORE_17,SKU_145,54.06300323408052
STORE_17,SKU_146,58.818887555022016
STORE_17,SKU_147,63.035805825976645
STORE_17,SKU_148,49.77867552026498
STORE_17,SKU_149,57.195075757575765
STORE_17,SKU_150,46.30952380952381
STORE_17,SKU_151,97.6717383381924
STORE_17,SKU_152,118.3474599517226
STORE_17,SKU_153,32.990354811700115
STORE_17,SKU_154,114.8365486012034
STORE_17,SKU_155,44.51145356101624
STORE_17,SKU_156,80.85135947123328
STORE_17,SKU_157,52.53421780084692
STORE_17,SKU_158,42.399718508092896
STORE_17,SKU_159,73.46547127352268
STORE_17,SKU_160,82.76037328361454
STORE_17,SKU_161,89.71136617339782
STORE_17,SKU_162,47.06532648697397
STORE_17,SKU_163,104.66870555040198
STORE_17,SKU_164,54.615977397744864
STORE_17,SKU_165,38.028922260728194
STORE_17,SKU_166,36.214711026693905
STORE_17,SKU_167,40.80919232099619
STORE_17,SKU_168,35.70379319575203
STORE_17,SKU_169,69.87253445722352
STORE_17,SKU_170,69.62385883721518
STORE_17,SKU_171,67.2792894935752
STORE_17,SKU_172,47.70093222474175
STORE_17,SKU_173,57.12195795001237
STORE_17,SKU_174,36.36545277057573
STORE_17,SKU_175,100.62131519274375
STORE_17,SKU_176,36.5375418460067
STORE_17,SKU_177,71.94615412302487
STORE_17,SKU_178,79.19294033402834
STORE_17,SKU_179,59.99771543785103
STORE_17,SKU_180,56.95214255915132
STORE_17,SKU_181,85.76509145032489
STORE_17,SKU_182,132.84320285491248
STORE_17,SKU_183,73.19484485243909
STORE_17,SKU_184,57.740238015580935
STORE_17,SKU_185,51.003369808034535
STORE_17,SKU_186,54.564841809739775
STORE_17,SKU_187,65.28393966282165
STORE_17,SKU_188,58.09665200975003
STORE_17,SKU_189,54.727197001249486
STORE_17,SKU_190,45.875701157656046
STORE_17,SKU_191,72.07261852109264
STORE_17,SKU_192,50.74771287825474
STORE_17,SKU_193,90.83967525304134
STORE_17,SKU_194,64.31379168823736
STORE_17,SKU_195,32.23288171976107
STORE_17,SKU_196,37.627228921871776
STORE_17,SKU_197,58.5297695780527
STORE_17,SKU_198,97.80578898225956
STORE_17,SKU_199,47.64730313957221
STORE_17,SKU_200,37.477662706873794
STORE_17,SKU_201,68.67202340786272
STORE_17,SKU_202,37.524955634427684
STORE_17,SKU_203,63.63553113553113
STORE_17,SKU_204,42.80323450134772
STORE_17,SKU_205,98.61694677871148
STORE_17,SKU_206,37.79353319013374
STORE_17,SKU_207,99.36371100164206
STORE_17,SKU_208,64.13298872180452
STORE_17,SKU_209,60.55923058878723
STORE_17,SKU_210,58.68781247438734
STORE_17,SKU_211,88.45292955892035
STORE_17,SKU_212,59.66344174557431
STORE_17,SKU_213,86.19157340355498
STORE_17,SKU_214,52.120491646077994
STORE_17,SKU_215,128.52679341664202
STORE_17,SKU_216,92.25121102712276
STORE_17,SKU_217,68.45220259399156
STORE_17,SKU_218,80.58849955076373
STORE_17,SKU_219,70.98379375645119
STORE_17,SKU_220,62.926232163435245
STORE_17,SKU_221,117.51963782454882
STORE_17,SKU_222,95.65617588778632
STORE_17,SKU_223,61.32329449998623
STORE_17,SKU_224,99.29571465609835
STORE_17,SKU_225,85.92768879343605
STORE_17,SKU_226,61.80213638508161
STORE_17,SKU_227,64.40434964114495
STORE_17,SKU_228,57.948587685429786
STORE_17,SKU_229,102.77724257404827
STORE_17,SKU_230,37.5
STORE_17,SKU_231,67.1768707482993
STORE_17,SKU_232,176.5155464359657
STORE_17,SKU_233,50.4683694312274
STORE_17,SKU_234,38.630048272236294
STORE_17,SKU_235,89.7664922899115
STORE_17,SKU_236,39.40530550119591
STORE_17,SKU_237,45.57596371882086
STORE_17,SKU_238,76.34660421545667
STORE_17,SKU_239,37.83744345542099
STORE_17,SKU_240,86.09697804312212
STORE_17,SKU_241,112.17123792192037
STORE_17,SKU_242,62.90610899410388
STORE_17,SKU_243,72.02755315962861
STORE_17,SKU_244,34.62732919254659
STORE_17,SKU_245,45.92882432311613
STORE_17,SKU_246,64.33118074816134
STORE_17,SKU_247,65.8367777490743
STORE_17,SKU_248,76.24744897959187
STORE_17,SKU_249,61.284109149277675
STORE_17,SKU_250,92.60063584835981
STORE_18,SKU_001,35.022770634711534
STORE_18,SKU_002,38.84430830470681
STORE_18,SKU_003,77.55875883599853
STORE_18,SKU_004,38.20875612814958
STORE_18,SKU_005,39.79933372525965
STORE_18,SKU_006,80.60520760028149
STORE_18,SKU_007,64.6938775510204
STORE_18,SKU_008,62.39970347113203
STORE_18,SKU_009,82.23095020675134
STORE_18,SKU_010,39.392091648189215
STORE_18,SKU_011,34.78078817733991
STORE_18,SKU_012,51.153997888077576
STORE_18,SKU_013,70.39483788203196
STORE_18,SKU_014,37.29213907785336
STORE_18,SKU_015,59.928694369313995
STORE_18,SKU_016,68.01330798479087
STORE_18,SKU_017,38.14457743364086
STORE_18,SKU_018,33.27181936604429
STORE_18,SKU_019,44.60945613236718
STORE_18,SKU_020,66.890952970239
STORE_18,SKU_021,46.63508260447035
STORE_18,SKU_022,42.31791600212653
STORE_18,SKU_023,42.67743039707896
STORE_18,SKU_024,79.39607797960268
STORE_18,SKU_025,35.64372063657128
STORE_18,SKU_026,71.98462391452097
STORE_18,SKU_027,26.33024118738404
STORE_18,SKU_028,91.96928478742544
STORE_18,SKU_029,30.73522985641229
STORE_18,SKU_030,22.11863363766559
STORE_18,SKU_031,36.1993761235064
STORE_18,SKU_032,34.440432016962625
STORE_18,SKU_033,56.380123477962606
STORE_18,SKU_034,49.7828695622986
STORE_18,SKU_035,47.40586800758039
STORE_18,SKU_036,56.79894890286944
STORE_18,SKU_037,45.45777494671338
STORE_18,SKU_038,93.12887208454808
STORE_18,SKU_039,54.26114890400604
STORE_18,SKU_040,37.98170018841797
STORE_18,SKU_041,70.12635169443337
STORE_18,SKU_042,66.29555680539933
STORE_18,SKU_043,61.23598864833289
STORE_18,SKU_044,60.1098656367977
STORE_18,SKU_045,54.4756446221564
STORE_18,SKU_046,43.867768346276556
STORE_18,SKU_047,51.15667384966408
STORE_18,SKU_048,54.16469529561289
STORE_18,SKU_049,29.02885292047854
STORE_18,SKU_050,122.5165019625661
STORE_18,SKU_051,79.39808066083576
STORE_18,SKU_052,54.45737670068027
STORE_18,SKU_053,53.069559355273654
STORE_18,SKU_054,53.09734796174108
STORE_18,SKU_055,46.15380834414694
STORE_18,SKU_056,57.125174150680536
STORE_18,SKU_057,48.46545463698894
STORE_18,SKU_058,132.5531160331431
STORE_18,SKU_059,91.19897959183673
STORE_18,SKU_060,61.17501546072974
STORE_18,SKU_061,54.34291898577612
STORE_18,SKU_062,78.9297314807519
STORE_18,SKU_063,35.33834586466166
STORE_18,SKU_064,52.37459909595108
STORE_18,SKU_065,31.507678829107398
STORE_18,SKU_066,60.463920813775054
STORE_18,SKU_067,84.08678382022369
STORE_18,SKU_068,78.85538020876368
STORE_18,SKU_069,42.68027129648133
STORE_18,SKU_070,78.2878173474024
STORE_18,SKU_071,62.45733075839029
STORE_18,SKU_072,69.70926740815173
STORE_18,SKU_073,56.960421831616195
STORE_18,SKU_074,50.71345858442633
STORE_18,SKU_075,40.03794310517
STORE_18,SKU_076,69.25685528448668
STORE_18,SKU_077,42.3105711410134
STORE_18,SKU_078,34.23597041722258
STORE_18,SKU_079,100.03985138567522
STORE_18,SKU_080,67.71338369601985
STORE_18,SKU_081,42.94779157123032
STORE_18,SKU_082,70.83900292491766
STORE_18,SKU_083,72.65469738246587
STORE_18,SKU_084,61.03774843270643
STORE_18,SKU_085,56.66239173264934
STORE_18,SKU_086,48.24122448979592
STORE_18,SKU_087,59.41760103250786
STORE_18,SKU_088,34.823668885924654
STORE_18,SKU_089,43.313589230773225
STORE_18,SKU_090,89.585450401078
STORE_18,SKU_091,34.256484119335326
STORE_18,SKU_092,59.69973235195717
STORE_18,SKU_093,131.37312216553286
STORE_18,SKU_094,69.85534131621831
STORE_18,SKU_095,50.263256710354284
STORE_18,SKU_096,91.4714749536178
STORE_18,SKU_097,65.45768218407251
STORE_18,SKU_098,37.39465421796248
STORE_18,SKU_099,58.2611476384324
STORE_18,SKU_100,102.94185470798492
STORE_18,SKU_101,87.16635500893364
STORE_18,SKU_102,46.70132910097274
STORE_18,SKU_103,54.64340569561158
STORE_18,SKU_104,66.09977141594537
STORE_18,SKU_105,44.96939841767427
STORE_18,SKU_106,45.40721257447079
STORE_18,SKU_107,33.643697899896246
STORE_18,SKU_108,52.94391035429802
STORE_18,SKU_109,49.86411438024341
STORE_18,SKU_110,56.344251921041966
STORE_18,SKU_111,84.70367808140205
STORE_18,SKU_112,75.443590030734
STORE_18,SKU_113,77.15003779289493
STORE_18,SKU_114,61.910460905673744
STORE_18,SKU_115,114.44907305683
STORE_18,SKU_116,43.50361815306464
STORE_18,SKU_117,31.963805890741448
STORE_18,SKU_118,40.71718599503827
STORE_18,SKU_119,39.33760932944606
STORE_18,SKU_120,92.9830290010741
STORE_18,SKU_121,38.358634147614914
STORE_18,SKU_122,59.54328868111121
STORE_18,SKU_123,82.44588744588745
STORE_18,SKU_124,116.83701735541862
STORE_18,SKU_125,89.33747412008282
STORE_18,SKU_126,49.745720868992755
STORE_18,SKU_127,61.19352568613652
STORE_18,SKU_128,40.63342318059299
STORE_18,SKU_129,49.22843901800629
STORE_18,SKU_130,56.210392902408124
STORE_18,SKU_131,51.1348564583066
STORE_18,SKU_132,73.76004947433519
STORE_18,SKU_133,58.85599861401536
STORE_18,SKU_134,41.81194543373108
STORE_18,SKU_135,45.17243834470727
STORE_18,SKU_136,36.39455782312925
STORE_18,SKU_137,38.18351493139628
STORE_18,SKU_138,59.122429030263135
STORE_18,SKU_139,72.94463958182004
STORE_18,SKU_140,57.37793794766585
STORE_18,SKU_141,31.19038376220053
STORE_18,SKU_142,127.7404143475572
STORE_18,SKU_143,39.19290652898989
STORE_18,SKU_144,47.60081506123503
STORE_18,SKU_145,49.05915066667497
STORE_18,SKU_146,43.76021726520066
STORE_18,SKU_147,130.122934888241
STORE_18,SKU_148,119.53947368421056
STORE_18,SKU_149,60.62864588840717
STORE_18,SKU_150,44.198635738448374
STORE_18,SKU_151,40.32815966429693
STORE_18,SKU_152,30.772224143894846
STORE_18,SKU_153,44.005002059612785
STORE_18,SKU_154,76.12421592013429
STORE_18,SKU_155,97.32388700754768
STORE_18,SKU_156,142.4024292496455
STORE_18,SKU_157,109.4683641481671
STORE_18,SKU_158,70.61695988740324
STORE_18,SKU_159,92.6996982311335
STORE_18,SKU_160,50.93204209583519
STORE_18,SKU_161,58.80434782608697
STORE_18,SKU_162,72.99182442296078
STORE_18,SKU_163,71.49874450721909
STORE_18,SKU_164,50.844041320231796
STORE_18,SKU_165,72.58122059035558
STORE_18,SKU_166,58.660302830809755
STORE_18,SKU_167,40.86855421180819
STORE_18,SKU_168,105.40452632193282
STORE_18,SKU_169,36.56369164394847
STORE_18,SKU_170,48.32766439909296
STORE_18,SKU_171,82.55717804363127
STORE_18,SKU_172,39.21904028913679
STORE_18,SKU_173,31.81063122923588
STORE_18,SKU_174,54.64042759961127
STORE_18,SKU_175,78.29595060994586
STORE_18,SKU_176,46.692080450475515
STORE_18,SKU_177,102.922889272327
STORE_18,SKU_178,71.9954648526077
STORE_18,SKU_179,65.25099607652301
STORE_18,SKU_180,39.79239364139438
STORE_18,SKU_181,58.22346826793148
STORE_18,SKU_182,44.31301965230535
STORE_18,SKU_183,58.353833336613334
STORE_18,SKU_184,119.37898310063733
STORE_18,SKU_185,62.29992633996273
STORE_18,SKU_186,64.57112890989023
STORE_18,SKU_187,65.35957240038871
STORE_18,SKU_188,73.06434460088946
STORE_18,SKU_189,67.62487257900102
STORE_18,SKU_190,90.65828553845066
STORE_18,SKU_191,83.49353570234564
STORE_18,SKU_192,51.41910839570938
STORE_18,SKU_193,106.8015074004624
STORE_18,SKU_194,44.92534449677308
STORE_18,SKU_195,64.86024844720497
STORE_18,SKU_196,57.44680851063829
STORE_18,SKU_197,46.22117139538742
STORE_18,SKU_198,48.06043516366269
STORE_18,SKU_199,52.68834359743452
STORE_18,SKU_200,69.00423013297156
STORE_18,SKU_201,35.12066956810552
STORE_18,SKU_202,52.70718864468865
STORE_18,SKU_203,52.2010032683532
STORE_18,SKU_204,146.7306922769108
STORE_18,SKU_205,44.94121039310544
STORE_18,SKU_206,44.19670490253546
STORE_18,SKU_207,118.87719622930916
STORE_18,SKU_208,60.942217672237916
STORE_18,SKU_209,33.936202686202684
STORE_18,SKU_210,46.08035002467635
STORE_18,SKU_211,90.3453689167975
STORE_18,SKU_212,51.99663072976107
STORE_18,SKU_213,67.88668098818475
STORE_18,SKU_214,43.40624999999999
STORE_18,SKU_215,32.72307386856432
STORE_18,SKU_216,73.62266425557564
STORE_18,SKU_217,60.78908386926455
STORE_18,SKU_218,56.191171588288604
STORE_18,SKU_219,73.91788424701011
STORE_18,SKU_220,133.96744905042706
STORE_18,SKU_221,85.64194458271112
STORE_18,SKU_222,36.99409978715412
STORE_18,SKU_223,72.58485098075104
STORE_18,SKU_224,73.04532251968888
STORE_18,SKU_225,38.84588318085855
STORE_18,SKU_226,50.64371870750956
STORE_18,SKU_227,79.14268271411127
STORE_18,SKU_228,38.55435494237575
STORE_18,SKU_229,108.84541971815733
STORE_18,SKU_230,78.62695334920467
STORE_18,SKU_231,29.83132028321533
STORE_18,SKU_232,73.41280420459307
STORE_18,SKU_233,35.484151107251414
STORE_18,SKU_234,65.65174359660574
STORE_18,SKU_235,126.27857689845372
STORE_18,SKU_236,40.79915775834142
STORE_18,SKU_237,52.85714285714286
STORE_18,SKU_238,61.7305118768819
STORE_18,SKU_239,48.60662022670225
STORE_18,SKU_240,58.28064354576187
STORE_18,SKU_241,81.33991994587889
STORE_18,SKU_242,45.71578914051496
STORE_18,SKU_243,54.19783816491557
STORE_18,SKU_244,71.88418577307465
STORE_18,SKU_245,48.37205644916592
STORE_18,SKU_246,73.73909865765104
STORE_18,SKU_247,71.29748060450014
STORE_18,SKU_248,47.81560165049627
STORE_18,SKU_249,45.58378868883822
STORE_18,SKU_250,61.19464025558463
