restock_id,store_id,sku_id,restock_date,quantity_received,lag_days
RESTOCK_005806,STORE_16,SKU_187,2025-10-01,23,2
RESTOCK_005568,STORE_02,SKU_106,2025-10-01,12,1
RESTOCK_003796,STORE_11,SKU_207,2025-10-01,16,6
RESTOCK_005687,STORE_13,SKU_036,2025-10-01,16,4
RESTOCK_006694,STORE_18,SKU_006,2025-10-01,16,1
RESTOCK_002351,STORE_05,SKU_214,2025-10-01,23,2
RESTOCK_003481,STORE_06,SKU_007,2025-10-01,13,4
RESTOCK_001889,STORE_14,SKU_111,2025-10-01,19,2
RESTOCK_005512,STORE_02,SKU_195,2025-10-01,10,1
RESTOCK_000460,STORE_18,SKU_194,2025-10-01,12,1
RESTOCK_005245,STORE_17,SKU_100,2025-10-01,23,3
RESTOCK_006417,STORE_03,SKU_150,2025-10-01,10,5
RESTOCK_006405,STORE_06,SKU_187,2025-10-01,18,3
RESTOCK_006403,STORE_14,SKU_168,2025-10-01,10,3
RESTOCK_002102,STORE_01,SKU_168,2025-10-01,23,1
RESTOCK_002149,STORE_14,SKU_161,2025-10-01,18,3
RESTOCK_006366,STORE_05,SKU_019,2025-10-01,33,1
RESTOCK_002736,STORE_05,SKU_060,2025-10-01,16,1
RESTOCK_000644,STORE_02,SKU_193,2025-10-01,11,2
RESTOCK_002254,STORE_03,SKU_242,2025-10-01,18,3
RESTOCK_000656,STORE_08,SKU_199,2025-10-01,12,1
RESTOCK_001075,STORE_02,SKU_178,2025-10-01,19,3
RESTOCK_000768,STORE_03,SKU_039,2025-10-01,12,3
RESTOCK_000830,STORE_05,SKU_007,2025-10-01,22,1
RESTOCK_000707,STORE_05,SKU_043,2025-10-01,31,1
RESTOCK_004770,STORE_05,SKU_192,2025-10-01,20,1
RESTOCK_000922,STORE_13,SKU_093,2025-10-01,14,2
RESTOCK_001263,STORE_10,SKU_126,2025-10-02,25,2
RESTOCK_001908,STORE_04,SKU_091,2025-10-02,10,3
RESTOCK_002927,STORE_17,SKU_040,2025-10-02,13,1
RESTOCK_002916,STORE_05,SKU_173,2025-10-02,14,2
RESTOCK_006506,STORE_07,SKU_124,2025-10-02,7,6
RESTOCK_001971,STORE_04,SKU_178,2025-10-02,20,1
RESTOCK_005081,STORE_09,SKU_219,2025-10-02,12,2
RESTOCK_002032,STORE_09,SKU_046,2025-10-02,16,1
RESTOCK_002502,STORE_14,SKU_166,2025-10-02,12,3
RESTOCK_000452,STORE_17,SKU_172,2025-10-02,11,1
RESTOCK_005226,STORE_01,SKU_137,2025-10-02,11,1
RESTOCK_002083,STORE_02,SKU_228,2025-10-02,11,2
RESTOCK_000003,STORE_11,SKU_190,2025-10-02,10,4
RESTOCK_005241,STORE_17,SKU_020,2025-10-02,18,3
RESTOCK_002155,STORE_18,SKU_126,2025-10-02,18,4
RESTOCK_002420,STORE_14,SKU_242,2025-10-02,17,4
RESTOCK_006453,STORE_03,SKU_081,2025-10-02,11,3
RESTOCK_001043,STORE_08,SKU_094,2025-10-02,11,2
RESTOCK_007000,STORE_18,SKU_166,2025-10-02,14,3
RESTOCK_003133,STORE_04,SKU_112,2025-10-02,12,4
RESTOCK_005463,STORE_04,SKU_096,2025-10-02,21,3
RESTOCK_004457,STORE_10,SKU_222,2025-10-02,11,3
RESTOCK_005441,STORE_05,SKU_012,2025-10-02,17,1
RESTOCK_005595,STORE_18,SKU_075,2025-10-02,12,4
RESTOCK_004061,STORE_12,SKU_071,2025-10-02,26,1
RESTOCK_000579,STORE_07,SKU_078,2025-10-02,6,3
RESTOCK_005399,STORE_16,SKU_081,2025-10-02,29,1
RESTOCK_001727,STORE_13,SKU_156,2025-10-02,19,2
RESTOCK_006677,STORE_08,SKU_241,2025-10-02,14,3
RESTOCK_003630,STORE_17,SKU_113,2025-10-02,17,2
RESTOCK_001789,STORE_09,SKU_199,2025-10-02,9,3
RESTOCK_001875,STORE_10,SKU_157,2025-10-02,13,4
RESTOCK_001151,STORE_12,SKU_105,2025-10-02,23,2
RESTOCK_003224,STORE_10,SKU_183,2025-10-02,21,1
RESTOCK_002538,STORE_13,SKU_008,2025-10-03,12,3
RESTOCK_004654,STORE_15,SKU_066,2025-10-03,12,2
RESTOCK_003029,STORE_11,SKU_086,2025-10-03,10,3
RESTOCK_004717,STORE_09,SKU_205,2025-10-03,22,4
RESTOCK_006254,STORE_11,SKU_100,2025-10-03,13,4
RESTOCK_005563,STORE_12,SKU_146,2025-10-03,17,1
RESTOCK_005580,STORE_11,SKU_229,2025-10-03,11,6
RESTOCK_003310,STORE_03,SKU_182,2025-10-03,9,6
RESTOCK_005411,STORE_04,SKU_053,2025-10-03,19,3
RESTOCK_003632,STORE_01,SKU_122,2025-10-03,16,1
RESTOCK_003619,STORE_13,SKU_155,2025-10-03,12,1
RESTOCK_005069,STORE_02,SKU_120,2025-10-03,24,4
RESTOCK_000088,STORE_08,SKU_012,2025-10-03,12,3
RESTOCK_000426,STORE_12,SKU_034,2025-10-03,20,2
RESTOCK_005258,STORE_10,SKU_011,2025-10-03,12,2
RESTOCK_001424,STORE_12,SKU_193,2025-10-03,24,2
RESTOCK_006903,STORE_17,SKU_239,2025-10-03,12,4
RESTOCK_000654,STORE_04,SKU_242,2025-10-03,18,3
RESTOCK_000931,STORE_17,SKU_036,2025-10-03,20,2
RESTOCK_002094,STORE_12,SKU_156,2025-10-03,38,2
RESTOCK_001374,STORE_12,SKU_239,2025-10-03,21,1
RESTOCK_001185,STORE_08,SKU_186,2025-10-03,11,4
RESTOCK_000735,STORE_04,SKU_126,2025-10-03,17,2
RESTOCK_001862,STORE_03,SKU_024,2025-10-03,13,6
RESTOCK_002199,STORE_14,SKU_052,2025-10-04,25,4
RESTOCK_002990,STORE_02,SKU_097,2025-10-04,14,1
RESTOCK_000602,STORE_15,SKU_084,2025-10-04,21,4
RESTOCK_004837,STORE_08,SKU_077,2025-10-04,23,2
RESTOCK_006562,STORE_10,SKU_029,2025-10-04,12,1
RESTOCK_006743,STORE_16,SKU_204,2025-10-04,26,2
RESTOCK_004810,STORE_17,SKU_028,2025-10-04,20,4
RESTOCK_002918,STORE_01,SKU_138,2025-10-04,12,3
RESTOCK_005427,STORE_18,SKU_191,2025-10-04,13,3
RESTOCK_001317,STORE_11,SKU_225,2025-10-04,9,6
RESTOCK_001736,STORE_05,SKU_068,2025-10-04,18,1
RESTOCK_001905,STORE_02,SKU_214,2025-10-04,11,2
RESTOCK_004391,STORE_07,SKU_084,2025-10-04,9,4
RESTOCK_003816,STORE_17,SKU_024,2025-10-04,16,2
RESTOCK_005821,STORE_12,SKU_014,2025-10-04,27,2
RESTOCK_004333,STORE_01,SKU_125,2025-10-04,11,3
RESTOCK_002632,STORE_18,SKU_142,2025-10-04,19,4
RESTOCK_002588,STORE_04,SKU_112,2025-10-04,13,2
RESTOCK_004042,STORE_10,SKU_089,2025-10-04,13,4
RESTOCK_001495,STORE_15,SKU_238,2025-10-04,16,3
RESTOCK_005092,STORE_16,SKU_078,2025-10-04,30,2
RESTOCK_002493,STORE_17,SKU_031,2025-10-04,10,1
RESTOCK_002151,STORE_05,SKU_135,2025-10-04,27,2
RESTOCK_004610,STORE_11,SKU_044,2025-10-04,15,4
RESTOCK_001370,STORE_15,SKU_054,2025-10-04,7,3
RESTOCK_002181,STORE_14,SKU_059,2025-10-04,10,4
RESTOCK_000324,STORE_05,SKU_128,2025-10-04,31,1
RESTOCK_004097,STORE_17,SKU_092,2025-10-04,11,3
RESTOCK_006359,STORE_15,SKU_215,2025-10-04,18,4
RESTOCK_003620,STORE_16,SKU_138,2025-10-05,33,2
RESTOCK_004633,STORE_09,SKU_181,2025-10-05,14,3
RESTOCK_001625,STORE_09,SKU_186,2025-10-05,13,2
RESTOCK_005601,STORE_01,SKU_049,2025-10-05,17,4
RESTOCK_004027,STORE_02,SKU_171,2025-10-05,21,4
RESTOCK_000378,STORE_01,SKU_039,2025-10-05,11,2
RESTOCK_003776,STORE_11,SKU_149,2025-10-05,16,6
RESTOCK_001176,STORE_11,SKU_239,2025-10-05,8,4
RESTOCK_003544,STORE_10,SKU_052,2025-10-05,19,1
RESTOCK_002314,STORE_18,SKU_031,2025-10-05,12,1
RESTOCK_002320,STORE_08,SKU_052,2025-10-05,15,1
RESTOCK_000903,STORE_11,SKU_219,2025-10-05,13,5
RESTOCK_002449,STORE_09,SKU_019,2025-10-05,22,4
RESTOCK_006248,STORE_06,SKU_238,2025-10-05,20,3
RESTOCK_002036,STORE_03,SKU_233,2025-10-05,6,6
RESTOCK_006481,STORE_17,SKU_051,2025-10-05,15,3
RESTOCK_004941,STORE_06,SKU_167,2025-10-05,26,1
RESTOCK_000223,STORE_18,SKU_105,2025-10-05,18,3
RESTOCK_002910,STORE_15,SKU_202,2025-10-05,10,2
RESTOCK_004917,STORE_01,SKU_169,2025-10-05,13,2
RESTOCK_006554,STORE_03,SKU_151,2025-10-05,8,6
RESTOCK_001811,STORE_02,SKU_244,2025-10-05,13,3
RESTOCK_003351,STORE_12,SKU_158,2025-10-05,22,1
RESTOCK_001349,STORE_15,SKU_046,2025-10-05,14,2
RESTOCK_001958,STORE_05,SKU_089,2025-10-05,25,2
RESTOCK_001906,STORE_08,SKU_037,2025-10-05,12,3
RESTOCK_001886,STORE_02,SKU_081,2025-10-05,18,3
RESTOCK_003022,STORE_11,SKU_166,2025-10-05,9,5
RESTOCK_001235,STORE_16,SKU_068,2025-10-06,32,1
RESTOCK_000971,STORE_16,SKU_231,2025-10-06,22,2
RESTOCK_000196,STORE_16,SKU_204,2025-10-06,22,1
RESTOCK_004776,STORE_05,SKU_028,2025-10-06,26,1
RESTOCK_001222,STORE_02,SKU_155,2025-10-06,26,3
RESTOCK_004546,STORE_14,SKU_029,2025-10-06,21,1
RESTOCK_004509,STORE_10,SKU_131,2025-10-06,10,1
RESTOCK_004903,STORE_15,SKU_172,2025-10-06,12,1
RESTOCK_004589,STORE_13,SKU_090,2025-10-06,18,3
RESTOCK_002184,STORE_09,SKU_058,2025-10-06,23,1
RESTOCK_003635,STORE_11,SKU_123,2025-10-06,8,5
RESTOCK_004325,STORE_17,SKU_187,2025-10-06,14,4
RESTOCK_002376,STORE_06,SKU_038,2025-10-06,16,4
RESTOCK_002412,STORE_01,SKU_016,2025-10-06,24,3
RESTOCK_002422,STORE_04,SKU_201,2025-10-06,11,4
RESTOCK_002047,STORE_08,SKU_219,2025-10-06,14,2
RESTOCK_002561,STORE_14,SKU_250,2025-10-06,21,4
RESTOCK_002642,STORE_12,SKU_054,2025-10-06,19,2
RESTOCK_002643,STORE_15,SKU_138,2025-10-06,14,2
RESTOCK_002026,STORE_06,SKU_074,2025-10-06,11,3
RESTOCK_002875,STORE_14,SKU_018,2025-10-06,12,3
RESTOCK_002888,STORE_12,SKU_199,2025-10-06,15,2
RESTOCK_000461,STORE_02,SKU_041,2025-10-06,12,1
RESTOCK_000565,STORE_10,SKU_202,2025-10-06,10,1
RESTOCK_002926,STORE_11,SKU_175,2025-10-06,10,4
RESTOCK_003193,STORE_03,SKU_244,2025-10-06,7,5
RESTOCK_001879,STORE_16,SKU_050,2025-10-06,36,2
RESTOCK_003308,STORE_17,SKU_077,2025-10-06,17,4
RESTOCK_003511,STORE_15,SKU_009,2025-10-06,18,1
RESTOCK_001800,STORE_12,SKU_109,2025-10-06,41,1
RESTOCK_003717,STORE_13,SKU_124,2025-10-06,20,1
RESTOCK_000606,STORE_15,SKU_121,2025-10-06,16,3
RESTOCK_003804,STORE_02,SKU_053,2025-10-06,16,3
RESTOCK_003815,STORE_04,SKU_184,2025-10-06,17,3
RESTOCK_003928,STORE_08,SKU_103,2025-10-06,19,4
RESTOCK_001534,STORE_10,SKU_224,2025-10-06,25,2
RESTOCK_000633,STORE_03,SKU_079,2025-10-06,14,5
RESTOCK_004362,STORE_16,SKU_199,2025-10-06,16,1
RESTOCK_002515,STORE_02,SKU_064,2025-10-06,20,4
RESTOCK_000725,STORE_17,SKU_149,2025-10-06,20,3
RESTOCK_006486,STORE_02,SKU_008,2025-10-06,19,2
RESTOCK_006379,STORE_16,SKU_170,2025-10-06,23,2
RESTOCK_006494,STORE_08,SKU_027,2025-10-06,9,4
RESTOCK_005291,STORE_14,SKU_242,2025-10-06,17,3
RESTOCK_006761,STORE_06,SKU_132,2025-10-06,24,1
RESTOCK_004703,STORE_16,SKU_212,2025-10-07,37,1
RESTOCK_003218,STORE_01,SKU_215,2025-10-07,11,3
RESTOCK_003953,STORE_08,SKU_058,2025-10-07,21,1
RESTOCK_000100,STORE_05,SKU_135,2025-10-07,34,1
RESTOCK_002767,STORE_18,SKU_014,2025-10-07,10,2
RESTOCK_002739,STORE_05,SKU_193,2025-10-07,21,1
RESTOCK_004387,STORE_10,SKU_061,2025-10-07,11,3
RESTOCK_002589,STORE_01,SKU_089,2025-10-07,11,1
RESTOCK_002565,STORE_13,SKU_183,2025-10-07,13,2
RESTOCK_006131,STORE_10,SKU_213,2025-10-07,15,2
RESTOCK_003343,STORE_18,SKU_080,2025-10-07,17,3
RESTOCK_002231,STORE_09,SKU_035,2025-10-07,24,2
RESTOCK_005888,STORE_03,SKU_101,2025-10-07,14,6
RESTOCK_005182,STORE_18,SKU_087,2025-10-07,13,1
RESTOCK_006689,STORE_16,SKU_104,2025-10-07,22,1
RESTOCK_003891,STORE_11,SKU_173,2025-10-07,9,5
RESTOCK_005717,STORE_12,SKU_035,2025-10-07,21,1
RESTOCK_005749,STORE_15,SKU_176,2025-10-07,15,3
RESTOCK_006667,STORE_16,SKU_116,2025-10-07,24,1
RESTOCK_003581,STORE_06,SKU_054,2025-10-07,12,1
RESTOCK_000685,STORE_04,SKU_203,2025-10-07,14,3
RESTOCK_001895,STORE_14,SKU_139,2025-10-07,18,2
RESTOCK_004101,STORE_03,SKU_108,2025-10-07,7,4
RESTOCK_004708,STORE_06,SKU_233,2025-10-07,12,3
RESTOCK_003503,STORE_02,SKU_010,2025-10-07,24,2
RESTOCK_004859,STORE_08,SKU_232,2025-10-07,15,3
RESTOCK_000991,STORE_17,SKU_098,2025-10-07,9,2
RESTOCK_000860,STORE_13,SKU_152,2025-10-07,21,4
RESTOCK_005495,STORE_02,SKU_208,2025-10-07,26,4
RESTOCK_000557,STORE_17,SKU_131,2025-10-08,14,1
RESTOCK_004688,STORE_07,SKU_044,2025-10-08,8,6
RESTOCK_006669,STORE_12,SKU_120,2025-10-08,34,1
RESTOCK_006090,STORE_11,SKU_126,2025-10-08,9,4
RESTOCK_006271,STORE_02,SKU_168,2025-10-08,19,2
RESTOCK_002526,STORE_08,SKU_240,2025-10-08,11,1
RESTOCK_004431,STORE_05,SKU_027,2025-10-08,18,2
RESTOCK_004337,STORE_10,SKU_178,2025-10-08,20,4
RESTOCK_003180,STORE_10,SKU_015,2025-10-08,24,4
RESTOCK_003184,STORE_05,SKU_049,2025-10-08,33,2
RESTOCK_005899,STORE_02,SKU_068,2025-10-08,12,1
RESTOCK_000119,STORE_15,SKU_232,2025-10-08,18,3
RESTOCK_004127,STORE_08,SKU_125,2025-10-08,13,2
RESTOCK_004106,STORE_18,SKU_134,2025-10-08,13,3
RESTOCK_005555,STORE_14,SKU_097,2025-10-08,20,1
RESTOCK_003617,STORE_16,SKU_093,2025-10-08,26,1
RESTOCK_005600,STORE_09,SKU_217,2025-10-08,18,4
RESTOCK_000349,STORE_16,SKU_233,2025-10-08,23,1
RESTOCK_006280,STORE_17,SKU_110,2025-10-08,20,4
RESTOCK_001709,STORE_11,SKU_187,2025-10-08,7,6
RESTOCK_005278,STORE_17,SKU_016,2025-10-08,16,2
RESTOCK_003934,STORE_01,SKU_047,2025-10-08,23,1
RESTOCK_001352,STORE_17,SKU_057,2025-10-08,13,2
RESTOCK_001186,STORE_13,SKU_128,2025-10-08,11,3
RESTOCK_005111,STORE_11,SKU_136,2025-10-08,6,6
RESTOCK_001366,STORE_03,SKU_193,2025-10-08,10,3
RESTOCK_000706,STORE_06,SKU_226,2025-10-08,26,3
RESTOCK_006928,STORE_10,SKU_065,2025-10-08,13,2
RESTOCK_000634,STORE_18,SKU_090,2025-10-08,12,4
RESTOCK_001261,STORE_11,SKU_066,2025-10-08,8,5
RESTOCK_004846,STORE_15,SKU_059,2025-10-08,14,1
RESTOCK_005381,STORE_10,SKU_026,2025-10-09,25,4
RESTOCK_004989,STORE_01,SKU_194,2025-10-09,22,3
RESTOCK_005382,STORE_12,SKU_213,2025-10-09,25,1
RESTOCK_000171,STORE_02,SKU_089,2025-10-09,14,3
RESTOCK_001600,STORE_08,SKU_067,2025-10-09,24,2
RESTOCK_004354,STORE_15,SKU_205,2025-10-09,17,2
RESTOCK_004521,STORE_09,SKU_064,2025-10-09,17,1
RESTOCK_005016,STORE_10,SKU_191,2025-10-09,23,2
RESTOCK_002984,STORE_15,SKU_056,2025-10-09,12,1
RESTOCK_003128,STORE_02,SKU_207,2025-10-09,11,2
RESTOCK_003339,STORE_14,SKU_169,2025-10-09,21,1
RESTOCK_001023,STORE_06,SKU_129,2025-10-09,25,1
RESTOCK_000866,STORE_11,SKU_089,2025-10-09,9,6
RESTOCK_004088,STORE_06,SKU_115,2025-10-09,29,2
RESTOCK_005252,STORE_18,SKU_107,2025-10-09,12,4
RESTOCK_000787,STORE_03,SKU_026,2025-10-09,13,3
RESTOCK_003668,STORE_18,SKU_081,2025-10-09,14,3
RESTOCK_005665,STORE_08,SKU_004,2025-10-09,15,3
RESTOCK_006078,STORE_09,SKU_170,2025-10-09,23,2
RESTOCK_004607,STORE_08,SKU_140,2025-10-09,19,2
RESTOCK_002733,STORE_03,SKU_075,2025-10-09,17,4
RESTOCK_001853,STORE_09,SKU_143,2025-10-09,20,2
RESTOCK_006654,STORE_05,SKU_003,2025-10-09,25,1
RESTOCK_005468,STORE_16,SKU_124,2025-10-09,38,1
RESTOCK_006705,STORE_18,SKU_029,2025-10-10,17,1
RESTOCK_003764,STORE_07,SKU_165,2025-10-10,9,5
RESTOCK_004694,STORE_11,SKU_156,2025-10-10,14,5
RESTOCK_005698,STORE_04,SKU_126,2025-10-10,19,4
RESTOCK_004702,STORE_03,SKU_200,2025-10-10,12,4
RESTOCK_000227,STORE_09,SKU_044,2025-10-10,11,3
RESTOCK_004807,STORE_16,SKU_246,2025-10-10,29,1
RESTOCK_006105,STORE_18,SKU_135,2025-10-10,9,4
RESTOCK_001165,STORE_16,SKU_045,2025-10-10,34,1
RESTOCK_003255,STORE_04,SKU_147,2025-10-10,14,2
RESTOCK_000628,STORE_08,SKU_022,2025-10-10,12,3
RESTOCK_003404,STORE_15,SKU_084,2025-10-10,15,3
RESTOCK_006559,STORE_18,SKU_120,2025-10-10,18,3
RESTOCK_006110,STORE_17,SKU_003,2025-10-10,16,4
RESTOCK_004361,STORE_03,SKU_134,2025-10-10,8,6
RESTOCK_006940,STORE_18,SKU_180,2025-10-10,11,3
RESTOCK_003825,STORE_12,SKU_037,2025-10-10,24,2
RESTOCK_001693,STORE_02,SKU_073,2025-10-10,13,2
RESTOCK_005692,STORE_10,SKU_131,2025-10-10,9,4
RESTOCK_001333,STORE_11,SKU_075,2025-10-10,13,4
RESTOCK_006352,STORE_16,SKU_119,2025-10-10,20,2
RESTOCK_006769,STORE_13,SKU_204,2025-10-10,18,1
RESTOCK_001273,STORE_07,SKU_143,2025-10-10,9,4
RESTOCK_004646,STORE_10,SKU_046,2025-10-10,19,4
RESTOCK_002435,STORE_06,SKU_160,2025-10-10,20,1
RESTOCK_000772,STORE_18,SKU_171,2025-10-11,17,4
RESTOCK_000170,STORE_05,SKU_043,2025-10-11,29,2
RESTOCK_006944,STORE_10,SKU_076,2025-10-11,10,4
RESTOCK_004541,STORE_12,SKU_072,2025-10-11,38,2
RESTOCK_001032,STORE_14,SKU_215,2025-10-11,20,1
RESTOCK_000376,STORE_03,SKU_176,2025-10-11,15,3
RESTOCK_004778,STORE_07,SKU_121,2025-10-11,7,4
RESTOCK_001114,STORE_10,SKU_089,2025-10-11,19,2
RESTOCK_003871,STORE_07,SKU_182,2025-10-11,8,3
RESTOCK_000190,STORE_01,SKU_052,2025-10-11,13,4
RESTOCK_004682,STORE_14,SKU_214,2025-10-11,13,3
RESTOCK_001488,STORE_07,SKU_118,2025-10-11,9,4
RESTOCK_000252,STORE_04,SKU_248,2025-10-11,10,1
RESTOCK_000026,STORE_07,SKU_096,2025-10-11,13,3
RESTOCK_004011,STORE_01,SKU_247,2025-10-11,14,1
RESTOCK_004476,STORE_04,SKU_131,2025-10-11,9,4
RESTOCK_001583,STORE_18,SKU_119,2025-10-11,10,2
RESTOCK_001795,STORE_04,SKU_216,2025-10-11,22,2
RESTOCK_001255,STORE_16,SKU_113,2025-10-11,25,1
RESTOCK_000652,STORE_16,SKU_012,2025-10-11,26,1
RESTOCK_002682,STORE_13,SKU_007,2025-10-11,10,4
RESTOCK_000217,STORE_08,SKU_248,2025-10-11,13,2
RESTOCK_000428,STORE_07,SKU_075,2025-10-11,16,4
RESTOCK_000726,STORE_06,SKU_088,2025-10-12,14,2
RESTOCK_001732,STORE_10,SKU_100,2025-10-12,12,1
RESTOCK_003572,STORE_13,SKU_110,2025-10-12,27,4
RESTOCK_000710,STORE_06,SKU_166,2025-10-12,17,2
RESTOCK_002131,STORE_05,SKU_137,2025-10-12,26,2
RESTOCK_000905,STORE_07,SKU_134,2025-10-12,6,5
RESTOCK_002071,STORE_18,SKU_115,2025-10-12,17,3
RESTOCK_001339,STORE_17,SKU_182,2025-10-12,20,2
RESTOCK_002235,STORE_18,SKU_223,2025-10-12,16,1
RESTOCK_002303,STORE_08,SKU_055,2025-10-12,10,4
RESTOCK_001991,STORE_10,SKU_209,2025-10-12,23,3
RESTOCK_002381,STORE_12,SKU_004,2025-10-12,20,1
RESTOCK_001975,STORE_08,SKU_145,2025-10-12,23,1
RESTOCK_001260,STORE_13,SKU_245,2025-10-12,23,2
RESTOCK_002816,STORE_15,SKU_209,2025-10-12,16,1
RESTOCK_006812,STORE_06,SKU_103,2025-10-12,16,1
RESTOCK_006628,STORE_08,SKU_249,2025-10-12,13,2
RESTOCK_003075,STORE_05,SKU_122,2025-10-12,32,2
RESTOCK_001376,STORE_09,SKU_082,2025-10-12,17,2
RESTOCK_001087,STORE_17,SKU_189,2025-10-12,11,3
RESTOCK_003266,STORE_11,SKU_095,2025-10-12,13,6
RESTOCK_003298,STORE_16,SKU_122,2025-10-12,20,1
RESTOCK_000028,STORE_07,SKU_236,2025-10-12,9,5
RESTOCK_003502,STORE_18,SKU_079,2025-10-12,16,3
RESTOCK_006933,STORE_07,SKU_064,2025-10-12,19,3
RESTOCK_005885,STORE_01,SKU_219,2025-10-12,17,3
RESTOCK_000427,STORE_09,SKU_199,2025-10-12,12,3
RESTOCK_003779,STORE_13,SKU_058,2025-10-12,14,1
RESTOCK_004218,STORE_16,SKU_088,2025-10-12,20,1
RESTOCK_004872,STORE_05,SKU_047,2025-10-12,32,2
RESTOCK_004854,STORE_01,SKU_144,2025-10-12,14,2
RESTOCK_004742,STORE_14,SKU_112,2025-10-12,15,1
RESTOCK_004819,STORE_07,SKU_153,2025-10-12,10,5
RESTOCK_005597,STORE_18,SKU_170,2025-10-12,19,4
RESTOCK_005145,STORE_17,SKU_171,2025-10-12,12,3
RESTOCK_001473,STORE_17,SKU_096,2025-10-13,15,3
RESTOCK_006515,STORE_08,SKU_131,2025-10-13,14,4
RESTOCK_006781,STORE_04,SKU_119,2025-10-13,11,3
RESTOCK_006636,STORE_09,SKU_210,2025-10-13,23,2
RESTOCK_000045,STORE_08,SKU_186,2025-10-13,9,3
RESTOCK_004771,STORE_18,SKU_020,2025-10-13,24,3
RESTOCK_004073,STORE_18,SKU_242,2025-10-13,14,2
RESTOCK_000434,STORE_12,SKU_031,2025-10-13,20,1
RESTOCK_006675,STORE_03,SKU_046,2025-10-13,15,6
RESTOCK_006843,STORE_08,SKU_045,2025-10-13,14,3
RESTOCK_006738,STORE_10,SKU_131,2025-10-13,9,4
RESTOCK_003105,STORE_11,SKU_110,2025-10-13,13,5
RESTOCK_001533,STORE_10,SKU_063,2025-10-13,9,3
RESTOCK_001531,STORE_14,SKU_068,2025-10-13,24,1
RESTOCK_001514,STORE_02,SKU_162,2025-10-13,28,3
RESTOCK_002569,STORE_12,SKU_178,2025-10-13,22,2
RESTOCK_005962,STORE_18,SKU_221,2025-10-13,19,4
RESTOCK_002915,STORE_12,SKU_163,2025-10-13,30,2
RESTOCK_001306,STORE_10,SKU_246,2025-10-13,14,3
RESTOCK_000692,STORE_04,SKU_047,2025-10-13,21,3
RESTOCK_000928,STORE_15,SKU_079,2025-10-13,11,1
RESTOCK_006277,STORE_16,SKU_012,2025-10-13,26,1
RESTOCK_005682,STORE_05,SKU_225,2025-10-13,18,2
RESTOCK_005235,STORE_04,SKU_221,2025-10-13,17,2
RESTOCK_000845,STORE_02,SKU_214,2025-10-13,9,3
RESTOCK_000278,STORE_17,SKU_137,2025-10-13,13,2
RESTOCK_000696,STORE_08,SKU_071,2025-10-13,20,2
RESTOCK_002521,STORE_06,SKU_171,2025-10-13,18,2
RESTOCK_000068,STORE_15,SKU_153,2025-10-13,16,2
RESTOCK_006972,STORE_15,SKU_109,2025-10-13,20,4
RESTOCK_004616,STORE_14,SKU_226,2025-10-13,16,1
RESTOCK_002686,STORE_10,SKU_069,2025-10-14,26,3
RESTOCK_002621,STORE_09,SKU_029,2025-10-14,12,4
RESTOCK_004281,STORE_02,SKU_015,2025-10-14,24,3
RESTOCK_003291,STORE_13,SKU_037,2025-10-14,13,1
RESTOCK_001402,STORE_16,SKU_165,2025-10-14,25,2
RESTOCK_006153,STORE_06,SKU_118,2025-10-14,16,3
RESTOCK_001985,STORE_09,SKU_178,2025-10-14,16,1
RESTOCK_002374,STORE_06,SKU_121,2025-10-14,12,3
RESTOCK_006672,STORE_07,SKU_142,2025-10-14,12,3
RESTOCK_006310,STORE_13,SKU_234,2025-10-14,14,3
RESTOCK_005413,STORE_17,SKU_192,2025-10-14,16,2
RESTOCK_002285,STORE_16,SKU_061,2025-10-14,17,1
RESTOCK_006643,STORE_07,SKU_152,2025-10-14,10,4
RESTOCK_006098,STORE_13,SKU_089,2025-10-14,18,3
RESTOCK_004383,STORE_11,SKU_185,2025-10-14,6,3
RESTOCK_002975,STORE_08,SKU_154,2025-10-14,20,3
RESTOCK_004382,STORE_12,SKU_037,2025-10-14,18,1
RESTOCK_002833,STORE_06,SKU_213,2025-10-14,17,4
RESTOCK_005505,STORE_17,SKU_060,2025-10-14,10,3
RESTOCK_002042,STORE_09,SKU_085,2025-10-14,11,4
RESTOCK_004734,STORE_07,SKU_106,2025-10-14,8,6
RESTOCK_000346,STORE_14,SKU_102,2025-10-14,9,1
RESTOCK_005158,STORE_14,SKU_100,2025-10-14,16,3
RESTOCK_000013,STORE_06,SKU_039,2025-10-14,14,3
RESTOCK_003623,STORE_17,SKU_125,2025-10-14,9,4
RESTOCK_004160,STORE_16,SKU_212,2025-10-14,39,2
RESTOCK_000331,STORE_16,SKU_084,2025-10-14,28,2
RESTOCK_005786,STORE_14,SKU_023,2025-10-14,18,3
RESTOCK_003491,STORE_14,SKU_161,2025-10-14,20,2
RESTOCK_003562,STORE_09,SKU_090,2025-10-14,22,4
RESTOCK_004930,STORE_13,SKU_033,2025-10-14,13,4
RESTOCK_001014,STORE_04,SKU_030,2025-10-14,8,2
RESTOCK_004090,STORE_06,SKU_140,2025-10-14,15,2
RESTOCK_005627,STORE_07,SKU_133,2025-10-14,18,4
RESTOCK_005642,STORE_10,SKU_141,2025-10-14,9,2
RESTOCK_003996,STORE_12,SKU_004,2025-10-14,26,2
RESTOCK_005654,STORE_05,SKU_137,2025-10-14,20,1
RESTOCK_002130,STORE_06,SKU_007,2025-10-15,14,3
RESTOCK_001193,STORE_03,SKU_220,2025-10-15,7,4
RESTOCK_004755,STORE_09,SKU_012,2025-10-15,11,1
RESTOCK_003601,STORE_11,SKU_100,2025-10-15,13,3
RESTOCK_000174,STORE_16,SKU_047,2025-10-15,20,1
RESTOCK_002541,STORE_14,SKU_125,2025-10-15,14,4
RESTOCK_005298,STORE_18,SKU_034,2025-10-15,12,1
RESTOCK_000347,STORE_05,SKU_070,2025-10-15,20,1
RESTOCK_006039,STORE_09,SKU_049,2025-10-15,22,3
RESTOCK_001022,STORE_10,SKU_037,2025-10-15,16,4
RESTOCK_006392,STORE_05,SKU_012,2025-10-15,25,2
RESTOCK_000530,STORE_13,SKU_244,2025-10-15,10,3
RESTOCK_004018,STORE_14,SKU_134,2025-10-15,11,4
RESTOCK_003916,STORE_13,SKU_069,2025-10-15,16,3
RESTOCK_004893,STORE_13,SKU_120,2025-10-15,13,1
RESTOCK_006130,STORE_05,SKU_059,2025-10-15,18,1
RESTOCK_004825,STORE_06,SKU_021,2025-10-15,9,2
RESTOCK_001231,STORE_15,SKU_091,2025-10-15,10,4
RESTOCK_001233,STORE_08,SKU_180,2025-10-15,19,1
RESTOCK_003173,STORE_13,SKU_047,2025-10-15,11,1
RESTOCK_000402,STORE_05,SKU_071,2025-10-15,31,1
RESTOCK_003439,STORE_14,SKU_062,2025-10-15,21,1
RESTOCK_004815,STORE_10,SKU_164,2025-10-15,19,3
RESTOCK_000650,STORE_15,SKU_166,2025-10-15,12,1
RESTOCK_000310,STORE_12,SKU_062,2025-10-15,37,2
RESTOCK_006386,STORE_05,SKU_058,2025-10-16,37,2
RESTOCK_001794,STORE_07,SKU_231,2025-10-16,7,6
RESTOCK_005196,STORE_11,SKU_062,2025-10-16,15,3
RESTOCK_003194,STORE_12,SKU_102,2025-10-16,25,1
RESTOCK_002209,STORE_07,SKU_232,2025-10-16,9,4
RESTOCK_004533,STORE_07,SKU_053,2025-10-16,14,5
RESTOCK_003422,STORE_16,SKU_082,2025-10-16,29,2
RESTOCK_004017,STORE_13,SKU_047,2025-10-16,11,1
RESTOCK_000086,STORE_07,SKU_132,2025-10-16,14,5
RESTOCK_000724,STORE_06,SKU_215,2025-10-16,15,2
RESTOCK_002669,STORE_08,SKU_077,2025-10-16,18,2
RESTOCK_000907,STORE_01,SKU_162,2025-10-16,21,1
RESTOCK_004910,STORE_03,SKU_110,2025-10-16,9,4
RESTOCK_002053,STORE_10,SKU_112,2025-10-16,14,1
RESTOCK_004344,STORE_17,SKU_236,2025-10-16,13,2
RESTOCK_004043,STORE_12,SKU_249,2025-10-16,23,2
RESTOCK_003004,STORE_01,SKU_245,2025-10-16,10,3
RESTOCK_004426,STORE_06,SKU_208,2025-10-16,25,4
RESTOCK_000383,STORE_13,SKU_138,2025-10-16,18,4
RESTOCK_000241,STORE_14,SKU_146,2025-10-16,7,2
RESTOCK_001187,STORE_14,SKU_210,2025-10-16,16,3
RESTOCK_001239,STORE_16,SKU_073,2025-10-16,35,2
RESTOCK_004722,STORE_18,SKU_222,2025-10-16,21,3
RESTOCK_004873,STORE_11,SKU_136,2025-10-16,8,4
RESTOCK_001243,STORE_17,SKU_077,2025-10-16,14,2
RESTOCK_006552,STORE_07,SKU_194,2025-10-16,14,3
RESTOCK_004189,STORE_13,SKU_131,2025-10-16,12,3
RESTOCK_003497,STORE_07,SKU_041,2025-10-16,10,4
RESTOCK_004443,STORE_06,SKU_107,2025-10-16,11,1
RESTOCK_004946,STORE_18,SKU_112,2025-10-16,10,1
RESTOCK_004401,STORE_11,SKU_235,2025-10-16,10,4
RESTOCK_004640,STORE_13,SKU_166,2025-10-16,13,2
RESTOCK_001934,STORE_01,SKU_033,2025-10-16,20,4
RESTOCK_002439,STORE_03,SKU_128,2025-10-16,12,5
RESTOCK_004880,STORE_09,SKU_227,2025-10-17,17,2
RESTOCK_005292,STORE_15,SKU_079,2025-10-17,17,1
RESTOCK_006851,STORE_17,SKU_005,2025-10-17,9,2
RESTOCK_005496,STORE_12,SKU_002,2025-10-17,38,1
RESTOCK_001384,STORE_08,SKU_057,2025-10-17,10,3
RESTOCK_001435,STORE_18,SKU_044,2025-10-17,24,2
RESTOCK_006912,STORE_07,SKU_016,2025-10-17,18,3
RESTOCK_005355,STORE_14,SKU_009,2025-10-17,20,1
RESTOCK_001554,STORE_06,SKU_214,2025-10-17,13,2
RESTOCK_001241,STORE_05,SKU_076,2025-10-17,23,1
RESTOCK_006650,STORE_03,SKU_050,2025-10-17,9,4
RESTOCK_001272,STORE_11,SKU_084,2025-10-17,15,6
RESTOCK_001912,STORE_12,SKU_128,2025-10-17,20,1
RESTOCK_006019,STORE_18,SKU_176,2025-10-17,11,3
RESTOCK_003084,STORE_05,SKU_220,2025-10-17,18,2
RESTOCK_002953,STORE_04,SKU_057,2025-10-17,14,2
RESTOCK_002773,STORE_04,SKU_175,2025-10-17,17,3
RESTOCK_006097,STORE_11,SKU_204,2025-10-17,10,6
RESTOCK_004358,STORE_14,SKU_119,2025-10-17,13,4
RESTOCK_005508,STORE_14,SKU_093,2025-10-17,16,3
RESTOCK_003650,STORE_13,SKU_179,2025-10-17,18,4
RESTOCK_003589,STORE_10,SKU_039,2025-10-18,19,1
RESTOCK_000313,STORE_04,SKU_056,2025-10-18,11,1
RESTOCK_000980,STORE_02,SKU_080,2025-10-18,14,1
RESTOCK_002726,STORE_03,SKU_015,2025-10-18,12,3
RESTOCK_003689,STORE_08,SKU_124,2025-10-18,17,2
RESTOCK_004135,STORE_03,SKU_037,2025-10-18,6,4
RESTOCK_000176,STORE_01,SKU_071,2025-10-18,17,3
RESTOCK_001091,STORE_08,SKU_196,2025-10-18,13,4
RESTOCK_004965,STORE_13,SKU_184,2025-10-18,21,1
RESTOCK_000301,STORE_17,SKU_123,2025-10-18,12,1
RESTOCK_006863,STORE_15,SKU_217,2025-10-18,18,1
RESTOCK_000544,STORE_18,SKU_228,2025-10-18,17,2
RESTOCK_002707,STORE_05,SKU_171,2025-10-18,41,2
RESTOCK_003995,STORE_03,SKU_189,2025-10-18,17,6
RESTOCK_002930,STORE_09,SKU_151,2025-10-18,12,4
RESTOCK_002388,STORE_01,SKU_020,2025-10-18,11,2
RESTOCK_000767,STORE_06,SKU_054,2025-10-18,11,2
RESTOCK_004823,STORE_15,SKU_047,2025-10-18,12,1
RESTOCK_005500,STORE_02,SKU_065,2025-10-18,12,3
RESTOCK_001827,STORE_16,SKU_073,2025-10-18,33,1
RESTOCK_005215,STORE_02,SKU_223,2025-10-18,24,2
RESTOCK_000586,STORE_05,SKU_094,2025-10-18,25,1
RESTOCK_004274,STORE_04,SKU_047,2025-10-18,19,2
RESTOCK_003877,STORE_03,SKU_202,2025-10-18,7,5
RESTOCK_001715,STORE_07,SKU_013,2025-10-18,18,5
RESTOCK_004247,STORE_12,SKU_053,2025-10-18,19,2
RESTOCK_001671,STORE_05,SKU_006,2025-10-19,20,1
RESTOCK_003047,STORE_18,SKU_051,2025-10-19,15,1
RESTOCK_006768,STORE_06,SKU_102,2025-10-19,11,3
RESTOCK_001227,STORE_08,SKU_094,2025-10-19,11,1
RESTOCK_002931,STORE_12,SKU_211,2025-10-19,34,2
RESTOCK_006800,STORE_15,SKU_113,2025-10-19,23,1
RESTOCK_005927,STORE_05,SKU_131,2025-10-19,15,1
RESTOCK_000589,STORE_15,SKU_191,2025-10-19,16,3
RESTOCK_001467,STORE_10,SKU_126,2025-10-19,25,3
RESTOCK_000169,STORE_06,SKU_156,2025-10-19,16,3
RESTOCK_003161,STORE_02,SKU_077,2025-10-19,23,4
RESTOCK_004618,STORE_01,SKU_025,2025-10-19,9,3
RESTOCK_005898,STORE_13,SKU_107,2025-10-19,13,3
RESTOCK_001291,STORE_16,SKU_003,2025-10-19,33,1
RESTOCK_006773,STORE_13,SKU_001,2025-10-19,12,2
RESTOCK_004179,STORE_05,SKU_011,2025-10-19,23,1
RESTOCK_001341,STORE_15,SKU_057,2025-10-19,9,2
RESTOCK_004947,STORE_15,SKU_216,2025-10-19,13,2
RESTOCK_005404,STORE_08,SKU_151,2025-10-19,10,3
RESTOCK_005651,STORE_04,SKU_209,2025-10-19,27,3
RESTOCK_000965,STORE_16,SKU_034,2025-10-19,31,2
RESTOCK_002329,STORE_14,SKU_114,2025-10-19,13,4
RESTOCK_006923,STORE_06,SKU_022,2025-10-19,10,4
RESTOCK_003994,STORE_10,SKU_178,2025-10-19,21,2
RESTOCK_006266,STORE_10,SKU_130,2025-10-19,26,3
RESTOCK_000778,STORE_03,SKU_142,2025-10-19,15,5
RESTOCK_002405,STORE_02,SKU_073,2025-10-19,14,1
RESTOCK_003960,STORE_06,SKU_089,2025-10-19,14,1
RESTOCK_006233,STORE_18,SKU_045,2025-10-19,16,4
RESTOCK_001093,STORE_12,SKU_111,2025-10-19,27,1
RESTOCK_004048,STORE_12,SKU_180,2025-10-19,27,1
RESTOCK_001119,STORE_12,SKU_169,2025-10-19,28,2
RESTOCK_000719,STORE_06,SKU_211,2025-10-19,15,2
RESTOCK_001079,STORE_17,SKU_158,2025-10-19,15,1
RESTOCK_003016,STORE_07,SKU_160,2025-10-20,19,3
RESTOCK_002659,STORE_10,SKU_201,2025-10-20,11,2
RESTOCK_005499,STORE_08,SKU_109,2025-10-20,16,2
RESTOCK_000442,STORE_05,SKU_196,2025-10-20,21,2
RESTOCK_003148,STORE_10,SKU_102,2025-10-20,13,2
RESTOCK_002640,STORE_03,SKU_151,2025-10-20,10,3
RESTOCK_004472,STORE_07,SKU_156,2025-10-20,8,6
RESTOCK_000765,STORE_11,SKU_081,2025-10-20,10,6
RESTOCK_006126,STORE_05,SKU_158,2025-10-20,25,1
RESTOCK_000623,STORE_11,SKU_037,2025-10-20,6,5
RESTOCK_001904,STORE_13,SKU_031,2025-10-20,16,3
RESTOCK_006383,STORE_14,SKU_133,2025-10-20,14,2
RESTOCK_001987,STORE_01,SKU_043,2025-10-20,20,3
RESTOCK_002064,STORE_17,SKU_227,2025-10-20,15,1
RESTOCK_005802,STORE_16,SKU_116,2025-10-20,23,1
RESTOCK_003506,STORE_08,SKU_093,2025-10-20,15,2
RESTOCK_000373,STORE_11,SKU_240,2025-10-20,13,6
RESTOCK_004842,STORE_09,SKU_047,2025-10-20,17,2
RESTOCK_006332,STORE_04,SKU_180,2025-10-20,18,1
RESTOCK_005206,STORE_05,SKU_170,2025-10-20,41,1
RESTOCK_003812,STORE_05,SKU_081,2025-10-20,36,1
RESTOCK_002304,STORE_17,SKU_051,2025-10-20,19,2
RESTOCK_001336,STORE_14,SKU_190,2025-10-21,16,2
RESTOCK_006871,STORE_06,SKU_141,2025-10-21,10,2
RESTOCK_004813,STORE_05,SKU_202,2025-10-21,21,2
RESTOCK_000232,STORE_14,SKU_079,2025-10-21,14,2
RESTOCK_000194,STORE_03,SKU_081,2025-10-21,14,4
RESTOCK_005793,STORE_09,SKU_115,2025-10-21,18,2
RESTOCK_006763,STORE_06,SKU_227,2025-10-21,23,4
RESTOCK_003477,STORE_18,SKU_184,2025-10-21,25,4
RESTOCK_004145,STORE_16,SKU_044,2025-10-21,34,1
RESTOCK_005102,STORE_07,SKU_132,2025-10-21,18,3
RESTOCK_006941,STORE_09,SKU_106,2025-10-21,14,2
RESTOCK_006782,STORE_16,SKU_137,2025-10-21,22,1
RESTOCK_003687,STORE_16,SKU_055,2025-10-21,19,2
RESTOCK_004238,STORE_06,SKU_223,2025-10-21,19,2
RESTOCK_005867,STORE_13,SKU_021,2025-10-21,14,3
RESTOCK_002599,STORE_09,SKU_229,2025-10-21,10,2
RESTOCK_002725,STORE_01,SKU_163,2025-10-21,19,3
RESTOCK_002268,STORE_09,SKU_223,2025-10-21,19,1
RESTOCK_001857,STORE_11,SKU_064,2025-10-21,10,4
RESTOCK_006475,STORE_03,SKU_061,2025-10-21,8,5
RESTOCK_004385,STORE_15,SKU_175,2025-10-21,12,1
RESTOCK_005469,STORE_16,SKU_146,2025-10-21,23,1
RESTOCK_006311,STORE_10,SKU_013,2025-10-21,29,3
RESTOCK_001960,STORE_13,SKU_025,2025-10-21,12,1
RESTOCK_002353,STORE_06,SKU_189,2025-10-21,21,4
RESTOCK_006364,STORE_14,SKU_076,2025-10-21,21,4
RESTOCK_006635,STORE_05,SKU_218,2025-10-21,30,1
RESTOCK_001009,STORE_05,SKU_205,2025-10-22,36,1
RESTOCK_004906,STORE_13,SKU_108,2025-10-22,16,1
RESTOCK_004184,STORE_08,SKU_032,2025-10-22,12,2
RESTOCK_002732,STORE_17,SKU_082,2025-10-22,13,1
RESTOCK_005891,STORE_09,SKU_128,2025-10-22,21,3
RESTOCK_001020,STORE_06,SKU_201,2025-10-22,11,4
RESTOCK_001552,STORE_15,SKU_011,2025-10-22,11,3
RESTOCK_000158,STORE_02,SKU_247,2025-10-22,14,1
RESTOCK_002043,STORE_18,SKU_202,2025-10-22,12,2
RESTOCK_004131,STORE_03,SKU_157,2025-10-22,11,3
RESTOCK_002752,STORE_09,SKU_235,2025-10-22,17,1
RESTOCK_000674,STORE_06,SKU_188,2025-10-22,19,4
RESTOCK_005525,STORE_07,SKU_047,2025-10-22,9,5
RESTOCK_003532,STORE_10,SKU_006,2025-10-22,11,4
RESTOCK_000073,STORE_01,SKU_190,2025-10-22,21,1
RESTOCK_004812,STORE_13,SKU_054,2025-10-22,7,3
RESTOCK_000151,STORE_02,SKU_200,2025-10-22,11,3
RESTOCK_002728,STORE_15,SKU_195,2025-10-22,10,2
RESTOCK_003478,STORE_16,SKU_105,2025-10-22,22,2
RESTOCK_001925,STORE_15,SKU_242,2025-10-22,18,1
RESTOCK_004601,STORE_05,SKU_037,2025-10-22,17,2
RESTOCK_005935,STORE_10,SKU_050,2025-10-22,15,3
RESTOCK_005939,STORE_11,SKU_207,2025-10-22,14,5
RESTOCK_002995,STORE_03,SKU_191,2025-10-22,13,6
RESTOCK_004438,STORE_15,SKU_201,2025-10-22,16,2
RESTOCK_005966,STORE_07,SKU_248,2025-10-22,6,3
RESTOCK_000745,STORE_04,SKU_055,2025-10-22,10,4
RESTOCK_006246,STORE_06,SKU_111,2025-10-22,27,4
RESTOCK_002979,STORE_03,SKU_115,2025-10-22,17,5
RESTOCK_000178,STORE_06,SKU_224,2025-10-22,24,4
RESTOCK_000578,STORE_08,SKU_128,2025-10-22,21,2
RESTOCK_002690,STORE_10,SKU_006,2025-10-22,11,4
RESTOCK_004484,STORE_01,SKU_151,2025-10-22,12,2
RESTOCK_000940,STORE_10,SKU_208,2025-10-22,26,4
RESTOCK_004780,STORE_12,SKU_008,2025-10-22,25,2
RESTOCK_006617,STORE_03,SKU_108,2025-10-22,12,4
RESTOCK_003968,STORE_08,SKU_217,2025-10-22,18,3
RESTOCK_000245,STORE_08,SKU_122,2025-10-22,13,2
RESTOCK_002172,STORE_01,SKU_081,2025-10-23,21,3
RESTOCK_002656,STORE_01,SKU_118,2025-10-23,15,4
RESTOCK_006146,STORE_05,SKU_209,2025-10-23,36,1
RESTOCK_005276,STORE_01,SKU_087,2025-10-23,13,3
RESTOCK_005266,STORE_18,SKU_096,2025-10-23,15,3
RESTOCK_003922,STORE_02,SKU_168,2025-10-23,24,2
RESTOCK_006309,STORE_03,SKU_116,2025-10-23,15,4
RESTOCK_002747,STORE_12,SKU_036,2025-10-23,34,2
RESTOCK_006295,STORE_16,SKU_082,2025-10-23,30,2
RESTOCK_006911,STORE_08,SKU_249,2025-10-23,12,3
RESTOCK_001070,STORE_18,SKU_020,2025-10-23,16,2
RESTOCK_004389,STORE_13,SKU_068,2025-10-23,19,3
RESTOCK_000511,STORE_11,SKU_219,2025-10-23,11,5
RESTOCK_003676,STORE_14,SKU_062,2025-10-23,24,1
RESTOCK_000856,STORE_15,SKU_082,2025-10-23,19,1
RESTOCK_004598,STORE_08,SKU_241,2025-10-23,13,3
RESTOCK_000796,STORE_08,SKU_120,2025-10-23,21,2
RESTOCK_004550,STORE_02,SKU_129,2025-10-23,16,3
RESTOCK_001679,STORE_14,SKU_156,2025-10-23,15,1
RESTOCK_003592,STORE_02,SKU_025,2025-10-23,10,1
RESTOCK_006758,STORE_06,SKU_076,2025-10-23,10,2
RESTOCK_003124,STORE_11,SKU_205,2025-10-23,7,5
RESTOCK_004291,STORE_07,SKU_206,2025-10-23,9,5
RESTOCK_004407,STORE_16,SKU_052,2025-10-23,32,1
RESTOCK_001506,STORE_05,SKU_014,2025-10-23,31,1
RESTOCK_001860,STORE_18,SKU_100,2025-10-23,15,3
RESTOCK_002959,STORE_11,SKU_197,2025-10-23,6,6
RESTOCK_003211,STORE_07,SKU_111,2025-10-23,18,6
RESTOCK_002942,STORE_18,SKU_004,2025-10-23,16,3
RESTOCK_001911,STORE_13,SKU_206,2025-10-23,18,4
RESTOCK_004866,STORE_14,SKU_116,2025-10-23,18,1
RESTOCK_003240,STORE_15,SKU_177,2025-10-23,13,3
RESTOCK_006014,STORE_02,SKU_053,2025-10-23,15,3
RESTOCK_002925,STORE_12,SKU_060,2025-10-23,17,2
RESTOCK_005447,STORE_01,SKU_087,2025-10-23,14,2
RESTOCK_001382,STORE_13,SKU_065,2025-10-23,14,3
RESTOCK_001298,STORE_05,SKU_059,2025-10-23,13,1
RESTOCK_002882,STORE_14,SKU_200,2025-10-23,18,1
RESTOCK_006425,STORE_06,SKU_186,2025-10-23,10,4
RESTOCK_004128,STORE_10,SKU_218,2025-10-23,25,3
RESTOCK_004966,STORE_17,SKU_027,2025-10-23,13,3
RESTOCK_006792,STORE_03,SKU_224,2025-10-23,11,6
RESTOCK_003410,STORE_10,SKU_139,2025-10-23,13,2
RESTOCK_002819,STORE_08,SKU_107,2025-10-23,11,3
RESTOCK_006022,STORE_03,SKU_042,2025-10-23,12,3
RESTOCK_005450,STORE_12,SKU_173,2025-10-23,15,1
RESTOCK_006049,STORE_03,SKU_244,2025-10-23,8,4
RESTOCK_004319,STORE_06,SKU_182,2025-10-24,11,2
RESTOCK_000732,STORE_12,SKU_082,2025-10-24,29,1
RESTOCK_006996,STORE_03,SKU_186,2025-10-24,5,3
RESTOCK_003102,STORE_11,SKU_145,2025-10-24,13,6
RESTOCK_001624,STORE_13,SKU_179,2025-10-24,20,4
RESTOCK_002282,STORE_02,SKU_195,2025-10-24,10,4
RESTOCK_002531,STORE_03,SKU_009,2025-10-24,9,3
RESTOCK_001132,STORE_18,SKU_169,2025-10-24,13,2
RESTOCK_004297,STORE_10,SKU_232,2025-10-24,11,2
RESTOCK_005876,STORE_01,SKU_048,2025-10-24,19,2
RESTOCK_000780,STORE_01,SKU_175,2025-10-24,19,2
RESTOCK_001012,STORE_18,SKU_197,2025-10-24,14,2
RESTOCK_001539,STORE_08,SKU_103,2025-10-24,19,4
RESTOCK_005307,STORE_16,SKU_069,2025-10-24,22,2
RESTOCK_005431,STORE_17,SKU_157,2025-10-24,19,1
RESTOCK_006000,STORE_02,SKU_155,2025-10-24,18,4
RESTOCK_004038,STORE_17,SKU_181,2025-10-24,16,3
RESTOCK_005233,STORE_10,SKU_177,2025-10-24,14,3
RESTOCK_006452,STORE_12,SKU_018,2025-10-24,21,2
RESTOCK_001386,STORE_18,SKU_203,2025-10-24,24,2
RESTOCK_002013,STORE_17,SKU_201,2025-10-24,17,3
RESTOCK_002377,STORE_12,SKU_226,2025-10-24,19,2
RESTOCK_005314,STORE_12,SKU_057,2025-10-24,21,2
RESTOCK_002718,STORE_17,SKU_001,2025-10-24,12,2
RESTOCK_004976,STORE_06,SKU_117,2025-10-24,14,1
RESTOCK_003814,STORE_18,SKU_114,2025-10-24,18,1
RESTOCK_002310,STORE_10,SKU_069,2025-10-24,19,4
RESTOCK_002483,STORE_05,SKU_128,2025-10-24,23,2
RESTOCK_005983,STORE_14,SKU_104,2025-10-24,16,4
RESTOCK_003500,STORE_05,SKU_098,2025-10-24,17,2
RESTOCK_000197,STORE_16,SKU_112,2025-10-24,18,1
RESTOCK_000667,STORE_03,SKU_152,2025-10-24,9,3
RESTOCK_000120,STORE_11,SKU_201,2025-10-24,9,6
RESTOCK_005288,STORE_18,SKU_058,2025-10-25,15,1
RESTOCK_000987,STORE_02,SKU_109,2025-10-25,11,2
RESTOCK_006395,STORE_09,SKU_190,2025-10-25,25,3
RESTOCK_002695,STORE_03,SKU_066,2025-10-25,6,4
RESTOCK_005001,STORE_01,SKU_037,2025-10-25,14,2
RESTOCK_001609,STORE_01,SKU_068,2025-10-25,11,4
RESTOCK_000961,STORE_16,SKU_148,2025-10-25,35,2
RESTOCK_005134,STORE_06,SKU_147,2025-10-25,11,3
RESTOCK_002564,STORE_14,SKU_069,2025-10-25,16,2
RESTOCK_000406,STORE_03,SKU_024,2025-10-25,13,3
RESTOCK_002661,STORE_03,SKU_002,2025-10-25,11,6
RESTOCK_002129,STORE_16,SKU_019,2025-10-25,31,2
RESTOCK_006631,STORE_07,SKU_124,2025-10-25,10,3
RESTOCK_006544,STORE_18,SKU_168,2025-10-25,10,1
RESTOCK_003806,STORE_11,SKU_069,2025-10-25,12,6
RESTOCK_000744,STORE_11,SKU_095,2025-10-25,13,3
RESTOCK_004981,STORE_08,SKU_169,2025-10-25,14,4
RESTOCK_004227,STORE_15,SKU_015,2025-10-25,15,1
RESTOCK_006323,STORE_07,SKU_044,2025-10-25,10,6
RESTOCK_004178,STORE_06,SKU_182,2025-10-25,15,1
RESTOCK_001113,STORE_18,SKU_022,2025-10-25,14,4
RESTOCK_000182,STORE_03,SKU_167,2025-10-25,11,6
RESTOCK_001815,STORE_02,SKU_249,2025-10-25,17,4
RESTOCK_000491,STORE_06,SKU_127,2025-10-25,10,2
RESTOCK_006766,STORE_01,SKU_195,2025-10-25,10,1
RESTOCK_001725,STORE_10,SKU_026,2025-10-25,22,3
RESTOCK_004817,STORE_07,SKU_120,2025-10-25,16,6
RESTOCK_005400,STORE_11,SKU_245,2025-10-25,14,4
RESTOCK_002616,STORE_03,SKU_236,2025-10-26,9,5
RESTOCK_002135,STORE_10,SKU_104,2025-10-26,24,4
RESTOCK_004626,STORE_01,SKU_109,2025-10-26,13,2
RESTOCK_004689,STORE_14,SKU_170,2025-10-26,19,3
RESTOCK_004696,STORE_01,SKU_086,2025-10-26,26,1
RESTOCK_000440,STORE_07,SKU_034,2025-10-26,18,4
RESTOCK_004700,STORE_03,SKU_199,2025-10-26,9,3
RESTOCK_001771,STORE_07,SKU_008,2025-10-26,13,4
RESTOCK_000179,STORE_16,SKU_067,2025-10-26,18,1
RESTOCK_003327,STORE_16,SKU_182,2025-10-26,33,1
RESTOCK_006753,STORE_11,SKU_078,2025-10-26,12,6
RESTOCK_003272,STORE_05,SKU_190,2025-10-26,43,1
RESTOCK_003051,STORE_17,SKU_135,2025-10-26,13,3
RESTOCK_000575,STORE_17,SKU_077,2025-10-26,16,4
RESTOCK_003858,STORE_02,SKU_159,2025-10-26,27,4
RESTOCK_000911,STORE_17,SKU_125,2025-10-26,10,2
RESTOCK_006315,STORE_07,SKU_192,2025-10-26,11,5
RESTOCK_002438,STORE_08,SKU_167,2025-10-26,29,4
RESTOCK_003946,STORE_10,SKU_195,2025-10-26,10,2
RESTOCK_003156,STORE_13,SKU_097,2025-10-26,23,2
RESTOCK_005676,STORE_07,SKU_140,2025-10-26,13,6
RESTOCK_000372,STORE_01,SKU_200,2025-10-26,17,2
RESTOCK_004368,STORE_13,SKU_219,2025-10-26,20,1
RESTOCK_002183,STORE_07,SKU_003,2025-10-26,7,6
RESTOCK_001103,STORE_14,SKU_075,2025-10-26,12,4
RESTOCK_001028,STORE_07,SKU_025,2025-10-26,7,4
RESTOCK_001167,STORE_14,SKU_208,2025-10-26,13,3
RESTOCK_004437,STORE_04,SKU_063,2025-10-26,13,1
RESTOCK_005260,STORE_08,SKU_012,2025-10-26,10,4
RESTOCK_003437,STORE_09,SKU_243,2025-10-26,20,3
RESTOCK_003461,STORE_17,SKU_070,2025-10-26,19,1
RESTOCK_005581,STORE_12,SKU_125,2025-10-26,18,1
RESTOCK_005795,STORE_07,SKU_212,2025-10-27,8,5
RESTOCK_003231,STORE_09,SKU_207,2025-10-27,17,3
RESTOCK_002799,STORE_12,SKU_077,2025-10-27,23,1
RESTOCK_003256,STORE_07,SKU_135,2025-10-27,13,5
RESTOCK_002251,STORE_05,SKU_132,2025-10-27,38,1
RESTOCK_006208,STORE_08,SKU_115,2025-10-27,26,4
RESTOCK_002795,STORE_03,SKU_218,2025-10-27,19,3
RESTOCK_002513,STORE_03,SKU_080,2025-10-27,13,5
RESTOCK_005711,STORE_13,SKU_179,2025-10-27,22,4
RESTOCK_000554,STORE_01,SKU_220,2025-10-27,10,2
RESTOCK_001626,STORE_11,SKU_218,2025-10-27,10,6
RESTOCK_002486,STORE_03,SKU_216,2025-10-27,17,5
RESTOCK_000234,STORE_08,SKU_167,2025-10-27,26,4
RESTOCK_006016,STORE_15,SKU_106,2025-10-27,14,2
RESTOCK_004395,STORE_07,SKU_152,2025-10-27,10,6
RESTOCK_003556,STORE_17,SKU_138,2025-10-27,20,3
RESTOCK_005735,STORE_14,SKU_171,2025-10-27,19,2
RESTOCK_004828,STORE_06,SKU_159,2025-10-27,18,3
RESTOCK_006839,STORE_13,SKU_045,2025-10-27,20,1
RESTOCK_006178,STORE_07,SKU_008,2025-10-27,11,6
RESTOCK_002085,STORE_18,SKU_122,2025-10-27,10,2
RESTOCK_000849,STORE_05,SKU_125,2025-10-27,21,2
RESTOCK_001745,STORE_01,SKU_223,2025-10-27,20,4
RESTOCK_000636,STORE_18,SKU_051,2025-10-27,16,3
RESTOCK_003364,STORE_15,SKU_020,2025-10-27,23,2
RESTOCK_003155,STORE_12,SKU_234,2025-10-27,36,1
RESTOCK_000053,STORE_02,SKU_141,2025-10-27,10,3
RESTOCK_000449,STORE_09,SKU_037,2025-10-27,11,1
RESTOCK_000766,STORE_15,SKU_186,2025-10-27,11,2
RESTOCK_005132,STORE_01,SKU_241,2025-10-27,13,1
RESTOCK_004196,STORE_01,SKU_062,2025-10-27,17,3
RESTOCK_006253,STORE_17,SKU_040,2025-10-27,18,3
RESTOCK_003656,STORE_18,SKU_070,2025-10-27,16,1
RESTOCK_006367,STORE_02,SKU_047,2025-10-27,18,3
RESTOCK_006132,STORE_15,SKU_156,2025-10-27,15,2
RESTOCK_002624,STORE_11,SKU_100,2025-10-28,14,6
RESTOCK_001608,STORE_01,SKU_076,2025-10-28,15,2
RESTOCK_002436,STORE_14,SKU_192,2025-10-28,13,4
RESTOCK_004972,STORE_09,SKU_103,2025-10-28,16,2
RESTOCK_002499,STORE_08,SKU_072,2025-10-28,14,3
RESTOCK_000488,STORE_13,SKU_201,2025-10-28,13,3
RESTOCK_001135,STORE_13,SKU_085,2025-10-28,20,4
RESTOCK_005056,STORE_10,SKU_141,2025-10-28,11,1
RESTOCK_003884,STORE_14,SKU_184,2025-10-28,16,1
RESTOCK_000941,STORE_14,SKU_051,2025-10-28,12,3
RESTOCK_002939,STORE_03,SKU_125,2025-10-28,8,3
RESTOCK_000564,STORE_10,SKU_124,2025-10-28,13,3
RESTOCK_003878,STORE_05,SKU_093,2025-10-28,26,2
RESTOCK_001328,STORE_03,SKU_174,2025-10-28,10,4
RESTOCK_006771,STORE_15,SKU_202,2025-10-28,13,1
RESTOCK_006269,STORE_06,SKU_118,2025-10-28,11,4
RESTOCK_004577,STORE_13,SKU_237,2025-10-28,14,2
RESTOCK_003673,STORE_10,SKU_183,2025-10-28,19,4
RESTOCK_003954,STORE_18,SKU_146,2025-10-28,11,2
RESTOCK_004747,STORE_04,SKU_149,2025-10-28,14,2
RESTOCK_001768,STORE_18,SKU_165,2025-10-28,9,2
RESTOCK_006647,STORE_02,SKU_195,2025-10-28,9,1
RESTOCK_003275,STORE_01,SKU_221,2025-10-28,17,2
RESTOCK_006670,STORE_05,SKU_139,2025-10-28,23,2
RESTOCK_004252,STORE_03,SKU_080,2025-10-28,11,4
RESTOCK_002279,STORE_05,SKU_239,2025-10-29,38,1
RESTOCK_002783,STORE_17,SKU_206,2025-10-29,18,1
RESTOCK_003890,STORE_14,SKU_162,2025-10-29,18,2
RESTOCK_006945,STORE_14,SKU_060,2025-10-29,10,3
RESTOCK_002775,STORE_13,SKU_132,2025-10-29,15,4
RESTOCK_002764,STORE_01,SKU_078,2025-10-29,12,4
RESTOCK_006721,STORE_14,SKU_100,2025-10-29,20,3
RESTOCK_004967,STORE_05,SKU_166,2025-10-29,35,1
RESTOCK_003496,STORE_11,SKU_087,2025-10-29,10,3
RESTOCK_002219,STORE_12,SKU_004,2025-10-29,18,2
RESTOCK_001582,STORE_16,SKU_172,2025-10-29,21,1
RESTOCK_006469,STORE_02,SKU_039,2025-10-29,12,4
RESTOCK_004299,STORE_18,SKU_168,2025-10-29,16,3
RESTOCK_006698,STORE_15,SKU_071,2025-10-29,11,2
RESTOCK_000382,STORE_12,SKU_237,2025-10-29,22,2
RESTOCK_006924,STORE_05,SKU_117,2025-10-29,19,1
RESTOCK_005738,STORE_06,SKU_070,2025-10-29,13,4
RESTOCK_003800,STORE_05,SKU_121,2025-10-29,17,1
RESTOCK_006673,STORE_13,SKU_086,2025-10-29,17,3
RESTOCK_004023,STORE_07,SKU_108,2025-10-29,10,6
RESTOCK_004021,STORE_15,SKU_071,2025-10-29,11,2
RESTOCK_003222,STORE_04,SKU_134,2025-10-29,9,1
RESTOCK_005730,STORE_13,SKU_056,2025-10-29,13,3
RESTOCK_004058,STORE_14,SKU_092,2025-10-29,10,1
RESTOCK_006143,STORE_13,SKU_185,2025-10-30,12,4
RESTOCK_003141,STORE_09,SKU_116,2025-10-30,18,1
RESTOCK_002670,STORE_02,SKU_136,2025-10-30,11,1
RESTOCK_004162,STORE_15,SKU_096,2025-10-30,15,3
RESTOCK_002465,STORE_09,SKU_087,2025-10-30,13,2
RESTOCK_006052,STORE_13,SKU_080,2025-10-30,11,3
RESTOCK_004380,STORE_16,SKU_043,2025-10-30,27,2
RESTOCK_003074,STORE_18,SKU_247,2025-10-30,23,2
RESTOCK_000246,STORE_02,SKU_236,2025-10-30,7,3
RESTOCK_003034,STORE_04,SKU_206,2025-10-30,11,4
RESTOCK_004067,STORE_07,SKU_223,2025-10-30,15,4
RESTOCK_001943,STORE_06,SKU_127,2025-10-30,10,1
RESTOCK_004303,STORE_02,SKU_155,2025-10-30,19,1
RESTOCK_006538,STORE_17,SKU_197,2025-10-30,10,4
RESTOCK_000490,STORE_01,SKU_225,2025-10-30,10,1
RESTOCK_001321,STORE_15,SKU_199,2025-10-30,14,3
RESTOCK_003598,STORE_15,SKU_218,2025-10-30,14,4
RESTOCK_006697,STORE_18,SKU_036,2025-10-30,18,3
RESTOCK_000125,STORE_10,SKU_183,2025-10-30,20,2
RESTOCK_006345,STORE_05,SKU_048,2025-10-30,34,2
RESTOCK_002237,STORE_04,SKU_236,2025-10-30,9,3
RESTOCK_005343,STORE_15,SKU_248,2025-10-30,10,4
RESTOCK_003568,STORE_03,SKU_182,2025-10-30,8,6
RESTOCK_002025,STORE_10,SKU_214,2025-10-31,14,4
RESTOCK_003847,STORE_15,SKU_057,2025-10-31,14,2
RESTOCK_002375,STORE_18,SKU_197,2025-10-31,12,4
RESTOCK_005281,STORE_03,SKU_181,2025-10-31,6,6
RESTOCK_000798,STORE_08,SKU_199,2025-10-31,13,1
RESTOCK_004707,STORE_14,SKU_092,2025-10-31,9,3
RESTOCK_002227,STORE_10,SKU_184,2025-10-31,12,1
RESTOCK_005825,STORE_15,SKU_069,2025-10-31,16,1
RESTOCK_003832,STORE_04,SKU_124,2025-10-31,12,1
RESTOCK_006711,STORE_16,SKU_110,2025-10-31,38,1
RESTOCK_000497,STORE_16,SKU_092,2025-10-31,22,2
RESTOCK_005219,STORE_02,SKU_250,2025-10-31,17,1
RESTOCK_005823,STORE_16,SKU_154,2025-10-31,20,1
RESTOCK_005321,STORE_04,SKU_198,2025-10-31,14,3
RESTOCK_001782,STORE_14,SKU_177,2025-10-31,14,3
RESTOCK_005022,STORE_09,SKU_250,2025-10-31,15,4
RESTOCK_003208,STORE_09,SKU_114,2025-10-31,24,3
RESTOCK_002029,STORE_17,SKU_031,2025-10-31,9,2
RESTOCK_002792,STORE_16,SKU_023,2025-10-31,34,1
RESTOCK_006584,STORE_04,SKU_066,2025-10-31,9,1
RESTOCK_003552,STORE_10,SKU_235,2025-10-31,13,4
RESTOCK_003886,STORE_12,SKU_017,2025-10-31,31,1
RESTOCK_006822,STORE_03,SKU_148,2025-10-31,10,5
RESTOCK_006163,STORE_01,SKU_023,2025-10-31,13,4
RESTOCK_001364,STORE_18,SKU_061,2025-10-31,14,1
RESTOCK_000613,STORE_10,SKU_100,2025-10-31,13,3
RESTOCK_001543,STORE_11,SKU_116,2025-10-31,8,5
RESTOCK_003495,STORE_06,SKU_063,2025-10-31,11,4
RESTOCK_005567,STORE_13,SKU_250,2025-10-31,15,2
RESTOCK_005576,STORE_10,SKU_232,2025-10-31,16,1
RESTOCK_000042,STORE_17,SKU_221,2025-11-01,15,4
RESTOCK_001440,STORE_15,SKU_164,2025-11-01,13,4
RESTOCK_000475,STORE_12,SKU_103,2025-11-01,38,2
RESTOCK_003019,STORE_12,SKU_223,2025-11-01,20,2
RESTOCK_004393,STORE_15,SKU_076,2025-11-01,17,2
RESTOCK_000046,STORE_04,SKU_085,2025-11-01,11,1
RESTOCK_006623,STORE_06,SKU_095,2025-11-01,17,1
RESTOCK_003536,STORE_13,SKU_221,2025-11-01,12,1
RESTOCK_006932,STORE_03,SKU_086,2025-11-01,16,6
RESTOCK_005543,STORE_08,SKU_148,2025-11-01,14,2
RESTOCK_004201,STORE_01,SKU_092,2025-11-01,13,2
RESTOCK_006814,STORE_02,SKU_245,2025-11-01,17,2
RESTOCK_003406,STORE_02,SKU_125,2025-11-01,14,3
RESTOCK_005854,STORE_17,SKU_157,2025-11-01,18,3
RESTOCK_006134,STORE_16,SKU_058,2025-11-01,29,2
RESTOCK_002800,STORE_02,SKU_179,2025-11-01,14,4
RESTOCK_001491,STORE_03,SKU_144,2025-11-01,9,4
RESTOCK_006398,STORE_04,SKU_218,2025-11-01,17,1
RESTOCK_000888,STORE_08,SKU_015,2025-11-01,25,3
RESTOCK_002611,STORE_07,SKU_033,2025-11-01,15,3
RESTOCK_000283,STORE_16,SKU_182,2025-11-01,26,2
RESTOCK_005734,STORE_16,SKU_147,2025-11-01,18,2
RESTOCK_004952,STORE_18,SKU_074,2025-11-01,16,1
RESTOCK_005777,STORE_12,SKU_110,2025-11-01,37,2
RESTOCK_004973,STORE_06,SKU_192,2025-11-01,16,3
RESTOCK_004840,STORE_03,SKU_137,2025-11-01,7,4
RESTOCK_003169,STORE_07,SKU_153,2025-11-01,11,5
RESTOCK_006712,STORE_03,SKU_197,2025-11-01,10,3
RESTOCK_004884,STORE_14,SKU_016,2025-11-01,17,3
RESTOCK_003165,STORE_03,SKU_243,2025-11-01,12,3
RESTOCK_002676,STORE_17,SKU_117,2025-11-02,24,4
RESTOCK_002582,STORE_15,SKU_169,2025-11-02,14,2
RESTOCK_005166,STORE_08,SKU_180,2025-11-02,21,1
RESTOCK_000485,STORE_07,SKU_092,2025-11-02,11,6
RESTOCK_002834,STORE_11,SKU_090,2025-11-02,8,5
RESTOCK_001678,STORE_06,SKU_225,2025-11-02,14,3
RESTOCK_004576,STORE_17,SKU_128,2025-11-02,13,2
RESTOCK_003943,STORE_08,SKU_208,2025-11-02,27,3
RESTOCK_006390,STORE_11,SKU_241,2025-11-02,6,5
RESTOCK_006890,STORE_03,SKU_067,2025-11-02,10,3
RESTOCK_005398,STORE_05,SKU_143,2025-11-02,29,1
RESTOCK_005061,STORE_08,SKU_089,2025-11-02,12,4
RESTOCK_001821,STORE_15,SKU_109,2025-11-02,19,3
RESTOCK_001806,STORE_12,SKU_027,2025-11-02,18,1
RESTOCK_000799,STORE_14,SKU_052,2025-11-02,19,3
RESTOCK_002685,STORE_11,SKU_069,2025-11-02,13,6
RESTOCK_005070,STORE_13,SKU_230,2025-11-02,14,4
RESTOCK_005577,STORE_02,SKU_095,2025-11-02,17,2
RESTOCK_004508,STORE_10,SKU_065,2025-11-02,12,2
RESTOCK_003837,STORE_18,SKU_244,2025-11-02,13,3
RESTOCK_000199,STORE_02,SKU_126,2025-11-02,18,3
RESTOCK_004429,STORE_16,SKU_063,2025-11-02,23,2
RESTOCK_002976,STORE_01,SKU_121,2025-11-02,11,2
RESTOCK_003563,STORE_05,SKU_245,2025-11-02,17,2
RESTOCK_000344,STORE_15,SKU_138,2025-11-02,21,2
RESTOCK_000439,STORE_10,SKU_075,2025-11-02,17,4
RESTOCK_006848,STORE_01,SKU_060,2025-11-02,11,3
RESTOCK_005550,STORE_14,SKU_174,2025-11-02,18,1
RESTOCK_001754,STORE_17,SKU_200,2025-11-02,22,4
RESTOCK_003504,STORE_11,SKU_015,2025-11-03,9,3
RESTOCK_005072,STORE_10,SKU_108,2025-11-03,11,3
RESTOCK_005552,STORE_12,SKU_138,2025-11-03,34,2
RESTOCK_002877,STORE_04,SKU_082,2025-11-03,10,1
RESTOCK_000551,STORE_02,SKU_120,2025-11-03,29,3
RESTOCK_000404,STORE_03,SKU_199,2025-11-03,7,5
RESTOCK_006856,STORE_03,SKU_078,2025-11-03,7,5
RESTOCK_004555,STORE_04,SKU_003,2025-11-03,15,1
RESTOCK_004359,STORE_09,SKU_213,2025-11-03,15,3
RESTOCK_006591,STORE_02,SKU_233,2025-11-03,10,3
RESTOCK_002796,STORE_10,SKU_194,2025-11-03,20,1
RESTOCK_005541,STORE_06,SKU_248,2025-11-03,10,3
RESTOCK_005991,STORE_10,SKU_073,2025-11-03,15,1
RESTOCK_004462,STORE_10,SKU_242,2025-11-03,21,4
RESTOCK_005115,STORE_06,SKU_026,2025-11-03,20,1
RESTOCK_003360,STORE_16,SKU_023,2025-11-03,31,1
RESTOCK_006101,STORE_02,SKU_020,2025-11-03,16,3
RESTOCK_006103,STORE_09,SKU_049,2025-11-03,19,4
RESTOCK_001740,STORE_07,SKU_123,2025-11-03,10,4
RESTOCK_006473,STORE_03,SKU_034,2025-11-03,13,5
RESTOCK_006346,STORE_04,SKU_067,2025-11-03,16,4
RESTOCK_006571,STORE_03,SKU_238,2025-11-03,10,4
RESTOCK_001258,STORE_16,SKU_186,2025-11-03,19,1
RESTOCK_005950,STORE_17,SKU_133,2025-11-03,17,3
RESTOCK_000709,STORE_06,SKU_071,2025-11-03,18,3
RESTOCK_004540,STORE_15,SKU_206,2025-11-04,20,1
RESTOCK_002831,STORE_14,SKU_070,2025-11-04,20,3
RESTOCK_003474,STORE_01,SKU_175,2025-11-04,16,3
RESTOCK_006217,STORE_13,SKU_072,2025-11-04,27,1
RESTOCK_003347,STORE_17,SKU_249,2025-11-04,11,3
RESTOCK_004772,STORE_05,SKU_072,2025-11-04,30,1
RESTOCK_000572,STORE_13,SKU_033,2025-11-04,19,1
RESTOCK_003594,STORE_10,SKU_224,2025-11-04,22,2
RESTOCK_004511,STORE_01,SKU_026,2025-11-04,25,4
RESTOCK_005023,STORE_13,SKU_026,2025-11-04,13,1
RESTOCK_000432,STORE_05,SKU_190,2025-11-04,40,2
RESTOCK_004427,STORE_04,SKU_015,2025-11-04,15,3
RESTOCK_000637,STORE_10,SKU_216,2025-11-04,20,2
RESTOCK_005677,STORE_12,SKU_062,2025-11-04,32,1
RESTOCK_003316,STORE_04,SKU_155,2025-11-04,25,4
RESTOCK_005160,STORE_15,SKU_226,2025-11-04,12,2
RESTOCK_000210,STORE_03,SKU_114,2025-11-04,18,5
RESTOCK_006089,STORE_05,SKU_094,2025-11-04,19,1
RESTOCK_003574,STORE_15,SKU_068,2025-11-04,23,3
RESTOCK_005356,STORE_03,SKU_061,2025-11-04,10,6
RESTOCK_004841,STORE_16,SKU_145,2025-11-04,23,1
RESTOCK_004748,STORE_05,SKU_130,2025-11-04,33,2
RESTOCK_000508,STORE_01,SKU_233,2025-11-04,14,3
RESTOCK_003261,STORE_10,SKU_038,2025-11-04,15,3
RESTOCK_000281,STORE_09,SKU_221,2025-11-04,23,2
RESTOCK_000653,STORE_17,SKU_170,2025-11-04,19,4
RESTOCK_004759,STORE_12,SKU_244,2025-11-04,23,1
RESTOCK_000458,STORE_10,SKU_077,2025-11-04,16,2
RESTOCK_000947,STORE_01,SKU_127,2025-11-04,10,1
RESTOCK_002929,STORE_15,SKU_174,2025-11-04,20,2
RESTOCK_000447,STORE_15,SKU_167,2025-11-04,17,4
RESTOCK_002891,STORE_17,SKU_032,2025-11-04,10,3
RESTOCK_001008,STORE_02,SKU_149,2025-11-04,16,1
RESTOCK_002839,STORE_13,SKU_014,2025-11-04,11,4
RESTOCK_002238,STORE_18,SKU_001,2025-11-04,13,2
RESTOCK_003409,STORE_15,SKU_070,2025-11-04,18,3
RESTOCK_006096,STORE_08,SKU_230,2025-11-04,14,2
RESTOCK_000218,STORE_03,SKU_136,2025-11-05,7,3
RESTOCK_000779,STORE_03,SKU_204,2025-11-05,12,5
RESTOCK_000387,STORE_18,SKU_129,2025-11-05,12,1
RESTOCK_003633,STORE_17,SKU_198,2025-11-05,11,1
RESTOCK_003956,STORE_16,SKU_122,2025-11-05,20,2
RESTOCK_002111,STORE_02,SKU_144,2025-11-05,11,3
RESTOCK_004473,STORE_11,SKU_026,2025-11-05,12,4
RESTOCK_003988,STORE_06,SKU_198,2025-11-05,12,2
RESTOCK_000297,STORE_12,SKU_118,2025-11-05,36,2
RESTOCK_003845,STORE_01,SKU_168,2025-11-05,19,2
RESTOCK_005000,STORE_10,SKU_010,2025-11-05,17,3
RESTOCK_005819,STORE_12,SKU_064,2025-11-05,28,1
RESTOCK_002266,STORE_02,SKU_229,2025-11-05,18,1
RESTOCK_000730,STORE_08,SKU_022,2025-11-05,11,1
RESTOCK_000371,STORE_01,SKU_016,2025-11-05,28,4
RESTOCK_002270,STORE_17,SKU_026,2025-11-05,13,2
RESTOCK_000821,STORE_07,SKU_106,2025-11-05,8,4
RESTOCK_005859,STORE_17,SKU_042,2025-11-05,12,2
RESTOCK_004552,STORE_06,SKU_107,2025-11-05,11,4
RESTOCK_002242,STORE_15,SKU_211,2025-11-05,16,4
RESTOCK_000147,STORE_17,SKU_140,2025-11-05,10,1
RESTOCK_004538,STORE_14,SKU_147,2025-11-05,11,3
RESTOCK_001177,STORE_06,SKU_014,2025-11-05,18,2
RESTOCK_003467,STORE_11,SKU_220,2025-11-05,14,4
RESTOCK_002963,STORE_13,SKU_175,2025-11-05,16,2
RESTOCK_004653,STORE_12,SKU_055,2025-11-05,18,1
RESTOCK_006237,STORE_10,SKU_152,2025-11-05,12,1
RESTOCK_006437,STORE_13,SKU_246,2025-11-05,16,4
RESTOCK_003850,STORE_06,SKU_117,2025-11-05,13,4
RESTOCK_006580,STORE_12,SKU_181,2025-11-05,23,2
RESTOCK_005592,STORE_12,SKU_068,2025-11-05,35,2
RESTOCK_006204,STORE_14,SKU_132,2025-11-05,12,2
RESTOCK_000450,STORE_10,SKU_081,2025-11-05,26,2
RESTOCK_003199,STORE_08,SKU_160,2025-11-06,25,2
RESTOCK_002837,STORE_03,SKU_028,2025-11-06,11,5
RESTOCK_002971,STORE_03,SKU_018,2025-11-06,6,5
RESTOCK_005830,STORE_13,SKU_078,2025-11-06,14,4
RESTOCK_003530,STORE_05,SKU_116,2025-11-06,46,1
RESTOCK_004236,STORE_05,SKU_215,2025-11-06,27,2
RESTOCK_006638,STORE_05,SKU_206,2025-11-06,19,2
RESTOCK_001675,STORE_15,SKU_032,2025-11-06,8,2
RESTOCK_002886,STORE_11,SKU_188,2025-11-06,8,5
RESTOCK_004120,STORE_12,SKU_191,2025-11-06,28,2
RESTOCK_000593,STORE_02,SKU_172,2025-11-06,14,4
RESTOCK_003822,STORE_18,SKU_197,2025-11-06,11,1
RESTOCK_000420,STORE_16,SKU_229,2025-11-06,39,1
RESTOCK_005621,STORE_14,SKU_065,2025-11-06,14,4
RESTOCK_003091,STORE_13,SKU_127,2025-11-06,12,2
RESTOCK_006529,STORE_16,SKU_101,2025-11-06,23,2
RESTOCK_000023,STORE_12,SKU_092,2025-11-06,18,1
RESTOCK_006560,STORE_13,SKU_035,2025-11-06,17,2
RESTOCK_003678,STORE_04,SKU_093,2025-11-06,16,4
RESTOCK_003542,STORE_04,SKU_191,2025-11-06,26,1
RESTOCK_005889,STORE_10,SKU_190,2025-11-06,29,1
RESTOCK_006500,STORE_11,SKU_062,2025-11-06,14,6
RESTOCK_006480,STORE_12,SKU_132,2025-11-06,30,2
RESTOCK_000211,STORE_01,SKU_020,2025-11-06,14,1
RESTOCK_004661,STORE_11,SKU_019,2025-11-06,8,3
RESTOCK_000518,STORE_08,SKU_154,2025-11-06,18,2
RESTOCK_002444,STORE_06,SKU_009,2025-11-06,15,1
RESTOCK_006182,STORE_03,SKU_016,2025-11-06,14,5
RESTOCK_004505,STORE_16,SKU_009,2025-11-06,31,1
RESTOCK_000056,STORE_14,SKU_057,2025-11-06,13,2
RESTOCK_004698,STORE_14,SKU_090,2025-11-06,11,2
RESTOCK_005310,STORE_10,SKU_102,2025-11-06,9,4
RESTOCK_001064,STORE_11,SKU_239,2025-11-07,8,4
RESTOCK_006362,STORE_16,SKU_218,2025-11-07,20,2
RESTOCK_002291,STORE_06,SKU_078,2025-11-07,14,4
RESTOCK_002315,STORE_11,SKU_217,2025-11-07,13,4
RESTOCK_006202,STORE_10,SKU_068,2025-11-07,14,1
RESTOCK_003044,STORE_08,SKU_111,2025-11-07,18,1
RESTOCK_003394,STORE_02,SKU_160,2025-11-07,21,2
RESTOCK_005478,STORE_11,SKU_116,2025-11-07,8,5
RESTOCK_002096,STORE_05,SKU_172,2025-11-07,23,2
RESTOCK_006140,STORE_03,SKU_231,2025-11-07,10,3
RESTOCK_000295,STORE_16,SKU_162,2025-11-07,28,1
RESTOCK_002476,STORE_17,SKU_237,2025-11-07,12,2
RESTOCK_001198,STORE_17,SKU_236,2025-11-07,9,2
RESTOCK_000343,STORE_05,SKU_160,2025-11-07,30,2
RESTOCK_005345,STORE_01,SKU_062,2025-11-07,10,4
RESTOCK_001342,STORE_16,SKU_083,2025-11-07,30,2
RESTOCK_002841,STORE_02,SKU_112,2025-11-07,9,3
RESTOCK_000890,STORE_15,SKU_185,2025-11-07,14,3
RESTOCK_003899,STORE_10,SKU_114,2025-11-07,22,1
RESTOCK_006021,STORE_18,SKU_168,2025-11-07,17,3
RESTOCK_002050,STORE_16,SKU_217,2025-11-07,27,2
RESTOCK_001919,STORE_05,SKU_226,2025-11-07,36,2
RESTOCK_001978,STORE_06,SKU_164,2025-11-07,19,3
RESTOCK_002909,STORE_18,SKU_247,2025-11-07,16,3
RESTOCK_001486,STORE_04,SKU_023,2025-11-07,14,3
RESTOCK_002002,STORE_05,SKU_230,2025-11-07,32,1
RESTOCK_000102,STORE_14,SKU_221,2025-11-07,16,1
RESTOCK_003009,STORE_12,SKU_011,2025-11-07,16,1
RESTOCK_004452,STORE_05,SKU_233,2025-11-07,19,1
RESTOCK_003615,STORE_01,SKU_068,2025-11-07,12,2
RESTOCK_005184,STORE_06,SKU_173,2025-11-07,12,4
RESTOCK_003002,STORE_04,SKU_106,2025-11-07,13,4
RESTOCK_001520,STORE_05,SKU_241,2025-11-07,27,2
RESTOCK_002212,STORE_01,SKU_068,2025-11-07,12,1
RESTOCK_004420,STORE_04,SKU_049,2025-11-07,28,2
RESTOCK_006124,STORE_18,SKU_049,2025-11-08,14,2
RESTOCK_000012,STORE_12,SKU_008,2025-11-08,21,2
RESTOCK_006519,STORE_17,SKU_142,2025-11-08,12,1
RESTOCK_002157,STORE_14,SKU_047,2025-11-08,16,2
RESTOCK_004435,STORE_13,SKU_053,2025-11-08,10,1
RESTOCK_002750,STORE_05,SKU_225,2025-11-08,21,1
RESTOCK_000515,STORE_08,SKU_093,2025-11-08,15,2
RESTOCK_001697,STORE_14,SKU_166,2025-11-08,12,3
RESTOCK_006334,STORE_04,SKU_157,2025-11-08,13,4
RESTOCK_004862,STORE_12,SKU_191,2025-11-08,29,1
RESTOCK_004157,STORE_06,SKU_131,2025-11-08,11,1
RESTOCK_003492,STORE_10,SKU_026,2025-11-08,27,3
RESTOCK_000032,STORE_18,SKU_175,2025-11-08,14,4
RESTOCK_005862,STORE_06,SKU_237,2025-11-08,14,2
RESTOCK_001293,STORE_07,SKU_012,2025-11-08,10,3
RESTOCK_000600,STORE_02,SKU_057,2025-11-08,10,3
RESTOCK_004746,STORE_15,SKU_088,2025-11-08,13,3
RESTOCK_003043,STORE_04,SKU_184,2025-11-08,11,1
RESTOCK_003373,STORE_10,SKU_004,2025-11-08,17,1
RESTOCK_002159,STORE_12,SKU_220,2025-11-08,32,2
RESTOCK_005917,STORE_07,SKU_173,2025-11-08,9,5
RESTOCK_001887,STORE_03,SKU_164,2025-11-08,17,4
RESTOCK_004384,STORE_15,SKU_042,2025-11-08,18,2
RESTOCK_003073,STORE_17,SKU_107,2025-11-08,13,3
RESTOCK_000482,STORE_18,SKU_057,2025-11-08,9,3
RESTOCK_002452,STORE_14,SKU_234,2025-11-09,19,3
RESTOCK_004246,STORE_07,SKU_222,2025-11-09,10,6
RESTOCK_001274,STORE_18,SKU_096,2025-11-09,14,1
RESTOCK_002760,STORE_06,SKU_077,2025-11-09,20,1
RESTOCK_004124,STORE_03,SKU_170,2025-11-09,19,4
RESTOCK_001001,STORE_13,SKU_064,2025-11-09,16,4
RESTOCK_006298,STORE_17,SKU_209,2025-11-09,17,2
RESTOCK_002593,STORE_15,SKU_144,2025-11-09,15,1
RESTOCK_004062,STORE_01,SKU_214,2025-11-09,13,4
RESTOCK_004788,STORE_03,SKU_015,2025-11-09,10,3
RESTOCK_006028,STORE_17,SKU_207,2025-11-09,17,3
RESTOCK_004678,STORE_14,SKU_028,2025-11-09,13,2
RESTOCK_005287,STORE_16,SKU_180,2025-11-09,19,1
RESTOCK_006999,STORE_15,SKU_083,2025-11-09,17,1
RESTOCK_001562,STORE_03,SKU_128,2025-11-09,9,4
RESTOCK_000829,STORE_10,SKU_239,2025-11-09,22,1
RESTOCK_003671,STORE_13,SKU_103,2025-11-09,20,4
RESTOCK_003489,STORE_14,SKU_075,2025-11-09,15,2
RESTOCK_003232,STORE_06,SKU_208,2025-11-09,20,4
RESTOCK_002361,STORE_13,SKU_007,2025-11-09,9,1
RESTOCK_002780,STORE_13,SKU_009,2025-11-09,17,4
RESTOCK_002368,STORE_01,SKU_207,2025-11-09,10,3
RESTOCK_001946,STORE_05,SKU_057,2025-11-09,21,1
RESTOCK_006199,STORE_16,SKU_036,2025-11-09,24,2
RESTOCK_000090,STORE_02,SKU_035,2025-11-09,24,1
RESTOCK_005358,STORE_03,SKU_106,2025-11-09,6,3
RESTOCK_006998,STORE_07,SKU_057,2025-11-09,10,6
RESTOCK_006526,STORE_11,SKU_232,2025-11-09,15,3
RESTOCK_004287,STORE_07,SKU_071,2025-11-09,9,4
RESTOCK_004370,STORE_17,SKU_021,2025-11-09,11,4
RESTOCK_005300,STORE_06,SKU_017,2025-11-09,16,4
RESTOCK_000499,STORE_05,SKU_225,2025-11-10,16,2
RESTOCK_005140,STORE_01,SKU_037,2025-11-10,13,3
RESTOCK_004468,STORE_17,SKU_108,2025-11-10,20,3
RESTOCK_001229,STORE_11,SKU_048,2025-11-10,9,4
RESTOCK_006470,STORE_05,SKU_024,2025-11-10,30,2
RESTOCK_004418,STORE_03,SKU_107,2025-11-10,7,5
RESTOCK_000065,STORE_15,SKU_139,2025-11-10,22,1
RESTOCK_006401,STORE_09,SKU_218,2025-11-10,19,2
RESTOCK_001541,STORE_12,SKU_192,2025-11-10,27,2
RESTOCK_004674,STORE_07,SKU_143,2025-11-10,15,5
RESTOCK_005230,STORE_18,SKU_150,2025-11-10,19,3
RESTOCK_000937,STORE_07,SKU_208,2025-11-10,15,4
RESTOCK_000008,STORE_04,SKU_046,2025-11-10,25,2
RESTOCK_005394,STORE_15,SKU_054,2025-11-10,10,2
RESTOCK_001347,STORE_01,SKU_072,2025-11-10,16,3
RESTOCK_006937,STORE_10,SKU_079,2025-11-10,17,2
RESTOCK_000078,STORE_08,SKU_218,2025-11-10,22,3
RESTOCK_000177,STORE_09,SKU_166,2025-11-10,15,2
RESTOCK_005598,STORE_07,SKU_047,2025-11-10,15,3
RESTOCK_004606,STORE_05,SKU_250,2025-11-10,22,2
RESTOCK_002317,STORE_11,SKU_046,2025-11-10,11,4
RESTOCK_006575,STORE_17,SKU_117,2025-11-10,15,3
RESTOCK_003098,STORE_12,SKU_135,2025-11-10,19,1
RESTOCK_006370,STORE_14,SKU_219,2025-11-10,20,1
RESTOCK_006983,STORE_12,SKU_126,2025-11-11,23,2
RESTOCK_005401,STORE_06,SKU_146,2025-11-11,11,4
RESTOCK_005053,STORE_13,SKU_047,2025-11-11,15,2
RESTOCK_002127,STORE_02,SKU_244,2025-11-11,11,4
RESTOCK_001303,STORE_17,SKU_235,2025-11-11,23,3
RESTOCK_004111,STORE_08,SKU_115,2025-11-11,27,3
RESTOCK_003718,STORE_02,SKU_010,2025-11-11,24,1
RESTOCK_005996,STORE_06,SKU_008,2025-11-11,21,2
RESTOCK_002280,STORE_02,SKU_247,2025-11-11,11,4
RESTOCK_002099,STORE_10,SKU_165,2025-11-11,14,3
RESTOCK_004945,STORE_11,SKU_070,2025-11-11,15,5
RESTOCK_004680,STORE_11,SKU_004,2025-11-11,8,5
RESTOCK_001760,STORE_11,SKU_001,2025-11-11,9,5
RESTOCK_003473,STORE_03,SKU_126,2025-11-11,18,6
RESTOCK_006289,STORE_13,SKU_101,2025-11-11,12,1
RESTOCK_002200,STORE_05,SKU_082,2025-11-11,26,1
RESTOCK_005609,STORE_18,SKU_019,2025-11-11,15,4
RESTOCK_001836,STORE_12,SKU_161,2025-11-11,31,1
RESTOCK_001867,STORE_12,SKU_091,2025-11-11,22,2
RESTOCK_000094,STORE_03,SKU_102,2025-11-11,7,4
RESTOCK_000304,STORE_15,SKU_034,2025-11-11,18,2
RESTOCK_002832,STORE_04,SKU_245,2025-11-11,10,1
RESTOCK_004670,STORE_08,SKU_077,2025-11-11,26,3
RESTOCK_004154,STORE_15,SKU_107,2025-11-11,8,1
RESTOCK_006772,STORE_15,SKU_062,2025-11-12,17,2
RESTOCK_003134,STORE_15,SKU_062,2025-11-12,20,2
RESTOCK_004992,STORE_17,SKU_146,2025-11-12,11,4
RESTOCK_005648,STORE_15,SKU_105,2025-11-12,18,4
RESTOCK_000520,STORE_08,SKU_145,2025-11-12,27,1
RESTOCK_002822,STORE_09,SKU_086,2025-11-12,22,1
RESTOCK_000938,STORE_03,SKU_214,2025-11-12,6,3
RESTOCK_001670,STORE_16,SKU_096,2025-11-12,22,1
RESTOCK_005655,STORE_16,SKU_062,2025-11-12,26,2
RESTOCK_005477,STORE_14,SKU_217,2025-11-12,17,3
RESTOCK_004204,STORE_15,SKU_189,2025-11-12,14,3
RESTOCK_003906,STORE_08,SKU_042,2025-11-12,26,1
RESTOCK_004801,STORE_17,SKU_175,2025-11-12,14,3
RESTOCK_004000,STORE_07,SKU_017,2025-11-12,10,6
RESTOCK_005758,STORE_12,SKU_096,2025-11-12,27,1
RESTOCK_004604,STORE_02,SKU_001,2025-11-12,19,2
RESTOCK_006009,STORE_02,SKU_211,2025-11-12,12,4
RESTOCK_002146,STORE_17,SKU_206,2025-11-12,24,3
RESTOCK_000522,STORE_05,SKU_153,2025-11-12,24,2
RESTOCK_005274,STORE_06,SKU_064,2025-11-12,26,4
RESTOCK_005203,STORE_06,SKU_037,2025-11-12,9,3
RESTOCK_001550,STORE_17,SKU_237,2025-11-12,16,2
RESTOCK_003557,STORE_09,SKU_115,2025-11-12,23,1
RESTOCK_001080,STORE_17,SKU_201,2025-11-12,16,3
RESTOCK_001981,STORE_13,SKU_049,2025-11-12,13,4
RESTOCK_004485,STORE_15,SKU_034,2025-11-12,14,2
RESTOCK_000133,STORE_01,SKU_141,2025-11-12,9,3
RESTOCK_002221,STORE_07,SKU_017,2025-11-12,8,6
RESTOCK_005231,STORE_11,SKU_107,2025-11-12,6,4
RESTOCK_003131,STORE_10,SKU_111,2025-11-12,24,2
RESTOCK_004289,STORE_02,SKU_229,2025-11-13,13,3
RESTOCK_003541,STORE_01,SKU_188,2025-11-13,20,1
RESTOCK_006155,STORE_02,SKU_048,2025-11-13,27,3
RESTOCK_005032,STORE_15,SKU_072,2025-11-13,17,3
RESTOCK_001845,STORE_06,SKU_060,2025-11-13,13,2
RESTOCK_001397,STORE_09,SKU_101,2025-11-13,17,2
RESTOCK_000069,STORE_13,SKU_177,2025-11-13,13,3
RESTOCK_000811,STORE_07,SKU_100,2025-11-13,9,6
RESTOCK_003150,STORE_02,SKU_204,2025-11-13,24,2
RESTOCK_003335,STORE_02,SKU_204,2025-11-13,22,3
RESTOCK_001731,STORE_10,SKU_236,2025-11-13,10,4
RESTOCK_001702,STORE_10,SKU_247,2025-11-13,13,2
RESTOCK_001412,STORE_13,SKU_213,2025-11-13,16,2
RESTOCK_001262,STORE_13,SKU_010,2025-11-13,17,1
RESTOCK_004590,STORE_08,SKU_024,2025-11-13,22,4
RESTOCK_000679,STORE_07,SKU_043,2025-11-13,13,3
RESTOCK_006666,STORE_12,SKU_117,2025-11-13,29,2
RESTOCK_002218,STORE_04,SKU_181,2025-11-13,16,3
RESTOCK_000514,STORE_16,SKU_110,2025-11-13,29,1
RESTOCK_006229,STORE_06,SKU_051,2025-11-14,20,3
RESTOCK_001464,STORE_05,SKU_011,2025-11-14,22,2
RESTOCK_002084,STORE_15,SKU_147,2025-11-14,15,2
RESTOCK_003159,STORE_04,SKU_055,2025-11-14,13,3
RESTOCK_001067,STORE_07,SKU_139,2025-11-14,7,5
RESTOCK_006846,STORE_05,SKU_084,2025-11-14,29,1
RESTOCK_001144,STORE_18,SKU_230,2025-11-14,14,3
RESTOCK_003607,STORE_10,SKU_230,2025-11-14,21,3
RESTOCK_004280,STORE_13,SKU_024,2025-11-14,16,1
RESTOCK_000193,STORE_10,SKU_238,2025-11-14,16,1
RESTOCK_001891,STORE_10,SKU_240,2025-11-14,16,4
RESTOCK_006962,STORE_11,SKU_071,2025-11-14,11,3
RESTOCK_001796,STORE_13,SKU_226,2025-11-14,13,4
RESTOCK_005169,STORE_15,SKU_189,2025-11-14,15,2
RESTOCK_006709,STORE_04,SKU_005,2025-11-14,10,2
RESTOCK_002223,STORE_14,SKU_195,2025-11-14,11,4
RESTOCK_003781,STORE_15,SKU_034,2025-11-14,13,3
RESTOCK_002818,STORE_13,SKU_179,2025-11-14,20,4
RESTOCK_002121,STORE_04,SKU_057,2025-11-14,11,2
RESTOCK_003330,STORE_16,SKU_095,2025-11-14,36,2
RESTOCK_006503,STORE_08,SKU_121,2025-11-14,10,3
RESTOCK_003879,STORE_10,SKU_073,2025-11-14,14,4
RESTOCK_001102,STORE_07,SKU_221,2025-11-14,12,3
RESTOCK_006898,STORE_08,SKU_074,2025-11-14,12,3
RESTOCK_001011,STORE_06,SKU_178,2025-11-14,23,4
RESTOCK_004745,STORE_03,SKU_081,2025-11-14,12,4
RESTOCK_001295,STORE_09,SKU_016,2025-11-14,21,3
RESTOCK_005491,STORE_12,SKU_167,2025-11-14,21,2
RESTOCK_004346,STORE_09,SKU_125,2025-11-15,12,2
RESTOCK_000617,STORE_06,SKU_119,2025-11-15,11,3
RESTOCK_004877,STORE_14,SKU_163,2025-11-15,21,3
RESTOCK_000883,STORE_14,SKU_042,2025-11-15,15,4
RESTOCK_001490,STORE_12,SKU_178,2025-11-15,25,1
RESTOCK_005249,STORE_10,SKU_136,2025-11-15,13,4
RESTOCK_006377,STORE_05,SKU_093,2025-11-15,39,2
RESTOCK_001962,STORE_13,SKU_160,2025-11-15,12,3
RESTOCK_001161,STORE_18,SKU_075,2025-11-15,15,4
RESTOCK_002044,STORE_10,SKU_080,2025-11-15,21,4
RESTOCK_003907,STORE_12,SKU_013,2025-11-15,21,1
RESTOCK_006630,STORE_12,SKU_020,2025-11-15,39,1
RESTOCK_002170,STORE_11,SKU_073,2025-11-15,13,4
RESTOCK_005610,STORE_06,SKU_206,2025-11-15,13,2
RESTOCK_004931,STORE_16,SKU_033,2025-11-15,30,2
RESTOCK_001683,STORE_13,SKU_226,2025-11-15,18,4
RESTOCK_003666,STORE_17,SKU_113,2025-11-15,21,3
RESTOCK_003665,STORE_15,SKU_095,2025-11-15,22,4
RESTOCK_001072,STORE_12,SKU_021,2025-11-15,23,2
RESTOCK_003860,STORE_11,SKU_211,2025-11-15,15,5
RESTOCK_003933,STORE_17,SKU_086,2025-11-15,19,2
RESTOCK_001232,STORE_06,SKU_213,2025-11-15,19,4
RESTOCK_006777,STORE_10,SKU_249,2025-11-15,12,2
RESTOCK_002337,STORE_16,SKU_224,2025-11-15,22,2
RESTOCK_000282,STORE_11,SKU_208,2025-11-15,10,4
RESTOCK_001426,STORE_08,SKU_191,2025-11-15,21,3
RESTOCK_002063,STORE_14,SKU_158,2025-11-15,22,1
RESTOCK_002892,STORE_18,SKU_150,2025-11-15,18,4
RESTOCK_003322,STORE_05,SKU_013,2025-11-15,40,1
RESTOCK_005900,STORE_16,SKU_128,2025-11-15,24,1
RESTOCK_005643,STORE_17,SKU_176,2025-11-15,12,3
RESTOCK_001000,STORE_02,SKU_123,2025-11-15,13,1
RESTOCK_002433,STORE_02,SKU_203,2025-11-15,16,3
RESTOCK_005175,STORE_13,SKU_207,2025-11-15,19,1
RESTOCK_002105,STORE_03,SKU_189,2025-11-15,15,4
RESTOCK_006169,STORE_14,SKU_105,2025-11-15,14,4
RESTOCK_000363,STORE_04,SKU_067,2025-11-16,22,1
RESTOCK_004520,STORE_11,SKU_217,2025-11-16,10,4
RESTOCK_006363,STORE_09,SKU_106,2025-11-16,16,4
RESTOCK_005788,STORE_07,SKU_111,2025-11-16,15,3
RESTOCK_005013,STORE_11,SKU_119,2025-11-16,8,6
RESTOCK_004984,STORE_01,SKU_162,2025-11-16,24,1
RESTOCK_004957,STORE_18,SKU_061,2025-11-16,13,2
RESTOCK_003321,STORE_01,SKU_138,2025-11-16,13,4
RESTOCK_002824,STORE_04,SKU_075,2025-11-16,19,4
RESTOCK_000840,STORE_05,SKU_165,2025-11-16,31,2
RESTOCK_003842,STORE_18,SKU_048,2025-11-16,19,1
RESTOCK_005596,STORE_12,SKU_125,2025-11-16,18,1
RESTOCK_002287,STORE_07,SKU_147,2025-11-16,8,3
RESTOCK_000646,STORE_14,SKU_046,2025-11-16,17,3
RESTOCK_000956,STORE_02,SKU_065,2025-11-16,11,4
RESTOCK_004602,STORE_09,SKU_048,2025-11-16,24,1
RESTOCK_002057,STORE_18,SKU_054,2025-11-16,14,2
RESTOCK_006659,STORE_06,SKU_051,2025-11-16,21,3
RESTOCK_005526,STORE_16,SKU_002,2025-11-16,36,1
RESTOCK_006505,STORE_10,SKU_039,2025-11-16,13,1
RESTOCK_004591,STORE_14,SKU_077,2025-11-16,17,2
RESTOCK_001025,STORE_02,SKU_100,2025-11-16,17,2
RESTOCK_003525,STORE_18,SKU_068,2025-11-16,22,3
RESTOCK_004228,STORE_13,SKU_185,2025-11-16,12,3
RESTOCK_005878,STORE_16,SKU_228,2025-11-16,26,1
RESTOCK_000886,STORE_04,SKU_188,2025-11-16,26,4
RESTOCK_001133,STORE_01,SKU_205,2025-11-16,24,3
RESTOCK_005639,STORE_14,SKU_051,2025-11-16,16,4
RESTOCK_006507,STORE_09,SKU_021,2025-11-16,13,2
RESTOCK_001037,STORE_11,SKU_074,2025-11-16,10,5
RESTOCK_005101,STORE_13,SKU_126,2025-11-16,12,1
RESTOCK_005269,STORE_09,SKU_017,2025-11-16,16,3
RESTOCK_005083,STORE_15,SKU_056,2025-11-16,10,1
RESTOCK_005192,STORE_05,SKU_250,2025-11-16,27,2
RESTOCK_005897,STORE_12,SKU_007,2025-11-16,15,2
RESTOCK_000002,STORE_15,SKU_067,2025-11-17,11,3
RESTOCK_003566,STORE_12,SKU_250,2025-11-17,31,2
RESTOCK_004743,STORE_18,SKU_089,2025-11-17,18,4
RESTOCK_001083,STORE_15,SKU_159,2025-11-17,19,2
RESTOCK_000494,STORE_13,SKU_006,2025-11-17,20,4
RESTOCK_006662,STORE_01,SKU_104,2025-11-17,19,2
RESTOCK_005454,STORE_03,SKU_047,2025-11-17,16,3
RESTOCK_000279,STORE_08,SKU_058,2025-11-17,25,3
RESTOCK_004725,STORE_01,SKU_101,2025-11-17,24,2
RESTOCK_005243,STORE_18,SKU_233,2025-11-17,12,3
RESTOCK_002301,STORE_14,SKU_241,2025-11-17,14,3
RESTOCK_001808,STORE_06,SKU_069,2025-11-17,21,1
RESTOCK_000502,STORE_18,SKU_101,2025-11-17,19,4
RESTOCK_000049,STORE_10,SKU_006,2025-11-17,15,2
RESTOCK_003443,STORE_06,SKU_035,2025-11-17,20,3
RESTOCK_004146,STORE_01,SKU_047,2025-11-17,25,2
RESTOCK_001748,STORE_15,SKU_002,2025-11-17,20,3
RESTOCK_001973,STORE_16,SKU_073,2025-11-17,31,2
RESTOCK_006343,STORE_11,SKU_009,2025-11-17,13,3
RESTOCK_005714,STORE_08,SKU_112,2025-11-17,14,1
RESTOCK_003143,STORE_10,SKU_246,2025-11-17,10,4
RESTOCK_005751,STORE_10,SKU_170,2025-11-17,26,1
RESTOCK_006149,STORE_13,SKU_086,2025-11-17,12,1
RESTOCK_004534,STORE_02,SKU_181,2025-11-17,11,2
RESTOCK_006459,STORE_15,SKU_122,2025-11-18,15,1
RESTOCK_004950,STORE_13,SKU_054,2025-11-18,11,2
RESTOCK_005930,STORE_09,SKU_081,2025-11-18,22,2
RESTOCK_006824,STORE_03,SKU_121,2025-11-18,9,5
RESTOCK_004357,STORE_10,SKU_062,2025-11-18,11,4
RESTOCK_006270,STORE_06,SKU_149,2025-11-18,16,1
RESTOCK_003380,STORE_05,SKU_128,2025-11-18,31,2
RESTOCK_001597,STORE_18,SKU_158,2025-11-18,18,3
RESTOCK_000908,STORE_17,SKU_191,2025-11-18,16,3
RESTOCK_004905,STORE_15,SKU_006,2025-11-18,18,4
RESTOCK_000858,STORE_11,SKU_249,2025-11-18,7,5
RESTOCK_004794,STORE_05,SKU_249,2025-11-18,20,1
RESTOCK_005154,STORE_16,SKU_060,2025-11-18,23,1
RESTOCK_003927,STORE_10,SKU_045,2025-11-18,14,4
RESTOCK_004110,STORE_12,SKU_228,2025-11-18,26,1
RESTOCK_000964,STORE_14,SKU_105,2025-11-18,17,1
RESTOCK_003978,STORE_07,SKU_181,2025-11-18,9,6
RESTOCK_003948,STORE_15,SKU_170,2025-11-18,15,1
RESTOCK_000345,STORE_17,SKU_011,2025-11-18,10,4
RESTOCK_002866,STORE_13,SKU_220,2025-11-18,17,1
RESTOCK_000377,STORE_01,SKU_171,2025-11-18,26,1
RESTOCK_003204,STORE_15,SKU_081,2025-11-18,13,1
RESTOCK_000198,STORE_17,SKU_238,2025-11-18,14,4
RESTOCK_005322,STORE_14,SKU_187,2025-11-18,18,3
RESTOCK_002109,STORE_03,SKU_189,2025-11-18,14,6
RESTOCK_006760,STORE_09,SKU_242,2025-11-18,24,3
RESTOCK_005702,STORE_11,SKU_204,2025-11-18,9,6
RESTOCK_002520,STORE_06,SKU_125,2025-11-18,10,3
RESTOCK_006210,STORE_15,SKU_004,2025-11-18,11,2
RESTOCK_000437,STORE_07,SKU_015,2025-11-18,11,4
RESTOCK_002609,STORE_18,SKU_003,2025-11-19,17,1
RESTOCK_000027,STORE_09,SKU_079,2025-11-19,17,2
RESTOCK_001759,STORE_07,SKU_182,2025-11-19,8,5
RESTOCK_001537,STORE_01,SKU_090,2025-11-19,26,1
RESTOCK_004721,STORE_16,SKU_086,2025-11-19,25,2
RESTOCK_006264,STORE_09,SKU_039,2025-11-19,14,4
RESTOCK_000751,STORE_18,SKU_182,2025-11-19,18,3
RESTOCK_004439,STORE_04,SKU_181,2025-11-19,17,2
RESTOCK_000332,STORE_08,SKU_146,2025-11-19,9,3
RESTOCK_000390,STORE_08,SKU_021,2025-11-19,10,3
RESTOCK_002022,STORE_05,SKU_094,2025-11-19,20,1
RESTOCK_005229,STORE_04,SKU_166,2025-11-19,24,4
RESTOCK_006704,STORE_10,SKU_237,2025-11-19,16,4
RESTOCK_005457,STORE_03,SKU_133,2025-11-19,11,5
RESTOCK_006990,STORE_05,SKU_231,2025-11-19,18,1
RESTOCK_000025,STORE_05,SKU_034,2025-11-19,39,1
RESTOCK_002464,STORE_03,SKU_131,2025-11-19,8,4
RESTOCK_002188,STORE_18,SKU_145,2025-11-19,16,1
RESTOCK_001553,STORE_15,SKU_187,2025-11-19,18,4
RESTOCK_005462,STORE_14,SKU_188,2025-11-19,15,3
RESTOCK_004593,STORE_11,SKU_101,2025-11-19,8,6
RESTOCK_001551,STORE_12,SKU_088,2025-11-19,18,1
RESTOCK_000895,STORE_03,SKU_064,2025-11-19,15,6
RESTOCK_001842,STORE_01,SKU_187,2025-11-19,17,3
RESTOCK_001311,STORE_15,SKU_015,2025-11-19,14,4
RESTOCK_004310,STORE_04,SKU_161,2025-11-19,15,1
RESTOCK_001977,STORE_09,SKU_110,2025-11-19,17,4
RESTOCK_003855,STORE_05,SKU_058,2025-11-19,37,1
RESTOCK_001823,STORE_10,SKU_086,2025-11-19,20,4
RESTOCK_004955,STORE_10,SKU_032,2025-11-19,12,3
RESTOCK_002867,STORE_17,SKU_038,2025-11-19,10,2
RESTOCK_001773,STORE_17,SKU_114,2025-11-19,18,1
RESTOCK_001134,STORE_16,SKU_031,2025-11-19,24,1
RESTOCK_006858,STORE_04,SKU_222,2025-11-19,17,3
RESTOCK_003738,STORE_14,SKU_011,2025-11-19,14,4
RESTOCK_005584,STORE_08,SKU_231,2025-11-19,12,4
RESTOCK_006251,STORE_09,SKU_016,2025-11-20,21,2
RESTOCK_005585,STORE_11,SKU_113,2025-11-20,11,5
RESTOCK_002722,STORE_11,SKU_067,2025-11-20,11,6
RESTOCK_003801,STORE_10,SKU_093,2025-11-20,19,3
RESTOCK_006156,STORE_15,SKU_112,2025-11-20,12,2
RESTOCK_000582,STORE_18,SKU_239,2025-11-20,14,4
RESTOCK_006929,STORE_16,SKU_144,2025-11-20,19,1
RESTOCK_006125,STORE_15,SKU_013,2025-11-20,14,2
RESTOCK_004415,STORE_07,SKU_143,2025-11-20,14,6
RESTOCK_003698,STORE_12,SKU_216,2025-11-20,26,1
RESTOCK_003731,STORE_06,SKU_200,2025-11-20,15,2
RESTOCK_006730,STORE_09,SKU_134,2025-11-20,8,4
RESTOCK_000901,STORE_02,SKU_236,2025-11-20,8,4
RESTOCK_006685,STORE_13,SKU_137,2025-11-20,20,1
RESTOCK_005190,STORE_14,SKU_013,2025-11-20,14,1
RESTOCK_004994,STORE_02,SKU_019,2025-11-20,24,4
RESTOCK_006585,STORE_05,SKU_006,2025-11-20,24,1
RESTOCK_005113,STORE_03,SKU_041,2025-11-20,10,6
RESTOCK_006198,STORE_06,SKU_149,2025-11-20,14,3
RESTOCK_003434,STORE_01,SKU_114,2025-11-20,17,1
RESTOCK_006065,STORE_02,SKU_248,2025-11-20,12,1
RESTOCK_000081,STORE_01,SKU_056,2025-11-20,9,4
RESTOCK_003622,STORE_07,SKU_234,2025-11-20,9,3
RESTOCK_005861,STORE_08,SKU_114,2025-11-20,27,1
RESTOCK_004265,STORE_03,SKU_187,2025-11-20,17,4
RESTOCK_002634,STORE_03,SKU_023,2025-11-20,7,3
RESTOCK_006166,STORE_01,SKU_013,2025-11-20,26,2
RESTOCK_003117,STORE_06,SKU_139,2025-11-20,13,1
RESTOCK_004651,STORE_16,SKU_175,2025-11-20,22,2
RESTOCK_005871,STORE_17,SKU_185,2025-11-20,11,4
RESTOCK_006499,STORE_05,SKU_062,2025-11-20,19,1
RESTOCK_003411,STORE_09,SKU_108,2025-11-20,10,2
RESTOCK_005410,STORE_09,SKU_143,2025-11-20,22,4
RESTOCK_001640,STORE_01,SKU_072,2025-11-20,16,4
RESTOCK_002787,STORE_03,SKU_054,2025-11-20,7,6
RESTOCK_005969,STORE_06,SKU_176,2025-11-20,18,3
RESTOCK_001704,STORE_18,SKU_073,2025-11-20,19,2
RESTOCK_001470,STORE_01,SKU_089,2025-11-20,16,2
RESTOCK_002360,STORE_01,SKU_053,2025-11-20,12,1
RESTOCK_000629,STORE_04,SKU_105,2025-11-20,26,4
RESTOCK_003245,STORE_15,SKU_173,2025-11-20,9,1
RESTOCK_002344,STORE_06,SKU_120,2025-11-20,19,2
RESTOCK_001990,STORE_01,SKU_196,2025-11-21,11,4
RESTOCK_002191,STORE_11,SKU_196,2025-11-21,7,3
RESTOCK_001687,STORE_15,SKU_147,2025-11-21,15,1
RESTOCK_001982,STORE_17,SKU_076,2025-11-21,21,4
RESTOCK_002484,STORE_16,SKU_218,2025-11-21,21,2
RESTOCK_000588,STORE_16,SKU_048,2025-11-21,22,2
RESTOCK_000559,STORE_05,SKU_019,2025-11-21,38,1
RESTOCK_001881,STORE_14,SKU_214,2025-11-21,13,2
RESTOCK_001607,STORE_04,SKU_056,2025-11-21,11,2
RESTOCK_002675,STORE_04,SKU_004,2025-11-21,19,1
RESTOCK_003349,STORE_11,SKU_212,2025-11-21,18,5
RESTOCK_000075,STORE_08,SKU_164,2025-11-21,20,1
RESTOCK_002454,STORE_15,SKU_234,2025-11-21,13,2
RESTOCK_002455,STORE_14,SKU_221,2025-11-21,17,2
RESTOCK_000195,STORE_07,SKU_042,2025-11-21,15,5
RESTOCK_004582,STORE_12,SKU_195,2025-11-21,15,1
RESTOCK_005071,STORE_07,SKU_134,2025-11-21,7,6
RESTOCK_005630,STORE_02,SKU_062,2025-11-21,14,4
RESTOCK_003760,STORE_16,SKU_212,2025-11-21,29,2
RESTOCK_005311,STORE_11,SKU_120,2025-11-21,11,4
RESTOCK_005578,STORE_06,SKU_190,2025-11-21,21,4
RESTOCK_003846,STORE_11,SKU_135,2025-11-21,9,5
RESTOCK_005038,STORE_10,SKU_146,2025-11-21,12,4
RESTOCK_000755,STORE_12,SKU_166,2025-11-21,25,2
RESTOCK_000932,STORE_18,SKU_048,2025-11-21,16,1
RESTOCK_004140,STORE_02,SKU_038,2025-11-21,20,4
RESTOCK_006788,STORE_09,SKU_075,2025-11-21,24,4
RESTOCK_005680,STORE_09,SKU_067,2025-11-21,20,4
RESTOCK_000329,STORE_15,SKU_138,2025-11-21,17,2
RESTOCK_005036,STORE_13,SKU_157,2025-11-22,21,1
RESTOCK_001410,STORE_01,SKU_023,2025-11-22,13,1
RESTOCK_003725,STORE_17,SKU_210,2025-11-22,12,1
RESTOCK_002845,STORE_02,SKU_218,2025-11-22,27,4
RESTOCK_006056,STORE_13,SKU_242,2025-11-22,15,4
RESTOCK_001737,STORE_04,SKU_044,2025-11-22,14,1
RESTOCK_000407,STORE_16,SKU_011,2025-11-22,25,1
RESTOCK_004507,STORE_06,SKU_118,2025-11-22,12,3
RESTOCK_005733,STORE_13,SKU_235,2025-11-22,19,1
RESTOCK_000422,STORE_17,SKU_088,2025-11-22,10,2
RESTOCK_004982,STORE_03,SKU_116,2025-11-22,16,6
RESTOCK_006727,STORE_07,SKU_192,2025-11-22,10,4
RESTOCK_003393,STORE_16,SKU_131,2025-11-22,16,2
RESTOCK_001053,STORE_17,SKU_050,2025-11-22,21,4
RESTOCK_003649,STORE_09,SKU_120,2025-11-22,18,2
RESTOCK_002489,STORE_09,SKU_037,2025-11-22,13,2
RESTOCK_005534,STORE_15,SKU_166,2025-11-22,15,4
RESTOCK_002742,STORE_04,SKU_220,2025-11-22,10,2
RESTOCK_004440,STORE_09,SKU_057,2025-11-22,13,4
RESTOCK_004553,STORE_04,SKU_220,2025-11-22,15,3
RESTOCK_004567,STORE_05,SKU_200,2025-11-22,21,1
RESTOCK_003849,STORE_08,SKU_128,2025-11-22,20,4
RESTOCK_001542,STORE_01,SKU_160,2025-11-22,16,1
RESTOCK_000660,STORE_15,SKU_031,2025-11-22,13,1
RESTOCK_005193,STORE_16,SKU_084,2025-11-22,38,2
RESTOCK_006243,STORE_09,SKU_163,2025-11-22,17,4
RESTOCK_006415,STORE_11,SKU_016,2025-11-22,9,4
RESTOCK_006138,STORE_16,SKU_210,2025-11-22,21,1
RESTOCK_004686,STORE_11,SKU_034,2025-11-23,7,4
RESTOCK_001769,STORE_03,SKU_051,2025-11-23,16,5
RESTOCK_006040,STORE_13,SKU_115,2025-11-23,13,1
RESTOCK_000689,STORE_13,SKU_092,2025-11-23,15,2
RESTOCK_003823,STORE_18,SKU_131,2025-11-23,11,2
RESTOCK_000132,STORE_01,SKU_130,2025-11-23,20,4
RESTOCK_003919,STORE_04,SKU_250,2025-11-23,10,4
RESTOCK_005236,STORE_06,SKU_015,2025-11-23,16,3
RESTOCK_000722,STORE_04,SKU_148,2025-11-23,14,1
RESTOCK_001088,STORE_05,SKU_189,2025-11-23,37,2
RESTOCK_005484,STORE_04,SKU_196,2025-11-23,13,2
RESTOCK_002201,STORE_05,SKU_171,2025-11-23,40,2
RESTOCK_003138,STORE_17,SKU_155,2025-11-23,13,1
RESTOCK_000906,STORE_06,SKU_119,2025-11-23,9,1
RESTOCK_002432,STORE_06,SKU_150,2025-11-23,11,2
RESTOCK_004450,STORE_05,SKU_133,2025-11-23,34,1
RESTOCK_001723,STORE_12,SKU_211,2025-11-23,23,1
RESTOCK_002294,STORE_17,SKU_123,2025-11-23,14,4
RESTOCK_004235,STORE_15,SKU_221,2025-11-23,17,4
RESTOCK_004524,STORE_02,SKU_123,2025-11-23,10,1
RESTOCK_003314,STORE_14,SKU_227,2025-11-23,18,4
RESTOCK_005869,STORE_01,SKU_079,2025-11-23,16,1
RESTOCK_002250,STORE_14,SKU_090,2025-11-23,16,4
RESTOCK_002786,STORE_06,SKU_046,2025-11-23,25,4
RESTOCK_006115,STORE_06,SKU_134,2025-11-23,10,3
RESTOCK_005446,STORE_02,SKU_141,2025-11-23,9,3
RESTOCK_006722,STORE_07,SKU_012,2025-11-23,9,3
RESTOCK_001194,STORE_06,SKU_136,2025-11-23,12,3
RESTOCK_002648,STORE_04,SKU_098,2025-11-24,9,3
RESTOCK_002993,STORE_14,SKU_235,2025-11-24,23,3
RESTOCK_001058,STORE_02,SKU_008,2025-11-24,17,4
RESTOCK_002054,STORE_15,SKU_212,2025-11-24,22,4
RESTOCK_000913,STORE_17,SKU_225,2025-11-24,12,4
RESTOCK_002551,STORE_09,SKU_080,2025-11-24,19,1
RESTOCK_005421,STORE_17,SKU_194,2025-11-24,18,1
RESTOCK_002657,STORE_01,SKU_100,2025-11-24,15,3
RESTOCK_000912,STORE_07,SKU_049,2025-11-24,12,3
RESTOCK_004901,STORE_13,SKU_221,2025-11-24,12,4
RESTOCK_006205,STORE_13,SKU_241,2025-11-24,12,2
RESTOCK_003937,STORE_02,SKU_001,2025-11-24,20,4
RESTOCK_003431,STORE_17,SKU_193,2025-11-24,22,1
RESTOCK_003087,STORE_18,SKU_202,2025-11-24,11,2
RESTOCK_002281,STORE_16,SKU_060,2025-11-24,19,2
RESTOCK_000291,STORE_13,SKU_078,2025-11-24,15,2
RESTOCK_004958,STORE_16,SKU_198,2025-11-24,23,1
RESTOCK_004019,STORE_08,SKU_108,2025-11-24,11,2
RESTOCK_002798,STORE_16,SKU_189,2025-11-24,24,2
RESTOCK_006402,STORE_18,SKU_100,2025-11-24,22,2
RESTOCK_004864,STORE_14,SKU_222,2025-11-24,16,4
RESTOCK_001538,STORE_05,SKU_081,2025-11-24,39,2
RESTOCK_001613,STORE_05,SKU_106,2025-11-24,16,2
RESTOCK_002164,STORE_04,SKU_081,2025-11-25,19,2
RESTOCK_004571,STORE_07,SKU_234,2025-11-25,11,3
RESTOCK_001874,STORE_03,SKU_004,2025-11-25,9,6
RESTOCK_002913,STORE_06,SKU_071,2025-11-25,18,4
RESTOCK_001405,STORE_08,SKU_122,2025-11-25,21,3
RESTOCK_001750,STORE_03,SKU_089,2025-11-25,8,6
RESTOCK_003055,STORE_10,SKU_222,2025-11-25,10,3
RESTOCK_000535,STORE_05,SKU_247,2025-11-25,17,2
RESTOCK_000566,STORE_17,SKU_210,2025-11-25,12,1
RESTOCK_004314,STORE_15,SKU_003,2025-11-25,20,3
RESTOCK_005076,STORE_18,SKU_056,2025-11-25,14,3
RESTOCK_003626,STORE_05,SKU_051,2025-11-25,41,1
RESTOCK_006020,STORE_05,SKU_039,2025-11-25,25,2
RESTOCK_006185,STORE_12,SKU_188,2025-11-25,22,1
RESTOCK_003132,STORE_08,SKU_101,2025-11-25,19,2
RESTOCK_000921,STORE_17,SKU_062,2025-11-25,17,2
RESTOCK_003923,STORE_11,SKU_054,2025-11-25,7,6
RESTOCK_001090,STORE_06,SKU_078,2025-11-25,12,3
RESTOCK_006232,STORE_14,SKU_082,2025-11-25,18,3
RESTOCK_002552,STORE_05,SKU_018,2025-11-25,19,1
RESTOCK_000969,STORE_07,SKU_033,2025-11-25,16,4
RESTOCK_004999,STORE_01,SKU_149,2025-11-25,12,1
RESTOCK_002603,STORE_10,SKU_013,2025-11-25,27,2
RESTOCK_001127,STORE_07,SKU_144,2025-11-26,6,3
RESTOCK_001095,STORE_09,SKU_103,2025-11-26,15,2
RESTOCK_006055,STORE_14,SKU_138,2025-11-26,20,1
RESTOCK_006724,STORE_18,SKU_003,2025-11-26,15,2
RESTOCK_001951,STORE_05,SKU_175,2025-11-26,38,1
RESTOCK_006161,STORE_03,SKU_078,2025-11-26,6,6
RESTOCK_001057,STORE_09,SKU_172,2025-11-26,11,3
RESTOCK_001060,STORE_09,SKU_046,2025-11-26,25,3
RESTOCK_001268,STORE_11,SKU_225,2025-11-26,8,5
RESTOCK_004611,STORE_07,SKU_115,2025-11-26,18,5
RESTOCK_001442,STORE_11,SKU_128,2025-11-26,10,6
RESTOCK_000167,STORE_11,SKU_133,2025-11-26,10,4
RESTOCK_003642,STORE_16,SKU_051,2025-11-26,24,2
RESTOCK_002536,STORE_13,SKU_249,2025-11-26,10,2
RESTOCK_001654,STORE_03,SKU_137,2025-11-26,8,6
RESTOCK_005279,STORE_15,SKU_063,2025-11-26,16,3
RESTOCK_003624,STORE_07,SKU_234,2025-11-26,11,5
RESTOCK_000122,STORE_13,SKU_098,2025-11-26,14,2
RESTOCK_005135,STORE_07,SKU_172,2025-11-26,5,4
RESTOCK_001529,STORE_10,SKU_093,2025-11-26,24,3
RESTOCK_003498,STORE_17,SKU_214,2025-11-26,11,1
RESTOCK_001517,STORE_17,SKU_074,2025-11-26,23,4
RESTOCK_001996,STORE_08,SKU_015,2025-11-26,20,1
RESTOCK_002442,STORE_08,SKU_042,2025-11-27,19,3
RESTOCK_006847,STORE_18,SKU_166,2025-11-27,17,4
RESTOCK_006399,STORE_04,SKU_033,2025-11-27,24,4
RESTOCK_004448,STORE_18,SKU_004,2025-11-27,13,4
RESTOCK_001122,STORE_03,SKU_047,2025-11-27,16,3
RESTOCK_002107,STORE_04,SKU_205,2025-11-27,20,4
RESTOCK_005583,STORE_02,SKU_066,2025-11-27,9,1
RESTOCK_000818,STORE_15,SKU_150,2025-11-27,17,4
RESTOCK_005293,STORE_14,SKU_204,2025-11-27,16,2
RESTOCK_002059,STORE_08,SKU_127,2025-11-27,14,2
RESTOCK_003446,STORE_18,SKU_076,2025-11-27,17,3
RESTOCK_001482,STORE_04,SKU_133,2025-11-27,18,3
RESTOCK_004278,STORE_04,SKU_077,2025-11-27,19,1
RESTOCK_002295,STORE_07,SKU_142,2025-11-27,13,5
RESTOCK_002330,STORE_08,SKU_052,2025-11-27,17,4
RESTOCK_000920,STORE_13,SKU_169,2025-11-27,16,1
RESTOCK_002106,STORE_01,SKU_137,2025-11-27,15,3
RESTOCK_003236,STORE_07,SKU_010,2025-11-27,13,3
RESTOCK_006699,STORE_04,SKU_100,2025-11-27,14,3
RESTOCK_003784,STORE_17,SKU_035,2025-11-27,10,1
RESTOCK_004790,STORE_11,SKU_061,2025-11-27,6,3
RESTOCK_001362,STORE_15,SKU_237,2025-11-27,13,1
RESTOCK_003742,STORE_10,SKU_035,2025-11-27,19,3
RESTOCK_001052,STORE_11,SKU_176,2025-11-27,10,6
RESTOCK_004148,STORE_03,SKU_215,2025-11-28,10,6
RESTOCK_006992,STORE_08,SKU_141,2025-11-28,12,3
RESTOCK_005528,STORE_11,SKU_222,2025-11-28,14,4
RESTOCK_002507,STORE_06,SKU_116,2025-11-28,20,2
RESTOCK_006361,STORE_17,SKU_086,2025-11-28,18,2
RESTOCK_003408,STORE_06,SKU_071,2025-11-28,12,2
RESTOCK_005995,STORE_10,SKU_150,2025-11-28,12,1
RESTOCK_003101,STORE_16,SKU_003,2025-11-28,39,1
RESTOCK_000318,STORE_08,SKU_131,2025-11-28,9,2
RESTOCK_005143,STORE_05,SKU_249,2025-11-28,22,2
RESTOCK_003018,STORE_07,SKU_114,2025-11-28,19,5
RESTOCK_006129,STORE_06,SKU_060,2025-11-28,9,4
RESTOCK_005390,STORE_04,SKU_048,2025-11-28,24,3
RESTOCK_002688,STORE_06,SKU_030,2025-11-28,11,4
RESTOCK_004959,STORE_06,SKU_216,2025-11-28,22,2
RESTOCK_005747,STORE_15,SKU_156,2025-11-28,20,3
RESTOCK_000526,STORE_09,SKU_133,2025-11-28,22,3
RESTOCK_006477,STORE_11,SKU_133,2025-11-28,13,3
RESTOCK_004107,STORE_16,SKU_024,2025-11-28,27,1
RESTOCK_002262,STORE_10,SKU_233,2025-11-28,11,3
RESTOCK_000549,STORE_13,SKU_238,2025-11-28,12,2
RESTOCK_002850,STORE_16,SKU_178,2025-11-29,23,1
RESTOCK_003613,STORE_02,SKU_133,2025-11-29,22,1
RESTOCK_002853,STORE_02,SKU_025,2025-11-29,13,1
RESTOCK_005860,STORE_05,SKU_228,2025-11-29,20,2
RESTOCK_001756,STORE_05,SKU_027,2025-11-29,17,1
RESTOCK_003602,STORE_09,SKU_051,2025-11-29,18,4
RESTOCK_003198,STORE_07,SKU_095,2025-11-29,11,3
RESTOCK_001660,STORE_14,SKU_021,2025-11-29,13,2
RESTOCK_003785,STORE_03,SKU_015,2025-11-29,14,4
RESTOCK_003661,STORE_12,SKU_181,2025-11-29,35,1
RESTOCK_004713,STORE_07,SKU_225,2025-11-29,7,3
RESTOCK_002698,STORE_18,SKU_037,2025-11-29,16,3
RESTOCK_003346,STORE_01,SKU_087,2025-11-29,10,4
RESTOCK_004830,STORE_03,SKU_116,2025-11-29,19,6
RESTOCK_003699,STORE_07,SKU_025,2025-11-29,8,6
RESTOCK_004853,STORE_12,SKU_053,2025-11-29,26,2
RESTOCK_000367,STORE_17,SKU_064,2025-11-29,16,1
RESTOCK_006333,STORE_18,SKU_237,2025-11-29,13,3
RESTOCK_000489,STORE_17,SKU_153,2025-11-29,20,2
RESTOCK_002215,STORE_09,SKU_181,2025-11-29,14,1
RESTOCK_006347,STORE_04,SKU_221,2025-11-29,15,1
RESTOCK_004136,STORE_12,SKU_053,2025-11-29,19,2
RESTOCK_002345,STORE_01,SKU_067,2025-11-29,17,4
RESTOCK_005817,STORE_18,SKU_133,2025-11-29,16,4
RESTOCK_004527,STORE_09,SKU_249,2025-11-29,17,3
RESTOCK_004716,STORE_17,SKU_165,2025-11-29,11,4
RESTOCK_003210,STORE_16,SKU_245,2025-11-29,39,1
RESTOCK_004373,STORE_10,SKU_232,2025-11-29,12,4
RESTOCK_000760,STORE_01,SKU_179,2025-11-30,16,3
RESTOCK_002933,STORE_10,SKU_086,2025-11-30,26,2
RESTOCK_004151,STORE_06,SKU_090,2025-11-30,23,4
RESTOCK_000561,STORE_03,SKU_066,2025-11-30,7,4
RESTOCK_000568,STORE_09,SKU_046,2025-11-30,25,3
RESTOCK_005636,STORE_03,SKU_165,2025-11-30,13,4
RESTOCK_000067,STORE_09,SKU_138,2025-11-30,12,3
RESTOCK_006154,STORE_05,SKU_182,2025-11-30,25,1
RESTOCK_001859,STORE_04,SKU_199,2025-11-30,10,3
RESTOCK_005523,STORE_12,SKU_055,2025-11-30,20,1
RESTOCK_006455,STORE_02,SKU_237,2025-11-30,15,2
RESTOCK_001153,STORE_10,SKU_233,2025-11-30,14,3
RESTOCK_004338,STORE_03,SKU_139,2025-11-30,8,4
RESTOCK_002681,STORE_11,SKU_123,2025-11-30,8,5
RESTOCK_006173,STORE_15,SKU_181,2025-11-30,14,2
RESTOCK_004918,STORE_11,SKU_040,2025-11-30,12,4
RESTOCK_004865,STORE_16,SKU_052,2025-11-30,40,2
RESTOCK_006551,STORE_06,SKU_202,2025-11-30,9,2
RESTOCK_005030,STORE_05,SKU_085,2025-11-30,22,2
RESTOCK_002803,STORE_15,SKU_019,2025-11-30,13,4
RESTOCK_003136,STORE_11,SKU_241,2025-11-30,9,6
RESTOCK_003285,STORE_15,SKU_221,2025-11-30,14,2
RESTOCK_003955,STORE_13,SKU_067,2025-11-30,16,3
RESTOCK_005837,STORE_07,SKU_248,2025-11-30,8,5
RESTOCK_000414,STORE_17,SKU_220,2025-11-30,15,1
RESTOCK_003638,STORE_11,SKU_063,2025-11-30,10,4
RESTOCK_003761,STORE_06,SKU_007,2025-11-30,13,4
RESTOCK_002534,STORE_03,SKU_017,2025-12-01,10,6
RESTOCK_002024,STORE_08,SKU_027,2025-12-01,10,3
RESTOCK_005047,STORE_11,SKU_250,2025-12-01,17,6
RESTOCK_005963,STORE_12,SKU_187,2025-12-01,26,1
RESTOCK_004296,STORE_03,SKU_061,2025-12-01,7,3
RESTOCK_004171,STORE_17,SKU_123,2025-12-01,12,4
RESTOCK_003170,STORE_14,SKU_247,2025-12-01,15,2
RESTOCK_000917,STORE_17,SKU_037,2025-12-01,9,3
RESTOCK_003427,STORE_17,SKU_155,2025-12-01,13,2
RESTOCK_000814,STORE_03,SKU_045,2025-12-01,6,3
RESTOCK_003295,STORE_17,SKU_181,2025-12-01,18,1
RESTOCK_001074,STORE_06,SKU_057,2025-12-01,14,4
RESTOCK_004251,STORE_12,SKU_175,2025-12-01,25,2
RESTOCK_003710,STORE_10,SKU_012,2025-12-01,13,1
RESTOCK_002440,STORE_14,SKU_212,2025-12-01,23,3
RESTOCK_001712,STORE_10,SKU_092,2025-12-01,20,3
RESTOCK_004894,STORE_13,SKU_194,2025-12-01,12,4
RESTOCK_003694,STORE_07,SKU_225,2025-12-01,9,5
RESTOCK_005368,STORE_09,SKU_065,2025-12-01,13,3
RESTOCK_004824,STORE_03,SKU_222,2025-12-01,7,3
RESTOCK_004059,STORE_08,SKU_081,2025-12-01,16,3
RESTOCK_004239,STORE_18,SKU_040,2025-12-01,18,2
RESTOCK_003470,STORE_08,SKU_068,2025-12-01,13,2
RESTOCK_000340,STORE_16,SKU_228,2025-12-01,23,2
RESTOCK_005673,STORE_12,SKU_134,2025-12-01,17,1
RESTOCK_002790,STORE_15,SKU_095,2025-12-01,17,2
RESTOCK_004619,STORE_15,SKU_132,2025-12-01,16,2
RESTOCK_006844,STORE_09,SKU_009,2025-12-01,13,3
RESTOCK_006660,STORE_09,SKU_235,2025-12-01,12,4
RESTOCK_004369,STORE_07,SKU_004,2025-12-01,10,6
RESTOCK_004093,STORE_17,SKU_159,2025-12-01,12,1
RESTOCK_002182,STORE_11,SKU_164,2025-12-01,11,3
RESTOCK_006716,STORE_17,SKU_057,2025-12-01,12,3
RESTOCK_000534,STORE_18,SKU_229,2025-12-01,18,4
RESTOCK_003192,STORE_11,SKU_093,2025-12-01,10,5
RESTOCK_003936,STORE_10,SKU_204,2025-12-01,21,4
RESTOCK_000164,STORE_12,SKU_122,2025-12-01,20,1
RESTOCK_002928,STORE_04,SKU_007,2025-12-01,12,2
RESTOCK_000083,STORE_10,SKU_129,2025-12-01,26,1
RESTOCK_002220,STORE_10,SKU_079,2025-12-01,20,3
RESTOCK_005191,STORE_03,SKU_028,2025-12-01,11,3
RESTOCK_004857,STORE_16,SKU_073,2025-12-02,25,1
RESTOCK_000974,STORE_02,SKU_182,2025-12-02,14,2
RESTOCK_001439,STORE_18,SKU_152,2025-12-02,23,1
RESTOCK_006448,STORE_14,SKU_066,2025-12-02,12,1
RESTOCK_002836,STORE_08,SKU_147,2025-12-02,13,3
RESTOCK_001312,STORE_12,SKU_082,2025-12-02,34,2
RESTOCK_001002,STORE_07,SKU_031,2025-12-02,13,5
RESTOCK_002727,STORE_13,SKU_232,2025-12-02,21,4
RESTOCK_001305,STORE_17,SKU_051,2025-12-02,15,3
RESTOCK_002759,STORE_12,SKU_084,2025-12-02,27,1
RESTOCK_001494,STORE_08,SKU_014,2025-12-02,16,3
RESTOCK_004458,STORE_09,SKU_132,2025-12-02,19,2
RESTOCK_001758,STORE_03,SKU_146,2025-12-02,5,6
RESTOCK_005317,STORE_15,SKU_129,2025-12-02,16,2
RESTOCK_002964,STORE_13,SKU_076,2025-12-02,19,3
RESTOCK_001280,STORE_07,SKU_141,2025-12-02,8,4
RESTOCK_006868,STORE_17,SKU_247,2025-12-03,14,4
RESTOCK_005283,STORE_09,SKU_109,2025-12-03,12,1
RESTOCK_000791,STORE_04,SKU_122,2025-12-03,25,1
RESTOCK_000714,STORE_09,SKU_139,2025-12-03,16,1
RESTOCK_005133,STORE_16,SKU_013,2025-12-03,27,1
RESTOCK_000595,STORE_07,SKU_171,2025-12-03,19,3
RESTOCK_005707,STORE_13,SKU_161,2025-12-03,22,2
RESTOCK_004371,STORE_02,SKU_159,2025-12-03,19,4
RESTOCK_006645,STORE_05,SKU_035,2025-12-03,35,1
RESTOCK_004675,STORE_04,SKU_145,2025-12-03,20,2
RESTOCK_000641,STORE_09,SKU_246,2025-12-03,14,3
RESTOCK_001890,STORE_18,SKU_218,2025-12-03,11,2
RESTOCK_001663,STORE_08,SKU_180,2025-12-03,20,1
RESTOCK_000327,STORE_01,SKU_017,2025-12-03,14,3
RESTOCK_002625,STORE_01,SKU_173,2025-12-03,12,4
RESTOCK_000446,STORE_18,SKU_016,2025-12-03,16,3
RESTOCK_000695,STORE_15,SKU_242,2025-12-03,13,3
RESTOCK_005814,STORE_03,SKU_211,2025-12-03,7,3
RESTOCK_006622,STORE_10,SKU_050,2025-12-03,13,2
RESTOCK_004167,STORE_03,SKU_186,2025-12-03,6,4
RESTOCK_002481,STORE_14,SKU_004,2025-12-03,11,4
RESTOCK_000865,STORE_08,SKU_077,2025-12-03,21,1
RESTOCK_003739,STORE_13,SKU_224,2025-12-03,15,1
RESTOCK_001214,STORE_14,SKU_035,2025-12-03,19,2
RESTOCK_005857,STORE_17,SKU_044,2025-12-03,17,3
RESTOCK_000222,STORE_14,SKU_093,2025-12-03,11,1
RESTOCK_002477,STORE_16,SKU_121,2025-12-03,25,1
RESTOCK_004447,STORE_04,SKU_170,2025-12-03,24,2
RESTOCK_006926,STORE_12,SKU_238,2025-12-03,18,2
RESTOCK_004176,STORE_05,SKU_001,2025-12-03,30,1
RESTOCK_004282,STORE_03,SKU_164,2025-12-03,15,6
RESTOCK_004659,STORE_06,SKU_031,2025-12-04,17,1
RESTOCK_004224,STORE_14,SKU_201,2025-12-04,22,4
RESTOCK_000334,STORE_01,SKU_108,2025-12-04,13,1
RESTOCK_006501,STORE_15,SKU_166,2025-12-04,14,4
RESTOCK_004617,STORE_03,SKU_162,2025-12-04,17,6
RESTOCK_002724,STORE_04,SKU_228,2025-12-04,16,4
RESTOCK_001385,STORE_18,SKU_027,2025-12-04,10,1
RESTOCK_005785,STORE_03,SKU_124,2025-12-04,7,6
RESTOCK_000487,STORE_03,SKU_199,2025-12-04,9,5
RESTOCK_000338,STORE_03,SKU_059,2025-12-04,9,4
RESTOCK_001213,STORE_04,SKU_020,2025-12-04,14,2
RESTOCK_004763,STORE_07,SKU_188,2025-12-04,19,6
RESTOCK_005701,STORE_04,SKU_227,2025-12-04,22,2
RESTOCK_000248,STORE_15,SKU_116,2025-12-04,19,4
RESTOCK_001945,STORE_18,SKU_158,2025-12-04,20,1
RESTOCK_006285,STORE_03,SKU_178,2025-12-04,11,6
RESTOCK_003458,STORE_13,SKU_092,2025-12-04,12,2
RESTOCK_001631,STORE_04,SKU_241,2025-12-04,19,1
RESTOCK_001577,STORE_11,SKU_070,2025-12-04,12,5
RESTOCK_006152,STORE_15,SKU_048,2025-12-04,15,4
RESTOCK_005078,STORE_05,SKU_196,2025-12-04,18,2
RESTOCK_000810,STORE_08,SKU_211,2025-12-04,15,4
RESTOCK_004347,STORE_10,SKU_057,2025-12-04,10,2
RESTOCK_002224,STORE_10,SKU_074,2025-12-04,13,4
RESTOCK_004313,STORE_18,SKU_233,2025-12-04,14,4
RESTOCK_003512,STORE_18,SKU_114,2025-12-04,16,4
RESTOCK_006113,STORE_06,SKU_094,2025-12-04,13,1
RESTOCK_000273,STORE_18,SKU_092,2025-12-05,10,4
RESTOCK_001355,STORE_15,SKU_055,2025-12-05,12,2
RESTOCK_000014,STORE_02,SKU_235,2025-12-05,15,3
RESTOCK_003829,STORE_10,SKU_035,2025-12-05,26,2
RESTOCK_004733,STORE_01,SKU_227,2025-12-05,28,1
RESTOCK_002009,STORE_11,SKU_226,2025-12-05,12,5
RESTOCK_002524,STORE_12,SKU_180,2025-12-05,19,2
RESTOCK_004767,STORE_06,SKU_200,2025-12-05,13,2
RESTOCK_002049,STORE_13,SKU_247,2025-12-05,14,2
RESTOCK_006619,STORE_09,SKU_027,2025-12-05,8,2
RESTOCK_006319,STORE_07,SKU_218,2025-12-05,14,4
RESTOCK_002390,STORE_02,SKU_149,2025-12-05,16,1
RESTOCK_006665,STORE_13,SKU_135,2025-12-05,15,1
RESTOCK_005264,STORE_14,SKU_179,2025-12-05,22,4
RESTOCK_003517,STORE_07,SKU_048,2025-12-05,17,4
RESTOCK_003567,STORE_16,SKU_016,2025-12-05,30,1
RESTOCK_006653,STORE_05,SKU_154,2025-12-05,32,2
RESTOCK_005503,STORE_15,SKU_121,2025-12-05,18,2
RESTOCK_000914,STORE_09,SKU_051,2025-12-05,29,2
RESTOCK_000043,STORE_04,SKU_205,2025-12-05,22,3
RESTOCK_000430,STORE_15,SKU_221,2025-12-05,12,4
RESTOCK_003969,STORE_13,SKU_126,2025-12-05,15,4
RESTOCK_003082,STORE_15,SKU_185,2025-12-05,12,3
RESTOCK_001546,STORE_05,SKU_194,2025-12-05,26,2
RESTOCK_001157,STORE_17,SKU_099,2025-12-05,13,2
RESTOCK_004250,STORE_15,SKU_155,2025-12-05,18,1
RESTOCK_006159,STORE_07,SKU_162,2025-12-05,14,6
RESTOCK_005285,STORE_02,SKU_168,2025-12-06,15,4
RESTOCK_005926,STORE_06,SKU_082,2025-12-06,10,3
RESTOCK_004141,STORE_18,SKU_187,2025-12-06,19,4
RESTOCK_005017,STORE_18,SKU_220,2025-12-06,13,2
RESTOCK_002309,STORE_01,SKU_029,2025-12-06,11,1
RESTOCK_001680,STORE_18,SKU_223,2025-12-06,16,4
RESTOCK_006409,STORE_18,SKU_011,2025-12-06,12,2
RESTOCK_000558,STORE_05,SKU_217,2025-12-06,33,1
RESTOCK_006162,STORE_11,SKU_176,2025-12-06,8,3
RESTOCK_001813,STORE_17,SKU_219,2025-12-06,14,1
RESTOCK_004574,STORE_12,SKU_161,2025-12-06,31,2
RESTOCK_005425,STORE_05,SKU_047,2025-12-06,35,1
RESTOCK_006412,STORE_12,SKU_065,2025-12-06,21,2
RESTOCK_003997,STORE_17,SKU_072,2025-12-06,18,1
RESTOCK_000984,STORE_05,SKU_223,2025-12-06,38,2
RESTOCK_004374,STORE_18,SKU_025,2025-12-06,9,1
RESTOCK_002977,STORE_04,SKU_231,2025-12-06,14,4
RESTOCK_003471,STORE_11,SKU_180,2025-12-06,7,6
RESTOCK_004658,STORE_11,SKU_208,2025-12-06,8,6
RESTOCK_006578,STORE_07,SKU_175,2025-12-06,14,5
RESTOCK_006779,STORE_14,SKU_201,2025-12-06,16,1
RESTOCK_005067,STORE_17,SKU_044,2025-12-06,21,4
RESTOCK_002192,STORE_17,SKU_055,2025-12-06,17,2
RESTOCK_004205,STORE_17,SKU_044,2025-12-06,19,2
RESTOCK_004288,STORE_13,SKU_200,2025-12-06,19,1
RESTOCK_003682,STORE_02,SKU_028,2025-12-06,12,1
RESTOCK_002197,STORE_10,SKU_211,2025-12-06,13,1
RESTOCK_006445,STORE_09,SKU_040,2025-12-06,24,3
RESTOCK_004202,STORE_10,SKU_025,2025-12-06,10,3
RESTOCK_004046,STORE_15,SKU_217,2025-12-06,15,2
RESTOCK_001746,STORE_18,SKU_067,2025-12-06,18,3
RESTOCK_001530,STORE_03,SKU_065,2025-12-06,9,5
RESTOCK_005685,STORE_11,SKU_143,2025-12-06,11,4
RESTOCK_006450,STORE_13,SKU_006,2025-12-06,15,1
RESTOCK_003420,STORE_10,SKU_238,2025-12-06,23,1
RESTOCK_000339,STORE_12,SKU_177,2025-12-06,22,2
RESTOCK_002672,STORE_12,SKU_193,2025-12-06,32,2
RESTOCK_005693,STORE_07,SKU_113,2025-12-06,12,6
RESTOCK_004096,STORE_13,SKU_172,2025-12-06,8,3
RESTOCK_001456,STORE_14,SKU_240,2025-12-06,16,2
RESTOCK_000870,STORE_16,SKU_194,2025-12-07,27,2
RESTOCK_001602,STORE_08,SKU_043,2025-12-07,23,1
RESTOCK_004968,STORE_17,SKU_062,2025-12-07,22,3
RESTOCK_002000,STORE_17,SKU_247,2025-12-07,21,2
RESTOCK_002794,STORE_11,SKU_070,2025-12-07,10,5
RESTOCK_006054,STORE_14,SKU_237,2025-12-07,9,4
RESTOCK_003737,STORE_13,SKU_080,2025-12-07,11,4
RESTOCK_001199,STORE_09,SKU_086,2025-12-07,16,1
RESTOCK_006275,STORE_05,SKU_240,2025-12-07,24,2
RESTOCK_003304,STORE_15,SKU_073,2025-12-07,24,1
RESTOCK_000946,STORE_08,SKU_029,2025-12-07,11,2
RESTOCK_003413,STORE_16,SKU_243,2025-12-07,20,2
RESTOCK_001425,STORE_17,SKU_146,2025-12-07,9,3
RESTOCK_003716,STORE_08,SKU_122,2025-12-07,14,4
RESTOCK_000918,STORE_07,SKU_031,2025-12-07,11,5
RESTOCK_002298,STORE_15,SKU_097,2025-12-07,15,1
RESTOCK_004187,STORE_12,SKU_206,2025-12-07,25,1
RESTOCK_006565,STORE_02,SKU_053,2025-12-07,18,2
RESTOCK_003979,STORE_08,SKU_080,2025-12-07,18,1
RESTOCK_006902,STORE_01,SKU_016,2025-12-07,27,2
RESTOCK_000121,STORE_04,SKU_233,2025-12-07,13,4
RESTOCK_005486,STORE_02,SKU_120,2025-12-07,29,2
RESTOCK_003986,STORE_02,SKU_239,2025-12-07,16,1
RESTOCK_006726,STORE_01,SKU_236,2025-12-07,12,2
RESTOCK_005759,STORE_02,SKU_124,2025-12-07,11,1
RESTOCK_001684,STORE_11,SKU_192,2025-12-07,14,5
RESTOCK_004173,STORE_11,SKU_077,2025-12-08,12,5
RESTOCK_000625,STORE_16,SKU_065,2025-12-08,15,2
RESTOCK_001479,STORE_09,SKU_187,2025-12-08,24,4
RESTOCK_000243,STORE_06,SKU_224,2025-12-08,26,1
RESTOCK_001281,STORE_02,SKU_190,2025-12-08,25,3
RESTOCK_002492,STORE_03,SKU_033,2025-12-08,20,3
RESTOCK_006299,STORE_15,SKU_189,2025-12-08,11,3
RESTOCK_003088,STORE_14,SKU_114,2025-12-08,14,3
RESTOCK_006975,STORE_10,SKU_229,2025-12-08,13,2
RESTOCK_006174,STORE_18,SKU_014,2025-12-08,11,1
RESTOCK_002335,STORE_02,SKU_087,2025-12-08,17,2
RESTOCK_003921,STORE_06,SKU_125,2025-12-08,10,3
RESTOCK_003378,STORE_02,SKU_236,2025-12-08,11,1
RESTOCK_005377,STORE_17,SKU_172,2025-12-08,14,4
RESTOCK_002708,STORE_05,SKU_210,2025-12-08,37,1
RESTOCK_002394,STORE_11,SKU_127,2025-12-08,8,5
RESTOCK_006586,STORE_01,SKU_021,2025-12-08,13,3
RESTOCK_000277,STORE_02,SKU_023,2025-12-08,16,4
RESTOCK_002355,STORE_09,SKU_030,2025-12-08,7,1
RESTOCK_006201,STORE_03,SKU_132,2025-12-08,14,3
RESTOCK_004295,STORE_16,SKU_116,2025-12-08,28,2
RESTOCK_002745,STORE_13,SKU_147,2025-12-08,14,1
RESTOCK_006042,STORE_04,SKU_137,2025-12-08,15,4
RESTOCK_000855,STORE_08,SKU_188,2025-12-08,28,4
RESTOCK_003813,STORE_12,SKU_242,2025-12-08,21,1
RESTOCK_000260,STORE_09,SKU_089,2025-12-08,17,3
RESTOCK_004054,STORE_15,SKU_226,2025-12-08,14,2
RESTOCK_002595,STORE_17,SKU_029,2025-12-08,18,1
RESTOCK_002253,STORE_05,SKU_014,2025-12-08,31,2
RESTOCK_005985,STORE_06,SKU_055,2025-12-09,9,3
RESTOCK_005238,STORE_02,SKU_054,2025-12-09,11,3
RESTOCK_006938,STORE_09,SKU_186,2025-12-09,10,4
RESTOCK_004829,STORE_13,SKU_121,2025-12-09,15,4
RESTOCK_003386,STORE_17,SKU_246,2025-12-09,15,2
RESTOCK_003060,STORE_08,SKU_060,2025-12-09,9,2
RESTOCK_002479,STORE_03,SKU_155,2025-12-09,12,6
RESTOCK_002830,STORE_14,SKU_095,2025-12-09,26,3
RESTOCK_006784,STORE_18,SKU_119,2025-12-09,10,3
RESTOCK_006765,STORE_01,SKU_044,2025-12-09,12,4
RESTOCK_005065,STORE_18,SKU_079,2025-12-09,15,2
RESTOCK_006614,STORE_14,SKU_120,2025-12-09,13,2
RESTOCK_003027,STORE_15,SKU_131,2025-12-09,11,1
RESTOCK_003900,STORE_15,SKU_243,2025-12-09,16,4
RESTOCK_003149,STORE_08,SKU_137,2025-12-09,17,3
RESTOCK_002823,STORE_01,SKU_068,2025-12-09,13,3
RESTOCK_000517,STORE_12,SKU_229,2025-12-09,34,2
RESTOCK_006613,STORE_03,SKU_228,2025-12-09,11,6
RESTOCK_005224,STORE_07,SKU_113,2025-12-09,10,6
RESTOCK_001163,STORE_18,SKU_038,2025-12-09,14,2
RESTOCK_002860,STORE_14,SKU_164,2025-12-09,11,1
RESTOCK_005131,STORE_07,SKU_012,2025-12-09,9,3
RESTOCK_002225,STORE_16,SKU_175,2025-12-09,26,2
RESTOCK_002641,STORE_03,SKU_155,2025-12-09,17,3
RESTOCK_001069,STORE_03,SKU_043,2025-12-09,14,3
RESTOCK_005667,STORE_02,SKU_191,2025-12-09,21,2
RESTOCK_003050,STORE_09,SKU_146,2025-12-10,13,1
RESTOCK_000366,STORE_02,SKU_243,2025-12-10,15,3
RESTOCK_001437,STORE_08,SKU_196,2025-12-10,13,4
RESTOCK_006960,STORE_09,SKU_245,2025-12-10,13,3
RESTOCK_000358,STORE_02,SKU_182,2025-12-10,16,3
RESTOCK_002336,STORE_07,SKU_109,2025-12-10,10,3
RESTOCK_002585,STORE_18,SKU_235,2025-12-10,18,1
RESTOCK_000070,STORE_01,SKU_177,2025-12-10,15,4
RESTOCK_005007,STORE_02,SKU_009,2025-12-10,16,1
RESTOCK_001516,STORE_06,SKU_027,2025-12-10,9,1
RESTOCK_001156,STORE_01,SKU_132,2025-12-10,21,3
RESTOCK_005729,STORE_02,SKU_205,2025-12-10,15,1
RESTOCK_000142,STORE_01,SKU_232,2025-12-10,15,2
RESTOCK_003660,STORE_06,SKU_059,2025-12-10,9,4
RESTOCK_005362,STORE_09,SKU_246,2025-12-10,16,3
RESTOCK_002246,STORE_16,SKU_100,2025-12-10,30,1
RESTOCK_003929,STORE_14,SKU_106,2025-12-10,12,2
RESTOCK_004185,STORE_11,SKU_216,2025-12-10,10,5
RESTOCK_002003,STORE_12,SKU_024,2025-12-10,20,2
RESTOCK_003558,STORE_06,SKU_057,2025-12-10,10,2
RESTOCK_005638,STORE_18,SKU_143,2025-12-11,9,4
RESTOCK_001503,STORE_14,SKU_175,2025-12-11,12,2
RESTOCK_004500,STORE_03,SKU_187,2025-12-11,17,3
RESTOCK_002352,STORE_04,SKU_237,2025-12-11,17,4
RESTOCK_000129,STORE_12,SKU_152,2025-12-11,33,1
RESTOCK_004650,STORE_09,SKU_010,2025-12-11,18,2
RESTOCK_000403,STORE_09,SKU_225,2025-12-11,12,2
RESTOCK_001931,STORE_07,SKU_001,2025-12-11,14,6
RESTOCK_004060,STORE_08,SKU_142,2025-12-11,18,4
RESTOCK_004796,STORE_12,SKU_164,2025-12-11,25,2
RESTOCK_006435,STORE_05,SKU_018,2025-12-11,16,2
RESTOCK_004047,STORE_01,SKU_144,2025-12-11,11,3
RESTOCK_001863,STORE_11,SKU_155,2025-12-11,11,6
RESTOCK_005267,STORE_11,SKU_050,2025-12-11,16,5
RESTOCK_000935,STORE_01,SKU_196,2025-12-11,11,3
RESTOCK_003462,STORE_15,SKU_136,2025-12-11,14,2
RESTOCK_006702,STORE_16,SKU_044,2025-12-11,32,1
RESTOCK_001171,STORE_17,SKU_169,2025-12-11,21,2
RESTOCK_001173,STORE_12,SKU_029,2025-12-11,24,2
RESTOCK_004499,STORE_12,SKU_045,2025-12-11,32,2
RESTOCK_004130,STORE_05,SKU_231,2025-12-11,21,2
RESTOCK_006907,STORE_15,SKU_179,2025-12-11,17,1
RESTOCK_006860,STORE_13,SKU_132,2025-12-11,15,1
RESTOCK_005455,STORE_11,SKU_058,2025-12-11,10,4
RESTOCK_006449,STORE_04,SKU_168,2025-12-11,26,2
RESTOCK_005626,STORE_08,SKU_238,2025-12-11,17,4
RESTOCK_002663,STORE_15,SKU_120,2025-12-11,16,2
RESTOCK_005202,STORE_02,SKU_166,2025-12-12,27,1
RESTOCK_002136,STORE_03,SKU_086,2025-12-12,16,6
RESTOCK_004049,STORE_03,SKU_080,2025-12-12,13,6
RESTOCK_003465,STORE_14,SKU_217,2025-12-12,14,2
RESTOCK_000716,STORE_08,SKU_034,2025-12-12,25,2
RESTOCK_000451,STORE_12,SKU_149,2025-12-12,27,2
RESTOCK_002347,STORE_08,SKU_188,2025-12-12,29,4
RESTOCK_000680,STORE_17,SKU_159,2025-12-12,17,2
RESTOCK_004850,STORE_09,SKU_192,2025-12-12,13,2
RESTOCK_000693,STORE_15,SKU_057,2025-12-12,13,2
RESTOCK_000484,STORE_09,SKU_061,2025-12-12,14,2
RESTOCK_004406,STORE_05,SKU_208,2025-12-12,38,2
RESTOCK_003318,STORE_01,SKU_032,2025-12-12,13,1
RESTOCK_001399,STORE_12,SKU_076,2025-12-12,24,2
RESTOCK_002774,STORE_07,SKU_054,2025-12-12,8,5
RESTOCK_002646,STORE_11,SKU_016,2025-12-12,11,4
RESTOCK_002557,STORE_09,SKU_182,2025-12-12,18,2
RESTOCK_005745,STORE_10,SKU_003,2025-12-12,15,4
RESTOCK_006012,STORE_06,SKU_066,2025-12-12,11,4
RESTOCK_003239,STORE_03,SKU_169,2025-12-12,7,5
RESTOCK_006263,STORE_02,SKU_177,2025-12-13,20,2
RESTOCK_001647,STORE_01,SKU_234,2025-12-13,15,4
RESTOCK_003910,STORE_14,SKU_202,2025-12-13,9,3
RESTOCK_003911,STORE_08,SKU_020,2025-12-13,13,1
RESTOCK_005533,STORE_11,SKU_193,2025-12-13,9,3
RESTOCK_004270,STORE_05,SKU_097,2025-12-13,21,2
RESTOCK_006764,STORE_07,SKU_122,2025-12-13,14,4
RESTOCK_004741,STORE_11,SKU_165,2025-12-13,7,4
RESTOCK_003603,STORE_15,SKU_098,2025-12-13,12,2
RESTOCK_006598,STORE_11,SKU_044,2025-12-13,14,3
RESTOCK_000385,STORE_14,SKU_110,2025-12-13,22,2
RESTOCK_001325,STORE_02,SKU_046,2025-12-13,20,3
RESTOCK_001389,STORE_06,SKU_071,2025-12-13,16,4
RESTOCK_006767,STORE_05,SKU_196,2025-12-13,21,1
RESTOCK_003582,STORE_12,SKU_153,2025-12-13,33,2
RESTOCK_002175,STORE_04,SKU_023,2025-12-13,13,3
RESTOCK_004964,STORE_13,SKU_076,2025-12-13,17,1
RESTOCK_004751,STORE_16,SKU_225,2025-12-13,16,1
RESTOCK_002297,STORE_14,SKU_144,2025-12-13,16,3
RESTOCK_003012,STORE_09,SKU_121,2025-12-13,12,1
RESTOCK_001343,STORE_05,SKU_066,2025-12-13,23,1
RESTOCK_006451,STORE_07,SKU_112,2025-12-13,6,3
RESTOCK_002378,STORE_11,SKU_122,2025-12-13,10,3
RESTOCK_005620,STORE_10,SKU_072,2025-12-13,10,4
RESTOCK_004024,STORE_05,SKU_053,2025-12-13,31,2
RESTOCK_004482,STORE_01,SKU_063,2025-12-13,9,4
RESTOCK_005325,STORE_07,SKU_094,2025-12-13,12,3
RESTOCK_005320,STORE_13,SKU_155,2025-12-13,15,3
RESTOCK_005402,STORE_09,SKU_096,2025-12-13,26,2
RESTOCK_003400,STORE_06,SKU_115,2025-12-13,18,3
RESTOCK_002986,STORE_14,SKU_101,2025-12-13,18,3
RESTOCK_004961,STORE_13,SKU_053,2025-12-13,12,4
RESTOCK_001512,STORE_14,SKU_083,2025-12-14,16,4
RESTOCK_003640,STORE_09,SKU_089,2025-12-14,12,2
RESTOCK_005146,STORE_03,SKU_241,2025-12-14,12,3
RESTOCK_006543,STORE_10,SKU_211,2025-12-14,10,2
RESTOCK_002654,STORE_04,SKU_209,2025-12-14,27,1
RESTOCK_006488,STORE_04,SKU_045,2025-12-14,12,2
RESTOCK_001327,STORE_17,SKU_230,2025-12-14,13,3
RESTOCK_002761,STORE_04,SKU_161,2025-12-14,12,1
RESTOCK_003384,STORE_09,SKU_134,2025-12-14,12,4
RESTOCK_002532,STORE_08,SKU_201,2025-12-14,10,1
RESTOCK_001585,STORE_08,SKU_054,2025-12-14,11,1
RESTOCK_002308,STORE_12,SKU_161,2025-12-14,37,2
RESTOCK_004004,STORE_10,SKU_218,2025-12-14,21,3
RESTOCK_000942,STORE_02,SKU_104,2025-12-14,21,1
RESTOCK_002505,STORE_09,SKU_226,2025-12-14,28,1
RESTOCK_003605,STORE_01,SKU_204,2025-12-14,15,2
RESTOCK_000091,STORE_01,SKU_077,2025-12-14,19,3
RESTOCK_006168,STORE_06,SKU_044,2025-12-14,17,4
RESTOCK_000609,STORE_05,SKU_074,2025-12-14,23,2
RESTOCK_003177,STORE_18,SKU_038,2025-12-14,10,1
RESTOCK_000828,STORE_02,SKU_126,2025-12-14,26,3
RESTOCK_004166,STORE_08,SKU_123,2025-12-14,10,1
RESTOCK_004257,STORE_16,SKU_044,2025-12-14,33,2
RESTOCK_006151,STORE_10,SKU_084,2025-12-14,11,2
RESTOCK_002923,STORE_05,SKU_025,2025-12-14,19,1
RESTOCK_005471,STORE_07,SKU_054,2025-12-14,7,6
RESTOCK_006257,STORE_10,SKU_239,2025-12-14,20,4
RESTOCK_004399,STORE_12,SKU_030,2025-12-14,22,1
RESTOCK_005554,STORE_12,SKU_156,2025-12-15,34,1
RESTOCK_006193,STORE_18,SKU_033,2025-12-15,14,2
RESTOCK_003648,STORE_02,SKU_032,2025-12-15,10,2
RESTOCK_003982,STORE_06,SKU_149,2025-12-15,12,3
RESTOCK_005338,STORE_06,SKU_042,2025-12-15,28,2
RESTOCK_005324,STORE_16,SKU_097,2025-12-15,36,2
RESTOCK_006325,STORE_01,SKU_002,2025-12-15,15,4
RESTOCK_006306,STORE_04,SKU_209,2025-12-15,27,4
RESTOCK_003066,STORE_17,SKU_234,2025-12-15,14,1
RESTOCK_003067,STORE_15,SKU_112,2025-12-15,12,3
RESTOCK_000139,STORE_08,SKU_155,2025-12-15,23,1
RESTOCK_003609,STORE_15,SKU_190,2025-12-15,17,1
RESTOCK_006121,STORE_05,SKU_226,2025-12-15,30,1
RESTOCK_005990,STORE_12,SKU_186,2025-12-15,15,1
RESTOCK_003786,STORE_11,SKU_193,2025-12-15,13,5
RESTOCK_005661,STORE_16,SKU_077,2025-12-15,27,2
RESTOCK_006008,STORE_07,SKU_060,2025-12-15,5,3
RESTOCK_002631,STORE_11,SKU_197,2025-12-15,9,5
RESTOCK_005265,STORE_17,SKU_172,2025-12-15,12,3
RESTOCK_003483,STORE_13,SKU_016,2025-12-15,17,4
RESTOCK_006389,STORE_10,SKU_008,2025-12-15,18,3
RESTOCK_002755,STORE_06,SKU_090,2025-12-15,15,2
RESTOCK_006002,STORE_15,SKU_211,2025-12-15,14,3
RESTOCK_000727,STORE_02,SKU_068,2025-12-15,14,1
RESTOCK_001995,STORE_02,SKU_170,2025-12-15,23,1
RESTOCK_000034,STORE_02,SKU_052,2025-12-15,17,4
RESTOCK_000672,STORE_13,SKU_233,2025-12-15,9,4
RESTOCK_001735,STORE_17,SKU_017,2025-12-15,18,2
RESTOCK_001571,STORE_18,SKU_221,2025-12-15,15,2
RESTOCK_006592,STORE_05,SKU_216,2025-12-15,29,2
RESTOCK_006885,STORE_08,SKU_165,2025-12-15,21,3
RESTOCK_002142,STORE_06,SKU_242,2025-12-15,18,1
RESTOCK_005253,STORE_02,SKU_201,2025-12-16,13,3
RESTOCK_003565,STORE_17,SKU_014,2025-12-16,12,3
RESTOCK_002034,STORE_15,SKU_032,2025-12-16,10,4
RESTOCK_000448,STORE_12,SKU_077,2025-12-16,27,2
RESTOCK_006337,STORE_03,SKU_176,2025-12-16,10,4
RESTOCK_001733,STORE_08,SKU_234,2025-12-16,9,4
RESTOCK_001452,STORE_12,SKU_190,2025-12-16,27,2
RESTOCK_000411,STORE_07,SKU_191,2025-12-16,16,6
RESTOCK_003097,STORE_11,SKU_235,2025-12-16,12,4
RESTOCK_002165,STORE_17,SKU_123,2025-12-16,13,2
RESTOCK_003593,STORE_09,SKU_191,2025-12-16,21,4
RESTOCK_002411,STORE_09,SKU_179,2025-12-16,17,4
RESTOCK_004444,STORE_15,SKU_043,2025-12-16,15,2
RESTOCK_003707,STORE_05,SKU_117,2025-12-16,24,2
RESTOCK_005087,STORE_17,SKU_116,2025-12-16,19,2
RESTOCK_005641,STORE_12,SKU_136,2025-12-16,22,1
RESTOCK_004528,STORE_12,SKU_074,2025-12-16,39,1
RESTOCK_005866,STORE_01,SKU_161,2025-12-16,15,3
RESTOCK_003991,STORE_06,SKU_245,2025-12-16,15,1
RESTOCK_004006,STORE_17,SKU_048,2025-12-16,14,1
RESTOCK_000659,STORE_15,SKU_052,2025-12-16,16,1
RESTOCK_002010,STORE_01,SKU_065,2025-12-16,10,3
RESTOCK_001077,STORE_05,SKU_098,2025-12-16,18,2
RESTOCK_002470,STORE_08,SKU_228,2025-12-16,13,2
RESTOCK_000839,STORE_08,SKU_246,2025-12-16,15,4
RESTOCK_006997,STORE_18,SKU_018,2025-12-16,11,3
RESTOCK_000933,STORE_06,SKU_085,2025-12-16,13,3
RESTOCK_004334,STORE_16,SKU_081,2025-12-16,28,2
RESTOCK_001781,STORE_13,SKU_078,2025-12-16,16,4
RESTOCK_000808,STORE_14,SKU_084,2025-12-16,24,3
RESTOCK_004799,STORE_18,SKU_067,2025-12-16,13,1
RESTOCK_006239,STORE_04,SKU_010,2025-12-16,21,2
RESTOCK_001511,STORE_15,SKU_143,2025-12-16,14,2
RESTOCK_000201,STORE_16,SKU_240,2025-12-16,26,1
RESTOCK_004430,STORE_18,SKU_196,2025-12-16,14,4
RESTOCK_001649,STORE_17,SKU_057,2025-12-16,13,2
RESTOCK_003389,STORE_03,SKU_021,2025-12-16,7,5
RESTOCK_006189,STORE_02,SKU_031,2025-12-16,20,2
RESTOCK_003549,STORE_14,SKU_142,2025-12-16,12,3
RESTOCK_000096,STORE_08,SKU_087,2025-12-16,10,3
RESTOCK_001378,STORE_16,SKU_010,2025-12-16,18,2
RESTOCK_004119,STORE_16,SKU_048,2025-12-17,25,2
RESTOCK_001944,STORE_07,SKU_041,2025-12-17,9,3
RESTOCK_006221,STORE_06,SKU_247,2025-12-17,16,2
RESTOCK_001628,STORE_02,SKU_161,2025-12-17,14,1
RESTOCK_000106,STORE_14,SKU_058,2025-12-17,12,2
RESTOCK_006227,STORE_01,SKU_208,2025-12-17,27,3
RESTOCK_001877,STORE_06,SKU_001,2025-12-17,24,1
RESTOCK_005848,STORE_05,SKU_062,2025-12-17,19,1
RESTOCK_002961,STORE_04,SKU_234,2025-12-17,9,4
RESTOCK_006281,STORE_01,SKU_038,2025-12-17,18,1
RESTOCK_003167,STORE_03,SKU_088,2025-12-17,9,5
RESTOCK_003093,STORE_06,SKU_135,2025-12-17,14,2
RESTOCK_005634,STORE_05,SKU_020,2025-12-17,21,2
RESTOCK_006790,STORE_08,SKU_008,2025-12-17,17,2
RESTOCK_005513,STORE_04,SKU_112,2025-12-17,11,1
RESTOCK_006993,STORE_10,SKU_040,2025-12-17,18,2
RESTOCK_004613,STORE_11,SKU_108,2025-12-17,17,4
RESTOCK_001728,STORE_09,SKU_238,2025-12-17,18,3
RESTOCK_006314,STORE_02,SKU_103,2025-12-17,13,1
RESTOCK_000477,STORE_10,SKU_019,2025-12-17,26,1
RESTOCK_001448,STORE_10,SKU_109,2025-12-17,16,2
RESTOCK_003449,STORE_15,SKU_249,2025-12-17,10,3
RESTOCK_005658,STORE_02,SKU_013,2025-12-17,18,1
RESTOCK_001793,STORE_09,SKU_250,2025-12-17,11,2
RESTOCK_003370,STORE_15,SKU_130,2025-12-17,17,2
RESTOCK_006664,STORE_05,SKU_161,2025-12-17,22,1
RESTOCK_000843,STORE_12,SKU_192,2025-12-18,30,2
RESTOCK_006850,STORE_17,SKU_249,2025-12-18,12,4
RESTOCK_006703,STORE_09,SKU_014,2025-12-18,21,4
RESTOCK_004066,STORE_11,SKU_052,2025-12-18,13,4
RESTOCK_001078,STORE_12,SKU_154,2025-12-18,19,2
RESTOCK_001797,STORE_17,SKU_249,2025-12-18,10,1
RESTOCK_004165,STORE_03,SKU_198,2025-12-18,9,6
RESTOCK_001010,STORE_11,SKU_059,2025-12-18,6,5
RESTOCK_001024,STORE_08,SKU_132,2025-12-18,16,4
RESTOCK_005415,STORE_16,SKU_220,2025-12-18,29,1
RESTOCK_004851,STORE_17,SKU_247,2025-12-18,20,4
RESTOCK_001244,STORE_18,SKU_048,2025-12-18,17,2
RESTOCK_003289,STORE_09,SKU_211,2025-12-18,13,2
RESTOCK_001527,STORE_15,SKU_117,2025-12-18,25,2
RESTOCK_004456,STORE_13,SKU_246,2025-12-18,15,2
RESTOCK_006602,STORE_15,SKU_214,2025-12-18,10,4
RESTOCK_002006,STORE_08,SKU_118,2025-12-18,13,2
RESTOCK_002623,STORE_03,SKU_091,2025-12-19,10,6
RESTOCK_006770,STORE_02,SKU_211,2025-12-19,12,3
RESTOCK_004791,STORE_18,SKU_115,2025-12-19,16,3
RESTOCK_000957,STORE_03,SKU_015,2025-12-19,17,5
RESTOCK_001689,STORE_11,SKU_126,2025-12-19,9,5
RESTOCK_002339,STORE_13,SKU_225,2025-12-19,11,1
RESTOCK_000648,STORE_09,SKU_186,2025-12-19,9,1
RESTOCK_004714,STORE_17,SKU_214,2025-12-19,10,1
RESTOCK_005637,STORE_18,SKU_218,2025-12-19,12,2
RESTOCK_005323,STORE_14,SKU_006,2025-12-19,20,3
RESTOCK_006160,STORE_04,SKU_191,2025-12-19,18,2
RESTOCK_000085,STORE_09,SKU_118,2025-12-19,14,1
RESTOCK_005142,STORE_04,SKU_016,2025-12-19,19,4
RESTOCK_004525,STORE_12,SKU_105,2025-12-19,31,2
RESTOCK_000782,STORE_08,SKU_094,2025-12-19,14,4
RESTOCK_002030,STORE_08,SKU_219,2025-12-19,16,4
RESTOCK_002144,STORE_04,SKU_031,2025-12-19,19,4
RESTOCK_003857,STORE_06,SKU_176,2025-12-19,19,3
RESTOCK_000424,STORE_12,SKU_097,2025-12-19,25,1
RESTOCK_002781,STORE_17,SKU_053,2025-12-19,12,2
RESTOCK_003774,STORE_16,SKU_239,2025-12-19,26,2
RESTOCK_001885,STORE_02,SKU_062,2025-12-19,12,1
RESTOCK_003736,STORE_01,SKU_216,2025-12-19,21,2
RESTOCK_003904,STORE_08,SKU_061,2025-12-19,9,1
RESTOCK_001105,STORE_07,SKU_158,2025-12-20,8,3
RESTOCK_002567,STORE_08,SKU_211,2025-12-20,13,2
RESTOCK_003377,STORE_17,SKU_163,2025-12-20,22,1
RESTOCK_005366,STORE_11,SKU_140,2025-12-20,9,3
RESTOCK_005879,STORE_14,SKU_161,2025-12-20,23,3
RESTOCK_003072,STORE_18,SKU_235,2025-12-20,19,3
RESTOCK_002366,STORE_05,SKU_125,2025-12-20,18,2
RESTOCK_004467,STORE_02,SKU_082,2025-12-20,17,2
RESTOCK_004492,STORE_11,SKU_211,2025-12-20,12,6
RESTOCK_006431,STORE_08,SKU_041,2025-12-20,11,4
RESTOCK_003839,STORE_17,SKU_161,2025-12-20,20,2
RESTOCK_000464,STORE_06,SKU_198,2025-12-20,10,4
RESTOCK_005370,STORE_14,SKU_158,2025-12-20,15,1
RESTOCK_000532,STORE_03,SKU_205,2025-12-20,13,4
RESTOCK_000038,STORE_08,SKU_009,2025-12-20,16,4
RESTOCK_006418,STORE_18,SKU_106,2025-12-20,12,3
RESTOCK_006004,STORE_17,SKU_038,2025-12-20,14,4
RESTOCK_005967,STORE_04,SKU_131,2025-12-20,14,3
RESTOCK_001248,STORE_08,SKU_077,2025-12-20,23,1
RESTOCK_001129,STORE_17,SKU_156,2025-12-20,22,1
RESTOCK_004660,STORE_02,SKU_074,2025-12-20,17,2
RESTOCK_000082,STORE_05,SKU_104,2025-12-20,32,2
RESTOCK_006746,STORE_03,SKU_217,2025-12-20,12,5
RESTOCK_006286,STORE_14,SKU_065,2025-12-20,11,3
RESTOCK_004079,STORE_17,SKU_152,2025-12-20,22,4
RESTOCK_000816,STORE_08,SKU_137,2025-12-20,14,2
RESTOCK_003158,STORE_10,SKU_083,2025-12-20,14,2
RESTOCK_002810,STORE_07,SKU_194,2025-12-20,13,6
RESTOCK_002647,STORE_16,SKU_041,2025-12-20,38,2
RESTOCK_002488,STORE_01,SKU_099,2025-12-21,22,1
RESTOCK_005593,STORE_14,SKU_173,2025-12-21,10,4
RESTOCK_004523,STORE_02,SKU_143,2025-12-21,22,1
RESTOCK_005965,STORE_02,SKU_137,2025-12-21,12,2
RESTOCK_000955,STORE_08,SKU_021,2025-12-21,14,2
RESTOCK_004311,STORE_06,SKU_135,2025-12-21,19,3
RESTOCK_004757,STORE_11,SKU_121,2025-12-21,10,3
RESTOCK_002903,STORE_11,SKU_065,2025-12-21,8,6
RESTOCK_002870,STORE_04,SKU_061,2025-12-21,13,4
RESTOCK_002528,STORE_01,SKU_149,2025-12-21,14,4
RESTOCK_003375,STORE_08,SKU_141,2025-12-21,12,1
RESTOCK_006894,STORE_18,SKU_228,2025-12-21,19,2
RESTOCK_001623,STORE_09,SKU_152,2025-12-21,13,4
RESTOCK_004635,STORE_04,SKU_243,2025-12-21,19,1
RESTOCK_004705,STORE_13,SKU_227,2025-12-21,13,3
RESTOCK_000159,STORE_02,SKU_085,2025-12-21,14,2
RESTOCK_006916,STORE_06,SKU_056,2025-12-21,11,1
RESTOCK_003472,STORE_18,SKU_004,2025-12-21,15,2
RESTOCK_002147,STORE_07,SKU_080,2025-12-21,11,5
RESTOCK_004122,STORE_13,SKU_181,2025-12-21,15,2
RESTOCK_002167,STORE_18,SKU_134,2025-12-21,13,4
RESTOCK_005261,STORE_06,SKU_124,2025-12-21,17,2
RESTOCK_000713,STORE_11,SKU_133,2025-12-21,10,4
RESTOCK_005780,STORE_10,SKU_014,2025-12-21,14,2
RESTOCK_000192,STORE_18,SKU_033,2025-12-21,19,3
RESTOCK_000525,STORE_17,SKU_086,2025-12-21,12,1
RESTOCK_001318,STORE_01,SKU_045,2025-12-21,14,1
RESTOCK_000527,STORE_01,SKU_004,2025-12-21,20,4
RESTOCK_000580,STORE_02,SKU_152,2025-12-21,11,3
RESTOCK_001394,STORE_09,SKU_015,2025-12-21,17,4
RESTOCK_004220,STORE_13,SKU_127,2025-12-21,10,3
RESTOCK_006751,STORE_17,SKU_064,2025-12-21,19,4
RESTOCK_003827,STORE_09,SKU_131,2025-12-21,11,4
RESTOCK_005790,STORE_06,SKU_157,2025-12-21,13,1
RESTOCK_006043,STORE_03,SKU_247,2025-12-21,10,6
RESTOCK_000790,STORE_14,SKU_056,2025-12-22,12,3
RESTOCK_005845,STORE_09,SKU_038,2025-12-22,18,2
RESTOCK_004037,STORE_16,SKU_041,2025-12-22,31,1
RESTOCK_001710,STORE_07,SKU_198,2025-12-22,6,4
RESTOCK_003122,STORE_02,SKU_227,2025-12-22,18,1
RESTOCK_006919,STORE_18,SKU_028,2025-12-22,22,3
RESTOCK_003323,STORE_16,SKU_191,2025-12-22,30,1
RESTOCK_005156,STORE_18,SKU_140,2025-12-22,13,3
RESTOCK_004479,STORE_18,SKU_223,2025-12-22,13,3
RESTOCK_000570,STORE_01,SKU_091,2025-12-22,14,2
RESTOCK_002217,STORE_12,SKU_051,2025-12-22,20,2
RESTOCK_005784,STORE_16,SKU_060,2025-12-22,19,1
RESTOCK_002045,STORE_04,SKU_135,2025-12-22,18,4
RESTOCK_002740,STORE_17,SKU_157,2025-12-22,17,3
RESTOCK_000738,STORE_12,SKU_014,2025-12-22,25,2
RESTOCK_006859,STORE_12,SKU_152,2025-12-22,39,1
RESTOCK_002463,STORE_11,SKU_084,2025-12-22,12,4
RESTOCK_005479,STORE_14,SKU_188,2025-12-22,12,2
RESTOCK_001933,STORE_16,SKU_239,2025-12-22,23,1
RESTOCK_005090,STORE_07,SKU_105,2025-12-22,18,6
RESTOCK_003258,STORE_08,SKU_207,2025-12-22,13,3
RESTOCK_001142,STORE_13,SKU_112,2025-12-22,9,3
RESTOCK_001160,STORE_14,SKU_175,2025-12-22,11,3
RESTOCK_004209,STORE_16,SKU_142,2025-12-22,26,1
RESTOCK_005666,STORE_12,SKU_228,2025-12-22,28,1
RESTOCK_005330,STORE_05,SKU_051,2025-12-22,28,2
RESTOCK_003203,STORE_10,SKU_051,2025-12-22,24,4
RESTOCK_002812,STORE_01,SKU_038,2025-12-22,14,2
RESTOCK_001275,STORE_04,SKU_033,2025-12-22,23,4
RESTOCK_004099,STORE_04,SKU_077,2025-12-22,22,1
RESTOCK_005608,STORE_17,SKU_206,2025-12-22,21,1
RESTOCK_003334,STORE_12,SKU_149,2025-12-23,28,2
RESTOCK_003584,STORE_01,SKU_018,2025-12-23,14,3
RESTOCK_006206,STORE_06,SKU_009,2025-12-23,15,2
RESTOCK_001650,STORE_03,SKU_109,2025-12-23,10,5
RESTOCK_003100,STORE_17,SKU_040,2025-12-23,19,3
RESTOCK_005487,STORE_14,SKU_070,2025-12-23,20,3
RESTOCK_000638,STORE_06,SKU_176,2025-12-23,21,1
RESTOCK_001330,STORE_09,SKU_249,2025-12-23,15,2
RESTOCK_005986,STORE_04,SKU_001,2025-12-23,18,3
RESTOCK_003533,STORE_18,SKU_154,2025-12-23,9,4
RESTOCK_005409,STORE_02,SKU_039,2025-12-23,17,3
RESTOCK_002791,STORE_14,SKU_165,2025-12-23,11,3
RESTOCK_003892,STORE_02,SKU_216,2025-12-23,18,1
RESTOCK_001205,STORE_18,SKU_009,2025-12-23,18,1
RESTOCK_003118,STORE_18,SKU_218,2025-12-23,13,3
RESTOCK_003250,STORE_05,SKU_055,2025-12-23,21,2
RESTOCK_003278,STORE_09,SKU_167,2025-12-23,26,4
RESTOCK_001039,STORE_11,SKU_022,2025-12-23,10,4
RESTOCK_005884,STORE_06,SKU_027,2025-12-23,12,1
RESTOCK_005453,STORE_17,SKU_193,2025-12-23,20,4
RESTOCK_000804,STORE_17,SKU_110,2025-12-23,27,3
RESTOCK_003135,STORE_01,SKU_112,2025-12-23,16,4
RESTOCK_004586,STORE_12,SKU_143,2025-12-23,22,1
RESTOCK_005475,STORE_07,SKU_111,2025-12-23,12,3
RESTOCK_002873,STORE_14,SKU_089,2025-12-23,15,2
RESTOCK_005618,STORE_16,SKU_123,2025-12-24,27,2
RESTOCK_003057,STORE_11,SKU_233,2025-12-24,10,3
RESTOCK_006568,STORE_02,SKU_097,2025-12-24,11,4
RESTOCK_006864,STORE_17,SKU_196,2025-12-24,13,2
RESTOCK_000927,STORE_14,SKU_245,2025-12-24,24,3
RESTOCK_001764,STORE_13,SKU_131,2025-12-24,13,1
RESTOCK_003790,STORE_06,SKU_234,2025-12-24,14,1
RESTOCK_006258,STORE_07,SKU_069,2025-12-24,16,3
RESTOCK_004581,STORE_15,SKU_128,2025-12-24,14,4
RESTOCK_005490,STORE_12,SKU_099,2025-12-24,23,1
RESTOCK_001566,STORE_01,SKU_095,2025-12-24,15,4
RESTOCK_000976,STORE_15,SKU_065,2025-12-24,9,4
RESTOCK_000336,STORE_07,SKU_187,2025-12-24,11,4
RESTOCK_001450,STORE_11,SKU_203,2025-12-24,14,5
RESTOCK_003340,STORE_03,SKU_194,2025-12-24,12,3
RESTOCK_004409,STORE_15,SKU_174,2025-12-24,18,3
RESTOCK_001644,STORE_12,SKU_151,2025-12-24,34,1
RESTOCK_006732,STORE_17,SKU_018,2025-12-24,10,3
RESTOCK_005970,STORE_09,SKU_171,2025-12-24,20,2
RESTOCK_004142,STORE_12,SKU_129,2025-12-24,20,2
RESTOCK_006296,STORE_08,SKU_127,2025-12-24,14,4
RESTOCK_001894,STORE_04,SKU_009,2025-12-24,15,2
RESTOCK_001257,STORE_01,SKU_077,2025-12-24,25,4
RESTOCK_005919,STORE_07,SKU_052,2025-12-24,10,5
RESTOCK_001181,STORE_13,SKU_031,2025-12-25,15,2
RESTOCK_004186,STORE_12,SKU_028,2025-12-25,25,1
RESTOCK_003983,STORE_03,SKU_100,2025-12-25,12,6
RESTOCK_003844,STORE_16,SKU_017,2025-12-25,28,2
RESTOCK_003702,STORE_17,SKU_192,2025-12-25,18,3
RESTOCK_002478,STORE_12,SKU_225,2025-12-25,15,1
RESTOCK_004388,STORE_12,SKU_142,2025-12-25,24,1
RESTOCK_006729,STORE_18,SKU_229,2025-12-25,22,2
RESTOCK_005705,STORE_16,SKU_010,2025-12-25,27,1
RESTOCK_002498,STORE_15,SKU_088,2025-12-25,14,3
RESTOCK_005797,STORE_17,SKU_083,2025-12-25,17,4
RESTOCK_000109,STORE_15,SKU_103,2025-12-25,20,3
RESTOCK_005176,STORE_01,SKU_228,2025-12-25,13,1
RESTOCK_003336,STORE_05,SKU_011,2025-12-25,22,1
RESTOCK_004667,STORE_01,SKU_087,2025-12-25,12,2
RESTOCK_002403,STORE_16,SKU_065,2025-12-25,20,1
RESTOCK_001747,STORE_05,SKU_111,2025-12-25,42,1
RESTOCK_002393,STORE_18,SKU_248,2025-12-25,9,1
RESTOCK_002392,STORE_15,SKU_247,2025-12-25,17,1
RESTOCK_005448,STORE_10,SKU_102,2025-12-25,13,1
RESTOCK_002226,STORE_16,SKU_234,2025-12-25,35,1
RESTOCK_005232,STORE_01,SKU_087,2025-12-25,11,3
RESTOCK_006931,STORE_08,SKU_233,2025-12-25,9,4
RESTOCK_003415,STORE_09,SKU_249,2025-12-25,10,1
RESTOCK_004832,STORE_08,SKU_235,2025-12-25,12,4
RESTOCK_006988,STORE_01,SKU_037,2025-12-25,10,4
RESTOCK_006961,STORE_18,SKU_140,2025-12-25,13,1
RESTOCK_002196,STORE_13,SKU_021,2025-12-25,9,1
RESTOCK_002256,STORE_17,SKU_161,2025-12-25,20,2
RESTOCK_005041,STORE_09,SKU_076,2025-12-25,12,4
RESTOCK_005220,STORE_06,SKU_181,2025-12-25,14,4
RESTOCK_006876,STORE_08,SKU_164,2025-12-25,20,3
RESTOCK_000204,STORE_05,SKU_106,2025-12-25,15,2
RESTOCK_003452,STORE_09,SKU_057,2025-12-25,13,2
RESTOCK_001942,STORE_04,SKU_101,2025-12-26,26,4
RESTOCK_005808,STORE_13,SKU_010,2025-12-26,17,2
RESTOCK_002409,STORE_07,SKU_137,2025-12-26,7,5
RESTOCK_000795,STORE_08,SKU_158,2025-12-26,15,4
RESTOCK_004363,STORE_02,SKU_026,2025-12-26,19,2
RESTOCK_000337,STORE_05,SKU_062,2025-12-26,23,1
RESTOCK_003058,STORE_13,SKU_135,2025-12-26,10,1
RESTOCK_004115,STORE_06,SKU_102,2025-12-26,11,3
RESTOCK_002973,STORE_12,SKU_155,2025-12-26,25,2
RESTOCK_004307,STORE_06,SKU_068,2025-12-26,13,1
RESTOCK_000250,STORE_05,SKU_226,2025-12-26,32,1
RESTOCK_004041,STORE_09,SKU_059,2025-12-26,10,4
RESTOCK_002568,STORE_12,SKU_082,2025-12-26,24,1
RESTOCK_002371,STORE_05,SKU_162,2025-12-26,47,2
RESTOCK_004831,STORE_08,SKU_154,2025-12-26,14,1
RESTOCK_005361,STORE_09,SKU_208,2025-12-26,24,3
RESTOCK_000880,STORE_09,SKU_125,2025-12-26,11,2
RESTOCK_002236,STORE_11,SKU_059,2025-12-26,7,6
RESTOCK_006981,STORE_15,SKU_244,2025-12-26,12,4
RESTOCK_000410,STORE_17,SKU_035,2025-12-26,10,1
RESTOCK_004739,STORE_04,SKU_044,2025-12-26,10,4
RESTOCK_000785,STORE_05,SKU_170,2025-12-26,47,1
RESTOCK_006136,STORE_18,SKU_162,2025-12-26,14,2
RESTOCK_006305,STORE_15,SKU_226,2025-12-26,11,4
RESTOCK_001816,STORE_08,SKU_079,2025-12-26,18,2
RESTOCK_001101,STORE_17,SKU_063,2025-12-26,12,2
RESTOCK_002746,STORE_15,SKU_003,2025-12-26,20,1
RESTOCK_006625,STORE_04,SKU_141,2025-12-26,12,3
RESTOCK_001565,STORE_05,SKU_017,2025-12-26,26,2
RESTOCK_000064,STORE_18,SKU_195,2025-12-27,10,3
RESTOCK_006984,STORE_08,SKU_103,2025-12-27,19,4
RESTOCK_005586,STORE_04,SKU_170,2025-12-27,18,4
RESTOCK_006680,STORE_18,SKU_152,2025-12-27,16,4
RESTOCK_005653,STORE_18,SKU_034,2025-12-27,17,2
RESTOCK_002602,STORE_09,SKU_089,2025-12-27,15,2
RESTOCK_002091,STORE_01,SKU_058,2025-12-27,24,4
RESTOCK_002441,STORE_17,SKU_072,2025-12-27,20,1
RESTOCK_002574,STORE_16,SKU_146,2025-12-27,17,2
RESTOCK_003571,STORE_05,SKU_209,2025-12-27,42,1
RESTOCK_006467,STORE_10,SKU_009,2025-12-27,12,1
RESTOCK_006913,STORE_07,SKU_193,2025-12-27,9,4
RESTOCK_000011,STORE_02,SKU_176,2025-12-27,19,2
RESTOCK_005856,STORE_14,SKU_004,2025-12-27,16,4
RESTOCK_001899,STORE_14,SKU_118,2025-12-27,15,3
RESTOCK_005781,STORE_01,SKU_217,2025-12-27,28,1
RESTOCK_000770,STORE_05,SKU_156,2025-12-27,18,2
RESTOCK_000642,STORE_12,SKU_227,2025-12-27,25,1
RESTOCK_001807,STORE_03,SKU_203,2025-12-27,9,3
RESTOCK_003984,STORE_03,SKU_040,2025-12-27,16,6
RESTOCK_000398,STORE_11,SKU_234,2025-12-27,10,5
RESTOCK_001289,STORE_13,SKU_008,2025-12-27,13,4
RESTOCK_005339,STORE_13,SKU_219,2025-12-27,19,1
RESTOCK_004070,STORE_01,SKU_207,2025-12-27,12,3
RESTOCK_005024,STORE_09,SKU_232,2025-12-27,13,2
RESTOCK_001851,STORE_13,SKU_186,2025-12-27,12,4
RESTOCK_000202,STORE_12,SKU_136,2025-12-27,18,2
RESTOCK_002062,STORE_12,SKU_075,2025-12-27,21,2
RESTOCK_002139,STORE_08,SKU_087,2025-12-27,13,2
RESTOCK_003026,STORE_04,SKU_001,2025-12-28,29,3
RESTOCK_005043,STORE_03,SKU_114,2025-12-28,16,6
RESTOCK_005699,STORE_06,SKU_086,2025-12-28,22,2
RESTOCK_003646,STORE_07,SKU_123,2025-12-28,10,4
RESTOCK_006789,STORE_03,SKU_011,2025-12-28,9,6
RESTOCK_002658,STORE_15,SKU_049,2025-12-28,16,2
RESTOCK_004480,STORE_12,SKU_049,2025-12-28,30,1
RESTOCK_001029,STORE_10,SKU_131,2025-12-28,9,1
RESTOCK_002748,STORE_11,SKU_043,2025-12-28,7,6
RESTOCK_000876,STORE_17,SKU_028,2025-12-28,20,3
RESTOCK_001324,STORE_14,SKU_234,2025-12-28,18,2
RESTOCK_002293,STORE_03,SKU_185,2025-12-28,9,3
RESTOCK_006247,STORE_16,SKU_209,2025-12-28,30,1
RESTOCK_003368,STORE_13,SKU_031,2025-12-28,16,3
RESTOCK_000374,STORE_05,SKU_146,2025-12-28,14,1
RESTOCK_006642,STORE_01,SKU_090,2025-12-28,21,3
RESTOCK_004663,STORE_14,SKU_081,2025-12-28,12,3
RESTOCK_001751,STORE_12,SKU_177,2025-12-28,21,1
RESTOCK_004304,STORE_11,SKU_001,2025-12-28,9,6
RESTOCK_004335,STORE_11,SKU_085,2025-12-28,16,6
RESTOCK_006187,STORE_05,SKU_010,2025-12-28,36,1
RESTOCK_001568,STORE_14,SKU_138,2025-12-29,16,3
RESTOCK_006018,STORE_06,SKU_220,2025-12-29,14,4
RESTOCK_000394,STORE_07,SKU_055,2025-12-29,7,5
RESTOCK_001226,STORE_15,SKU_047,2025-12-29,13,2
RESTOCK_002016,STORE_14,SKU_145,2025-12-29,15,4
RESTOCK_002510,STORE_04,SKU_014,2025-12-29,20,4
RESTOCK_006440,STORE_01,SKU_027,2025-12-29,12,3
RESTOCK_005833,STORE_04,SKU_105,2025-12-29,23,1
RESTOCK_003554,STORE_16,SKU_156,2025-12-29,31,2
RESTOCK_005746,STORE_11,SKU_084,2025-12-29,13,5
RESTOCK_004913,STORE_14,SKU_020,2025-12-29,22,3
RESTOCK_004081,STORE_11,SKU_167,2025-12-29,13,6
RESTOCK_000294,STORE_14,SKU_178,2025-12-29,18,3
RESTOCK_003733,STORE_03,SKU_205,2025-12-29,13,4
RESTOCK_002897,STORE_09,SKU_047,2025-12-29,21,1
RESTOCK_005998,STORE_07,SKU_177,2025-12-29,12,4
RESTOCK_006723,STORE_13,SKU_075,2025-12-29,13,2
RESTOCK_006695,STORE_18,SKU_085,2025-12-29,18,2
RESTOCK_000465,STORE_08,SKU_061,2025-12-29,14,1
RESTOCK_000117,STORE_07,SKU_240,2025-12-29,7,3
RESTOCK_005890,STORE_03,SKU_096,2025-12-29,12,4
RESTOCK_005058,STORE_07,SKU_113,2025-12-29,9,4
RESTOCK_001056,STORE_02,SKU_053,2025-12-29,17,4
RESTOCK_005149,STORE_16,SKU_142,2025-12-29,29,1
RESTOCK_003056,STORE_13,SKU_042,2025-12-29,16,4
RESTOCK_006461,STORE_18,SKU_062,2025-12-29,22,4
RESTOCK_000528,STORE_13,SKU_164,2025-12-29,13,1
RESTOCK_000611,STORE_10,SKU_124,2025-12-29,15,4
RESTOCK_002039,STORE_04,SKU_181,2025-12-29,15,3
RESTOCK_004398,STORE_08,SKU_230,2025-12-29,16,3
RESTOCK_002856,STORE_02,SKU_189,2025-12-30,17,3
RESTOCK_001253,STORE_01,SKU_088,2025-12-30,15,4
RESTOCK_006261,STORE_09,SKU_220,2025-12-30,14,2
RESTOCK_000322,STORE_10,SKU_113,2025-12-30,16,4
RESTOCK_001959,STORE_01,SKU_193,2025-12-30,9,2
RESTOCK_004138,STORE_12,SKU_215,2025-12-30,36,2
RESTOCK_005256,STORE_07,SKU_208,2025-12-30,15,6
RESTOCK_000005,STORE_07,SKU_174,2025-12-30,7,5
RESTOCK_000801,STORE_01,SKU_137,2025-12-30,14,3
RESTOCK_002789,STORE_13,SKU_112,2025-12-30,14,1
RESTOCK_002807,STORE_17,SKU_022,2025-12-30,11,1
RESTOCK_000848,STORE_11,SKU_189,2025-12-30,12,4
RESTOCK_001404,STORE_10,SKU_073,2025-12-30,10,4
RESTOCK_003989,STORE_08,SKU_069,2025-12-30,17,3
RESTOCK_003720,STORE_10,SKU_060,2025-12-30,12,3
RESTOCK_002098,STORE_08,SKU_171,2025-12-30,24,2
RESTOCK_000868,STORE_12,SKU_146,2025-12-30,22,2
RESTOCK_003052,STORE_12,SKU_045,2025-12-30,27,2
RESTOCK_001368,STORE_03,SKU_131,2025-12-30,5,3
RESTOCK_001561,STORE_01,SKU_052,2025-12-30,14,4
RESTOCK_004868,STORE_04,SKU_053,2025-12-30,22,3
RESTOCK_004215,STORE_17,SKU_082,2025-12-30,15,3
RESTOCK_004455,STORE_02,SKU_041,2025-12-30,13,2
RESTOCK_002332,STORE_10,SKU_177,2025-12-30,15,1
RESTOCK_003631,STORE_07,SKU_133,2025-12-30,14,5
RESTOCK_005137,STORE_09,SKU_089,2025-12-30,15,2
RESTOCK_000315,STORE_13,SKU_118,2025-12-30,22,1
RESTOCK_004822,STORE_10,SKU_167,2025-12-30,24,1
RESTOCK_006436,STORE_05,SKU_058,2025-12-30,39,2
RESTOCK_004005,STORE_18,SKU_107,2025-12-30,11,1
RESTOCK_000165,STORE_06,SKU_107,2025-12-30,13,4
RESTOCK_003747,STORE_06,SKU_202,2025-12-30,14,1
RESTOCK_004580,STORE_14,SKU_107,2025-12-30,9,4
RESTOCK_001371,STORE_14,SKU_014,2025-12-30,16,1
RESTOCK_003068,STORE_06,SKU_183,2025-12-30,24,3
RESTOCK_003918,STORE_05,SKU_140,2025-12-30,24,2
RESTOCK_002613,STORE_06,SKU_214,2025-12-30,13,4
RESTOCK_000958,STORE_14,SKU_132,2025-12-30,17,4
RESTOCK_005517,STORE_12,SKU_088,2025-12-31,22,1
RESTOCK_005042,STORE_08,SKU_175,2025-12-31,20,4
RESTOCK_000531,STORE_14,SKU_149,2025-12-31,25,2
RESTOCK_000443,STORE_03,SKU_075,2025-12-31,17,6
RESTOCK_004244,STORE_14,SKU_187,2025-12-31,18,4
RESTOCK_001952,STORE_05,SKU_056,2025-12-31,19,2
RESTOCK_000800,STORE_06,SKU_091,2025-12-31,9,4
RESTOCK_002683,STORE_04,SKU_215,2025-12-31,14,1
RESTOCK_006620,STORE_06,SKU_071,2025-12-31,17,3
RESTOCK_005842,STORE_05,SKU_080,2025-12-31,35,1
RESTOCK_005835,STORE_13,SKU_228,2025-12-31,17,4
RESTOCK_003455,STORE_09,SKU_012,2025-12-31,11,3
RESTOCK_004403,STORE_17,SKU_007,2025-12-31,13,4
RESTOCK_000168,STORE_17,SKU_141,2025-12-31,14,4
RESTOCK_002694,STORE_05,SKU_213,2025-12-31,20,2
RESTOCK_002858,STORE_03,SKU_042,2025-12-31,12,5
RESTOCK_002208,STORE_07,SKU_064,2025-12-31,16,6
RESTOCK_005773,STORE_18,SKU_146,2025-12-31,8,2
RESTOCK_002622,STORE_12,SKU_039,2025-12-31,38,1
RESTOCK_000215,STORE_04,SKU_019,2025-12-31,21,4
RESTOCK_003219,STORE_03,SKU_109,2025-12-31,8,4
RESTOCK_000576,STORE_08,SKU_155,2025-12-31,23,2
RESTOCK_001224,STORE_10,SKU_168,2025-12-31,24,1
RESTOCK_004183,STORE_01,SKU_168,2025-12-31,21,4
RESTOCK_004494,STORE_18,SKU_003,2025-12-31,22,1
RESTOCK_002076,STORE_14,SKU_035,2025-12-31,14,1
RESTOCK_005120,STORE_16,SKU_184,2025-12-31,38,1
RESTOCK_003008,STORE_08,SKU_035,2025-12-31,20,1
RESTOCK_006119,STORE_17,SKU_056,2025-12-31,12,1
RESTOCK_004381,STORE_06,SKU_169,2025-12-31,16,1
RESTOCK_001395,STORE_08,SKU_227,2025-12-31,22,3
RESTOCK_003734,STORE_06,SKU_157,2025-12-31,15,1
RESTOCK_004649,STORE_13,SKU_026,2025-12-31,20,3
RESTOCK_003546,STORE_14,SKU_218,2025-12-31,10,3
RESTOCK_002163,STORE_13,SKU_019,2026-01-01,13,2
RESTOCK_000776,STORE_02,SKU_187,2026-01-01,16,3
RESTOCK_001446,STORE_03,SKU_148,2026-01-01,8,5
RESTOCK_002788,STORE_05,SKU_074,2026-01-01,19,2
RESTOCK_000718,STORE_04,SKU_001,2026-01-01,22,3
RESTOCK_005828,STORE_05,SKU_016,2026-01-01,31,1
RESTOCK_006069,STORE_15,SKU_126,2026-01-01,14,3
RESTOCK_002945,STORE_12,SKU_091,2026-01-01,17,1
RESTOCK_005852,STORE_08,SKU_233,2026-01-01,9,3
RESTOCK_004934,STORE_13,SKU_245,2026-01-01,22,3
RESTOCK_002321,STORE_09,SKU_138,2026-01-01,14,3
RESTOCK_006011,STORE_18,SKU_111,2026-01-01,19,4
RESTOCK_004221,STORE_06,SKU_243,2026-01-01,25,3
RESTOCK_004774,STORE_01,SKU_071,2026-01-01,18,4
RESTOCK_001974,STORE_18,SKU_184,2026-01-01,17,2
RESTOCK_001191,STORE_09,SKU_019,2026-01-01,27,3
RESTOCK_000258,STORE_06,SKU_144,2026-01-01,15,1
RESTOCK_004676,STORE_12,SKU_182,2026-01-01,29,1
RESTOCK_000457,STORE_08,SKU_136,2026-01-01,12,4
RESTOCK_003359,STORE_18,SKU_249,2026-01-01,10,3
RESTOCK_001109,STORE_18,SKU_128,2026-01-01,17,3
RESTOCK_000285,STORE_10,SKU_022,2026-01-01,10,2
RESTOCK_003564,STORE_10,SKU_050,2026-01-01,13,1
RESTOCK_000838,STORE_15,SKU_211,2026-01-01,19,1
RESTOCK_006127,STORE_07,SKU_025,2026-01-01,8,3
RESTOCK_002639,STORE_02,SKU_189,2026-01-01,25,1
RESTOCK_002458,STORE_08,SKU_124,2026-01-01,14,2
RESTOCK_002277,STORE_01,SKU_233,2026-01-01,13,2
RESTOCK_000806,STORE_15,SKU_129,2026-01-01,14,2
RESTOCK_004050,STORE_11,SKU_134,2026-01-01,7,3
RESTOCK_006682,STORE_18,SKU_238,2026-01-02,12,1
RESTOCK_006267,STORE_10,SKU_107,2026-01-02,8,4
RESTOCK_003763,STORE_08,SKU_080,2026-01-02,21,3
RESTOCK_000591,STORE_05,SKU_012,2026-01-02,19,1
RESTOCK_004556,STORE_14,SKU_115,2026-01-02,14,2
RESTOCK_002849,STORE_10,SKU_032,2026-01-02,12,2
RESTOCK_005882,STORE_18,SKU_159,2026-01-02,17,2
RESTOCK_005170,STORE_13,SKU_008,2026-01-02,11,4
RESTOCK_002274,STORE_14,SKU_038,2026-01-02,13,3
RESTOCK_006842,STORE_14,SKU_032,2026-01-02,12,1
RESTOCK_006627,STORE_17,SKU_132,2026-01-02,17,3
RESTOCK_006514,STORE_12,SKU_229,2026-01-02,29,2
RESTOCK_000284,STORE_07,SKU_046,2026-01-02,12,6
RESTOCK_002424,STORE_17,SKU_130,2026-01-02,14,4
RESTOCK_000555,STORE_16,SKU_008,2026-01-02,17,1
RESTOCK_003805,STORE_10,SKU_059,2026-01-02,12,4
RESTOCK_005611,STORE_10,SKU_040,2026-01-02,18,4
RESTOCK_001172,STORE_04,SKU_195,2026-01-02,7,1
RESTOCK_006754,STORE_04,SKU_127,2026-01-02,14,3
RESTOCK_002245,STORE_15,SKU_161,2026-01-02,19,3
RESTOCK_003078,STORE_01,SKU_234,2026-01-02,10,2
RESTOCK_001964,STORE_05,SKU_234,2026-01-02,27,1
RESTOCK_001677,STORE_16,SKU_083,2026-01-02,28,1
RESTOCK_003662,STORE_15,SKU_019,2026-01-02,12,4
RESTOCK_001676,STORE_11,SKU_180,2026-01-02,6,5
RESTOCK_005109,STORE_17,SKU_030,2026-01-02,12,2
RESTOCK_004537,STORE_02,SKU_058,2026-01-02,20,1
RESTOCK_001929,STORE_09,SKU_060,2026-01-02,13,1
RESTOCK_004600,STORE_03,SKU_120,2026-01-02,18,6
RESTOCK_002331,STORE_18,SKU_162,2026-01-02,18,2
RESTOCK_003403,STORE_03,SKU_101,2026-01-02,19,3
RESTOCK_000312,STORE_07,SKU_046,2026-01-02,19,6
RESTOCK_001703,STORE_04,SKU_179,2026-01-02,15,2
RESTOCK_005066,STORE_12,SKU_016,2026-01-02,20,2
RESTOCK_005763,STORE_09,SKU_240,2026-01-02,15,1
RESTOCK_004098,STORE_09,SKU_192,2026-01-02,13,1
RESTOCK_003227,STORE_02,SKU_205,2026-01-02,14,4
RESTOCK_001615,STORE_02,SKU_092,2026-01-03,24,2
RESTOCK_006513,STORE_07,SKU_013,2026-01-03,19,4
RESTOCK_005946,STORE_03,SKU_029,2026-01-03,7,6
RESTOCK_003550,STORE_10,SKU_089,2026-01-03,17,1
RESTOCK_000052,STORE_12,SKU_121,2026-01-03,26,1
RESTOCK_005846,STORE_13,SKU_101,2026-01-03,15,2
RESTOCK_003685,STORE_02,SKU_104,2026-01-03,23,2
RESTOCK_003129,STORE_08,SKU_107,2026-01-03,10,2
RESTOCK_003115,STORE_05,SKU_166,2026-01-03,29,2
RESTOCK_003382,STORE_05,SKU_200,2026-01-03,18,1
RESTOCK_003706,STORE_10,SKU_093,2026-01-03,22,4
RESTOCK_000661,STORE_14,SKU_033,2026-01-03,17,2
RESTOCK_001026,STORE_12,SKU_054,2026-01-03,19,2
RESTOCK_003999,STORE_09,SKU_203,2026-01-03,16,2
RESTOCK_004490,STORE_04,SKU_175,2026-01-03,23,4
RESTOCK_006384,STORE_12,SKU_178,2026-01-03,24,1
RESTOCK_004642,STORE_13,SKU_015,2026-01-03,18,3
RESTOCK_004664,STORE_06,SKU_156,2026-01-03,13,3
RESTOCK_004963,STORE_16,SKU_179,2026-01-03,35,1
RESTOCK_001373,STORE_17,SKU_210,2026-01-03,17,4
RESTOCK_001228,STORE_05,SKU_172,2026-01-03,20,2
RESTOCK_001211,STORE_15,SKU_224,2026-01-03,17,2
RESTOCK_005741,STORE_07,SKU_041,2026-01-03,9,3
RESTOCK_004348,STORE_15,SKU_021,2026-01-03,10,3
RESTOCK_004623,STORE_06,SKU_218,2026-01-03,24,2
RESTOCK_005360,STORE_01,SKU_050,2026-01-03,14,2
RESTOCK_000877,STORE_09,SKU_035,2026-01-03,17,4
RESTOCK_005204,STORE_17,SKU_068,2026-01-03,19,4
RESTOCK_005407,STORE_17,SKU_087,2026-01-03,12,4
RESTOCK_006148,STORE_13,SKU_173,2026-01-04,11,2
RESTOCK_001937,STORE_07,SKU_154,2026-01-04,14,3
RESTOCK_006744,STORE_07,SKU_172,2026-01-04,7,5
RESTOCK_005535,STORE_03,SKU_205,2026-01-04,10,5
RESTOCK_004891,STORE_16,SKU_020,2026-01-04,31,1
RESTOCK_002386,STORE_12,SKU_033,2026-01-04,35,1
RESTOCK_004749,STORE_17,SKU_031,2026-01-04,12,3
RESTOCK_000020,STORE_16,SKU_054,2026-01-04,18,1
RESTOCK_006107,STORE_12,SKU_048,2026-01-04,18,2
RESTOCK_000289,STORE_07,SKU_020,2026-01-04,11,3
RESTOCK_003587,STORE_10,SKU_085,2026-01-04,14,2
RESTOCK_003153,STORE_05,SKU_052,2026-01-04,25,2
RESTOCK_004330,STORE_05,SKU_060,2026-01-04,15,2
RESTOCK_004365,STORE_03,SKU_240,2026-01-04,11,6
RESTOCK_003508,STORE_18,SKU_215,2026-01-04,16,4
RESTOCK_005018,STORE_09,SKU_174,2026-01-04,15,2
RESTOCK_006358,STORE_07,SKU_133,2026-01-04,14,3
RESTOCK_003448,STORE_03,SKU_246,2026-01-04,7,5
RESTOCK_006895,STORE_08,SKU_079,2026-01-04,21,2
RESTOCK_003880,STORE_17,SKU_100,2026-01-04,24,4
RESTOCK_003728,STORE_12,SKU_241,2026-01-04,15,2
RESTOCK_001046,STORE_15,SKU_106,2026-01-04,12,3
RESTOCK_005199,STORE_02,SKU_024,2026-01-04,27,1
RESTOCK_003935,STORE_10,SKU_005,2026-01-04,11,2
RESTOCK_005189,STORE_05,SKU_095,2026-01-04,30,2
RESTOCK_001601,STORE_15,SKU_242,2026-01-04,16,2
RESTOCK_000187,STORE_07,SKU_126,2026-01-04,12,6
RESTOCK_001752,STORE_02,SKU_198,2026-01-05,10,3
RESTOCK_002429,STORE_15,SKU_147,2026-01-05,14,1
RESTOCK_002445,STORE_16,SKU_025,2026-01-05,21,1
RESTOCK_004754,STORE_07,SKU_172,2026-01-05,7,4
RESTOCK_004197,STORE_08,SKU_027,2026-01-05,14,3
RESTOCK_003187,STORE_02,SKU_157,2026-01-05,16,4
RESTOCK_003770,STORE_08,SKU_026,2026-01-05,21,2
RESTOCK_004622,STORE_02,SKU_119,2026-01-05,9,2
RESTOCK_004818,STORE_15,SKU_191,2026-01-05,17,1
RESTOCK_003163,STORE_07,SKU_172,2026-01-05,5,3
RESTOCK_004990,STORE_04,SKU_128,2026-01-05,16,3
RESTOCK_001396,STORE_11,SKU_111,2026-01-05,7,5
RESTOCK_005812,STORE_12,SKU_145,2026-01-05,31,1
RESTOCK_002996,STORE_03,SKU_224,2026-01-05,18,4
RESTOCK_002283,STORE_10,SKU_193,2026-01-05,12,3
RESTOCK_005958,STORE_14,SKU_110,2026-01-05,22,4
RESTOCK_003096,STORE_13,SKU_064,2026-01-05,13,4
RESTOCK_002469,STORE_04,SKU_184,2026-01-05,15,2
RESTOCK_000758,STORE_08,SKU_241,2026-01-05,18,4
RESTOCK_003104,STORE_18,SKU_207,2026-01-05,19,3
RESTOCK_001878,STORE_03,SKU_235,2026-01-05,7,6
RESTOCK_005019,STORE_15,SKU_233,2026-01-05,9,2
RESTOCK_005826,STORE_17,SKU_135,2026-01-05,10,4
RESTOCK_000614,STORE_17,SKU_216,2026-01-06,13,3
RESTOCK_003276,STORE_04,SKU_024,2026-01-06,26,2
RESTOCK_001843,STORE_16,SKU_031,2026-01-06,21,1
RESTOCK_003460,STORE_07,SKU_179,2026-01-06,13,4
RESTOCK_004647,STORE_16,SKU_211,2026-01-06,23,2
RESTOCK_001558,STORE_02,SKU_155,2026-01-06,19,3
RESTOCK_000287,STORE_18,SKU_008,2026-01-06,11,1
RESTOCK_006829,STORE_07,SKU_164,2026-01-06,17,3
RESTOCK_004404,STORE_04,SKU_036,2026-01-06,15,3
RESTOCK_005474,STORE_16,SKU_104,2026-01-06,26,1
RESTOCK_005515,STORE_16,SKU_155,2026-01-06,26,1
RESTOCK_000612,STORE_17,SKU_198,2026-01-06,11,3
RESTOCK_004638,STORE_11,SKU_010,2026-01-06,12,4
RESTOCK_002857,STORE_07,SKU_066,2026-01-06,9,6
RESTOCK_002027,STORE_15,SKU_061,2026-01-06,14,3
RESTOCK_004737,STORE_03,SKU_231,2026-01-06,10,3
RESTOCK_005557,STORE_09,SKU_154,2026-01-06,19,1
RESTOCK_002457,STORE_04,SKU_017,2026-01-06,14,2
RESTOCK_003076,STORE_09,SKU_223,2026-01-06,21,2
RESTOCK_005713,STORE_04,SKU_203,2026-01-06,13,1
RESTOCK_002687,STORE_18,SKU_081,2026-01-06,11,4
RESTOCK_002118,STORE_16,SKU_126,2026-01-06,30,1
RESTOCK_003185,STORE_01,SKU_096,2026-01-06,24,4
RESTOCK_005251,STORE_15,SKU_173,2026-01-06,10,3
RESTOCK_003887,STORE_17,SKU_137,2026-01-06,16,4
RESTOCK_003704,STORE_03,SKU_235,2026-01-06,9,6
RESTOCK_002247,STORE_07,SKU_189,2026-01-06,13,3
RESTOCK_001381,STORE_11,SKU_111,2026-01-06,11,3
RESTOCK_000540,STORE_13,SKU_212,2026-01-06,24,2
RESTOCK_005077,STORE_11,SKU_064,2026-01-06,8,4
RESTOCK_002001,STORE_13,SKU_148,2026-01-06,17,4
RESTOCK_003241,STORE_04,SKU_145,2026-01-06,22,2
RESTOCK_006706,STORE_17,SKU_074,2026-01-06,18,4
RESTOCK_001304,STORE_12,SKU_049,2026-01-06,21,2
RESTOCK_000643,STORE_14,SKU_106,2026-01-06,11,3
RESTOCK_001883,STORE_15,SKU_074,2026-01-07,24,1
RESTOCK_006905,STORE_08,SKU_157,2026-01-07,12,4
RESTOCK_002338,STORE_03,SKU_141,2026-01-07,6,5
RESTOCK_005130,STORE_08,SKU_224,2026-01-07,20,4
RESTOCK_000717,STORE_05,SKU_120,2026-01-07,36,1
RESTOCK_003752,STORE_01,SKU_192,2026-01-07,14,2
RESTOCK_001619,STORE_01,SKU_061,2026-01-07,14,3
RESTOCK_002451,STORE_07,SKU_020,2026-01-07,13,4
RESTOCK_002450,STORE_13,SKU_238,2026-01-07,15,2
RESTOCK_003794,STORE_04,SKU_134,2026-01-07,13,1
RESTOCK_004655,STORE_14,SKU_067,2026-01-07,14,3
RESTOCK_001100,STORE_07,SKU_070,2026-01-07,8,5
RESTOCK_000864,STORE_15,SKU_132,2026-01-07,16,2
RESTOCK_005725,STORE_03,SKU_234,2026-01-07,12,3
RESTOCK_001791,STORE_01,SKU_031,2026-01-07,20,1
RESTOCK_005357,STORE_15,SKU_020,2026-01-07,17,2
RESTOCK_001855,STORE_09,SKU_024,2026-01-07,23,2
RESTOCK_005498,STORE_04,SKU_145,2026-01-07,19,1
RESTOCK_000051,STORE_18,SKU_115,2026-01-07,16,3
RESTOCK_000041,STORE_14,SKU_113,2026-01-07,17,4
RESTOCK_001217,STORE_11,SKU_110,2026-01-07,14,5
RESTOCK_005647,STORE_01,SKU_159,2026-01-07,25,2
RESTOCK_001128,STORE_15,SKU_073,2026-01-07,24,1
RESTOCK_000655,STORE_01,SKU_039,2026-01-07,14,3
RESTOCK_001535,STORE_12,SKU_225,2026-01-07,18,2
RESTOCK_000466,STORE_16,SKU_026,2026-01-07,27,2
RESTOCK_004732,STORE_04,SKU_117,2026-01-07,16,2
RESTOCK_001711,STORE_12,SKU_078,2026-01-07,28,2
RESTOCK_001559,STORE_09,SKU_188,2026-01-07,21,1
RESTOCK_001718,STORE_10,SKU_051,2026-01-07,23,3
RESTOCK_004036,STORE_11,SKU_235,2026-01-07,15,3
RESTOCK_006335,STORE_13,SKU_035,2026-01-08,12,4
RESTOCK_006994,STORE_02,SKU_107,2026-01-08,11,2
RESTOCK_005375,STORE_02,SKU_194,2026-01-08,24,3
RESTOCK_004701,STORE_17,SKU_236,2026-01-08,11,3
RESTOCK_003041,STORE_15,SKU_043,2026-01-08,19,4
RESTOCK_006616,STORE_01,SKU_175,2026-01-08,24,3
RESTOCK_003015,STORE_06,SKU_176,2026-01-08,17,3
RESTOCK_005046,STORE_09,SKU_075,2026-01-08,15,3
RESTOCK_002186,STORE_05,SKU_183,2026-01-08,30,1
RESTOCK_003070,STORE_09,SKU_232,2026-01-08,15,1
RESTOCK_005089,STORE_04,SKU_191,2026-01-08,28,2
RESTOCK_002400,STORE_15,SKU_244,2026-01-08,15,1
RESTOCK_006380,STORE_04,SKU_212,2026-01-08,11,3
RESTOCK_002981,STORE_17,SKU_146,2026-01-08,9,1
RESTOCK_003311,STORE_08,SKU_127,2026-01-08,11,4
RESTOCK_006070,STORE_11,SKU_155,2026-01-08,8,5
RESTOCK_001337,STORE_11,SKU_217,2026-01-08,13,5
RESTOCK_000359,STORE_10,SKU_204,2026-01-08,16,3
RESTOCK_002506,STORE_08,SKU_019,2026-01-08,20,3
RESTOCK_001848,STORE_04,SKU_118,2026-01-08,15,3
RESTOCK_006268,STORE_03,SKU_039,2026-01-08,12,5
RESTOCK_005565,STORE_04,SKU_060,2026-01-08,11,4
RESTOCK_005704,STORE_05,SKU_069,2026-01-08,42,1
RESTOCK_004575,STORE_16,SKU_166,2026-01-08,20,2
RESTOCK_001847,STORE_14,SKU_131,2026-01-08,9,3
RESTOCK_006260,STORE_04,SKU_006,2026-01-08,14,4
RESTOCK_004033,STORE_14,SKU_128,2026-01-08,9,4
RESTOCK_004583,STORE_17,SKU_083,2026-01-08,20,3
RESTOCK_005728,STORE_14,SKU_033,2026-01-08,13,1
RESTOCK_002319,STORE_10,SKU_205,2026-01-09,21,2
RESTOCK_004211,STORE_15,SKU_176,2026-01-09,12,1
RESTOCK_003570,STORE_15,SKU_042,2026-01-09,15,1
RESTOCK_000878,STORE_14,SKU_249,2026-01-09,13,3
RESTOCK_005681,STORE_15,SKU_174,2026-01-09,16,2
RESTOCK_002660,STORE_18,SKU_180,2026-01-09,16,1
RESTOCK_005039,STORE_13,SKU_163,2026-01-09,20,1
RESTOCK_003976,STORE_14,SKU_117,2026-01-09,19,4
RESTOCK_006391,STORE_17,SKU_159,2026-01-09,13,4
RESTOCK_006731,STORE_01,SKU_019,2026-01-09,22,2
RESTOCK_000533,STORE_06,SKU_118,2026-01-09,10,4
RESTOCK_005762,STORE_03,SKU_236,2026-01-09,11,6
RESTOCK_002719,STORE_14,SKU_215,2026-01-09,16,4
RESTOCK_005820,STORE_04,SKU_250,2026-01-09,15,4
RESTOCK_005775,STORE_10,SKU_188,2026-01-09,28,3
RESTOCK_005696,STORE_15,SKU_114,2026-01-09,13,4
RESTOCK_004396,STORE_15,SKU_148,2026-01-09,16,4
RESTOCK_003799,STORE_16,SKU_071,2026-01-09,22,2
RESTOCK_002415,STORE_04,SKU_078,2026-01-09,9,2
RESTOCK_000044,STORE_18,SKU_149,2026-01-09,22,1
RESTOCK_003811,STORE_05,SKU_227,2026-01-09,33,1
RESTOCK_002052,STORE_11,SKU_203,2026-01-09,16,5
RESTOCK_004636,STORE_06,SKU_008,2026-01-09,16,2
RESTOCK_006900,STORE_04,SKU_126,2026-01-09,21,4
RESTOCK_003510,STORE_05,SKU_188,2026-01-09,42,2
RESTOCK_004002,STORE_13,SKU_085,2026-01-10,22,1
RESTOCK_000369,STORE_18,SKU_047,2026-01-10,17,1
RESTOCK_005342,STORE_07,SKU_196,2026-01-10,8,4
RESTOCK_000640,STORE_05,SKU_198,2026-01-10,20,2
RESTOCK_005331,STORE_12,SKU_147,2026-01-10,19,2
RESTOCK_004223,STORE_14,SKU_141,2026-01-10,9,4
RESTOCK_005121,STORE_07,SKU_014,2026-01-10,14,4
RESTOCK_005650,STORE_08,SKU_154,2026-01-10,18,2
RESTOCK_005254,STORE_04,SKU_217,2026-01-10,24,1
RESTOCK_001254,STORE_06,SKU_211,2026-01-10,11,2
RESTOCK_006454,STORE_09,SKU_102,2026-01-10,11,1
RESTOCK_003657,STORE_16,SKU_171,2026-01-10,20,2
RESTOCK_000060,STORE_14,SKU_010,2026-01-10,19,2
RESTOCK_001266,STORE_07,SKU_058,2026-01-10,18,6
RESTOCK_006762,STORE_03,SKU_130,2026-01-10,12,5
RESTOCK_003643,STORE_09,SKU_178,2026-01-10,17,1
RESTOCK_000836,STORE_04,SKU_037,2026-01-10,11,3
RESTOCK_002055,STORE_17,SKU_036,2026-01-10,15,1
RESTOCK_006600,STORE_03,SKU_161,2026-01-10,7,5
RESTOCK_003555,STORE_01,SKU_199,2026-01-10,12,1
RESTOCK_004784,STORE_02,SKU_220,2026-01-10,10,2
RESTOCK_002448,STORE_10,SKU_002,2026-01-10,17,3
RESTOCK_001804,STORE_18,SKU_169,2026-01-10,13,2
RESTOCK_001594,STORE_01,SKU_240,2026-01-10,19,3
RESTOCK_005185,STORE_14,SKU_183,2026-01-10,16,3
RESTOCK_003038,STORE_02,SKU_250,2026-01-10,14,4
RESTOCK_002540,STORE_17,SKU_146,2026-01-10,13,4
RESTOCK_000118,STORE_13,SKU_090,2026-01-10,16,1
RESTOCK_002838,STORE_14,SKU_072,2026-01-10,22,2
RESTOCK_004453,STORE_04,SKU_220,2026-01-10,15,2
RESTOCK_004883,STORE_04,SKU_005,2026-01-10,12,2
RESTOCK_003944,STORE_17,SKU_159,2026-01-10,12,2
RESTOCK_006429,STORE_01,SKU_134,2026-01-10,9,3
RESTOCK_000573,STORE_04,SKU_133,2026-01-10,22,2
RESTOCK_003116,STORE_18,SKU_026,2026-01-11,14,2
RESTOCK_001720,STORE_04,SKU_149,2026-01-11,18,4
RESTOCK_002056,STORE_08,SKU_182,2026-01-11,12,1
RESTOCK_006576,STORE_03,SKU_024,2026-01-11,13,5
RESTOCK_002068,STORE_12,SKU_117,2026-01-11,41,2
RESTOCK_000743,STORE_05,SKU_188,2026-01-11,29,1
RESTOCK_005150,STORE_03,SKU_134,2026-01-11,6,4
RESTOCK_003939,STORE_13,SKU_150,2026-01-11,19,2
RESTOCK_000769,STORE_17,SKU_042,2026-01-11,13,3
RESTOCK_001810,STORE_12,SKU_017,2026-01-11,29,2
RESTOCK_003861,STORE_08,SKU_191,2026-01-11,25,1
RESTOCK_003421,STORE_15,SKU_131,2026-01-11,13,3
RESTOCK_000018,STORE_17,SKU_038,2026-01-11,11,1
RESTOCK_001573,STORE_02,SKU_175,2026-01-11,22,1
RESTOCK_004726,STORE_12,SKU_226,2026-01-11,20,1
RESTOCK_000951,STORE_05,SKU_167,2026-01-11,38,2
RESTOCK_000296,STORE_14,SKU_075,2026-01-11,19,2
RESTOCK_004328,STORE_17,SKU_017,2026-01-11,23,1
RESTOCK_005384,STORE_09,SKU_220,2026-01-11,14,4
RESTOCK_000898,STORE_02,SKU_071,2026-01-11,20,2
RESTOCK_004300,STORE_18,SKU_245,2026-01-11,15,2
RESTOCK_002322,STORE_04,SKU_216,2026-01-11,24,4
RESTOCK_004712,STORE_10,SKU_185,2026-01-11,12,3
RESTOCK_003383,STORE_18,SKU_194,2026-01-11,14,4
RESTOCK_005327,STORE_10,SKU_227,2026-01-11,18,2
RESTOCK_004056,STORE_01,SKU_166,2026-01-11,20,2
RESTOCK_006420,STORE_06,SKU_175,2026-01-11,19,2
RESTOCK_003791,STORE_14,SKU_059,2026-01-12,11,2
RESTOCK_000370,STORE_03,SKU_006,2026-01-12,10,5
RESTOCK_003283,STORE_06,SKU_133,2026-01-12,23,1
RESTOCK_004595,STORE_03,SKU_013,2026-01-12,12,6
RESTOCK_001302,STORE_04,SKU_190,2026-01-12,26,2
RESTOCK_003664,STORE_04,SKU_217,2026-01-12,23,1
RESTOCK_005198,STORE_16,SKU_087,2026-01-12,15,1
RESTOCK_000825,STORE_05,SKU_134,2026-01-12,15,1
RESTOCK_005603,STORE_06,SKU_037,2026-01-12,14,2
RESTOCK_003964,STORE_18,SKU_063,2026-01-12,12,2
RESTOCK_005761,STORE_05,SKU_021,2026-01-12,22,1
RESTOCK_005445,STORE_03,SKU_121,2026-01-12,10,6
RESTOCK_003915,STORE_04,SKU_088,2026-01-12,9,3
RESTOCK_001356,STORE_12,SKU_061,2026-01-12,15,2
RESTOCK_005718,STORE_12,SKU_083,2026-01-12,31,2
RESTOCK_000983,STORE_05,SKU_028,2026-01-12,20,1
RESTOCK_006854,STORE_06,SKU_164,2026-01-12,27,1
RESTOCK_001591,STORE_15,SKU_105,2026-01-12,15,4
RESTOCK_004267,STORE_13,SKU_222,2026-01-12,23,1
RESTOCK_005628,STORE_08,SKU_024,2026-01-12,25,1
RESTOCK_005546,STORE_08,SKU_068,2026-01-12,17,3
RESTOCK_005987,STORE_15,SKU_090,2026-01-12,15,2
RESTOCK_002198,STORE_03,SKU_021,2026-01-12,9,6
RESTOCK_006340,STORE_16,SKU_075,2026-01-12,21,1
RESTOCK_006381,STORE_12,SKU_094,2026-01-12,24,1
RESTOCK_006328,STORE_15,SKU_057,2026-01-12,9,1
RESTOCK_000571,STORE_13,SKU_141,2026-01-12,9,3
RESTOCK_002994,STORE_10,SKU_107,2026-01-12,12,4
RESTOCK_002407,STORE_08,SKU_115,2026-01-12,23,2
RESTOCK_001968,STORE_03,SKU_060,2026-01-12,6,5
RESTOCK_002296,STORE_04,SKU_044,2026-01-12,16,2
RESTOCK_002385,STORE_03,SKU_161,2026-01-12,7,4
RESTOCK_000981,STORE_03,SKU_015,2026-01-13,14,3
RESTOCK_000944,STORE_18,SKU_170,2026-01-13,16,1
RESTOCK_006294,STORE_04,SKU_048,2026-01-13,22,4
RESTOCK_006573,STORE_06,SKU_010,2026-01-13,25,2
RESTOCK_004693,STORE_18,SKU_130,2026-01-13,19,4
RESTOCK_001505,STORE_02,SKU_208,2026-01-13,21,4
RESTOCK_003606,STORE_03,SKU_002,2026-01-13,9,4
RESTOCK_001125,STORE_08,SKU_066,2026-01-13,9,1
RESTOCK_006823,STORE_09,SKU_109,2026-01-13,11,4
RESTOCK_001463,STORE_18,SKU_025,2026-01-13,9,3
RESTOCK_003580,STORE_05,SKU_144,2026-01-13,18,2
RESTOCK_003538,STORE_03,SKU_052,2026-01-13,12,6
RESTOCK_000819,STORE_15,SKU_146,2026-01-13,13,2
RESTOCK_002715,STORE_10,SKU_157,2026-01-13,13,2
RESTOCK_002014,STORE_05,SKU_214,2026-01-13,22,2
RESTOCK_004569,STORE_08,SKU_246,2026-01-13,12,4
RESTOCK_001313,STORE_04,SKU_092,2026-01-13,21,4
RESTOCK_000871,STORE_04,SKU_176,2026-01-13,20,1
RESTOCK_005622,STORE_10,SKU_109,2026-01-14,19,2
RESTOCK_002070,STORE_15,SKU_112,2026-01-14,11,3
RESTOCK_004182,STORE_02,SKU_153,2026-01-14,16,1
RESTOCK_004194,STORE_02,SKU_239,2026-01-14,26,4
RESTOCK_005750,STORE_05,SKU_195,2026-01-14,23,1
RESTOCK_003140,STORE_12,SKU_163,2026-01-14,31,1
RESTOCK_001359,STORE_14,SKU_016,2026-01-14,16,2
RESTOCK_004816,STORE_10,SKU_102,2026-01-14,9,2
RESTOCK_005051,STORE_13,SKU_239,2026-01-14,17,4
RESTOCK_006799,STORE_12,SKU_242,2026-01-14,29,1
RESTOCK_003493,STORE_17,SKU_066,2026-01-14,12,1
RESTOCK_006542,STORE_06,SKU_170,2026-01-14,21,3
RESTOCK_006047,STORE_08,SKU_218,2026-01-14,24,2
RESTOCK_002046,STORE_12,SKU_004,2026-01-14,21,2
RESTOCK_002185,STORE_16,SKU_216,2026-01-14,26,1
RESTOCK_005928,STORE_12,SKU_219,2026-01-14,32,1
RESTOCK_000392,STORE_02,SKU_116,2026-01-14,18,3
RESTOCK_000837,STORE_13,SKU_231,2026-01-14,10,1
RESTOCK_002985,STORE_10,SKU_031,2026-01-15,18,4
RESTOCK_001344,STORE_06,SKU_150,2026-01-15,11,3
RESTOCK_001900,STORE_03,SKU_198,2026-01-15,7,4
RESTOCK_003932,STORE_16,SKU_128,2026-01-15,25,2
RESTOCK_003782,STORE_16,SKU_007,2026-01-15,16,2
RESTOCK_004226,STORE_08,SKU_056,2026-01-15,10,3
RESTOCK_003499,STORE_01,SKU_186,2026-01-15,14,1
RESTOCK_003788,STORE_16,SKU_227,2026-01-15,25,2
RESTOCK_005028,STORE_15,SKU_203,2026-01-15,21,4
RESTOCK_006301,STORE_15,SKU_084,2026-01-15,20,4
RESTOCK_005716,STORE_10,SKU_024,2026-01-15,19,3
RESTOCK_003284,STORE_01,SKU_055,2026-01-15,12,2
RESTOCK_006741,STORE_16,SKU_038,2026-01-15,15,1
RESTOCK_001658,STORE_10,SKU_035,2026-01-15,26,3
RESTOCK_006943,STORE_13,SKU_063,2026-01-15,14,2
RESTOCK_004665,STORE_17,SKU_147,2026-01-15,14,4
RESTOCK_002751,STORE_17,SKU_169,2026-01-15,16,4
RESTOCK_005085,STORE_03,SKU_236,2026-01-15,10,6
RESTOCK_002835,STORE_03,SKU_059,2026-01-15,8,3
RESTOCK_006906,STORE_07,SKU_116,2026-01-15,16,6
RESTOCK_006017,STORE_14,SKU_096,2026-01-15,12,1
RESTOCK_006317,STORE_10,SKU_246,2026-01-15,13,2
RESTOCK_002883,STORE_02,SKU_013,2026-01-15,18,2
RESTOCK_006387,STORE_17,SKU_079,2026-01-15,13,1
RESTOCK_000270,STORE_03,SKU_121,2026-01-15,10,5
RESTOCK_006795,STORE_17,SKU_148,2026-01-15,17,3
RESTOCK_003709,STORE_12,SKU_056,2026-01-15,15,1
RESTOCK_006803,STORE_05,SKU_057,2026-01-15,19,1
RESTOCK_006683,STORE_12,SKU_018,2026-01-15,16,2
RESTOCK_000237,STORE_17,SKU_140,2026-01-16,15,4
RESTOCK_005723,STORE_12,SKU_172,2026-01-16,16,1
RESTOCK_006222,STORE_06,SKU_188,2026-01-16,21,2
RESTOCK_002020,STORE_07,SKU_061,2026-01-16,8,6
RESTOCK_003305,STORE_04,SKU_245,2026-01-16,13,3
RESTOCK_004308,STORE_14,SKU_088,2026-01-16,11,2
RESTOCK_002605,STORE_11,SKU_184,2026-01-16,16,5
RESTOCK_004032,STORE_18,SKU_012,2026-01-16,16,3
RESTOCK_001004,STORE_11,SKU_239,2026-01-16,9,6
RESTOCK_004324,STORE_11,SKU_123,2026-01-16,8,4
RESTOCK_003108,STORE_09,SKU_112,2026-01-16,12,1
RESTOCK_005796,STORE_02,SKU_038,2026-01-16,20,4
RESTOCK_006604,STORE_09,SKU_211,2026-01-16,11,4
RESTOCK_004974,STORE_11,SKU_247,2026-01-16,15,5
RESTOCK_002380,STORE_15,SKU_129,2026-01-16,13,4
RESTOCK_004855,STORE_10,SKU_090,2026-01-16,20,3
RESTOCK_002325,STORE_09,SKU_223,2026-01-16,23,4
RESTOCK_003425,STORE_13,SKU_230,2026-01-16,12,3
RESTOCK_000683,STORE_17,SKU_056,2026-01-16,11,2
RESTOCK_006080,STORE_12,SKU_091,2026-01-16,16,1
RESTOCK_005767,STORE_02,SKU_035,2026-01-16,25,4
RESTOCK_004016,STORE_18,SKU_112,2026-01-16,14,4
RESTOCK_001802,STORE_06,SKU_006,2026-01-16,15,4
RESTOCK_005908,STORE_10,SKU_180,2026-01-17,15,1
RESTOCK_002299,STORE_08,SKU_077,2026-01-17,17,3
RESTOCK_005075,STORE_03,SKU_004,2026-01-17,9,6
RESTOCK_004144,STORE_16,SKU_243,2026-01-17,19,2
RESTOCK_001691,STORE_04,SKU_134,2026-01-17,14,4
RESTOCK_000203,STORE_05,SKU_151,2026-01-17,26,2
RESTOCK_005569,STORE_10,SKU_069,2026-01-17,18,3
RESTOCK_004137,STORE_09,SKU_018,2026-01-17,11,2
RESTOCK_003214,STORE_04,SKU_212,2026-01-17,13,3
RESTOCK_003730,STORE_17,SKU_208,2026-01-17,15,4
RESTOCK_000994,STORE_17,SKU_139,2026-01-17,22,3
RESTOCK_002491,STORE_04,SKU_071,2026-01-17,20,1
RESTOCK_002607,STORE_10,SKU_012,2026-01-17,11,1
RESTOCK_002908,STORE_04,SKU_163,2026-01-17,15,3
RESTOCK_006050,STORE_12,SKU_007,2026-01-17,18,2
RESTOCK_000505,STORE_17,SKU_052,2026-01-17,23,4
RESTOCK_004588,STORE_05,SKU_111,2026-01-17,30,1
RESTOCK_000851,STORE_10,SKU_066,2026-01-17,11,3
RESTOCK_001348,STORE_06,SKU_025,2026-01-17,12,1
RESTOCK_005944,STORE_09,SKU_043,2026-01-17,22,3
RESTOCK_004570,STORE_14,SKU_111,2026-01-17,14,1
RESTOCK_005943,STORE_15,SKU_161,2026-01-17,19,3
RESTOCK_006908,STORE_05,SKU_018,2026-01-17,17,1
RESTOCK_003759,STORE_18,SKU_128,2026-01-17,12,2
RESTOCK_005507,STORE_02,SKU_178,2026-01-17,22,1
RESTOCK_004768,STORE_12,SKU_074,2026-01-18,42,2
RESTOCK_006164,STORE_06,SKU_126,2026-01-18,19,3
RESTOCK_004677,STORE_06,SKU_050,2026-01-18,18,2
RESTOCK_001690,STORE_15,SKU_015,2026-01-18,16,4
RESTOCK_000962,STORE_04,SKU_138,2026-01-18,13,1
RESTOCK_002944,STORE_03,SKU_003,2026-01-18,11,5
RESTOCK_003963,STORE_16,SKU_236,2026-01-18,23,1
RESTOCK_002754,STORE_12,SKU_109,2026-01-18,33,1
RESTOCK_006329,STORE_02,SKU_034,2026-01-18,22,3
RESTOCK_003007,STORE_17,SKU_076,2026-01-18,15,3
RESTOCK_000166,STORE_04,SKU_054,2026-01-18,9,3
RESTOCK_000393,STORE_09,SKU_024,2026-01-18,16,4
RESTOCK_005015,STORE_10,SKU_019,2026-01-18,19,2
RESTOCK_003523,STORE_14,SKU_074,2026-01-18,23,4
RESTOCK_002693,STORE_10,SKU_208,2026-01-18,18,1
RESTOCK_001431,STORE_06,SKU_055,2026-01-18,10,2
RESTOCK_003696,STORE_03,SKU_235,2026-01-18,8,3
RESTOCK_003151,STORE_08,SKU_143,2026-01-18,18,4
RESTOCK_000433,STORE_03,SKU_141,2026-01-18,7,6
RESTOCK_004341,STORE_14,SKU_170,2026-01-19,14,3
RESTOCK_001354,STORE_18,SKU_133,2026-01-19,16,2
RESTOCK_001411,STORE_09,SKU_023,2026-01-19,15,1
RESTOCK_000501,STORE_03,SKU_077,2026-01-19,15,6
RESTOCK_003769,STORE_02,SKU_212,2026-01-19,10,2
RESTOCK_003209,STORE_16,SKU_155,2026-01-19,24,2
RESTOCK_000959,STORE_14,SKU_188,2026-01-19,19,4
RESTOCK_003049,STORE_15,SKU_144,2026-01-19,13,1
RESTOCK_002306,STORE_03,SKU_167,2026-01-19,12,4
RESTOCK_002846,STORE_08,SKU_223,2026-01-19,15,1
RESTOCK_005286,STORE_01,SKU_141,2026-01-19,12,2
RESTOCK_003529,STORE_16,SKU_208,2026-01-19,25,1
RESTOCK_003522,STORE_03,SKU_070,2026-01-19,11,3
RESTOCK_006032,STORE_04,SKU_179,2026-01-19,10,2
RESTOCK_003146,STORE_10,SKU_103,2026-01-19,13,4
RESTOCK_002115,STORE_07,SKU_108,2026-01-19,11,3
RESTOCK_000307,STORE_01,SKU_122,2026-01-19,16,2
RESTOCK_000691,STORE_15,SKU_166,2026-01-19,17,4
RESTOCK_001301,STORE_18,SKU_063,2026-01-19,12,3
RESTOCK_003390,STORE_10,SKU_234,2026-01-19,14,2
RESTOCK_006250,STORE_01,SKU_244,2026-01-19,13,2
RESTOCK_005742,STORE_09,SKU_153,2026-01-19,16,3
RESTOCK_006133,STORE_10,SKU_240,2026-01-19,12,1
RESTOCK_003028,STORE_09,SKU_229,2026-01-19,16,1
RESTOCK_005514,STORE_14,SKU_065,2026-01-19,13,4
RESTOCK_004506,STORE_02,SKU_145,2026-01-19,23,1
RESTOCK_004068,STORE_11,SKU_030,2026-01-20,7,3
RESTOCK_003216,STORE_03,SKU_100,2026-01-20,8,5
RESTOCK_002152,STORE_16,SKU_128,2026-01-20,23,1
RESTOCK_000029,STORE_18,SKU_127,2026-01-20,10,1
RESTOCK_006692,STORE_09,SKU_178,2026-01-20,21,4
RESTOCK_006010,STORE_06,SKU_178,2026-01-20,18,2
RESTOCK_002124,STORE_17,SKU_216,2026-01-20,14,2
RESTOCK_004951,STORE_12,SKU_038,2026-01-20,20,2
RESTOCK_003893,STORE_18,SKU_009,2026-01-20,18,3
RESTOCK_003585,STORE_17,SKU_151,2026-01-20,15,1
RESTOCK_005524,STORE_08,SKU_108,2026-01-20,11,1
RESTOCK_002972,STORE_06,SKU_044,2026-01-20,14,4
RESTOCK_001320,STORE_15,SKU_207,2026-01-20,23,4
RESTOCK_006840,STORE_05,SKU_224,2026-01-20,43,2
RESTOCK_000999,STORE_08,SKU_061,2026-01-20,11,1
RESTOCK_000822,STORE_04,SKU_043,2026-01-20,16,2
RESTOCK_006349,STORE_04,SKU_164,2026-01-20,24,1
RESTOCK_001492,STORE_13,SKU_033,2026-01-20,14,1
RESTOCK_005159,STORE_18,SKU_103,2026-01-20,17,3
RESTOCK_001168,STORE_15,SKU_163,2026-01-20,16,2
RESTOCK_004028,STORE_18,SKU_116,2026-01-20,17,3
RESTOCK_006804,STORE_15,SKU_117,2026-01-20,26,2
RESTOCK_002666,STORE_17,SKU_123,2026-01-20,11,2
RESTOCK_002896,STORE_08,SKU_013,2026-01-20,25,2
RESTOCK_001477,STORE_18,SKU_209,2026-01-20,17,3
RESTOCK_003454,STORE_11,SKU_063,2026-01-20,7,5
RESTOCK_006539,STORE_06,SKU_003,2026-01-20,15,4
RESTOCK_000694,STORE_02,SKU_050,2026-01-20,13,3
RESTOCK_002058,STORE_09,SKU_119,2026-01-21,10,2
RESTOCK_001621,STORE_16,SKU_044,2026-01-21,29,1
RESTOCK_002721,STORE_12,SKU_131,2026-01-21,23,1
RESTOCK_003353,STORE_06,SKU_106,2026-01-21,9,4
RESTOCK_002133,STORE_15,SKU_237,2026-01-21,16,3
RESTOCK_003883,STORE_15,SKU_211,2026-01-21,21,2
RESTOCK_001749,STORE_17,SKU_249,2026-01-21,13,1
RESTOCK_004998,STORE_09,SKU_032,2026-01-21,13,4
RESTOCK_003971,STORE_17,SKU_072,2026-01-21,15,1
RESTOCK_006357,STORE_12,SKU_191,2026-01-21,26,2
RESTOCK_001164,STORE_05,SKU_140,2026-01-21,35,1
RESTOCK_000896,STORE_11,SKU_041,2026-01-21,12,4
RESTOCK_004057,STORE_13,SKU_169,2026-01-21,17,4
RESTOCK_001603,STORE_17,SKU_207,2026-01-21,17,1
RESTOCK_000342,STORE_14,SKU_215,2026-01-21,18,2
RESTOCK_004290,STORE_08,SKU_233,2026-01-21,10,1
RESTOCK_006652,STORE_07,SKU_213,2026-01-21,8,5
RESTOCK_003749,STORE_12,SKU_090,2026-01-21,23,2
RESTOCK_001085,STORE_16,SKU_247,2026-01-21,27,1
RESTOCK_003064,STORE_11,SKU_165,2026-01-21,7,6
RESTOCK_006833,STORE_10,SKU_032,2026-01-21,9,4
RESTOCK_001508,STORE_06,SKU_152,2026-01-21,12,3
RESTOCK_006084,STORE_08,SKU_081,2026-01-21,25,2
RESTOCK_003578,STORE_08,SKU_073,2026-01-21,17,1
RESTOCK_001984,STORE_17,SKU_148,2026-01-21,19,4
RESTOCK_005428,STORE_17,SKU_034,2026-01-21,19,2
RESTOCK_002508,STORE_04,SKU_212,2026-01-21,15,4
RESTOCK_004102,STORE_14,SKU_179,2026-01-21,15,1
RESTOCK_003176,STORE_01,SKU_184,2026-01-21,11,3
RESTOCK_001980,STORE_10,SKU_017,2026-01-21,15,4
RESTOCK_002244,STORE_11,SKU_089,2026-01-21,13,3
RESTOCK_006523,STORE_01,SKU_123,2026-01-21,14,3
RESTOCK_000739,STORE_15,SKU_036,2026-01-22,20,1
RESTOCK_003527,STORE_06,SKU_150,2026-01-22,11,3
RESTOCK_001237,STORE_06,SKU_205,2026-01-22,20,3
RESTOCK_000357,STORE_04,SKU_104,2026-01-22,18,2
RESTOCK_001896,STORE_01,SKU_203,2026-01-22,13,4
RESTOCK_006489,STORE_08,SKU_088,2026-01-22,12,4
RESTOCK_005459,STORE_04,SKU_205,2026-01-22,19,1
RESTOCK_005391,STORE_18,SKU_183,2026-01-22,17,3
RESTOCK_003356,STORE_14,SKU_017,2026-01-22,15,3
RESTOCK_004055,STORE_12,SKU_092,2026-01-22,21,2
RESTOCK_003604,STORE_01,SKU_137,2026-01-22,14,3
RESTOCK_006899,STORE_04,SKU_213,2026-01-22,14,3
RESTOCK_006216,STORE_15,SKU_229,2026-01-22,20,4
RESTOCK_006006,STORE_07,SKU_152,2026-01-22,7,4
RESTOCK_006749,STORE_12,SKU_191,2026-01-22,26,1
RESTOCK_006071,STORE_03,SKU_182,2026-01-22,11,4
RESTOCK_000919,STORE_01,SKU_226,2026-01-22,24,3
RESTOCK_006432,STORE_12,SKU_171,2026-01-22,27,1
RESTOCK_005337,STORE_18,SKU_211,2026-01-22,21,3
RESTOCK_006059,STORE_04,SKU_181,2026-01-22,10,4
RESTOCK_001818,STORE_04,SKU_013,2026-01-22,25,2
RESTOCK_006411,STORE_17,SKU_002,2026-01-22,17,1
RESTOCK_003252,STORE_14,SKU_157,2026-01-22,20,4
RESTOCK_005941,STORE_17,SKU_047,2026-01-22,18,1
RESTOCK_001478,STORE_17,SKU_025,2026-01-22,14,2
RESTOCK_006949,STORE_16,SKU_105,2026-01-22,21,2
RESTOCK_005207,STORE_05,SKU_086,2026-01-22,41,2
RESTOCK_000596,STORE_06,SKU_145,2026-01-22,25,3
RESTOCK_003126,STORE_16,SKU_163,2026-01-22,29,2
RESTOCK_001605,STORE_08,SKU_052,2026-01-22,18,4
RESTOCK_006681,STORE_16,SKU_061,2026-01-22,14,1
RESTOCK_006118,STORE_15,SKU_133,2026-01-23,19,4
RESTOCK_002782,STORE_17,SKU_077,2026-01-23,15,3
RESTOCK_002692,STORE_05,SKU_147,2026-01-23,17,1
RESTOCK_001873,STORE_13,SKU_120,2026-01-23,15,4
RESTOCK_002437,STORE_04,SKU_085,2026-01-23,15,2
RESTOCK_006818,STORE_18,SKU_165,2026-01-23,13,2
RESTOCK_001722,STORE_01,SKU_122,2026-01-23,17,2
RESTOCK_001363,STORE_14,SKU_116,2026-01-23,13,3
RESTOCK_004316,STORE_09,SKU_051,2026-01-23,26,2
RESTOCK_000128,STORE_12,SKU_089,2026-01-23,39,2
RESTOCK_000405,STORE_17,SKU_122,2026-01-23,16,2
RESTOCK_004802,STORE_02,SKU_083,2026-01-23,15,2
RESTOCK_003756,STORE_15,SKU_034,2026-01-23,14,3
RESTOCK_005619,STORE_10,SKU_107,2026-01-23,11,1
RESTOCK_003897,STORE_18,SKU_231,2026-01-23,14,4
RESTOCK_003974,STORE_06,SKU_165,2026-01-23,20,3
RESTOCK_004207,STORE_03,SKU_225,2026-01-23,6,6
RESTOCK_002689,STORE_15,SKU_073,2026-01-23,17,3
RESTOCK_003627,STORE_17,SKU_010,2026-01-23,14,1
RESTOCK_004276,STORE_16,SKU_214,2026-01-23,20,2
RESTOCK_003553,STORE_07,SKU_068,2026-01-23,10,4
RESTOCK_006416,STORE_14,SKU_246,2026-01-23,16,2
RESTOCK_004293,STORE_07,SKU_076,2026-01-23,11,5
RESTOCK_003225,STORE_04,SKU_019,2026-01-23,25,3
RESTOCK_006060,STORE_08,SKU_101,2026-01-23,26,1
RESTOCK_001265,STORE_06,SKU_205,2026-01-23,19,1
RESTOCK_002490,STORE_09,SKU_224,2026-01-23,27,1
RESTOCK_001870,STORE_10,SKU_207,2026-01-23,12,2
RESTOCK_005333,STORE_09,SKU_220,2026-01-23,10,2
RESTOCK_005371,STORE_06,SKU_008,2026-01-23,21,4
RESTOCK_003797,STORE_03,SKU_088,2026-01-23,8,6
RESTOCK_006104,STORE_02,SKU_234,2026-01-24,14,1
RESTOCK_002447,STORE_03,SKU_225,2026-01-24,8,3
RESTOCK_004561,STORE_04,SKU_096,2026-01-24,18,3
RESTOCK_005194,STORE_18,SKU_225,2026-01-24,13,3
RESTOCK_004789,STORE_07,SKU_130,2026-01-24,13,3
RESTOCK_001314,STORE_03,SKU_023,2026-01-24,11,5
RESTOCK_003972,STORE_17,SKU_009,2026-01-24,16,4
RESTOCK_003672,STORE_15,SKU_054,2026-01-24,10,2
RESTOCK_005645,STORE_02,SKU_193,2026-01-24,13,3
RESTOCK_001285,STORE_09,SKU_194,2026-01-24,21,4
RESTOCK_004560,STORE_13,SKU_034,2026-01-24,18,4
RESTOCK_005209,STORE_09,SKU_192,2026-01-24,16,4
RESTOCK_001036,STORE_04,SKU_043,2026-01-24,20,3
RESTOCK_005392,STORE_07,SKU_107,2026-01-24,9,6
RESTOCK_001757,STORE_15,SKU_089,2026-01-24,24,4
RESTOCK_006259,STORE_10,SKU_045,2026-01-24,13,1
RESTOCK_001730,STORE_15,SKU_082,2026-01-24,17,4
RESTOCK_003856,STORE_17,SKU_140,2026-01-24,17,1
RESTOCK_003426,STORE_01,SKU_010,2026-01-24,16,1
RESTOCK_003828,STORE_09,SKU_191,2026-01-24,19,4
RESTOCK_003320,STORE_08,SKU_064,2026-01-24,22,3
RESTOCK_004821,STORE_03,SKU_048,2026-01-24,15,3
RESTOCK_005168,STORE_03,SKU_008,2026-01-24,14,3
RESTOCK_005100,STORE_13,SKU_141,2026-01-24,11,3
RESTOCK_005334,STORE_01,SKU_087,2026-01-24,13,4
RESTOCK_000093,STORE_05,SKU_159,2026-01-24,32,2
RESTOCK_001907,STORE_02,SKU_175,2026-01-24,16,1
RESTOCK_006887,STORE_02,SKU_071,2026-01-24,19,2
RESTOCK_001021,STORE_12,SKU_130,2026-01-25,28,2
RESTOCK_005494,STORE_14,SKU_070,2026-01-25,21,2
RESTOCK_001124,STORE_11,SKU_217,2026-01-25,13,4
RESTOCK_003234,STORE_10,SKU_151,2026-01-25,15,2
RESTOCK_001284,STORE_17,SKU_144,2026-01-25,10,3
RESTOCK_006147,STORE_07,SKU_112,2026-01-25,10,5
RESTOCK_005502,STORE_09,SKU_069,2026-01-25,22,1
RESTOCK_005277,STORE_17,SKU_156,2026-01-25,19,2
RESTOCK_000173,STORE_11,SKU_099,2026-01-25,9,4
RESTOCK_003248,STORE_13,SKU_238,2026-01-25,13,2
RESTOCK_001267,STORE_05,SKU_201,2026-01-25,27,1
RESTOCK_000293,STORE_08,SKU_037,2026-01-25,11,2
RESTOCK_002768,STORE_17,SKU_104,2026-01-25,19,3
RESTOCK_000183,STORE_07,SKU_037,2026-01-25,11,6
RESTOCK_005388,STORE_18,SKU_008,2026-01-25,14,1
RESTOCK_003681,STORE_11,SKU_068,2026-01-25,12,4
RESTOCK_001575,STORE_07,SKU_231,2026-01-25,6,5
RESTOCK_003644,STORE_12,SKU_132,2026-01-25,21,2
RESTOCK_003369,STORE_07,SKU_155,2026-01-25,15,6
RESTOCK_006026,STORE_12,SKU_204,2026-01-25,24,1
RESTOCK_006088,STORE_03,SKU_214,2026-01-25,8,6
RESTOCK_000259,STORE_03,SKU_136,2026-01-25,8,4
RESTOCK_000409,STORE_18,SKU_012,2026-01-25,12,4
RESTOCK_000054,STORE_10,SKU_065,2026-01-25,10,2
RESTOCK_006865,STORE_07,SKU_025,2026-01-25,10,3
RESTOCK_002370,STORE_02,SKU_132,2026-01-25,23,4
RESTOCK_000105,STORE_05,SKU_225,2026-01-25,21,1
RESTOCK_005961,STORE_17,SKU_056,2026-01-25,10,1
RESTOCK_004402,STORE_17,SKU_232,2026-01-25,21,3
RESTOCK_004892,STORE_07,SKU_112,2026-01-25,9,6
RESTOCK_004318,STORE_10,SKU_095,2026-01-25,16,1
RESTOCK_001493,STORE_18,SKU_130,2026-01-26,12,3
RESTOCK_006922,STORE_07,SKU_106,2026-01-26,9,6
RESTOCK_002554,STORE_09,SKU_082,2026-01-26,14,2
RESTOCK_000968,STORE_10,SKU_176,2026-01-26,15,3
RESTOCK_006057,STORE_06,SKU_199,2026-01-26,11,4
RESTOCK_005365,STORE_18,SKU_141,2026-01-26,14,3
RESTOCK_002214,STORE_06,SKU_028,2026-01-26,15,1
RESTOCK_006747,STORE_16,SKU_245,2026-01-26,32,1
RESTOCK_005351,STORE_01,SKU_026,2026-01-26,28,1
RESTOCK_004495,STORE_11,SKU_102,2026-01-26,6,4
RESTOCK_006973,STORE_02,SKU_119,2026-01-26,12,3
RESTOCK_006558,STORE_08,SKU_119,2026-01-26,14,3
RESTOCK_002113,STORE_10,SKU_002,2026-01-26,14,2
RESTOCK_003898,STORE_06,SKU_134,2026-01-26,11,1
RESTOCK_003723,STORE_15,SKU_050,2026-01-26,16,3
RESTOCK_006713,STORE_18,SKU_122,2026-01-26,15,3
RESTOCK_002983,STORE_12,SKU_217,2026-01-26,21,1
RESTOCK_006520,STORE_05,SKU_176,2026-01-26,22,1
RESTOCK_001081,STORE_10,SKU_110,2026-01-26,18,4
RESTOCK_005099,STORE_17,SKU_130,2026-01-26,18,2
RESTOCK_004214,STORE_13,SKU_080,2026-01-26,12,3
RESTOCK_000408,STORE_04,SKU_073,2026-01-26,11,2
RESTOCK_002653,STORE_07,SKU_086,2026-01-26,19,3
RESTOCK_006987,STORE_11,SKU_142,2026-01-26,11,4
RESTOCK_003424,STORE_02,SKU_111,2026-01-26,17,3
RESTOCK_003688,STORE_04,SKU_119,2026-01-27,9,4
RESTOCK_000900,STORE_18,SKU_151,2026-01-27,15,1
RESTOCK_003612,STORE_18,SKU_086,2026-01-27,18,4
RESTOCK_002134,STORE_04,SKU_054,2026-01-27,14,3
RESTOCK_001947,STORE_03,SKU_177,2026-01-27,10,5
RESTOCK_000786,STORE_14,SKU_160,2026-01-27,17,4
RESTOCK_001393,STORE_06,SKU_093,2026-01-27,23,3
RESTOCK_001474,STORE_05,SKU_177,2026-01-27,30,1
RESTOCK_004876,STORE_11,SKU_106,2026-01-27,8,4
RESTOCK_005456,STORE_17,SKU_237,2026-01-27,14,2
RESTOCK_004979,STORE_14,SKU_245,2026-01-27,21,2
RESTOCK_005875,STORE_06,SKU_067,2026-01-27,15,4
RESTOCK_006460,STORE_02,SKU_149,2026-01-27,10,1
RESTOCK_003484,STORE_14,SKU_145,2026-01-27,18,2
RESTOCK_003992,STORE_14,SKU_109,2026-01-27,24,4
RESTOCK_002766,STORE_11,SKU_087,2026-01-27,7,4
RESTOCK_000590,STORE_15,SKU_206,2026-01-27,22,3
RESTOCK_005055,STORE_05,SKU_223,2026-01-27,37,2
RESTOCK_003575,STORE_16,SKU_019,2026-01-27,22,1
RESTOCK_000316,STORE_15,SKU_217,2026-01-27,15,1
RESTOCK_004222,STORE_03,SKU_055,2026-01-27,9,4
RESTOCK_006663,STORE_01,SKU_239,2026-01-27,17,3
RESTOCK_006719,STORE_11,SKU_144,2026-01-27,7,6
RESTOCK_001499,STORE_04,SKU_089,2026-01-27,15,4
RESTOCK_004076,STORE_13,SKU_042,2026-01-27,15,1
RESTOCK_004954,STORE_08,SKU_203,2026-01-27,15,1
RESTOCK_005380,STORE_15,SKU_054,2026-01-27,8,1
RESTOCK_002645,STORE_08,SKU_077,2026-01-27,20,2
RESTOCK_003727,STORE_18,SKU_218,2026-01-28,11,4
RESTOCK_002116,STORE_02,SKU_072,2026-01-28,14,1
RESTOCK_002119,STORE_13,SKU_170,2026-01-28,18,3
RESTOCK_002399,STORE_11,SKU_031,2026-01-28,8,4
RESTOCK_000115,STORE_04,SKU_106,2026-01-28,10,3
RESTOCK_003852,STORE_13,SKU_126,2026-01-28,13,3
RESTOCK_004897,STORE_15,SKU_210,2026-01-28,14,4
RESTOCK_005393,STORE_13,SKU_242,2026-01-28,18,4
RESTOCK_003896,STORE_02,SKU_019,2026-01-28,25,3
RESTOCK_000395,STORE_04,SKU_025,2026-01-28,9,3
RESTOCK_003355,STORE_05,SKU_221,2026-01-28,32,1
RESTOCK_002906,STORE_12,SKU_005,2026-01-28,17,2
RESTOCK_002307,STORE_08,SKU_161,2026-01-28,13,1
RESTOCK_001664,STORE_16,SKU_034,2026-01-28,30,2
RESTOCK_006122,STORE_17,SKU_127,2026-01-28,10,1
RESTOCK_006066,STORE_13,SKU_214,2026-01-28,13,4
RESTOCK_006593,STORE_13,SKU_214,2026-01-28,13,3
RESTOCK_005064,STORE_05,SKU_190,2026-01-28,37,1
RESTOCK_005268,STORE_14,SKU_117,2026-01-28,20,4
RESTOCK_003372,STORE_18,SKU_078,2026-01-28,22,1
RESTOCK_006302,STORE_02,SKU_010,2026-01-28,21,2
RESTOCK_002594,STORE_08,SKU_052,2026-01-28,18,2
RESTOCK_001620,STORE_09,SKU_168,2026-01-29,19,1
RESTOCK_004699,STORE_14,SKU_067,2026-01-29,14,3
RESTOCK_001319,STORE_06,SKU_062,2026-01-29,16,3
RESTOCK_000399,STORE_04,SKU_209,2026-01-29,27,2
RESTOCK_004565,STORE_13,SKU_154,2026-01-29,14,3
RESTOCK_006120,STORE_08,SKU_199,2026-01-29,13,1
RESTOCK_006038,STORE_10,SKU_063,2026-01-29,12,3
RESTOCK_003332,STORE_10,SKU_158,2026-01-29,13,1
RESTOCK_001219,STORE_03,SKU_180,2026-01-29,11,5
RESTOCK_003294,STORE_03,SKU_115,2026-01-29,14,3
RESTOCK_003313,STORE_01,SKU_221,2026-01-29,16,2
RESTOCK_005813,STORE_04,SKU_128,2026-01-29,16,3
RESTOCK_004728,STORE_04,SKU_060,2026-01-29,9,3
RESTOCK_001556,STORE_18,SKU_010,2026-01-29,11,4
RESTOCK_005664,STORE_03,SKU_047,2026-01-29,11,5
RESTOCK_003005,STORE_16,SKU_227,2026-01-29,24,2
RESTOCK_005804,STORE_02,SKU_221,2026-01-29,23,2
RESTOCK_002770,STORE_18,SKU_231,2026-01-29,14,2
RESTOCK_004584,STORE_09,SKU_138,2026-01-29,16,4
RESTOCK_002905,STORE_02,SKU_048,2026-01-29,22,2
RESTOCK_003438,STORE_13,SKU_033,2026-01-29,19,4
RESTOCK_001518,STORE_02,SKU_099,2026-01-29,23,4
RESTOCK_001652,STORE_06,SKU_031,2026-01-29,19,2
RESTOCK_000545,STORE_15,SKU_081,2026-01-29,14,4
RESTOCK_001481,STORE_02,SKU_069,2026-01-29,22,2
RESTOCK_004192,STORE_07,SKU_219,2026-01-29,10,3
RESTOCK_002619,STORE_02,SKU_210,2026-01-29,20,3
RESTOCK_004397,STORE_14,SKU_197,2026-01-29,11,4
RESTOCK_004639,STORE_13,SKU_195,2026-01-30,10,1
RESTOCK_004013,STORE_13,SKU_117,2026-01-30,16,2
RESTOCK_001892,STORE_02,SKU_021,2026-01-30,12,2
RESTOCK_003848,STORE_12,SKU_008,2026-01-30,24,2
RESTOCK_001595,STORE_11,SKU_039,2026-01-30,16,6
RESTOCK_001910,STORE_04,SKU_244,2026-01-30,14,1
RESTOCK_001714,STORE_13,SKU_088,2026-01-30,11,1
RESTOCK_001599,STORE_17,SKU_119,2026-01-30,9,2
RESTOCK_001643,STORE_01,SKU_103,2026-01-30,16,2
RESTOCK_003518,STORE_11,SKU_051,2026-01-30,13,3
RESTOCK_002202,STORE_17,SKU_180,2026-01-30,14,1
RESTOCK_006083,STORE_01,SKU_191,2026-01-30,26,2
RESTOCK_001051,STORE_03,SKU_072,2026-01-30,7,6
RESTOCK_002869,STORE_10,SKU_170,2026-01-30,27,2
RESTOCK_006194,STORE_12,SKU_031,2026-01-30,22,1
RESTOCK_005540,STORE_03,SKU_090,2026-01-30,19,5
RESTOCK_004907,STORE_18,SKU_103,2026-01-30,23,3
RESTOCK_003777,STORE_10,SKU_042,2026-01-30,23,4
RESTOCK_004366,STORE_11,SKU_008,2026-01-30,11,5
RESTOCK_000059,STORE_08,SKU_136,2026-01-30,10,4
RESTOCK_000092,STORE_16,SKU_180,2026-01-30,20,2
RESTOCK_000200,STORE_01,SKU_155,2026-01-30,25,4
RESTOCK_000057,STORE_16,SKU_239,2026-01-30,24,2
RESTOCK_000607,STORE_10,SKU_226,2026-01-30,20,4
RESTOCK_005225,STORE_01,SKU_213,2026-01-30,13,3
RESTOCK_004608,STORE_01,SKU_149,2026-01-30,11,2
RESTOCK_006326,STORE_05,SKU_101,2026-01-30,27,1
RESTOCK_002968,STORE_07,SKU_092,2026-01-30,15,6
RESTOCK_003344,STORE_16,SKU_179,2026-01-30,24,2
RESTOCK_000157,STORE_17,SKU_077,2026-01-30,12,3
RESTOCK_005582,STORE_09,SKU_002,2026-01-30,13,3
RESTOCK_001657,STORE_14,SKU_131,2026-01-31,10,4
RESTOCK_003293,STORE_06,SKU_222,2026-01-31,16,4
RESTOCK_005982,STORE_11,SKU_218,2026-01-31,8,4
RESTOCK_004084,STORE_08,SKU_018,2026-01-31,13,4
RESTOCK_000184,STORE_09,SKU_119,2026-01-31,11,2
RESTOCK_004706,STORE_15,SKU_209,2026-01-31,16,2
RESTOCK_006787,STORE_05,SKU_066,2026-01-31,16,1
RESTOCK_001721,STORE_07,SKU_219,2026-01-31,7,5
RESTOCK_001066,STORE_10,SKU_123,2026-01-31,14,4
RESTOCK_005095,STORE_08,SKU_021,2026-01-31,10,2
RESTOCK_002093,STORE_07,SKU_248,2026-01-31,6,6
RESTOCK_001932,STORE_16,SKU_065,2026-01-31,20,2
RESTOCK_002258,STORE_09,SKU_176,2026-01-31,21,1
RESTOCK_001365,STORE_07,SKU_015,2026-01-31,11,3
RESTOCK_005599,STORE_07,SKU_005,2026-01-31,10,6
RESTOCK_004775,STORE_10,SKU_078,2026-01-31,9,3
RESTOCK_000539,STORE_18,SKU_167,2026-01-31,16,2
RESTOCK_000909,STORE_11,SKU_009,2026-01-31,10,4
RESTOCK_001513,STORE_07,SKU_072,2026-01-31,11,5
RESTOCK_003354,STORE_01,SKU_139,2026-01-31,10,3
RESTOCK_003094,STORE_08,SKU_114,2026-01-31,25,1
RESTOCK_001734,STORE_16,SKU_157,2026-01-31,29,2
RESTOCK_002087,STORE_12,SKU_173,2026-01-31,23,2
RESTOCK_005732,STORE_10,SKU_182,2026-01-31,17,4
RESTOCK_000990,STORE_12,SKU_113,2026-01-31,36,1
RESTOCK_000308,STORE_08,SKU_113,2026-01-31,16,4
RESTOCK_004112,STORE_16,SKU_009,2026-01-31,35,2
RESTOCK_000063,STORE_13,SKU_233,2026-01-31,9,1
RESTOCK_001803,STORE_08,SKU_038,2026-01-31,13,3
RESTOCK_005025,STORE_04,SKU_046,2026-01-31,16,2
RESTOCK_004089,STORE_02,SKU_087,2026-02-01,14,4
RESTOCK_002980,STORE_13,SKU_060,2026-02-01,10,4
RESTOCK_005686,STORE_10,SKU_199,2026-02-01,14,1
RESTOCK_002497,STORE_13,SKU_011,2026-02-01,10,2
RESTOCK_001264,STORE_04,SKU_214,2026-02-01,12,1
RESTOCK_001251,STORE_13,SKU_058,2026-02-01,12,2
RESTOCK_006031,STORE_02,SKU_043,2026-02-01,16,4
RESTOCK_004436,STORE_11,SKU_052,2026-02-01,13,3
RESTOCK_001966,STORE_04,SKU_049,2026-02-01,19,4
RESTOCK_005436,STORE_12,SKU_064,2026-02-01,23,2
RESTOCK_006300,STORE_16,SKU_203,2026-02-01,38,1
RESTOCK_002893,STORE_06,SKU_055,2026-02-01,14,2
RESTOCK_006725,STORE_14,SKU_063,2026-02-01,11,1
RESTOCK_001598,STORE_18,SKU_037,2026-02-01,15,2
RESTOCK_000112,STORE_13,SKU_128,2026-02-01,10,2
RESTOCK_005748,STORE_06,SKU_151,2026-02-01,17,4
RESTOCK_006063,STORE_17,SKU_185,2026-02-01,14,1
RESTOCK_002067,STORE_17,SKU_150,2026-02-01,18,4
RESTOCK_000302,STORE_10,SKU_054,2026-02-01,14,2
RESTOCK_000736,STORE_01,SKU_097,2026-02-01,13,3
RESTOCK_006637,STORE_11,SKU_224,2026-02-01,10,3
RESTOCK_006324,STORE_17,SKU_156,2026-02-01,22,1
RESTOCK_002881,STORE_12,SKU_176,2026-02-01,21,2
RESTOCK_005408,STORE_05,SKU_099,2026-02-01,32,1
RESTOCK_004277,STORE_16,SKU_045,2026-02-01,35,1
RESTOCK_006835,STORE_15,SKU_017,2026-02-01,18,3
RESTOCK_002680,STORE_03,SKU_041,2026-02-01,7,5
RESTOCK_001150,STORE_16,SKU_165,2026-02-01,24,2
RESTOCK_003715,STORE_08,SKU_189,2026-02-01,16,3
RESTOCK_003859,STORE_04,SKU_108,2026-02-01,14,1
RESTOCK_003651,STORE_15,SKU_180,2026-02-01,14,2
RESTOCK_003315,STORE_02,SKU_091,2026-02-01,11,2
RESTOCK_006051,STORE_08,SKU_200,2026-02-01,12,3
RESTOCK_000891,STORE_09,SKU_069,2026-02-01,23,2
RESTOCK_000021,STORE_15,SKU_165,2026-02-01,17,3
RESTOCK_003089,STORE_10,SKU_146,2026-02-01,11,1
RESTOCK_002577,STORE_07,SKU_231,2026-02-01,8,3
RESTOCK_001646,STORE_15,SKU_086,2026-02-01,16,4
RESTOCK_002286,STORE_16,SKU_246,2026-02-01,37,1
RESTOCK_006354,STORE_18,SKU_172,2026-02-01,9,2
RESTOCK_000970,STORE_01,SKU_098,2026-02-01,12,1
RESTOCK_001308,STORE_18,SKU_030,2026-02-01,10,2
RESTOCK_006441,STORE_03,SKU_246,2026-02-02,11,6
RESTOCK_004345,STORE_09,SKU_048,2026-02-02,23,1
RESTOCK_001218,STORE_09,SKU_203,2026-02-02,17,3
RESTOCK_002229,STORE_06,SKU_018,2026-02-02,13,4
RESTOCK_000493,STORE_12,SKU_115,2026-02-02,21,2
RESTOCK_002021,STORE_11,SKU_015,2026-02-02,7,3
RESTOCK_003106,STORE_12,SKU_221,2026-02-02,26,1
RESTOCK_005179,STORE_12,SKU_227,2026-02-02,25,2
RESTOCK_000306,STORE_05,SKU_199,2026-02-02,20,2
RESTOCK_004315,STORE_08,SKU_236,2026-02-02,12,2
RESTOCK_002166,STORE_01,SKU_218,2026-02-02,19,4
RESTOCK_005573,STORE_02,SKU_152,2026-02-02,17,3
RESTOCK_003808,STORE_11,SKU_132,2026-02-02,8,6
RESTOCK_001236,STORE_18,SKU_139,2026-02-02,20,4
RESTOCK_002132,STORE_04,SKU_211,2026-02-02,10,1
RESTOCK_001323,STORE_02,SKU_244,2026-02-02,12,3
RESTOCK_004629,STORE_05,SKU_211,2026-02-02,19,1
RESTOCK_000881,STORE_11,SKU_138,2026-02-02,13,4
RESTOCK_004012,STORE_15,SKU_218,2026-02-02,16,3
RESTOCK_000262,STORE_17,SKU_126,2026-02-02,10,2
RESTOCK_002414,STORE_03,SKU_242,2026-02-02,13,6
RESTOCK_005531,STORE_07,SKU_173,2026-02-02,10,5
RESTOCK_003513,STORE_02,SKU_036,2026-02-02,14,4
RESTOCK_004158,STORE_17,SKU_224,2026-02-02,15,3
RESTOCK_005706,STORE_13,SKU_233,2026-02-02,9,3
RESTOCK_000389,STORE_17,SKU_164,2026-02-02,18,2
RESTOCK_002264,STORE_01,SKU_196,2026-02-02,12,3
RESTOCK_005895,STORE_06,SKU_022,2026-02-02,13,4
RESTOCK_002757,STORE_16,SKU_164,2026-02-02,24,1
RESTOCK_003200,STORE_05,SKU_118,2026-02-02,27,1
RESTOCK_006077,STORE_13,SKU_211,2026-02-03,24,3
RESTOCK_005483,STORE_03,SKU_150,2026-02-03,7,5
RESTOCK_005164,STORE_18,SKU_128,2026-02-03,11,3
RESTOCK_006255,STORE_08,SKU_020,2026-02-03,11,2
RESTOCK_006872,STORE_18,SKU_196,2026-02-03,10,2
RESTOCK_000610,STORE_04,SKU_107,2026-02-03,14,3
RESTOCK_003302,STORE_17,SKU_049,2026-02-03,12,1
RESTOCK_005037,STORE_04,SKU_087,2026-02-03,12,2
RESTOCK_004264,STORE_01,SKU_232,2026-02-03,15,4
RESTOCK_001383,STORE_17,SKU_219,2026-02-03,18,3
RESTOCK_004517,STORE_16,SKU_010,2026-02-03,24,1
RESTOCK_004263,STORE_18,SKU_192,2026-02-03,17,3
RESTOCK_001104,STORE_15,SKU_208,2026-02-03,19,3
RESTOCK_004445,STORE_15,SKU_135,2026-02-03,14,2
RESTOCK_002383,STORE_09,SKU_054,2026-02-03,13,2
RESTOCK_001856,STORE_01,SKU_206,2026-02-03,18,4
RESTOCK_002548,STORE_10,SKU_183,2026-02-03,22,1
RESTOCK_006718,STORE_17,SKU_006,2026-02-03,18,3
RESTOCK_001480,STORE_04,SKU_072,2026-02-03,15,1
RESTOCK_002626,STORE_13,SKU_017,2026-02-03,16,3
RESTOCK_000519,STORE_04,SKU_053,2026-02-03,16,4
RESTOCK_006545,STORE_09,SKU_178,2026-02-03,21,2
RESTOCK_002801,STORE_09,SKU_050,2026-02-03,17,3
RESTOCK_002904,STORE_09,SKU_029,2026-02-03,17,1
RESTOCK_006005,STORE_04,SKU_085,2026-02-03,10,2
RESTOCK_003388,STORE_07,SKU_236,2026-02-03,6,5
RESTOCK_005803,STORE_11,SKU_215,2026-02-03,17,6
RESTOCK_006889,STORE_10,SKU_153,2026-02-03,14,3
RESTOCK_001345,STORE_05,SKU_020,2026-02-03,18,1
RESTOCK_003881,STORE_15,SKU_176,2026-02-04,11,3
RESTOCK_006492,STORE_18,SKU_119,2026-02-04,9,1
RESTOCK_004413,STORE_14,SKU_172,2026-02-04,7,3
RESTOCK_002887,STORE_09,SKU_057,2026-02-04,11,2
RESTOCK_002699,STORE_09,SKU_207,2026-02-04,16,3
RESTOCK_004323,STORE_11,SKU_221,2026-02-04,7,5
RESTOCK_000670,STORE_11,SKU_031,2026-02-04,10,5
RESTOCK_005257,STORE_18,SKU_074,2026-02-04,16,3
RESTOCK_005615,STORE_01,SKU_093,2026-02-04,19,3
RESTOCK_001882,STORE_09,SKU_139,2026-02-04,16,2
RESTOCK_001044,STORE_03,SKU_194,2026-02-04,11,4
RESTOCK_001420,STORE_18,SKU_052,2026-02-04,15,4
RESTOCK_004727,STORE_02,SKU_108,2026-02-04,11,4
RESTOCK_005378,STORE_01,SKU_009,2026-02-04,15,3
RESTOCK_000977,STORE_05,SKU_077,2026-02-04,38,2
RESTOCK_002962,STORE_13,SKU_077,2026-02-04,15,1
RESTOCK_001850,STORE_18,SKU_014,2026-02-04,13,1
RESTOCK_003212,STORE_14,SKU_168,2026-02-04,14,4
RESTOCK_004681,STORE_05,SKU_022,2026-02-04,18,1
RESTOCK_002749,STORE_07,SKU_143,2026-02-04,10,5
RESTOCK_001082,STORE_17,SKU_115,2026-02-04,12,1
RESTOCK_004078,STORE_09,SKU_027,2026-02-04,8,1
RESTOCK_002391,STORE_09,SKU_173,2026-02-04,10,1
RESTOCK_006228,STORE_07,SKU_007,2026-02-04,8,4
RESTOCK_006610,STORE_02,SKU_026,2026-02-04,26,4
RESTOCK_004064,STORE_08,SKU_065,2026-02-04,11,3
RESTOCK_000229,STORE_01,SKU_076,2026-02-04,15,4
RESTOCK_001065,STORE_08,SKU_166,2026-02-04,17,3
RESTOCK_002618,STORE_08,SKU_233,2026-02-04,13,4
RESTOCK_005623,STORE_10,SKU_053,2026-02-04,16,1
RESTOCK_001502,STORE_12,SKU_090,2026-02-04,22,2
RESTOCK_002580,STORE_14,SKU_239,2026-02-04,17,3
RESTOCK_003686,STORE_15,SKU_147,2026-02-04,11,4
RESTOCK_004248,STORE_15,SKU_231,2026-02-05,10,3
RESTOCK_000678,STORE_10,SKU_003,2026-02-05,13,4
RESTOCK_004007,STORE_13,SKU_172,2026-02-05,8,3
RESTOCK_004161,STORE_12,SKU_142,2026-02-05,27,2
RESTOCK_002612,STORE_03,SKU_121,2026-02-05,11,3
RESTOCK_004753,STORE_16,SKU_204,2026-02-05,17,1
RESTOCK_002562,STORE_11,SKU_025,2026-02-05,6,4
RESTOCK_001353,STORE_12,SKU_087,2026-02-05,22,1
RESTOCK_001956,STORE_10,SKU_216,2026-02-05,19,2
RESTOCK_003740,STORE_04,SKU_134,2026-02-05,13,4
RESTOCK_003853,STORE_13,SKU_159,2026-02-05,14,3
RESTOCK_005684,STORE_05,SKU_095,2026-02-05,24,1
RESTOCK_002086,STORE_15,SKU_081,2026-02-05,17,3
RESTOCK_006291,STORE_01,SKU_031,2026-02-05,15,2
RESTOCK_000355,STORE_10,SKU_145,2026-02-05,26,3
RESTOCK_002573,STORE_12,SKU_111,2026-02-05,20,1
RESTOCK_002103,STORE_12,SKU_166,2026-02-05,25,2
RESTOCK_004833,STORE_15,SKU_150,2026-02-05,22,2
RESTOCK_001814,STORE_03,SKU_047,2026-02-05,14,5
RESTOCK_000071,STORE_07,SKU_217,2026-02-05,13,4
RESTOCK_001674,STORE_04,SKU_097,2026-02-05,17,3
RESTOCK_003628,STORE_03,SKU_134,2026-02-05,7,6
RESTOCK_006353,STORE_09,SKU_220,2026-02-05,14,1
RESTOCK_000863,STORE_01,SKU_037,2026-02-05,11,3
RESTOCK_002169,STORE_15,SKU_049,2026-02-05,15,2
RESTOCK_002234,STORE_11,SKU_186,2026-02-05,8,3
RESTOCK_002141,STORE_10,SKU_178,2026-02-05,19,4
RESTOCK_006517,STORE_10,SKU_163,2026-02-05,19,4
RESTOCK_006053,STORE_04,SKU_067,2026-02-05,26,3
RESTOCK_005403,STORE_13,SKU_102,2026-02-05,9,1
RESTOCK_000416,STORE_03,SKU_141,2026-02-05,9,5
RESTOCK_005868,STORE_14,SKU_208,2026-02-05,15,2
RESTOCK_006025,STORE_03,SKU_077,2026-02-05,15,6
RESTOCK_002992,STORE_04,SKU_189,2026-02-05,18,2
RESTOCK_005002,STORE_02,SKU_177,2026-02-05,21,3
RESTOCK_004149,STORE_17,SKU_219,2026-02-06,14,1
RESTOCK_006775,STORE_07,SKU_016,2026-02-06,18,3
RESTOCK_006356,STORE_04,SKU_188,2026-02-06,25,2
RESTOCK_004936,STORE_08,SKU_164,2026-02-06,18,4
RESTOCK_001234,STORE_05,SKU_084,2026-02-06,27,1
RESTOCK_002668,STORE_05,SKU_171,2026-02-06,31,2
RESTOCK_005383,STORE_16,SKU_094,2026-02-06,32,1
RESTOCK_001865,STORE_05,SKU_230,2026-02-06,29,1
RESTOCK_005313,STORE_07,SKU_145,2026-02-06,15,5
RESTOCK_006278,STORE_01,SKU_209,2026-02-06,21,1
RESTOCK_002048,STORE_02,SKU_052,2026-02-06,16,4
RESTOCK_000824,STORE_01,SKU_201,2026-02-06,9,2
RESTOCK_004849,STORE_02,SKU_012,2026-02-06,14,3
RESTOCK_001367,STORE_12,SKU_150,2026-02-06,35,1
RESTOCK_006404,STORE_15,SKU_193,2026-02-06,15,2
RESTOCK_002630,STORE_06,SKU_067,2026-02-06,24,1
RESTOCK_002590,STORE_04,SKU_160,2026-02-06,29,4
RESTOCK_001018,STORE_17,SKU_020,2026-02-06,24,4
RESTOCK_005844,STORE_10,SKU_228,2026-02-06,14,3
RESTOCK_003441,STORE_06,SKU_047,2026-02-06,20,2
RESTOCK_001616,STORE_18,SKU_023,2026-02-06,21,1
RESTOCK_005936,STORE_12,SKU_142,2026-02-06,26,1
RESTOCK_002592,STORE_05,SKU_150,2026-02-06,26,2
RESTOCK_003952,STORE_09,SKU_141,2026-02-06,13,3
RESTOCK_003864,STORE_11,SKU_204,2026-02-06,10,6
RESTOCK_006318,STORE_18,SKU_053,2026-02-06,14,3
RESTOCK_002556,STORE_07,SKU_083,2026-02-06,11,4
RESTOCK_003190,STORE_04,SKU_173,2026-02-06,8,4
RESTOCK_004414,STORE_10,SKU_240,2026-02-06,13,1
RESTOCK_003614,STORE_13,SKU_187,2026-02-07,16,2
RESTOCK_004376,STORE_16,SKU_143,2026-02-07,24,1
RESTOCK_000699,STORE_12,SKU_082,2026-02-07,26,2
RESTOCK_005521,STORE_04,SKU_187,2026-02-07,21,3
RESTOCK_002356,STORE_12,SKU_188,2026-02-07,27,2
RESTOCK_001212,STORE_09,SKU_139,2026-02-07,17,3
RESTOCK_002178,STORE_15,SKU_197,2026-02-07,13,2
RESTOCK_004938,STORE_08,SKU_160,2026-02-07,23,4
RESTOCK_000803,STORE_01,SKU_034,2026-02-07,22,1
RESTOCK_005874,STORE_10,SKU_230,2026-02-07,17,1
RESTOCK_003205,STORE_18,SKU_036,2026-02-07,16,4
RESTOCK_006067,STORE_02,SKU_103,2026-02-07,17,4
RESTOCK_004878,STORE_18,SKU_223,2026-02-07,12,2
RESTOCK_005097,STORE_16,SKU_076,2026-02-07,25,2
RESTOCK_006857,STORE_12,SKU_201,2026-02-07,22,2
RESTOCK_004150,STORE_01,SKU_060,2026-02-07,14,3
RESTOCK_004522,STORE_16,SKU_150,2026-02-07,31,1
RESTOCK_004514,STORE_10,SKU_026,2026-02-07,28,2
RESTOCK_002427,STORE_03,SKU_127,2026-02-07,9,6
RESTOCK_006963,STORE_16,SKU_046,2026-02-07,25,2
RESTOCK_003085,STORE_06,SKU_032,2026-02-07,13,2
RESTOCK_006569,STORE_03,SKU_136,2026-02-07,10,3
RESTOCK_005556,STORE_02,SKU_171,2026-02-07,24,1
RESTOCK_005894,STORE_13,SKU_140,2026-02-07,16,3
RESTOCK_003036,STORE_03,SKU_062,2026-02-07,10,5
RESTOCK_006644,STORE_14,SKU_241,2026-02-08,17,4
RESTOCK_003035,STORE_08,SKU_105,2026-02-08,24,4
RESTOCK_003840,STORE_14,SKU_192,2026-02-08,16,2
RESTOCK_001861,STORE_06,SKU_114,2026-02-08,18,2
RESTOCK_005757,STORE_04,SKU_139,2026-02-08,10,2
RESTOCK_006212,STORE_01,SKU_237,2026-02-08,20,4
RESTOCK_006231,STORE_08,SKU_009,2026-02-08,14,1
RESTOCK_001351,STORE_03,SKU_098,2026-02-08,6,6
RESTOCK_001380,STORE_08,SKU_231,2026-02-08,14,1
RESTOCK_001013,STORE_10,SKU_198,2026-02-08,13,1
RESTOCK_002702,STORE_15,SKU_032,2026-02-08,8,1
RESTOCK_004940,STORE_01,SKU_195,2026-02-08,8,4
RESTOCK_003113,STORE_12,SKU_244,2026-02-08,17,2
RESTOCK_000456,STORE_13,SKU_102,2026-02-08,13,4
RESTOCK_001476,STORE_12,SKU_001,2026-02-08,24,2
RESTOCK_002207,STORE_04,SKU_010,2026-02-08,22,2
RESTOCK_002162,STORE_16,SKU_208,2026-02-08,22,1
RESTOCK_005720,STORE_16,SKU_168,2026-02-08,19,2
RESTOCK_000690,STORE_18,SKU_138,2026-02-08,19,3
RESTOCK_006224,STORE_11,SKU_107,2026-02-08,6,6
RESTOCK_001936,STORE_04,SKU_025,2026-02-08,10,2
RESTOCK_001334,STORE_02,SKU_157,2026-02-08,13,2
RESTOCK_003079,STORE_18,SKU_125,2026-02-08,10,2
RESTOCK_004193,STORE_15,SKU_212,2026-02-08,22,2
RESTOCK_006382,STORE_07,SKU_106,2026-02-08,10,3
RESTOCK_002271,STORE_17,SKU_041,2026-02-08,19,3
RESTOCK_006497,STORE_09,SKU_081,2026-02-08,19,1
RESTOCK_001019,STORE_05,SKU_048,2026-02-09,35,1
RESTOCK_006621,STORE_01,SKU_148,2026-02-09,9,3
RESTOCK_002222,STORE_03,SKU_108,2026-02-09,11,6
RESTOCK_000665,STORE_14,SKU_058,2026-02-09,17,3
RESTOCK_000513,STORE_10,SKU_183,2026-02-09,20,4
RESTOCK_000219,STORE_16,SKU_166,2026-02-09,31,1
RESTOCK_006408,STORE_04,SKU_129,2026-02-09,20,3
RESTOCK_006989,STORE_08,SKU_008,2026-02-09,15,1
RESTOCK_002769,STORE_14,SKU_196,2026-02-09,9,3
RESTOCK_005549,STORE_14,SKU_151,2026-02-09,16,4
RESTOCK_002275,STORE_06,SKU_088,2026-02-09,13,1
RESTOCK_003277,STORE_17,SKU_244,2026-02-09,13,2
RESTOCK_002940,STORE_15,SKU_188,2026-02-09,12,2
RESTOCK_005205,STORE_07,SKU_226,2026-02-09,11,4
RESTOCK_001950,STORE_07,SKU_177,2026-02-09,15,5
RESTOCK_001869,STORE_17,SKU_191,2026-02-09,15,1
RESTOCK_001206,STORE_17,SKU_190,2026-02-09,16,3
RESTOCK_006218,STORE_16,SKU_048,2026-02-09,22,2
RESTOCK_003675,STORE_03,SKU_147,2026-02-09,9,4
RESTOCK_005678,STORE_16,SKU_180,2026-02-09,22,2
RESTOCK_002501,STORE_12,SKU_057,2026-02-09,17,1
RESTOCK_005858,STORE_09,SKU_056,2026-02-09,10,2
RESTOCK_004405,STORE_08,SKU_038,2026-02-09,15,4
RESTOCK_003361,STORE_09,SKU_184,2026-02-09,14,2
RESTOCK_000705,STORE_13,SKU_084,2026-02-09,22,3
RESTOCK_004464,STORE_02,SKU_198,2026-02-09,11,3
RESTOCK_003618,STORE_15,SKU_150,2026-02-09,19,2
RESTOCK_004944,STORE_13,SKU_214,2026-02-09,11,4
RESTOCK_000401,STORE_10,SKU_094,2026-02-09,13,3
RESTOCK_004336,STORE_13,SKU_051,2026-02-09,12,1
RESTOCK_003520,STORE_15,SKU_119,2026-02-10,12,1
RESTOCK_004460,STORE_07,SKU_238,2026-02-10,11,3
RESTOCK_004100,STORE_14,SKU_025,2026-02-10,13,4
RESTOCK_002954,STORE_02,SKU_108,2026-02-10,14,2
RESTOCK_006282,STORE_13,SKU_143,2026-02-10,11,4
RESTOCK_005296,STORE_02,SKU_121,2026-02-10,15,2
RESTOCK_006495,STORE_02,SKU_193,2026-02-10,14,4
RESTOCK_000221,STORE_18,SKU_181,2026-02-10,21,3
RESTOCK_004542,STORE_05,SKU_230,2026-02-10,31,1
RESTOCK_006082,STORE_10,SKU_156,2026-02-10,19,1
RESTOCK_004919,STORE_18,SKU_034,2026-02-10,14,4
RESTOCK_004170,STORE_10,SKU_051,2026-02-10,20,3
RESTOCK_000274,STORE_15,SKU_070,2026-02-10,24,3
RESTOCK_000783,STORE_11,SKU_160,2026-02-10,13,5
RESTOCK_005864,STORE_04,SKU_174,2026-02-10,17,1
RESTOCK_005210,STORE_05,SKU_178,2026-02-10,38,2
RESTOCK_003765,STORE_08,SKU_157,2026-02-10,14,3
RESTOCK_001466,STORE_03,SKU_201,2026-02-10,12,4
RESTOCK_006396,STORE_17,SKU_091,2026-02-10,12,2
RESTOCK_000471,STORE_13,SKU_070,2026-02-10,20,3
RESTOCK_001182,STORE_02,SKU_058,2026-02-10,22,3
RESTOCK_004820,STORE_15,SKU_214,2026-02-10,12,4
RESTOCK_006177,STORE_03,SKU_036,2026-02-10,9,5
RESTOCK_001871,STORE_06,SKU_026,2026-02-10,21,2
RESTOCK_000035,STORE_15,SKU_118,2026-02-10,16,1
RESTOCK_004838,STORE_16,SKU_085,2026-02-11,26,1
RESTOCK_003040,STORE_13,SKU_163,2026-02-11,19,1
RESTOCK_000348,STORE_12,SKU_123,2026-02-11,16,1
RESTOCK_002150,STORE_03,SKU_128,2026-02-11,14,5
RESTOCK_003142,STORE_05,SKU_173,2026-02-11,17,1
RESTOCK_003061,STORE_04,SKU_040,2026-02-11,20,4
RESTOCK_001423,STORE_10,SKU_100,2026-02-11,15,3
RESTOCK_005221,STORE_14,SKU_153,2026-02-11,17,2
RESTOCK_003125,STORE_11,SKU_246,2026-02-11,10,6
RESTOCK_004620,STORE_01,SKU_192,2026-02-11,15,4
RESTOCK_001357,STORE_16,SKU_089,2026-02-11,37,2
RESTOCK_004730,STORE_04,SKU_250,2026-02-11,12,3
RESTOCK_005489,STORE_17,SKU_095,2026-02-11,18,2
RESTOCK_000867,STORE_12,SKU_205,2026-02-11,20,1
RESTOCK_005034,STORE_15,SKU_028,2026-02-11,17,1
RESTOCK_003905,STORE_08,SKU_250,2026-02-11,15,2
RESTOCK_006061,STORE_17,SKU_095,2026-02-11,17,3
RESTOCK_001592,STORE_15,SKU_010,2026-02-11,11,2
RESTOCK_004624,STORE_08,SKU_144,2026-02-11,12,1
RESTOCK_001994,STORE_11,SKU_046,2026-02-11,10,6
RESTOCK_000993,STORE_14,SKU_142,2026-02-11,17,4
RESTOCK_001699,STORE_03,SKU_210,2026-02-11,14,3
RESTOCK_003692,STORE_16,SKU_129,2026-02-11,23,1
RESTOCK_002395,STORE_16,SKU_218,2026-02-11,24,2
RESTOCK_003750,STORE_01,SKU_110,2026-02-11,13,2
RESTOCK_003526,STORE_01,SKU_246,2026-02-11,10,2
RESTOCK_000135,STORE_09,SKU_093,2026-02-11,20,1
RESTOCK_005731,STORE_07,SKU_164,2026-02-11,12,4
RESTOCK_000162,STORE_01,SKU_229,2026-02-11,10,3
RESTOCK_005228,STORE_04,SKU_240,2026-02-11,11,1
RESTOCK_006540,STORE_14,SKU_166,2026-02-11,17,3
RESTOCK_004416,STORE_13,SKU_093,2026-02-11,12,3
RESTOCK_006001,STORE_10,SKU_167,2026-02-12,21,2
RESTOCK_004285,STORE_11,SKU_172,2026-02-12,7,4
RESTOCK_003001,STORE_11,SKU_071,2026-02-12,11,4
RESTOCK_000615,STORE_05,SKU_204,2026-02-12,35,2
RESTOCK_004666,STORE_10,SKU_229,2026-02-12,12,3
RESTOCK_003625,STORE_13,SKU_061,2026-02-12,12,1
RESTOCK_000421,STORE_13,SKU_167,2026-02-12,18,2
RESTOCK_002522,STORE_18,SKU_080,2026-02-12,16,4
RESTOCK_006910,STORE_07,SKU_172,2026-02-12,7,6
RESTOCK_005957,STORE_16,SKU_070,2026-02-12,38,1
RESTOCK_000099,STORE_03,SKU_080,2026-02-12,16,5
RESTOCK_005988,STORE_01,SKU_156,2026-02-12,16,2
RESTOCK_005993,STORE_12,SKU_187,2026-02-12,26,1
RESTOCK_005791,STORE_04,SKU_175,2026-02-12,22,3
RESTOCK_000263,STORE_14,SKU_090,2026-02-12,15,2
RESTOCK_000364,STORE_16,SKU_082,2026-02-12,31,1
RESTOCK_001707,STORE_13,SKU_053,2026-02-12,14,4
RESTOCK_000664,STORE_13,SKU_169,2026-02-12,15,3
RESTOCK_002978,STORE_11,SKU_241,2026-02-12,6,5
RESTOCK_004241,STORE_04,SKU_182,2026-02-12,12,1
RESTOCK_003938,STORE_09,SKU_044,2026-02-12,11,1
RESTOCK_000365,STORE_16,SKU_181,2026-02-12,21,2
RESTOCK_001604,STORE_12,SKU_213,2026-02-12,32,1
RESTOCK_001653,STORE_11,SKU_071,2026-02-12,12,5
RESTOCK_005336,STORE_06,SKU_084,2026-02-12,13,3
RESTOCK_004217,STORE_17,SKU_207,2026-02-12,18,3
RESTOCK_004463,STORE_03,SKU_149,2026-02-12,7,4
RESTOCK_004294,STORE_10,SKU_164,2026-02-12,25,4
RESTOCK_006427,STORE_04,SKU_085,2026-02-13,13,4
RESTOCK_006288,STORE_12,SKU_195,2026-02-13,18,2
RESTOCK_005752,STORE_12,SKU_216,2026-02-13,21,2
RESTOCK_001633,STORE_06,SKU_062,2026-02-13,11,2
RESTOCK_000275,STORE_02,SKU_148,2026-02-13,12,4
RESTOCK_005863,STORE_11,SKU_141,2026-02-13,9,3
RESTOCK_006870,STORE_06,SKU_234,2026-02-13,14,1
RESTOCK_000972,STORE_04,SKU_061,2026-02-13,11,4
RESTOCK_005816,STORE_18,SKU_176,2026-02-13,11,4
RESTOCK_000009,STORE_08,SKU_022,2026-02-13,15,3
RESTOCK_003112,STORE_16,SKU_249,2026-02-13,23,1
RESTOCK_006977,STORE_12,SKU_249,2026-02-13,19,1
RESTOCK_002269,STORE_07,SKU_213,2026-02-13,10,6
RESTOCK_005881,STORE_05,SKU_161,2026-02-13,23,2
RESTOCK_001876,STORE_14,SKU_249,2026-02-13,10,1
RESTOCK_003188,STORE_13,SKU_026,2026-02-13,18,3
RESTOCK_004475,STORE_11,SKU_083,2026-02-13,14,5
RESTOCK_000504,STORE_09,SKU_193,2026-02-13,10,4
RESTOCK_003888,STORE_17,SKU_237,2026-02-13,14,1
RESTOCK_001548,STORE_05,SKU_147,2026-02-13,23,2
RESTOCK_000651,STORE_11,SKU_011,2026-02-13,6,6
RESTOCK_006969,STORE_12,SKU_130,2026-02-13,26,1
RESTOCK_002206,STORE_06,SKU_160,2026-02-13,21,2
RESTOCK_003290,STORE_09,SKU_154,2026-02-13,15,3
RESTOCK_006684,STORE_13,SKU_086,2026-02-13,19,4
RESTOCK_006687,STORE_07,SKU_230,2026-02-13,10,3
RESTOCK_005571,STORE_18,SKU_114,2026-02-13,15,3
RESTOCK_000266,STORE_01,SKU_159,2026-02-13,27,2
RESTOCK_004378,STORE_18,SKU_163,2026-02-13,17,3
RESTOCK_003862,STORE_12,SKU_074,2026-02-14,39,1
RESTOCK_004488,STORE_02,SKU_069,2026-02-14,18,1
RESTOCK_006918,STORE_10,SKU_103,2026-02-14,11,1
RESTOCK_001398,STORE_17,SKU_119,2026-02-14,9,2
RESTOCK_002496,STORE_08,SKU_012,2026-02-14,10,4
RESTOCK_002863,STORE_01,SKU_137,2026-02-14,12,1
RESTOCK_003342,STORE_16,SKU_131,2026-02-14,18,1
RESTOCK_004863,STORE_17,SKU_106,2026-02-14,13,4
RESTOCK_004656,STORE_11,SKU_135,2026-02-14,11,4
RESTOCK_000438,STORE_13,SKU_057,2026-02-14,13,2
RESTOCK_001322,STORE_11,SKU_015,2026-02-14,10,3
RESTOCK_001387,STORE_14,SKU_113,2026-02-14,25,4
RESTOCK_002485,STORE_05,SKU_224,2026-02-14,35,2
RESTOCK_005290,STORE_06,SKU_165,2026-02-14,20,1
RESTOCK_001949,STORE_14,SKU_072,2026-02-14,23,1
RESTOCK_004188,STORE_07,SKU_237,2026-02-14,10,4
RESTOCK_004827,STORE_15,SKU_092,2026-02-14,14,1
RESTOCK_002289,STORE_15,SKU_177,2026-02-14,10,2
RESTOCK_006658,STORE_02,SKU_164,2026-02-14,25,4
RESTOCK_002257,STORE_12,SKU_150,2026-02-14,28,2
RESTOCK_005829,STORE_13,SKU_183,2026-02-14,17,3
RESTOCK_006886,STORE_07,SKU_215,2026-02-14,7,5
RESTOCK_004692,STORE_13,SKU_140,2026-02-14,14,2
RESTOCK_006226,STORE_08,SKU_133,2026-02-14,20,3
RESTOCK_005710,STORE_08,SKU_099,2026-02-14,24,3
RESTOCK_004229,STORE_17,SKU_058,2026-02-14,14,3
RESTOCK_006547,STORE_10,SKU_024,2026-02-14,21,3
RESTOCK_001519,STORE_03,SKU_215,2026-02-14,9,4
RESTOCK_004213,STORE_17,SKU_193,2026-02-14,16,2
RESTOCK_000104,STORE_01,SKU_184,2026-02-14,16,4
RESTOCK_005810,STORE_04,SKU_120,2026-02-14,23,3
RESTOCK_000584,STORE_01,SKU_063,2026-02-14,10,2
RESTOCK_000516,STORE_06,SKU_164,2026-02-14,19,3
RESTOCK_003270,STORE_16,SKU_171,2026-02-15,21,1
RESTOCK_006373,STORE_07,SKU_030,2026-02-15,6,5
RESTOCK_002805,STORE_18,SKU_040,2026-02-15,19,1
RESTOCK_003641,STORE_01,SKU_187,2026-02-15,22,3
RESTOCK_005433,STORE_18,SKU_171,2026-02-15,19,4
RESTOCK_003743,STORE_07,SKU_033,2026-02-15,17,6
RESTOCK_000737,STORE_17,SKU_024,2026-02-15,13,4
RESTOCK_000010,STORE_03,SKU_139,2026-02-15,8,6
RESTOCK_004087,STORE_06,SKU_216,2026-02-15,22,2
RESTOCK_000622,STORE_16,SKU_237,2026-02-15,15,2
RESTOCK_000788,STORE_05,SKU_115,2026-02-15,41,1
RESTOCK_004991,STORE_13,SKU_100,2026-02-15,18,3
RESTOCK_001073,STORE_12,SKU_082,2026-02-15,27,2
RESTOCK_000850,STORE_11,SKU_161,2026-02-15,19,6
RESTOCK_003809,STORE_14,SKU_086,2026-02-15,18,1
RESTOCK_001183,STORE_07,SKU_104,2026-02-15,18,3
RESTOCK_000723,STORE_15,SKU_061,2026-02-15,12,2
RESTOCK_000979,STORE_10,SKU_133,2026-02-15,25,3
RESTOCK_001898,STORE_16,SKU_129,2026-02-15,21,1
RESTOCK_002189,STORE_03,SKU_167,2026-02-15,18,3
RESTOCK_006896,STORE_10,SKU_096,2026-02-15,25,1
RESTOCK_003154,STORE_03,SKU_163,2026-02-15,7,4
RESTOCK_006339,STORE_04,SKU_115,2026-02-15,22,4
RESTOCK_003793,STORE_17,SKU_086,2026-02-15,19,3
RESTOCK_006474,STORE_13,SKU_231,2026-02-15,12,1
RESTOCK_006548,STORE_17,SKU_088,2026-02-15,16,1
RESTOCK_003237,STORE_07,SKU_182,2026-02-16,7,3
RESTOCK_003931,STORE_12,SKU_190,2026-02-16,35,1
RESTOCK_005263,STORE_04,SKU_078,2026-02-16,11,1
RESTOCK_003539,STORE_04,SKU_074,2026-02-16,15,3
RESTOCK_003065,STORE_01,SKU_194,2026-02-16,22,4
RESTOCK_001784,STORE_08,SKU_083,2026-02-16,19,1
RESTOCK_004086,STORE_17,SKU_045,2026-02-16,14,3
RESTOCK_005084,STORE_12,SKU_032,2026-02-16,17,1
RESTOCK_003103,STORE_13,SKU_194,2026-02-16,15,1
RESTOCK_000149,STORE_12,SKU_201,2026-02-16,32,1
RESTOCK_006464,STORE_05,SKU_107,2026-02-16,22,2
RESTOCK_000512,STORE_12,SKU_145,2026-02-16,24,2
RESTOCK_005470,STORE_08,SKU_021,2026-02-16,9,4
RESTOCK_003924,STORE_14,SKU_130,2026-02-16,10,3
RESTOCK_004720,STORE_07,SKU_079,2026-02-16,10,3
RESTOCK_001957,STORE_07,SKU_134,2026-02-16,6,4
RESTOCK_004808,STORE_14,SKU_209,2026-02-16,12,2
RESTOCK_000107,STORE_07,SKU_093,2026-02-16,15,4
RESTOCK_001174,STORE_05,SKU_018,2026-02-16,15,1
RESTOCK_004921,STORE_01,SKU_208,2026-02-16,21,3
RESTOCK_004625,STORE_16,SKU_010,2026-02-16,23,1
RESTOCK_006029,STORE_07,SKU_026,2026-02-16,16,5
RESTOCK_003059,STORE_08,SKU_015,2026-02-16,20,4
RESTOCK_002160,STORE_06,SKU_181,2026-02-16,9,4
RESTOCK_005981,STORE_02,SKU_203,2026-02-16,16,2
RESTOCK_004762,STORE_18,SKU_250,2026-02-16,19,1
RESTOCK_005956,STORE_18,SKU_130,2026-02-16,16,4
RESTOCK_006534,STORE_01,SKU_045,2026-02-16,11,1
RESTOCK_000616,STORE_02,SKU_043,2026-02-16,23,1
RESTOCK_002813,STORE_04,SKU_048,2026-02-17,23,4
RESTOCK_003559,STORE_13,SKU_250,2026-02-17,17,2
RESTOCK_002550,STORE_09,SKU_187,2026-02-17,19,4
RESTOCK_000235,STORE_07,SKU_170,2026-02-17,13,3
RESTOCK_003463,STORE_15,SKU_196,2026-02-17,13,2
RESTOCK_005834,STORE_04,SKU_132,2026-02-17,19,2
RESTOCK_004887,STORE_03,SKU_102,2026-02-17,6,3
RESTOCK_006276,STORE_07,SKU_110,2026-02-17,10,6
RESTOCK_001681,STORE_12,SKU_213,2026-02-17,32,1
RESTOCK_002753,STORE_14,SKU_115,2026-02-17,16,1
RESTOCK_005877,STORE_07,SKU_204,2026-02-17,13,5
RESTOCK_001524,STORE_12,SKU_068,2026-02-17,31,1
RESTOCK_005417,STORE_11,SKU_016,2026-02-17,13,6
RESTOCK_003865,STORE_08,SKU_148,2026-02-17,14,2
RESTOCK_006030,STORE_13,SKU_140,2026-02-17,16,1
RESTOCK_000017,STORE_12,SKU_046,2026-02-17,20,2
RESTOCK_006079,STORE_13,SKU_003,2026-02-17,24,4
RESTOCK_006589,STORE_13,SKU_036,2026-02-17,15,4
RESTOCK_006606,STORE_16,SKU_198,2026-02-17,18,1
RESTOCK_006715,STORE_15,SKU_232,2026-02-17,16,1
RESTOCK_003771,STORE_11,SKU_112,2026-02-17,7,6
RESTOCK_003011,STORE_15,SKU_044,2026-02-17,22,2
RESTOCK_000698,STORE_17,SKU_146,2026-02-17,9,1
RESTOCK_003588,STORE_14,SKU_139,2026-02-17,15,2
RESTOCK_001635,STORE_18,SKU_107,2026-02-17,9,1
RESTOCK_002416,STORE_15,SKU_125,2026-02-17,11,3
RESTOCK_000186,STORE_08,SKU_086,2026-02-17,20,2
RESTOCK_005811,STORE_16,SKU_208,2026-02-17,25,1
RESTOCK_001567,STORE_17,SKU_172,2026-02-18,11,4
RESTOCK_006570,STORE_06,SKU_076,2026-02-18,13,2
RESTOCK_000936,STORE_08,SKU_190,2026-02-18,17,3
RESTOCK_006605,STORE_11,SKU_083,2026-02-18,14,4
RESTOCK_002999,STORE_17,SKU_226,2026-02-18,15,3
RESTOCK_006648,STORE_08,SKU_141,2026-02-18,14,1
RESTOCK_006535,STORE_17,SKU_087,2026-02-18,12,1
RESTOCK_006567,STORE_02,SKU_023,2026-02-18,11,4
RESTOCK_003821,STORE_11,SKU_143,2026-02-18,10,3
RESTOCK_006072,STORE_03,SKU_113,2026-02-18,9,5
RESTOCK_005850,STORE_10,SKU_048,2026-02-18,20,3
RESTOCK_000314,STORE_06,SKU_135,2026-02-18,20,4
RESTOCK_003287,STORE_17,SKU_029,2026-02-18,18,4
RESTOCK_004271,STORE_16,SKU_250,2026-02-18,43,2
RESTOCK_000148,STORE_17,SKU_101,2026-02-18,12,1
RESTOCK_005312,STORE_17,SKU_206,2026-02-18,24,1
RESTOCK_004568,STORE_04,SKU_019,2026-02-18,23,3
RESTOCK_002311,STORE_03,SKU_198,2026-02-18,6,6
RESTOCK_003395,STORE_10,SKU_148,2026-02-18,9,1
RESTOCK_003162,STORE_01,SKU_127,2026-02-18,14,1
RESTOCK_005942,STORE_01,SKU_112,2026-02-18,14,2
RESTOCK_004326,STORE_04,SKU_006,2026-02-18,11,2
RESTOCK_001948,STORE_07,SKU_048,2026-02-18,14,4
RESTOCK_002935,STORE_05,SKU_021,2026-02-18,21,2
RESTOCK_003324,STORE_06,SKU_093,2026-02-18,16,4
RESTOCK_005352,STORE_16,SKU_154,2026-02-18,21,1
RESTOCK_006934,STORE_07,SKU_032,2026-02-18,5,5
RESTOCK_006750,STORE_03,SKU_042,2026-02-18,14,4
RESTOCK_002203,STORE_10,SKU_067,2026-02-18,16,2
RESTOCK_003459,STORE_08,SKU_001,2026-02-18,18,1
RESTOCK_000847,STORE_04,SKU_072,2026-02-19,13,4
RESTOCK_000131,STORE_07,SKU_145,2026-02-19,12,4
RESTOCK_004551,STORE_12,SKU_060,2026-02-19,16,2
RESTOCK_003515,STORE_13,SKU_208,2026-02-19,16,1
RESTOCK_003746,STORE_04,SKU_013,2026-02-19,17,1
RESTOCK_003841,STORE_14,SKU_154,2026-02-19,11,3
RESTOCK_000756,STORE_02,SKU_238,2026-02-19,21,2
RESTOCK_006927,STORE_15,SKU_013,2026-02-19,14,2
RESTOCK_000771,STORE_12,SKU_029,2026-02-19,28,2
RESTOCK_000619,STORE_13,SKU_155,2026-02-19,18,3
RESTOCK_003535,STORE_03,SKU_088,2026-02-19,7,5
RESTOCK_002723,STORE_07,SKU_199,2026-02-19,8,5
RESTOCK_005614,STORE_07,SKU_099,2026-02-19,19,4
RESTOCK_000328,STORE_01,SKU_059,2026-02-19,8,3
RESTOCK_000386,STORE_02,SKU_055,2026-02-19,14,2
RESTOCK_005493,STORE_13,SKU_151,2026-02-19,19,2
RESTOCK_003299,STORE_15,SKU_043,2026-02-19,19,4
RESTOCK_000950,STORE_15,SKU_106,2026-02-19,12,2
RESTOCK_003127,STORE_02,SKU_144,2026-02-19,13,4
RESTOCK_001738,STORE_18,SKU_237,2026-02-19,16,3
RESTOCK_000022,STORE_15,SKU_219,2026-02-19,15,2
RESTOCK_003107,STORE_06,SKU_114,2026-02-19,22,4
RESTOCK_002868,STORE_10,SKU_161,2026-02-19,15,3
RESTOCK_005902,STORE_13,SKU_038,2026-02-19,14,4
RESTOCK_003766,STORE_13,SKU_012,2026-02-19,10,1
RESTOCK_000418,STORE_17,SKU_083,2026-02-20,19,2
RESTOCK_001685,STORE_16,SKU_079,2026-02-20,31,1
RESTOCK_000774,STORE_11,SKU_244,2026-02-20,9,3
RESTOCK_005086,STORE_14,SKU_231,2026-02-20,12,1
RESTOCK_000675,STORE_03,SKU_130,2026-02-20,14,5
RESTOCK_004134,STORE_15,SKU_135,2026-02-20,12,2
RESTOCK_003181,STORE_11,SKU_001,2026-02-20,9,5
RESTOCK_001207,STORE_03,SKU_094,2026-02-20,11,5
RESTOCK_005841,STORE_02,SKU_070,2026-02-20,16,4
RESTOCK_006087,STORE_03,SKU_177,2026-02-20,12,6
RESTOCK_000904,STORE_12,SKU_105,2026-02-20,28,1
RESTOCK_000413,STORE_12,SKU_228,2026-02-20,34,2
RESTOCK_002272,STORE_02,SKU_122,2026-02-20,22,3
RESTOCK_003547,STORE_05,SKU_250,2026-02-20,31,2
RESTOCK_004861,STORE_18,SKU_172,2026-02-20,9,4
RESTOCK_004045,STORE_09,SKU_024,2026-02-20,19,4
RESTOCK_002082,STORE_18,SKU_121,2026-02-20,14,1
RESTOCK_005910,STORE_09,SKU_181,2026-02-20,14,3
RESTOCK_006137,STORE_01,SKU_133,2026-02-20,15,3
RESTOCK_004030,STORE_07,SKU_074,2026-02-20,8,5
RESTOCK_002074,STORE_14,SKU_046,2026-02-20,14,3
RESTOCK_001045,STORE_02,SKU_032,2026-02-20,14,1
RESTOCK_004585,STORE_15,SKU_219,2026-02-20,19,4
RESTOCK_003397,STORE_11,SKU_029,2026-02-20,13,3
RESTOCK_002065,STORE_03,SKU_105,2026-02-20,14,6
RESTOCK_000988,STORE_12,SKU_107,2026-02-20,18,2
RESTOCK_002398,STORE_12,SKU_062,2026-02-20,38,2
RESTOCK_006953,STORE_15,SKU_185,2026-02-20,10,4
RESTOCK_003755,STORE_03,SKU_217,2026-02-20,20,3
RESTOCK_005690,STORE_18,SKU_112,2026-02-20,13,1
RESTOCK_006351,STORE_18,SKU_199,2026-02-20,14,4
RESTOCK_000205,STORE_09,SKU_125,2026-02-20,14,2
RESTOCK_004474,STORE_01,SKU_082,2026-02-20,13,1
RESTOCK_005831,STORE_18,SKU_101,2026-02-20,13,3
RESTOCK_002110,STORE_10,SKU_208,2026-02-20,27,4
RESTOCK_000431,STORE_16,SKU_128,2026-02-21,21,1
RESTOCK_000368,STORE_12,SKU_083,2026-02-21,33,2
RESTOCK_005657,STORE_12,SKU_115,2026-02-21,20,2
RESTOCK_005934,STORE_18,SKU_007,2026-02-21,9,2
RESTOCK_003913,STORE_07,SKU_164,2026-02-21,14,6
RESTOCK_002120,STORE_09,SKU_205,2026-02-21,14,4
RESTOCK_000400,STORE_04,SKU_093,2026-02-21,16,3
RESTOCK_002174,STORE_06,SKU_012,2026-02-21,10,2
RESTOCK_001350,STORE_02,SKU_073,2026-02-21,12,3
RESTOCK_003942,STORE_12,SKU_019,2026-02-21,24,2
RESTOCK_006003,STORE_12,SKU_025,2026-02-21,17,2
RESTOCK_005964,STORE_08,SKU_089,2026-02-21,16,2
RESTOCK_006561,STORE_09,SKU_113,2026-02-21,10,1
RESTOCK_005465,STORE_01,SKU_021,2026-02-21,12,2
RESTOCK_005822,STORE_15,SKU_050,2026-02-21,18,1
RESTOCK_005439,STORE_15,SKU_034,2026-02-21,15,3
RESTOCK_001468,STORE_03,SKU_050,2026-02-21,11,4
RESTOCK_003172,STORE_18,SKU_092,2026-02-21,11,1
RESTOCK_002259,STORE_01,SKU_131,2026-02-21,10,3
RESTOCK_000802,STORE_15,SKU_022,2026-02-21,12,1
RESTOCK_001149,STORE_12,SKU_156,2026-02-21,29,1
RESTOCK_000103,STORE_03,SKU_075,2026-02-21,11,6
RESTOCK_006478,STORE_17,SKU_079,2026-02-21,11,1
RESTOCK_005147,STORE_16,SKU_250,2026-02-22,39,1
RESTOCK_001340,STORE_12,SKU_088,2026-02-22,17,1
RESTOCK_005937,STORE_18,SKU_166,2026-02-22,12,3
RESTOCK_003941,STORE_18,SKU_243,2026-02-22,15,1
RESTOCK_004779,STORE_09,SKU_043,2026-02-22,21,2
RESTOCK_002095,STORE_15,SKU_193,2026-02-22,19,2
RESTOCK_004275,STORE_08,SKU_029,2026-02-22,12,3
RESTOCK_006641,STORE_02,SKU_129,2026-02-22,20,1
RESTOCK_006583,STORE_11,SKU_195,2026-02-22,7,6
RESTOCK_005239,STORE_18,SKU_158,2026-02-22,15,2
RESTOCK_003590,STORE_15,SKU_105,2026-02-22,18,3
RESTOCK_006511,STORE_15,SKU_176,2026-02-22,12,2
RESTOCK_003654,STORE_14,SKU_034,2026-02-22,12,3
RESTOCK_004245,STORE_13,SKU_245,2026-02-22,18,4
RESTOCK_005903,STORE_17,SKU_096,2026-02-22,19,1
RESTOCK_000854,STORE_06,SKU_020,2026-02-22,12,2
RESTOCK_001724,STORE_13,SKU_024,2026-02-22,21,4
RESTOCK_000472,STORE_04,SKU_107,2026-02-22,14,4
RESTOCK_006256,STORE_05,SKU_216,2026-02-22,33,2
RESTOCK_006170,STORE_02,SKU_160,2026-02-22,20,4
RESTOCK_002572,STORE_13,SKU_033,2026-02-22,15,3
RESTOCK_006252,STORE_13,SKU_053,2026-02-22,10,4
RESTOCK_002417,STORE_06,SKU_131,2026-02-22,9,2
RESTOCK_003423,STORE_04,SKU_088,2026-02-22,12,1
RESTOCK_006608,STORE_17,SKU_083,2026-02-22,24,1
RESTOCK_000503,STORE_15,SKU_084,2026-02-22,22,4
RESTOCK_000658,STORE_03,SKU_036,2026-02-22,7,6
RESTOCK_004434,STORE_02,SKU_105,2026-02-22,18,4
RESTOCK_001062,STORE_17,SKU_114,2026-02-22,17,2
RESTOCK_005575,STORE_17,SKU_131,2026-02-22,13,1
RESTOCK_005009,STORE_06,SKU_172,2026-02-22,12,3
RESTOCK_003246,STORE_09,SKU_158,2026-02-22,14,3
RESTOCK_000649,STORE_15,SKU_204,2026-02-22,15,4
RESTOCK_001116,STORE_17,SKU_159,2026-02-22,15,3
RESTOCK_000319,STORE_16,SKU_166,2026-02-22,24,2
RESTOCK_000826,STORE_01,SKU_211,2026-02-22,12,1
RESTOCK_003338,STORE_07,SKU_178,2026-02-22,18,4
RESTOCK_002947,STORE_07,SKU_233,2026-02-22,7,5
RESTOCK_004995,STORE_16,SKU_170,2026-02-22,27,1
RESTOCK_005999,STORE_18,SKU_042,2026-02-22,12,4
RESTOCK_004105,STORE_10,SKU_109,2026-02-22,12,4
RESTOCK_002949,STORE_13,SKU_028,2026-02-22,19,2
RESTOCK_006458,STORE_12,SKU_030,2026-02-22,15,2
RESTOCK_004292,STORE_12,SKU_122,2026-02-23,17,1
RESTOCK_000110,STORE_15,SKU_140,2026-02-23,15,4
RESTOCK_006957,STORE_10,SKU_201,2026-02-23,16,3
RESTOCK_003229,STORE_13,SKU_189,2026-02-23,16,3
RESTOCK_005951,STORE_13,SKU_221,2026-02-23,17,2
RESTOCK_003445,STORE_10,SKU_200,2026-02-23,10,4
RESTOCK_002614,STORE_02,SKU_050,2026-02-23,13,2
RESTOCK_004408,STORE_04,SKU_143,2026-02-23,17,4
RESTOCK_004564,STORE_03,SKU_060,2026-02-23,6,5
RESTOCK_005349,STORE_05,SKU_178,2026-02-23,41,2
RESTOCK_002691,STORE_05,SKU_089,2026-02-23,22,2
RESTOCK_004890,STORE_16,SKU_180,2026-02-23,17,2
RESTOCK_004795,STORE_01,SKU_052,2026-02-23,14,3
RESTOCK_001126,STORE_12,SKU_194,2026-02-23,25,2
RESTOCK_002895,STORE_18,SKU_185,2026-02-23,10,3
RESTOCK_005613,STORE_06,SKU_188,2026-02-23,27,2
RESTOCK_006485,STORE_07,SKU_250,2026-02-23,10,5
RESTOCK_000257,STORE_14,SKU_210,2026-02-23,11,1
RESTOCK_006603,STORE_10,SKU_093,2026-02-23,15,2
RESTOCK_004943,STORE_11,SKU_024,2026-02-23,10,5
RESTOCK_005057,STORE_09,SKU_078,2026-02-23,11,4
RESTOCK_002991,STORE_17,SKU_167,2026-02-23,16,1
RESTOCK_001941,STORE_07,SKU_161,2026-02-23,9,5
RESTOCK_000728,STORE_15,SKU_127,2026-02-23,14,2
RESTOCK_006307,STORE_11,SKU_246,2026-02-23,9,5
RESTOCK_003767,STORE_06,SKU_145,2026-02-24,26,3
RESTOCK_002194,STORE_06,SKU_204,2026-02-24,22,1
RESTOCK_000238,STORE_01,SKU_096,2026-02-24,22,3
RESTOCK_003201,STORE_14,SKU_148,2026-02-24,15,2
RESTOCK_003795,STORE_15,SKU_180,2026-02-24,9,2
RESTOCK_004075,STORE_05,SKU_098,2026-02-24,15,2
RESTOCK_000468,STORE_01,SKU_249,2026-02-24,11,4
RESTOCK_004268,STORE_06,SKU_218,2026-02-24,19,3
RESTOCK_002261,STORE_04,SKU_085,2026-02-24,13,4
RESTOCK_002333,STORE_06,SKU_156,2026-02-24,13,4
RESTOCK_006092,STORE_10,SKU_149,2026-02-24,15,1
RESTOCK_005688,STORE_09,SKU_142,2026-02-24,23,1
RESTOCK_001417,STORE_06,SKU_155,2026-02-24,18,3
RESTOCK_002633,STORE_04,SKU_067,2026-02-24,18,3
RESTOCK_002384,STORE_02,SKU_218,2026-02-24,21,4
RESTOCK_000290,STORE_04,SKU_179,2026-02-24,13,3
RESTOCK_001460,STORE_12,SKU_025,2026-02-24,22,1
RESTOCK_004392,STORE_02,SKU_034,2026-02-24,16,2
RESTOCK_001992,STORE_18,SKU_178,2026-02-24,13,4
RESTOCK_006921,STORE_16,SKU_005,2026-02-24,19,2
RESTOCK_004477,STORE_07,SKU_073,2026-02-24,9,3
RESTOCK_003017,STORE_01,SKU_084,2026-02-24,13,2
RESTOCK_000556,STORE_06,SKU_088,2026-02-24,14,4
RESTOCK_001510,STORE_09,SKU_183,2026-02-24,19,4
RESTOCK_000833,STORE_06,SKU_016,2026-02-24,21,3
RESTOCK_004612,STORE_15,SKU_186,2026-02-24,11,3
RESTOCK_003895,STORE_12,SKU_144,2026-02-24,17,1
RESTOCK_004765,STORE_13,SKU_013,2026-02-24,16,4
RESTOCK_001872,STORE_18,SKU_065,2026-02-25,13,4
RESTOCK_001096,STORE_13,SKU_145,2026-02-25,19,4
RESTOCK_002784,STORE_01,SKU_247,2026-02-25,11,1
RESTOCK_000072,STORE_09,SKU_011,2026-02-25,13,4
RESTOCK_000156,STORE_17,SKU_153,2026-02-25,20,4
RESTOCK_006807,STORE_12,SKU_071,2026-02-25,25,2
RESTOCK_003416,STORE_04,SKU_221,2026-02-25,14,2
RESTOCK_001923,STORE_11,SKU_048,2026-02-25,8,6
RESTOCK_005304,STORE_16,SKU_020,2026-02-25,26,2
RESTOCK_005660,STORE_18,SKU_169,2026-02-25,17,3
RESTOCK_003228,STORE_17,SKU_029,2026-02-25,19,4
RESTOCK_000298,STORE_15,SKU_104,2026-02-25,12,4
RESTOCK_006491,STORE_12,SKU_028,2026-02-25,38,2
RESTOCK_001246,STORE_13,SKU_102,2026-02-25,13,4
RESTOCK_001288,STORE_02,SKU_043,2026-02-25,23,3
RESTOCK_004885,STORE_02,SKU_017,2026-02-25,16,4
RESTOCK_003286,STORE_07,SKU_158,2026-02-25,7,3
RESTOCK_000875,STORE_10,SKU_201,2026-02-25,10,1
RESTOCK_002516,STORE_02,SKU_190,2026-02-25,21,1
RESTOCK_005305,STORE_12,SKU_201,2026-02-25,26,2
RESTOCK_000924,STORE_08,SKU_014,2026-02-26,17,3
RESTOCK_005607,STORE_06,SKU_146,2026-02-26,9,1
RESTOCK_002263,STORE_07,SKU_151,2026-02-26,8,4
RESTOCK_000925,STORE_18,SKU_164,2026-02-26,14,4
RESTOCK_001143,STORE_13,SKU_194,2026-02-26,16,1
RESTOCK_003591,STORE_04,SKU_068,2026-02-26,16,4
RESTOCK_003362,STORE_05,SKU_180,2026-02-26,30,2
RESTOCK_002028,STORE_16,SKU_186,2026-02-26,20,2
RESTOCK_005126,STORE_04,SKU_095,2026-02-26,16,2
RESTOCK_001705,STORE_02,SKU_224,2026-02-26,25,1
RESTOCK_001208,STORE_03,SKU_149,2026-02-26,8,5
RESTOCK_002495,STORE_01,SKU_125,2026-02-26,10,4
RESTOCK_004386,STORE_16,SKU_092,2026-02-26,18,2
RESTOCK_006966,STORE_06,SKU_166,2026-02-26,19,1
RESTOCK_000813,STORE_06,SKU_168,2026-02-26,20,4
RESTOCK_002583,STORE_17,SKU_135,2026-02-26,12,4
RESTOCK_005289,STORE_17,SKU_224,2026-02-26,14,2
RESTOCK_005340,STORE_01,SKU_057,2026-02-26,13,2
RESTOCK_006752,STORE_18,SKU_182,2026-02-26,20,3
RESTOCK_000236,STORE_03,SKU_176,2026-02-26,15,3
RESTOCK_001775,STORE_07,SKU_056,2026-02-26,6,6
RESTOCK_005385,STORE_15,SKU_100,2026-02-26,22,2
RESTOCK_002117,STORE_09,SKU_171,2026-02-26,26,1
RESTOCK_006817,STORE_05,SKU_209,2026-02-26,33,2
RESTOCK_005590,STORE_04,SKU_020,2026-02-26,12,3
RESTOCK_005909,STORE_10,SKU_152,2026-02-26,11,4
RESTOCK_002859,STORE_08,SKU_193,2026-02-26,17,3
RESTOCK_005328,STORE_18,SKU_151,2026-02-27,15,4
RESTOCK_004410,STORE_12,SKU_151,2026-02-27,33,2
RESTOCK_001159,STORE_13,SKU_138,2026-02-27,17,3
RESTOCK_001123,STORE_05,SKU_013,2026-02-27,44,2
RESTOCK_004997,STORE_16,SKU_121,2026-02-27,28,2
RESTOCK_002072,STORE_13,SKU_027,2026-02-27,7,1
RESTOCK_004785,STORE_07,SKU_035,2026-02-27,12,3
RESTOCK_004502,STORE_17,SKU_075,2026-02-27,11,2
RESTOCK_006428,STORE_14,SKU_208,2026-02-27,15,3
RESTOCK_005167,STORE_15,SKU_040,2026-02-27,15,3
RESTOCK_001154,STORE_07,SKU_074,2026-02-27,10,4
RESTOCK_005029,STORE_03,SKU_014,2026-02-27,13,5
RESTOCK_005359,STORE_02,SKU_237,2026-02-27,21,2
RESTOCK_002334,STORE_12,SKU_211,2026-02-27,33,1
RESTOCK_002037,STORE_17,SKU_237,2026-02-27,13,1
RESTOCK_005316,STORE_12,SKU_225,2026-02-27,20,1
RESTOCK_006068,STORE_11,SKU_249,2026-02-27,7,3
RESTOCK_004260,STORE_17,SKU_012,2026-02-27,14,3
RESTOCK_006496,STORE_15,SKU_162,2026-02-27,16,1
RESTOCK_001798,STORE_02,SKU_023,2026-02-27,12,3
RESTOCK_002997,STORE_15,SKU_018,2026-02-27,10,2
RESTOCK_006076,STORE_07,SKU_176,2026-02-27,12,5
RESTOCK_003926,STORE_06,SKU_041,2026-02-27,14,3
RESTOCK_001271,STORE_10,SKU_112,2026-02-27,16,1
RESTOCK_006214,STORE_05,SKU_016,2026-02-27,32,1
RESTOCK_005933,STORE_05,SKU_115,2026-02-27,38,2
RESTOCK_000058,STORE_15,SKU_046,2026-02-27,18,3
RESTOCK_006587,STORE_18,SKU_073,2026-02-27,23,4
RESTOCK_005872,STORE_04,SKU_069,2026-02-27,19,2
RESTOCK_005659,STORE_08,SKU_069,2026-02-27,23,1
RESTOCK_006676,STORE_05,SKU_076,2026-02-27,20,1
RESTOCK_001648,STORE_17,SKU_235,2026-02-27,24,4
RESTOCK_002974,STORE_12,SKU_099,2026-02-27,20,2
RESTOCK_006707,STORE_18,SKU_050,2026-02-27,20,3
RESTOCK_005855,STORE_07,SKU_206,2026-02-27,12,3
RESTOCK_001830,STORE_03,SKU_113,2026-02-28,12,4
RESTOCK_005779,STORE_02,SKU_021,2026-02-28,12,4
RESTOCK_000562,STORE_05,SKU_079,2026-02-28,37,1
RESTOCK_006714,STORE_14,SKU_088,2026-02-28,12,3
RESTOCK_001917,STORE_11,SKU_036,2026-02-28,12,3
RESTOCK_004898,STORE_18,SKU_001,2026-02-28,15,4
RESTOCK_004126,STORE_09,SKU_045,2026-02-28,16,1
RESTOCK_003479,STORE_10,SKU_066,2026-02-28,12,4
RESTOCK_001421,STORE_15,SKU_209,2026-02-28,22,2
RESTOCK_002473,STORE_14,SKU_209,2026-02-28,19,4
RESTOCK_001331,STORE_07,SKU_246,2026-02-28,9,6
RESTOCK_004259,STORE_08,SKU_016,2026-02-28,17,2
RESTOCK_004461,STORE_04,SKU_195,2026-02-28,10,2
RESTOCK_004783,STORE_15,SKU_111,2026-02-28,12,1
RESTOCK_001629,STORE_06,SKU_016,2026-02-28,20,3
RESTOCK_003674,STORE_03,SKU_095,2026-02-28,7,6
RESTOCK_005912,STORE_15,SKU_184,2026-02-28,23,4
RESTOCK_002700,STORE_17,SKU_077,2026-02-28,14,1
RESTOCK_005887,STORE_13,SKU_248,2026-02-28,14,1
RESTOCK_004845,STORE_07,SKU_231,2026-02-28,8,3
RESTOCK_002346,STORE_01,SKU_061,2026-02-28,12,1
RESTOCK_000206,STORE_09,SKU_113,2026-02-28,16,4
RESTOCK_005753,STORE_04,SKU_107,2026-02-28,11,3
RESTOCK_005589,STORE_08,SKU_042,2026-02-28,25,1
RESTOCK_004009,STORE_04,SKU_219,2026-02-28,17,1
RESTOCK_004535,STORE_01,SKU_129,2026-02-28,23,1
RESTOCK_000213,STORE_17,SKU_145,2026-03-01,14,3
RESTOCK_004648,STORE_11,SKU_028,2026-03-01,14,6
RESTOCK_001611,STORE_14,SKU_137,2026-03-01,13,4
RESTOCK_002737,STORE_07,SKU_230,2026-03-01,10,5
RESTOCK_001639,STORE_11,SKU_090,2026-03-01,9,5
RESTOCK_003331,STORE_11,SKU_041,2026-03-01,12,6
RESTOCK_003363,STORE_02,SKU_048,2026-03-01,24,1
RESTOCK_005807,STORE_15,SKU_003,2026-03-01,18,4
RESTOCK_005913,STORE_02,SKU_063,2026-03-01,11,4
RESTOCK_005442,STORE_14,SKU_151,2026-03-01,21,1
RESTOCK_000792,STORE_13,SKU_106,2026-03-01,13,3
RESTOCK_003487,STORE_06,SKU_087,2026-03-01,12,4
RESTOCK_006338,STORE_16,SKU_033,2026-03-01,30,1
RESTOCK_005223,STORE_18,SKU_125,2026-03-01,8,2
RESTOCK_004258,STORE_12,SKU_018,2026-03-01,23,2
RESTOCK_004848,STORE_06,SKU_086,2026-03-01,21,4
RESTOCK_001049,STORE_04,SKU_001,2026-03-01,29,2
RESTOCK_002327,STORE_15,SKU_131,2026-03-01,11,4
RESTOCK_005726,STORE_05,SKU_099,2026-03-01,36,1
RESTOCK_001414,STORE_13,SKU_009,2026-03-01,14,1
RESTOCK_002811,STORE_03,SKU_040,2026-03-01,15,6
RESTOCK_005129,STORE_13,SKU_061,2026-03-01,12,2
RESTOCK_000467,STORE_13,SKU_071,2026-03-01,12,3
RESTOCK_003773,STORE_06,SKU_122,2026-03-01,21,4
RESTOCK_005369,STORE_01,SKU_224,2026-03-01,18,2
RESTOCK_006007,STORE_09,SKU_024,2026-03-02,16,4
RESTOCK_003183,STORE_09,SKU_001,2026-03-02,21,4
RESTOCK_003279,STORE_02,SKU_068,2026-03-02,17,1
RESTOCK_005968,STORE_18,SKU_218,2026-03-02,11,4
RESTOCK_004181,STORE_16,SKU_008,2026-03-02,19,1
RESTOCK_001286,STORE_17,SKU_209,2026-03-02,14,2
RESTOCK_005977,STORE_14,SKU_246,2026-03-02,19,1
RESTOCK_000541,STORE_05,SKU_161,2026-03-02,29,2
RESTOCK_005978,STORE_04,SKU_144,2026-03-02,12,4
RESTOCK_001641,STORE_07,SKU_070,2026-03-02,9,3
RESTOCK_003980,STORE_13,SKU_152,2026-03-02,15,4
RESTOCK_004643,STORE_11,SKU_087,2026-03-02,6,4
RESTOCK_002921,STORE_11,SKU_072,2026-03-02,10,6
RESTOCK_000037,STORE_12,SKU_221,2026-03-02,26,1
RESTOCK_003042,STORE_12,SKU_130,2026-03-02,20,2
RESTOCK_001753,STORE_01,SKU_026,2026-03-02,26,1
RESTOCK_001445,STORE_06,SKU_100,2026-03-02,17,4
RESTOCK_004895,STORE_05,SKU_212,2026-03-02,17,1
RESTOCK_004902,STORE_18,SKU_211,2026-03-02,15,3
RESTOCK_006837,STORE_12,SKU_137,2026-03-02,26,2
RESTOCK_000574,STORE_01,SKU_218,2026-03-02,21,1
RESTOCK_000992,STORE_10,SKU_141,2026-03-02,13,3
RESTOCK_000873,STORE_05,SKU_058,2026-03-02,34,2
RESTOCK_001401,STORE_15,SKU_020,2026-03-02,21,2
RESTOCK_003450,STORE_15,SKU_083,2026-03-02,19,1
RESTOCK_002318,STORE_12,SKU_097,2026-03-02,38,1
RESTOCK_004691,STORE_09,SKU_097,2026-03-02,14,3
RESTOCK_001589,STORE_06,SKU_135,2026-03-02,17,2
RESTOCK_003851,STORE_03,SKU_056,2026-03-02,7,4
RESTOCK_004219,STORE_14,SKU_177,2026-03-02,14,1
RESTOCK_006321,STORE_03,SKU_077,2026-03-02,17,5
RESTOCK_002216,STORE_14,SKU_116,2026-03-02,18,2
RESTOCK_000479,STORE_03,SKU_186,2026-03-03,7,6
RESTOCK_005103,STORE_10,SKU_084,2026-03-03,12,1
RESTOCK_004969,STORE_09,SKU_018,2026-03-03,9,3
RESTOCK_000815,STORE_07,SKU_196,2026-03-03,10,3
RESTOCK_005558,STORE_10,SKU_183,2026-03-03,18,3
RESTOCK_005389,STORE_02,SKU_138,2026-03-03,11,4
RESTOCK_004856,STORE_11,SKU_005,2026-03-03,5,6
RESTOCK_004750,STORE_07,SKU_108,2026-03-03,10,6
RESTOCK_000712,STORE_04,SKU_042,2026-03-03,17,3
RESTOCK_001279,STORE_12,SKU_190,2026-03-03,27,1
RESTOCK_002874,STORE_18,SKU_189,2026-03-03,12,2
RESTOCK_002948,STORE_09,SKU_227,2026-03-03,21,4
RESTOCK_001296,STORE_02,SKU_078,2026-03-03,9,2
RESTOCK_002664,STORE_11,SKU_178,2026-03-03,11,3
RESTOCK_001828,STORE_12,SKU_234,2026-03-03,38,2
RESTOCK_005940,STORE_03,SKU_111,2026-03-03,18,5
RESTOCK_000809,STORE_08,SKU_053,2026-03-03,24,2
RESTOCK_000997,STORE_14,SKU_224,2026-03-03,12,1
RESTOCK_006419,STORE_10,SKU_146,2026-03-03,9,1
RESTOCK_001642,STORE_15,SKU_030,2026-03-03,10,1
RESTOCK_006979,STORE_05,SKU_233,2026-03-03,18,2
RESTOCK_006671,STORE_02,SKU_155,2026-03-03,22,3
RESTOCK_001223,STORE_12,SKU_172,2026-03-03,23,1
RESTOCK_001210,STORE_13,SKU_165,2026-03-03,14,2
RESTOCK_003014,STORE_05,SKU_025,2026-03-03,19,1
RESTOCK_001111,STORE_07,SKU_154,2026-03-03,11,3
RESTOCK_006394,STORE_10,SKU_094,2026-03-03,10,2
RESTOCK_006041,STORE_06,SKU_155,2026-03-03,23,1
RESTOCK_006594,STORE_16,SKU_241,2026-03-03,27,1
RESTOCK_005255,STORE_03,SKU_120,2026-03-04,21,3
RESTOCK_001636,STORE_13,SKU_210,2026-03-04,11,4
RESTOCK_003561,STORE_07,SKU_066,2026-03-04,10,3
RESTOCK_006852,STORE_11,SKU_063,2026-03-04,9,5
RESTOCK_006313,STORE_18,SKU_047,2026-03-04,15,1
RESTOCK_001888,STORE_18,SKU_056,2026-03-04,14,1
RESTOCK_006213,STORE_16,SKU_023,2026-03-04,27,1
RESTOCK_001523,STORE_08,SKU_023,2026-03-04,15,3
RESTOCK_005697,STORE_16,SKU_067,2026-03-04,19,2
RESTOCK_003288,STORE_02,SKU_154,2026-03-04,15,1
RESTOCK_006925,STORE_03,SKU_100,2026-03-04,8,3
RESTOCK_004512,STORE_13,SKU_181,2026-03-04,14,4
RESTOCK_001666,STORE_06,SKU_121,2026-03-04,11,1
RESTOCK_003217,STORE_05,SKU_197,2026-03-04,16,2
RESTOCK_003257,STORE_16,SKU_154,2026-03-04,19,1
RESTOCK_001528,STORE_11,SKU_106,2026-03-04,9,5
RESTOCK_000350,STORE_16,SKU_190,2026-03-04,22,2
RESTOCK_004731,STORE_11,SKU_048,2026-03-04,9,5
RESTOCK_006914,STORE_14,SKU_240,2026-03-04,15,2
RESTOCK_002998,STORE_06,SKU_145,2026-03-04,25,1
RESTOCK_001596,STORE_10,SKU_156,2026-03-04,17,4
RESTOCK_006196,STORE_17,SKU_234,2026-03-04,18,1
RESTOCK_003691,STORE_05,SKU_134,2026-03-04,15,1
RESTOCK_002302,STORE_09,SKU_140,2026-03-04,17,1
RESTOCK_006948,STORE_15,SKU_081,2026-03-04,19,3
RESTOCK_001617,STORE_06,SKU_191,2026-03-04,23,2
RESTOCK_004597,STORE_14,SKU_185,2026-03-04,13,4
RESTOCK_001110,STORE_18,SKU_199,2026-03-04,14,4
RESTOCK_000852,STORE_08,SKU_030,2026-03-05,9,3
RESTOCK_003391,STORE_02,SKU_202,2026-03-05,10,1
RESTOCK_004781,STORE_01,SKU_013,2026-03-05,16,3
RESTOCK_005386,STORE_17,SKU_026,2026-03-05,12,3
RESTOCK_004615,STORE_03,SKU_078,2026-03-05,7,6
RESTOCK_003903,STORE_05,SKU_204,2026-03-05,36,1
RESTOCK_001774,STORE_11,SKU_083,2026-03-05,17,4
RESTOCK_006537,STORE_02,SKU_067,2026-03-05,18,4
RESTOCK_004034,STORE_18,SKU_070,2026-03-05,20,3
RESTOCK_004159,STORE_11,SKU_197,2026-03-05,9,3
RESTOCK_006316,STORE_09,SKU_091,2026-03-05,13,1
RESTOCK_005246,STORE_05,SKU_214,2026-03-05,18,2
RESTOCK_001220,STORE_09,SKU_136,2026-03-05,10,4
RESTOCK_006917,STORE_04,SKU_079,2026-03-05,21,1
RESTOCK_004198,STORE_05,SKU_245,2026-03-05,18,1
RESTOCK_004091,STORE_05,SKU_177,2026-03-05,23,1
RESTOCK_006557,STORE_07,SKU_149,2026-03-05,9,4
RESTOCK_004446,STORE_09,SKU_117,2026-03-05,12,1
RESTOCK_005114,STORE_11,SKU_230,2026-03-05,7,4
RESTOCK_004481,STORE_17,SKU_145,2026-03-05,16,1
RESTOCK_001967,STORE_17,SKU_147,2026-03-05,10,4
RESTOCK_006036,STORE_06,SKU_237,2026-03-06,14,1
RESTOCK_006157,STORE_16,SKU_110,2026-03-06,39,1
RESTOCK_004536,STORE_04,SKU_002,2026-03-06,14,3
RESTOCK_003950,STORE_13,SKU_082,2026-03-06,21,2
RESTOCK_005832,STORE_14,SKU_056,2026-03-06,11,2
RESTOCK_005551,STORE_10,SKU_052,2026-03-06,16,3
RESTOCK_002720,STORE_12,SKU_232,2026-03-06,26,1
RESTOCK_000379,STORE_08,SKU_177,2026-03-06,13,3
RESTOCK_002587,STORE_02,SKU_063,2026-03-06,12,3
RESTOCK_006836,STORE_16,SKU_249,2026-03-06,21,2
RESTOCK_005840,STORE_02,SKU_164,2026-03-06,20,2
RESTOCK_006062,STORE_03,SKU_087,2026-03-06,11,4
RESTOCK_003818,STORE_06,SKU_141,2026-03-06,9,4
RESTOCK_004673,STORE_11,SKU_176,2026-03-06,10,6
RESTOCK_003457,STORE_18,SKU_077,2026-03-06,16,2
RESTOCK_002326,STORE_15,SKU_077,2026-03-06,12,2
RESTOCK_005915,STORE_17,SKU_008,2026-03-06,14,2
RESTOCK_001422,STORE_02,SKU_038,2026-03-06,15,2
RESTOCK_000469,STORE_17,SKU_103,2026-03-06,16,2
RESTOCK_003485,STORE_03,SKU_084,2026-03-06,11,4
RESTOCK_003505,STORE_06,SKU_042,2026-03-06,24,4
RESTOCK_002342,STORE_11,SKU_248,2026-03-06,7,5
RESTOCK_000391,STORE_10,SKU_037,2026-03-06,12,2
RESTOCK_002367,STORE_03,SKU_200,2026-03-06,8,4
RESTOCK_002943,STORE_14,SKU_234,2026-03-06,24,2
RESTOCK_006893,STORE_14,SKU_106,2026-03-06,13,3
RESTOCK_000793,STORE_10,SKU_130,2026-03-06,27,4
RESTOCK_002482,STORE_18,SKU_086,2026-03-06,19,1
RESTOCK_000286,STORE_03,SKU_192,2026-03-06,8,4
RESTOCK_004983,STORE_03,SKU_141,2026-03-07,8,3
RESTOCK_000923,STORE_16,SKU_186,2026-03-07,16,1
RESTOCK_005139,STORE_10,SKU_059,2026-03-07,10,2
RESTOCK_006407,STORE_15,SKU_114,2026-03-07,19,1
RESTOCK_005783,STORE_17,SKU_232,2026-03-07,26,1
RESTOCK_004255,STORE_04,SKU_055,2026-03-07,10,2
RESTOCK_001294,STORE_10,SKU_084,2026-03-07,15,2
RESTOCK_006423,STORE_18,SKU_010,2026-03-07,13,1
RESTOCK_003405,STORE_02,SKU_061,2026-03-07,11,3
RESTOCK_002503,STORE_15,SKU_188,2026-03-07,14,2
RESTOCK_003690,STORE_09,SKU_185,2026-03-07,11,1
RESTOCK_002842,STORE_13,SKU_044,2026-03-07,18,3
RESTOCK_006624,STORE_12,SKU_023,2026-03-07,35,2
RESTOCK_000662,STORE_14,SKU_141,2026-03-07,13,1
RESTOCK_006465,STORE_10,SKU_141,2026-03-07,13,2
RESTOCK_005011,STORE_09,SKU_046,2026-03-08,16,3
RESTOCK_000480,STORE_13,SKU_070,2026-03-08,22,1
RESTOCK_002553,STORE_17,SKU_177,2026-03-08,13,4
RESTOCK_003309,STORE_11,SKU_207,2026-03-08,11,4
RESTOCK_002627,STORE_15,SKU_056,2026-03-08,11,2
RESTOCK_006955,STORE_01,SKU_220,2026-03-08,13,2
RESTOCK_005127,STORE_03,SKU_081,2026-03-08,15,5
RESTOCK_000604,STORE_06,SKU_203,2026-03-08,13,1
RESTOCK_001729,STORE_09,SKU_120,2026-03-08,21,4
RESTOCK_006167,STORE_07,SKU_047,2026-03-08,9,3
RESTOCK_004180,STORE_09,SKU_181,2026-03-08,11,1
RESTOCK_003826,STORE_05,SKU_229,2026-03-08,22,1
RESTOCK_000569,STORE_14,SKU_113,2026-03-08,26,2
RESTOCK_006952,STORE_04,SKU_243,2026-03-08,17,3
RESTOCK_004372,STORE_12,SKU_149,2026-03-08,29,2
RESTOCK_002011,STORE_13,SKU_088,2026-03-08,11,4
RESTOCK_001590,STORE_05,SKU_058,2026-03-08,34,2
RESTOCK_001189,STORE_11,SKU_025,2026-03-08,7,5
RESTOCK_006821,STORE_10,SKU_058,2026-03-08,19,1
RESTOCK_005755,STORE_16,SKU_134,2026-03-08,17,2
RESTOCK_000687,STORE_03,SKU_109,2026-03-08,11,3
RESTOCK_006342,STORE_05,SKU_078,2026-03-08,19,1
RESTOCK_003223,STORE_02,SKU_161,2026-03-08,11,1
RESTOCK_002844,STORE_16,SKU_056,2026-03-08,19,1
RESTOCK_005631,STORE_18,SKU_235,2026-03-08,22,4
RESTOCK_001256,STORE_08,SKU_077,2026-03-08,20,1
RESTOCK_005119,STORE_08,SKU_104,2026-03-09,19,3
RESTOCK_000842,STORE_04,SKU_081,2026-03-09,25,4
RESTOCK_001449,STORE_14,SKU_108,2026-03-09,19,1
RESTOCK_000676,STORE_15,SKU_230,2026-03-09,12,4
RESTOCK_000761,STORE_05,SKU_163,2026-03-09,25,1
RESTOCK_005117,STORE_16,SKU_002,2026-03-09,37,1
RESTOCK_001741,STORE_10,SKU_093,2026-03-09,23,2
RESTOCK_001772,STORE_09,SKU_038,2026-03-09,18,3
RESTOCK_005949,STORE_01,SKU_229,2026-03-09,15,2
RESTOCK_005587,STORE_10,SKU_236,2026-03-09,13,1
RESTOCK_002539,STORE_06,SKU_208,2026-03-09,19,1
RESTOCK_002138,STORE_06,SKU_061,2026-03-09,12,1
RESTOCK_004786,STORE_12,SKU_023,2026-03-09,34,1
RESTOCK_006219,STORE_11,SKU_190,2026-03-09,11,3
RESTOCK_001840,STORE_08,SKU_010,2026-03-09,16,3
RESTOCK_000015,STORE_01,SKU_163,2026-03-09,18,2
RESTOCK_002652,STORE_05,SKU_061,2026-03-09,18,2
RESTOCK_006967,STORE_11,SKU_149,2026-03-09,12,3
RESTOCK_004478,STORE_15,SKU_100,2026-03-09,20,2
RESTOCK_006158,STORE_09,SKU_006,2026-03-09,12,1
RESTOCK_001938,STORE_08,SKU_205,2026-03-09,19,4
RESTOCK_006223,STORE_14,SKU_230,2026-03-09,10,2
RESTOCK_001576,STORE_15,SKU_241,2026-03-09,16,1
RESTOCK_003242,STORE_12,SKU_241,2026-03-09,19,2
RESTOCK_005906,STORE_02,SKU_153,2026-03-09,14,3
RESTOCK_005536,STORE_05,SKU_011,2026-03-09,16,1
RESTOCK_002252,STORE_18,SKU_241,2026-03-09,11,2
RESTOCK_002204,STORE_05,SKU_113,2026-03-09,29,2
RESTOCK_000019,STORE_10,SKU_136,2026-03-09,11,1
RESTOCK_002598,STORE_15,SKU_145,2026-03-09,18,4
RESTOCK_003063,STORE_11,SKU_235,2026-03-09,10,6
RESTOCK_002080,STORE_11,SKU_213,2026-03-09,9,4
RESTOCK_005617,STORE_12,SKU_209,2026-03-09,24,2
RESTOCK_006013,STORE_13,SKU_142,2026-03-09,15,1
RESTOCK_006679,STORE_08,SKU_010,2026-03-10,16,4
RESTOCK_005074,STORE_03,SKU_143,2026-03-10,9,6
RESTOCK_003807,STORE_16,SKU_190,2026-03-10,31,2
RESTOCK_002956,STORE_09,SKU_225,2026-03-10,12,4
RESTOCK_006081,STORE_13,SKU_003,2026-03-10,24,1
RESTOCK_006831,STORE_11,SKU_027,2026-03-10,7,5
RESTOCK_005562,STORE_01,SKU_027,2026-03-10,12,3
RESTOCK_004920,STORE_12,SKU_124,2026-03-10,27,1
RESTOCK_003830,STORE_01,SKU_180,2026-03-10,12,4
RESTOCK_000242,STORE_06,SKU_207,2026-03-10,14,2
RESTOCK_005709,STORE_07,SKU_128,2026-03-10,14,4
RESTOCK_001238,STORE_05,SKU_125,2026-03-10,20,1
RESTOCK_002031,STORE_08,SKU_012,2026-03-10,10,1
RESTOCK_003488,STORE_01,SKU_098,2026-03-10,10,3
RESTOCK_001634,STORE_02,SKU_242,2026-03-10,25,2
RESTOCK_005148,STORE_05,SKU_087,2026-03-10,23,2
RESTOCK_001525,STORE_04,SKU_142,2026-03-10,24,1
RESTOCK_001834,STORE_05,SKU_043,2026-03-10,37,1
RESTOCK_003046,STORE_05,SKU_128,2026-03-10,31,2
RESTOCK_005062,STORE_07,SKU_033,2026-03-10,14,6
RESTOCK_003045,STORE_09,SKU_205,2026-03-10,19,1
RESTOCK_000892,STORE_09,SKU_105,2026-03-10,19,2
RESTOCK_000521,STORE_18,SKU_086,2026-03-10,14,1
RESTOCK_000036,STORE_07,SKU_208,2026-03-10,12,3
RESTOCK_006930,STORE_11,SKU_247,2026-03-10,14,6
RESTOCK_003263,STORE_02,SKU_102,2026-03-10,10,1
RESTOCK_002097,STORE_15,SKU_100,2026-03-10,16,1
RESTOCK_000749,STORE_01,SKU_205,2026-03-11,21,1
RESTOCK_001655,STORE_08,SKU_013,2026-03-11,26,3
RESTOCK_004949,STORE_07,SKU_215,2026-03-11,8,5
RESTOCK_001820,STORE_13,SKU_124,2026-03-11,18,1
RESTOCK_005520,STORE_13,SKU_147,2026-03-11,13,1
RESTOCK_002382,STORE_12,SKU_039,2026-03-11,25,1
RESTOCK_002735,STORE_08,SKU_241,2026-03-11,19,1
RESTOCK_006563,STORE_09,SKU_007,2026-03-11,11,3
RESTOCK_000746,STORE_13,SKU_205,2026-03-11,14,2
RESTOCK_001117,STORE_14,SKU_026,2026-03-11,15,1
RESTOCK_001099,STORE_16,SKU_241,2026-03-11,18,1
RESTOCK_000885,STORE_14,SKU_137,2026-03-11,16,4
RESTOCK_002578,STORE_05,SKU_016,2026-03-11,37,1
RESTOCK_004599,STORE_13,SKU_098,2026-03-11,12,4
RESTOCK_001501,STORE_10,SKU_207,2026-03-11,14,4
RESTOCK_002898,STORE_06,SKU_087,2026-03-11,12,1
RESTOCK_002843,STORE_06,SKU_229,2026-03-11,17,1
RESTOCK_000666,STORE_07,SKU_184,2026-03-11,10,3
RESTOCK_005397,STORE_10,SKU_119,2026-03-11,13,1
RESTOCK_000543,STORE_01,SKU_056,2026-03-11,11,4
RESTOCK_002362,STORE_13,SKU_097,2026-03-11,24,3
RESTOCK_001903,STORE_06,SKU_056,2026-03-11,12,1
RESTOCK_003402,STORE_12,SKU_162,2026-03-11,26,2
RESTOCK_000335,STORE_16,SKU_219,2026-03-11,29,1
RESTOCK_005124,STORE_01,SKU_128,2026-03-11,13,1
RESTOCK_005671,STORE_13,SKU_121,2026-03-12,14,4
RESTOCK_005625,STORE_02,SKU_135,2026-03-12,17,1
RESTOCK_003531,STORE_17,SKU_221,2026-03-12,11,1
RESTOCK_004744,STORE_16,SKU_036,2026-03-12,33,1
RESTOCK_006457,STORE_12,SKU_110,2026-03-12,28,2
RESTOCK_004900,STORE_10,SKU_093,2026-03-12,15,4
RESTOCK_001068,STORE_03,SKU_117,2026-03-12,9,5
RESTOCK_005805,STORE_17,SKU_015,2026-03-12,16,3
RESTOCK_002543,STORE_08,SKU_033,2026-03-12,26,4
RESTOCK_001433,STORE_07,SKU_207,2026-03-12,7,4
RESTOCK_000309,STORE_12,SKU_246,2026-03-12,26,2
RESTOCK_002041,STORE_09,SKU_046,2026-03-12,19,4
RESTOCK_005270,STORE_15,SKU_163,2026-03-12,21,3
RESTOCK_002249,STORE_12,SKU_122,2026-03-12,18,2
RESTOCK_006954,STORE_14,SKU_242,2026-03-12,12,4
RESTOCK_000150,STORE_07,SKU_023,2026-03-12,9,6
RESTOCK_002033,STORE_02,SKU_159,2026-03-12,19,1
RESTOCK_004609,STORE_12,SKU_139,2026-03-12,31,2
RESTOCK_001496,STORE_01,SKU_001,2026-03-12,22,1
RESTOCK_005091,STORE_17,SKU_200,2026-03-12,20,3
RESTOCK_000272,STORE_14,SKU_245,2026-03-12,24,3
RESTOCK_002684,STORE_14,SKU_216,2026-03-12,15,2
RESTOCK_000583,STORE_12,SKU_115,2026-03-12,28,1
RESTOCK_004423,STORE_13,SKU_014,2026-03-12,16,4
RESTOCK_001953,STORE_02,SKU_065,2026-03-12,13,2
RESTOCK_004948,STORE_01,SKU_104,2026-03-12,24,1
RESTOCK_003653,STORE_11,SKU_074,2026-03-12,11,4
RESTOCK_004051,STORE_02,SKU_165,2026-03-12,14,1
RESTOCK_006348,STORE_04,SKU_211,2026-03-12,13,3
RESTOCK_003652,STORE_03,SKU_099,2026-03-12,17,4
RESTOCK_002890,STORE_15,SKU_178,2026-03-12,12,1
RESTOCK_003838,STORE_15,SKU_164,2026-03-12,14,2
RESTOCK_000089,STORE_12,SKU_248,2026-03-13,17,2
RESTOCK_003758,STORE_14,SKU_010,2026-03-13,16,4
RESTOCK_004804,STORE_12,SKU_172,2026-03-13,21,1
RESTOCK_002560,STORE_11,SKU_131,2026-03-13,8,3
RESTOCK_006144,STORE_09,SKU_203,2026-03-13,17,4
RESTOCK_005588,STORE_16,SKU_162,2026-03-13,30,1
RESTOCK_005247,STORE_11,SKU_077,2026-03-13,10,3
RESTOCK_000963,STORE_05,SKU_087,2026-03-13,19,2
RESTOCK_002665,STORE_17,SKU_245,2026-03-13,23,2
RESTOCK_000915,STORE_17,SKU_188,2026-03-13,16,1
RESTOCK_006690,STORE_15,SKU_186,2026-03-13,13,4
RESTOCK_006422,STORE_10,SKU_030,2026-03-13,9,2
RESTOCK_001197,STORE_15,SKU_195,2026-03-13,12,2
RESTOCK_005827,STORE_18,SKU_127,2026-03-13,11,4
RESTOCK_006920,STORE_12,SKU_193,2026-03-13,26,1
RESTOCK_005335,STORE_15,SKU_068,2026-03-13,16,2
RESTOCK_005451,STORE_01,SKU_114,2026-03-13,23,1
RESTOCK_004234,STORE_02,SKU_008,2026-03-13,20,3
RESTOCK_000563,STORE_05,SKU_086,2026-03-13,41,2
RESTOCK_001408,STORE_02,SKU_154,2026-03-13,21,1
RESTOCK_003376,STORE_10,SKU_228,2026-03-13,13,3
RESTOCK_006780,STORE_08,SKU_059,2026-03-13,11,2
RESTOCK_003639,STORE_16,SKU_111,2026-03-13,27,2
RESTOCK_003160,STORE_09,SKU_215,2026-03-13,15,1
RESTOCK_006976,STORE_02,SKU_101,2026-03-13,22,3
RESTOCK_006708,STORE_07,SKU_240,2026-03-13,10,3
RESTOCK_000862,STORE_18,SKU_132,2026-03-13,19,4
RESTOCK_004203,STORE_10,SKU_234,2026-03-14,12,1
RESTOCK_003792,STORE_18,SKU_079,2026-03-14,14,4
RESTOCK_005774,STORE_15,SKU_159,2026-03-14,12,2
RESTOCK_006197,STORE_15,SKU_218,2026-03-14,14,2
RESTOCK_004679,STORE_12,SKU_211,2026-03-14,32,1
RESTOCK_001770,STORE_10,SKU_015,2026-03-14,15,2
RESTOCK_002019,STORE_15,SKU_220,2026-03-14,19,2
RESTOCK_001406,STORE_18,SKU_041,2026-03-14,20,3
RESTOCK_001155,STORE_05,SKU_183,2026-03-14,44,1
RESTOCK_004225,STORE_15,SKU_184,2026-03-14,24,1
RESTOCK_001118,STORE_03,SKU_170,2026-03-14,13,4
RESTOCK_005972,STORE_14,SKU_100,2026-03-14,14,1
RESTOCK_004773,STORE_10,SKU_073,2026-03-14,15,3
RESTOCK_000841,STORE_15,SKU_125,2026-03-14,13,4
RESTOCK_003350,STORE_05,SKU_153,2026-03-14,20,2
RESTOCK_001688,STORE_04,SKU_107,2026-03-14,11,4
RESTOCK_003337,STORE_08,SKU_002,2026-03-14,12,2
RESTOCK_006796,STORE_16,SKU_167,2026-03-14,21,1
RESTOCK_005703,STORE_12,SKU_182,2026-03-14,38,2
RESTOCK_001252,STORE_13,SKU_019,2026-03-14,13,1
RESTOCK_003054,STORE_10,SKU_169,2026-03-14,11,2
RESTOCK_005624,STORE_11,SKU_228,2026-03-14,15,6
RESTOCK_006175,STORE_01,SKU_180,2026-03-14,19,3
RESTOCK_006472,STORE_06,SKU_118,2026-03-14,14,4
RESTOCK_000701,STORE_09,SKU_105,2026-03-14,17,4
RESTOCK_000702,STORE_05,SKU_088,2026-03-14,16,1
RESTOCK_004769,STORE_08,SKU_200,2026-03-15,11,3
RESTOCK_003701,STORE_06,SKU_183,2026-03-15,21,3
RESTOCK_005873,STORE_12,SKU_070,2026-03-15,30,2
RESTOCK_001247,STORE_03,SKU_106,2026-03-15,7,6
RESTOCK_003092,STORE_03,SKU_201,2026-03-15,9,4
RESTOCK_006128,STORE_18,SKU_213,2026-03-15,20,3
RESTOCK_001777,STORE_04,SKU_218,2026-03-15,17,4
RESTOCK_004630,STORE_12,SKU_134,2026-03-15,16,2
RESTOCK_000191,STORE_11,SKU_091,2026-03-15,11,4
RESTOCK_006986,STORE_01,SKU_037,2026-03-15,9,1
RESTOCK_002862,STORE_07,SKU_076,2026-03-15,8,6
RESTOCK_001622,STORE_13,SKU_214,2026-03-15,10,3
RESTOCK_000317,STORE_03,SKU_189,2026-03-15,15,4
RESTOCK_005712,STORE_16,SKU_032,2026-03-15,18,1
RESTOCK_006785,STORE_14,SKU_041,2026-03-15,16,1
RESTOCK_003940,STORE_16,SKU_038,2026-03-15,15,1
RESTOCK_003456,STORE_10,SKU_063,2026-03-15,14,3
RESTOCK_001656,STORE_14,SKU_186,2026-03-15,10,2
RESTOCK_006033,STORE_10,SKU_110,2026-03-15,16,4
RESTOCK_002171,STORE_13,SKU_050,2026-03-15,20,3
RESTOCK_002969,STORE_04,SKU_092,2026-03-15,22,2
RESTOCK_003174,STORE_18,SKU_208,2026-03-15,19,1
RESTOCK_005670,STORE_18,SKU_028,2026-03-15,15,4
RESTOCK_004133,STORE_17,SKU_134,2026-03-15,10,1
RESTOCK_006203,STORE_05,SKU_090,2026-03-15,29,1
RESTOCK_003655,STORE_08,SKU_164,2026-03-16,22,4
RESTOCK_006875,STORE_02,SKU_057,2026-03-16,9,2
RESTOCK_001939,STORE_17,SKU_059,2026-03-16,11,1
RESTOCK_004014,STORE_17,SKU_161,2026-03-16,18,1
RESTOCK_002778,STORE_09,SKU_095,2026-03-16,16,4
RESTOCK_005724,STORE_05,SKU_190,2026-03-16,35,1
RESTOCK_000711,STORE_16,SKU_094,2026-03-16,26,2
RESTOCK_003030,STORE_08,SKU_062,2026-03-16,17,1
RESTOCK_004309,STORE_12,SKU_021,2026-03-16,20,1
RESTOCK_006292,STORE_10,SKU_171,2026-03-16,28,4
RESTOCK_006555,STORE_14,SKU_006,2026-03-16,19,3
RESTOCK_005679,STORE_08,SKU_176,2026-03-16,16,1
RESTOCK_004451,STORE_11,SKU_203,2026-03-16,15,3
RESTOCK_000697,STORE_08,SKU_143,2026-03-16,17,4
RESTOCK_005248,STORE_07,SKU_135,2026-03-16,14,6
RESTOCK_006528,STORE_18,SKU_064,2026-03-16,19,3
RESTOCK_001637,STORE_09,SKU_071,2026-03-16,16,4
RESTOCK_000762,STORE_09,SKU_043,2026-03-16,20,2
RESTOCK_003835,STORE_08,SKU_018,2026-03-16,9,1
RESTOCK_006462,STORE_13,SKU_138,2026-03-16,17,2
RESTOCK_001927,STORE_09,SKU_158,2026-03-16,12,1
RESTOCK_006550,STORE_14,SKU_040,2026-03-16,15,1
RESTOCK_001901,STORE_03,SKU_205,2026-03-16,16,5
RESTOCK_005363,STORE_07,SKU_081,2026-03-16,12,4
RESTOCK_004715,STORE_18,SKU_108,2026-03-16,17,4
RESTOCK_000887,STORE_01,SKU_111,2026-03-16,21,4
RESTOCK_003729,STORE_18,SKU_118,2026-03-16,19,3
RESTOCK_006490,STORE_14,SKU_245,2026-03-16,16,1
RESTOCK_004572,STORE_14,SKU_022,2026-03-16,12,1
RESTOCK_004272,STORE_15,SKU_245,2026-03-16,17,3
RESTOCK_000601,STORE_18,SKU_087,2026-03-17,12,4
RESTOCK_006023,STORE_03,SKU_111,2026-03-17,15,5
RESTOCK_005914,STORE_04,SKU_081,2026-03-17,20,4
RESTOCK_005188,STORE_17,SKU_133,2026-03-17,12,1
RESTOCK_006566,STORE_13,SKU_165,2026-03-17,14,3
RESTOCK_003436,STORE_04,SKU_015,2026-03-17,24,4
RESTOCK_005916,STORE_05,SKU_187,2026-03-17,32,1
RESTOCK_005332,STORE_06,SKU_051,2026-03-17,26,1
RESTOCK_002240,STORE_07,SKU_067,2026-03-17,13,6
RESTOCK_001701,STORE_16,SKU_125,2026-03-17,17,1
RESTOCK_005049,STORE_05,SKU_203,2026-03-17,19,1
RESTOCK_000832,STORE_01,SKU_197,2026-03-17,14,1
RESTOCK_001521,STORE_05,SKU_072,2026-03-17,23,1
RESTOCK_002919,STORE_10,SKU_066,2026-03-17,9,4
RESTOCK_006111,STORE_13,SKU_002,2026-03-17,22,3
RESTOCK_006117,STORE_02,SKU_071,2026-03-17,17,3
RESTOCK_002123,STORE_12,SKU_231,2026-03-17,20,1
RESTOCK_000754,STORE_10,SKU_080,2026-03-17,14,4
RESTOCK_004320,STORE_16,SKU_208,2026-03-17,26,2
RESTOCK_006181,STORE_06,SKU_150,2026-03-17,12,1
RESTOCK_004411,STORE_05,SKU_140,2026-03-17,26,2
RESTOCK_004331,STORE_06,SKU_150,2026-03-17,11,2
RESTOCK_001033,STORE_02,SKU_204,2026-03-17,17,4
RESTOCK_001979,STORE_10,SKU_061,2026-03-17,13,4
RESTOCK_002608,STORE_14,SKU_169,2026-03-17,13,3
RESTOCK_002061,STORE_18,SKU_237,2026-03-17,11,4
RESTOCK_004083,STORE_02,SKU_243,2026-03-17,19,4
RESTOCK_004419,STORE_15,SKU_126,2026-03-17,16,2
RESTOCK_005519,STORE_06,SKU_044,2026-03-17,13,3
RESTOCK_005548,STORE_03,SKU_188,2026-03-17,21,4
RESTOCK_002397,STORE_05,SKU_082,2026-03-17,24,2
RESTOCK_006802,STORE_05,SKU_034,2026-03-17,34,2
RESTOCK_003819,STORE_14,SKU_062,2026-03-17,17,3
RESTOCK_002511,STORE_12,SKU_033,2026-03-17,32,2
RESTOCK_003872,STORE_16,SKU_122,2026-03-17,23,2
RESTOCK_001278,STORE_13,SKU_158,2026-03-17,21,3
RESTOCK_003889,STORE_10,SKU_097,2026-03-17,10,1
RESTOCK_002797,STORE_10,SKU_109,2026-03-18,18,3
RESTOCK_006044,STORE_03,SKU_167,2026-03-18,14,3
RESTOCK_004532,STORE_16,SKU_087,2026-03-18,15,2
RESTOCK_004375,STORE_11,SKU_231,2026-03-18,10,5
RESTOCK_000763,STORE_17,SKU_029,2026-03-18,19,4
RESTOCK_002468,STORE_04,SKU_154,2026-03-18,22,2
RESTOCK_002989,STORE_06,SKU_130,2026-03-18,26,1
RESTOCK_006904,STORE_02,SKU_147,2026-03-18,12,1
RESTOCK_004882,STORE_01,SKU_186,2026-03-18,10,4
RESTOCK_000884,STORE_05,SKU_085,2026-03-18,26,1
RESTOCK_001358,STORE_08,SKU_008,2026-03-18,22,2
RESTOCK_004627,STORE_03,SKU_194,2026-03-18,16,3
RESTOCK_004094,STORE_11,SKU_092,2026-03-18,11,6
RESTOCK_005770,STORE_04,SKU_156,2026-03-18,10,2
RESTOCK_006816,STORE_11,SKU_100,2026-03-18,14,6
RESTOCK_001584,STORE_10,SKU_074,2026-03-18,18,1
RESTOCK_003385,STORE_17,SKU_031,2026-03-18,12,4
RESTOCK_002069,STORE_09,SKU_043,2026-03-18,26,1
RESTOCK_004709,STORE_10,SKU_010,2026-03-18,24,1
RESTOCK_004874,STORE_18,SKU_023,2026-03-18,15,1
RESTOCK_000592,STORE_14,SKU_156,2026-03-18,18,3
RESTOCK_000097,STORE_03,SKU_196,2026-03-18,8,5
RESTOCK_001868,STORE_15,SKU_167,2026-03-18,19,4
RESTOCK_003579,STORE_02,SKU_147,2026-03-18,12,4
RESTOCK_002941,STORE_16,SKU_033,2026-03-18,26,2
RESTOCK_003798,STORE_03,SKU_149,2026-03-19,7,5
RESTOCK_003949,STORE_07,SKU_123,2026-03-19,7,6
RESTOCK_003358,STORE_01,SKU_248,2026-03-19,14,2
RESTOCK_002460,STORE_09,SKU_230,2026-03-19,15,1
RESTOCK_004718,STORE_10,SKU_091,2026-03-19,14,2
RESTOCK_006430,STORE_05,SKU_067,2026-03-19,29,2
RESTOCK_003925,STORE_05,SKU_178,2026-03-19,31,2
RESTOCK_002090,STORE_05,SKU_119,2026-03-19,19,1
RESTOCK_001209,STORE_06,SKU_204,2026-03-19,17,4
RESTOCK_003268,STORE_17,SKU_071,2026-03-19,11,1
RESTOCK_005297,STORE_03,SKU_207,2026-03-19,7,4
RESTOCK_002709,STORE_09,SKU_120,2026-03-19,18,1
RESTOCK_004356,STORE_14,SKU_076,2026-03-19,20,2
RESTOCK_000095,STORE_12,SKU_235,2026-03-19,37,1
RESTOCK_006493,STORE_11,SKU_107,2026-03-19,6,4
RESTOCK_005979,STORE_07,SKU_051,2026-03-19,13,5
RESTOCK_003189,STORE_09,SKU_087,2026-03-19,16,4
RESTOCK_004529,STORE_09,SKU_148,2026-03-19,16,3
RESTOCK_003226,STORE_03,SKU_127,2026-03-19,9,3
RESTOCK_006234,STORE_16,SKU_122,2026-03-19,26,1
RESTOCK_005929,STORE_04,SKU_118,2026-03-19,13,3
RESTOCK_002348,STORE_05,SKU_071,2026-03-19,35,1
RESTOCK_005740,STORE_01,SKU_219,2026-03-19,11,4
RESTOCK_000292,STORE_01,SKU_039,2026-03-19,11,4
RESTOCK_005088,STORE_06,SKU_009,2026-03-19,12,4
RESTOCK_004761,STORE_04,SKU_152,2026-03-19,12,4
RESTOCK_004421,STORE_15,SKU_021,2026-03-19,14,4
RESTOCK_006884,STORE_11,SKU_106,2026-03-19,7,4
RESTOCK_004875,STORE_13,SKU_117,2026-03-19,18,2
RESTOCK_000353,STORE_01,SKU_228,2026-03-19,14,3
RESTOCK_006273,STORE_02,SKU_082,2026-03-19,17,3
RESTOCK_000703,STORE_06,SKU_002,2026-03-19,13,3
RESTOCK_004942,STORE_11,SKU_221,2026-03-19,8,6
RESTOCK_002228,STORE_13,SKU_023,2026-03-19,22,4
RESTOCK_005901,STORE_06,SKU_037,2026-03-19,12,4
RESTOCK_004156,STORE_05,SKU_169,2026-03-19,15,1
RESTOCK_002471,STORE_02,SKU_192,2026-03-19,15,4
RESTOCK_001940,STORE_05,SKU_220,2026-03-20,18,2
RESTOCK_005931,STORE_04,SKU_208,2026-03-20,22,4
RESTOCK_000462,STORE_05,SKU_203,2026-03-20,26,1
RESTOCK_001202,STORE_10,SKU_145,2026-03-20,23,2
RESTOCK_002677,STORE_13,SKU_205,2026-03-20,11,3
RESTOCK_000688,STORE_09,SKU_116,2026-03-20,18,3
RESTOCK_003120,STORE_04,SKU_216,2026-03-20,19,4
RESTOCK_004237,STORE_06,SKU_173,2026-03-20,11,1
RESTOCK_003090,STORE_14,SKU_068,2026-03-20,20,4
RESTOCK_004652,STORE_07,SKU_004,2026-03-20,12,5
RESTOCK_005346,STORE_15,SKU_007,2026-03-20,11,1
RESTOCK_000417,STORE_09,SKU_023,2026-03-20,12,3
RESTOCK_000341,STORE_05,SKU_191,2026-03-20,37,1
RESTOCK_001338,STORE_03,SKU_052,2026-03-20,11,3
RESTOCK_000492,STORE_06,SKU_193,2026-03-20,13,4
RESTOCK_001458,STORE_13,SKU_063,2026-03-20,10,4
RESTOCK_001106,STORE_09,SKU_153,2026-03-20,11,3
RESTOCK_005843,STORE_10,SKU_093,2026-03-20,22,2
RESTOCK_004031,STORE_13,SKU_081,2026-03-20,15,4
RESTOCK_006400,STORE_18,SKU_154,2026-03-20,10,3
RESTOCK_002140,STORE_07,SKU_002,2026-03-20,8,3
RESTOCK_000144,STORE_12,SKU_033,2026-03-20,27,2
RESTOCK_005880,STORE_06,SKU_036,2026-03-20,14,1
RESTOCK_003269,STORE_04,SKU_222,2026-03-20,13,1
RESTOCK_003267,STORE_10,SKU_092,2026-03-20,13,4
RESTOCK_001986,STORE_09,SKU_131,2026-03-20,10,3
RESTOCK_000910,STORE_18,SKU_060,2026-03-20,9,4
RESTOCK_002081,STORE_13,SKU_154,2026-03-20,14,3
RESTOCK_005222,STORE_01,SKU_089,2026-03-20,11,3
RESTOCK_001965,STORE_13,SKU_131,2026-03-20,13,2
RESTOCK_003854,STORE_02,SKU_059,2026-03-21,12,1
RESTOCK_004563,STORE_06,SKU_089,2026-03-21,16,1
RESTOCK_003998,STORE_05,SKU_216,2026-03-21,31,2
RESTOCK_002615,STORE_06,SKU_184,2026-03-21,16,3
RESTOCK_000510,STORE_16,SKU_031,2026-03-21,17,1
RESTOCK_005318,STORE_02,SKU_013,2026-03-21,22,1
RESTOCK_006378,STORE_18,SKU_097,2026-03-21,21,2
RESTOCK_004605,STORE_13,SKU_060,2026-03-21,9,4
RESTOCK_006308,STORE_05,SKU_190,2026-03-21,46,1
RESTOCK_006745,STORE_16,SKU_223,2026-03-21,29,1
RESTOCK_002701,STORE_13,SKU_077,2026-03-21,12,3
RESTOCK_004206,STORE_06,SKU_238,2026-03-21,15,3
RESTOCK_002946,STORE_09,SKU_052,2026-03-21,14,4
RESTOCK_003833,STORE_01,SKU_156,2026-03-21,14,4
RESTOCK_001662,STORE_03,SKU_095,2026-03-21,10,6
RESTOCK_005181,STORE_02,SKU_022,2026-03-21,14,3
RESTOCK_006700,STORE_17,SKU_025,2026-03-21,10,1
RESTOCK_005905,STORE_17,SKU_001,2026-03-21,18,3
RESTOCK_005350,STORE_02,SKU_180,2026-03-21,15,1
RESTOCK_004497,STORE_13,SKU_088,2026-03-21,10,3
RESTOCK_006572,STORE_10,SKU_176,2026-03-21,19,3
RESTOCK_004340,STORE_12,SKU_071,2026-03-21,18,1
RESTOCK_001837,STORE_01,SKU_093,2026-03-21,20,2
RESTOCK_002396,STORE_17,SKU_087,2026-03-21,13,2
RESTOCK_001765,STORE_02,SKU_247,2026-03-21,11,4
RESTOCK_003451,STORE_04,SKU_025,2026-03-21,11,4
RESTOCK_005422,STORE_18,SKU_246,2026-03-21,20,3
RESTOCK_004797,STORE_11,SKU_195,2026-03-21,8,6
RESTOCK_003658,STORE_02,SKU_110,2026-03-21,14,3
RESTOCK_004793,STORE_06,SKU_064,2026-03-21,22,3
RESTOCK_005922,STORE_04,SKU_086,2026-03-21,23,2
RESTOCK_004379,STORE_03,SKU_177,2026-03-21,8,3
RESTOCK_005208,STORE_16,SKU_133,2026-03-21,22,2
RESTOCK_003909,STORE_11,SKU_085,2026-03-22,14,4
RESTOCK_005870,STORE_11,SKU_246,2026-03-22,11,6
RESTOCK_001292,STORE_06,SKU_125,2026-03-22,13,4
RESTOCK_003744,STORE_15,SKU_018,2026-03-22,10,3
RESTOCK_005689,STORE_14,SKU_248,2026-03-22,12,3
RESTOCK_002828,STORE_09,SKU_130,2026-03-22,17,1
RESTOCK_006874,STORE_06,SKU_043,2026-03-22,20,4
RESTOCK_004305,STORE_13,SKU_244,2026-03-22,11,3
RESTOCK_005308,STORE_01,SKU_215,2026-03-22,16,4
RESTOCK_002239,STORE_01,SKU_131,2026-03-22,10,4
RESTOCK_002349,STORE_16,SKU_152,2026-03-22,25,1
RESTOCK_001299,STORE_04,SKU_245,2026-03-22,15,2
RESTOCK_003762,STORE_14,SKU_056,2026-03-22,11,3
RESTOCK_000253,STORE_03,SKU_182,2026-03-22,7,6
RESTOCK_005799,STORE_15,SKU_217,2026-03-22,12,1
RESTOCK_006978,STORE_08,SKU_161,2026-03-22,18,4
RESTOCK_001822,STORE_16,SKU_090,2026-03-22,31,2
RESTOCK_003249,STORE_18,SKU_202,2026-03-22,14,3
RESTOCK_000143,STORE_10,SKU_207,2026-03-22,17,4
RESTOCK_004953,STORE_15,SKU_080,2026-03-22,14,3
RESTOCK_004924,STORE_03,SKU_080,2026-03-22,10,3
RESTOCK_003876,STORE_09,SKU_029,2026-03-22,16,2
RESTOCK_001893,STORE_01,SKU_141,2026-03-23,13,2
RESTOCK_000445,STORE_11,SKU_194,2026-03-23,7,6
RESTOCK_001027,STORE_13,SKU_122,2026-03-23,14,4
RESTOCK_000812,STORE_06,SKU_124,2026-03-23,11,4
RESTOCK_003959,STORE_12,SKU_055,2026-03-23,19,1
RESTOCK_000356,STORE_05,SKU_232,2026-03-23,19,1
RESTOCK_004489,STORE_10,SKU_015,2026-03-23,18,2
RESTOCK_006413,STORE_07,SKU_223,2026-03-23,17,5
RESTOCK_006596,STORE_03,SKU_170,2026-03-23,16,6
RESTOCK_002917,STORE_17,SKU_141,2026-03-23,11,1
RESTOCK_003957,STORE_09,SKU_087,2026-03-23,15,2
RESTOCK_002806,STORE_08,SKU_160,2026-03-23,20,3
RESTOCK_005955,STORE_07,SKU_070,2026-03-23,9,4
RESTOCK_002434,STORE_14,SKU_161,2026-03-23,22,2
RESTOCK_004933,STORE_03,SKU_020,2026-03-23,12,3
RESTOCK_003754,STORE_06,SKU_063,2026-03-23,11,4
RESTOCK_000546,STORE_17,SKU_149,2026-03-23,24,4
RESTOCK_001743,STORE_04,SKU_074,2026-03-23,11,4
RESTOCK_001545,STORE_15,SKU_013,2026-03-23,15,1
RESTOCK_002180,STORE_15,SKU_228,2026-03-23,15,1
RESTOCK_001839,STORE_18,SKU_124,2026-03-23,17,3
RESTOCK_004487,STORE_07,SKU_105,2026-03-23,15,4
RESTOCK_001763,STORE_14,SKU_103,2026-03-23,19,1
RESTOCK_001485,STORE_02,SKU_147,2026-03-23,10,4
RESTOCK_002230,STORE_12,SKU_129,2026-03-23,21,1
RESTOCK_000967,STORE_07,SKU_110,2026-03-23,8,5
RESTOCK_003121,STORE_12,SKU_092,2026-03-23,24,2
RESTOCK_005920,STORE_17,SKU_146,2026-03-24,12,4
RESTOCK_006099,STORE_07,SKU_054,2026-03-24,6,5
RESTOCK_000720,STORE_02,SKU_130,2026-03-24,16,4
RESTOCK_003300,STORE_13,SKU_007,2026-03-24,10,3
RESTOCK_003669,STORE_02,SKU_175,2026-03-24,16,4
RESTOCK_000247,STORE_01,SKU_171,2026-03-24,25,2
RESTOCK_000677,STORE_05,SKU_015,2026-03-24,35,1
RESTOCK_006717,STORE_01,SKU_026,2026-03-24,26,2
RESTOCK_001471,STORE_07,SKU_099,2026-03-24,11,6
RESTOCK_003429,STORE_04,SKU_007,2026-03-24,12,4
RESTOCK_002673,STORE_06,SKU_209,2026-03-24,24,3
RESTOCK_006284,STORE_15,SKU_078,2026-03-24,20,1
RESTOCK_004417,STORE_05,SKU_237,2026-03-24,26,2
RESTOCK_000764,STORE_09,SKU_165,2026-03-24,19,3
RESTOCK_001588,STORE_08,SKU_031,2026-03-24,17,1
RESTOCK_003367,STORE_01,SKU_088,2026-03-24,16,1
RESTOCK_001427,STORE_11,SKU_051,2026-03-24,10,6
RESTOCK_005952,STORE_01,SKU_096,2026-03-24,19,3
RESTOCK_002617,STORE_16,SKU_137,2026-03-24,28,1
RESTOCK_005326,STORE_02,SKU_110,2026-03-24,15,1
RESTOCK_005073,STORE_06,SKU_217,2026-03-24,26,1
RESTOCK_001824,STORE_16,SKU_092,2026-03-24,27,2
RESTOCK_001614,STORE_09,SKU_125,2026-03-24,9,4
RESTOCK_005488,STORE_12,SKU_156,2026-03-24,42,1
RESTOCK_001379,STORE_02,SKU_049,2026-03-24,24,3
RESTOCK_000647,STORE_13,SKU_036,2026-03-24,15,2
RESTOCK_004283,STORE_08,SKU_013,2026-03-24,18,1
RESTOCK_003711,STORE_13,SKU_161,2026-03-24,24,2
RESTOCK_003152,STORE_16,SKU_021,2026-03-24,23,2
RESTOCK_002100,STORE_16,SKU_066,2026-03-24,19,2
RESTOCK_002372,STORE_03,SKU_197,2026-03-24,9,5
RESTOCK_004071,STORE_08,SKU_210,2026-03-24,25,3
RESTOCK_003751,STORE_08,SKU_209,2026-03-24,18,2
RESTOCK_004080,STORE_03,SKU_227,2026-03-24,18,5
RESTOCK_001672,STORE_15,SKU_109,2026-03-25,17,4
RESTOCK_000773,STORE_14,SKU_131,2026-03-25,11,3
RESTOCK_002512,STORE_13,SKU_010,2026-03-25,18,3
RESTOCK_006095,STORE_03,SKU_087,2026-03-25,7,5
RESTOCK_001976,STORE_03,SKU_188,2026-03-25,20,4
RESTOCK_006479,STORE_10,SKU_050,2026-03-25,17,2
RESTOCK_005561,STORE_03,SKU_029,2026-03-25,7,5
RESTOCK_004697,STORE_04,SKU_209,2026-03-25,22,2
RESTOCK_004302,STORE_07,SKU_126,2026-03-25,15,4
RESTOCK_002852,STORE_02,SKU_194,2026-03-25,17,4
RESTOCK_001457,STORE_04,SKU_229,2026-03-25,16,4
RESTOCK_000303,STORE_06,SKU_172,2026-03-25,7,2
RESTOCK_001564,STORE_05,SKU_065,2026-03-25,14,1
RESTOCK_002389,STORE_03,SKU_016,2026-03-25,15,3
RESTOCK_004711,STORE_06,SKU_102,2026-03-25,10,1
RESTOCK_001459,STORE_08,SKU_084,2026-03-25,13,2
RESTOCK_000074,STORE_12,SKU_118,2026-03-25,33,1
RESTOCK_001902,STORE_09,SKU_214,2026-03-25,10,3
RESTOCK_003659,STORE_08,SKU_016,2026-03-25,22,3
RESTOCK_006688,STORE_14,SKU_128,2026-03-25,12,2
RESTOCK_004657,STORE_10,SKU_055,2026-03-25,12,1
RESTOCK_005472,STORE_06,SKU_138,2026-03-25,10,2
RESTOCK_001400,STORE_14,SKU_158,2026-03-25,18,3
RESTOCK_006879,STORE_11,SKU_210,2026-03-25,8,5
RESTOCK_003037,STORE_09,SKU_035,2026-03-25,21,1
RESTOCK_005295,STORE_12,SKU_113,2026-03-25,25,1
RESTOCK_003958,STORE_12,SKU_131,2026-03-25,20,2
RESTOCK_005003,STORE_16,SKU_086,2026-03-25,21,2
RESTOCK_006982,STORE_06,SKU_218,2026-03-26,15,4
RESTOCK_001169,STORE_09,SKU_194,2026-03-26,21,3
RESTOCK_001766,STORE_03,SKU_196,2026-03-26,5,6
RESTOCK_000721,STORE_11,SKU_213,2026-03-26,13,3
RESTOCK_000163,STORE_02,SKU_240,2026-03-26,14,2
RESTOCK_005141,STORE_18,SKU_025,2026-03-26,14,1
RESTOCK_001441,STORE_07,SKU_243,2026-03-26,10,3
RESTOCK_001805,STORE_03,SKU_100,2026-03-26,9,6
RESTOCK_004836,STORE_13,SKU_165,2026-03-26,12,1
RESTOCK_002523,STORE_17,SKU_059,2026-03-26,12,3
RESTOCK_004578,STORE_14,SKU_238,2026-03-26,15,1
RESTOCK_002878,STORE_13,SKU_116,2026-03-26,16,4
RESTOCK_006609,STORE_02,SKU_077,2026-03-26,26,3
RESTOCK_005501,STORE_10,SKU_070,2026-03-26,15,1
RESTOCK_001854,STORE_02,SKU_002,2026-03-26,14,2
RESTOCK_003920,STORE_18,SKU_099,2026-03-26,11,4
RESTOCK_004433,STORE_13,SKU_093,2026-03-26,11,3
RESTOCK_003195,STORE_13,SKU_225,2026-03-26,14,4
RESTOCK_002313,STORE_07,SKU_080,2026-03-26,14,4
RESTOCK_004390,STORE_04,SKU_053,2026-03-26,17,1
RESTOCK_000231,STORE_01,SKU_145,2026-03-26,17,2
RESTOCK_005104,STORE_02,SKU_178,2026-03-27,19,4
RESTOCK_002168,STORE_17,SKU_107,2026-03-27,14,2
RESTOCK_004269,STORE_14,SKU_022,2026-03-27,11,2
RESTOCK_005187,STORE_02,SKU_086,2026-03-27,27,1
RESTOCK_002610,STORE_09,SKU_227,2026-03-27,22,4
RESTOCK_004364,STORE_10,SKU_234,2026-03-27,13,3
RESTOCK_005161,STORE_15,SKU_134,2026-03-27,11,4
RESTOCK_002597,STORE_12,SKU_076,2026-03-27,32,2
RESTOCK_000598,STORE_06,SKU_177,2026-03-27,14,2
RESTOCK_003137,STORE_07,SKU_233,2026-03-27,9,3
RESTOCK_006793,STORE_11,SKU_134,2026-03-27,8,4
RESTOCK_003621,STORE_17,SKU_208,2026-03-27,18,2
RESTOCK_002628,STORE_05,SKU_226,2026-03-27,32,2
RESTOCK_003326,STORE_13,SKU_061,2026-03-27,11,4
RESTOCK_005050,STORE_10,SKU_059,2026-03-27,11,4
RESTOCK_003712,STORE_11,SKU_120,2026-03-27,15,4
RESTOCK_001444,STORE_04,SKU_010,2026-03-27,18,3
RESTOCK_000548,STORE_17,SKU_144,2026-03-27,11,1
RESTOCK_004847,STORE_07,SKU_054,2026-03-27,7,3
RESTOCK_002802,STORE_03,SKU_124,2026-03-27,7,4
RESTOCK_006502,STORE_08,SKU_026,2026-03-27,18,2
RESTOCK_005743,STORE_08,SKU_106,2026-03-27,10,3
RESTOCK_003251,STORE_16,SKU_147,2026-03-27,23,2
RESTOCK_000233,STORE_16,SKU_073,2026-03-27,29,2
RESTOCK_004558,STORE_04,SKU_052,2026-03-27,17,4
RESTOCK_003398,STORE_07,SKU_105,2026-03-27,11,5
RESTOCK_002125,STORE_14,SKU_195,2026-03-27,9,2
RESTOCK_004787,STORE_18,SKU_046,2026-03-27,11,1
RESTOCK_004483,STORE_11,SKU_055,2026-03-27,8,6
RESTOCK_002038,STORE_04,SKU_227,2026-03-27,20,1
RESTOCK_002772,STORE_15,SKU_083,2026-03-27,18,3
RESTOCK_002744,STORE_11,SKU_223,2026-03-27,11,5
RESTOCK_000207,STORE_03,SKU_064,2026-03-27,13,5
RESTOCK_002965,STORE_02,SKU_069,2026-03-27,22,1
RESTOCK_002324,STORE_08,SKU_041,2026-03-27,11,4
RESTOCK_001326,STORE_04,SKU_064,2026-03-27,19,4
RESTOCK_005273,STORE_06,SKU_179,2026-03-27,16,4
RESTOCK_002005,STORE_05,SKU_192,2026-03-28,23,1
RESTOCK_003352,STORE_17,SKU_210,2026-03-28,18,4
RESTOCK_000973,STORE_18,SKU_010,2026-03-28,14,1
RESTOCK_002854,STORE_13,SKU_116,2026-03-28,13,3
RESTOCK_002861,STORE_07,SKU_249,2026-03-28,7,4
RESTOCK_003182,STORE_09,SKU_135,2026-03-28,22,3
RESTOCK_001993,STORE_08,SKU_037,2026-03-28,10,4
RESTOCK_003444,STORE_17,SKU_193,2026-03-28,21,1
RESTOCK_001587,STORE_01,SKU_079,2026-03-28,15,2
RESTOCK_006834,STORE_11,SKU_001,2026-03-28,10,3
RESTOCK_003081,STORE_02,SKU_172,2026-03-28,9,4
RESTOCK_001403,STORE_01,SKU_131,2026-03-28,13,3
RESTOCK_001569,STORE_12,SKU_063,2026-03-28,23,1
RESTOCK_000155,STORE_17,SKU_091,2026-03-28,10,1
RESTOCK_005923,STORE_08,SKU_016,2026-03-28,23,3
RESTOCK_002544,STORE_11,SKU_001,2026-03-28,8,5
RESTOCK_005668,STORE_11,SKU_180,2026-03-28,7,3
RESTOCK_006350,STORE_18,SKU_224,2026-03-28,13,1
RESTOCK_005836,STORE_12,SKU_048,2026-03-28,27,2
RESTOCK_005106,STORE_06,SKU_048,2026-03-28,22,3
RESTOCK_002500,STORE_12,SKU_032,2026-03-28,19,2
RESTOCK_000079,STORE_03,SKU_206,2026-03-28,9,3
RESTOCK_001315,STORE_12,SKU_206,2026-03-28,29,2
RESTOCK_002255,STORE_05,SKU_219,2026-03-28,18,1
RESTOCK_006755,STORE_16,SKU_205,2026-03-28,21,1
RESTOCK_005691,STORE_15,SKU_206,2026-03-28,22,4
RESTOCK_000594,STORE_11,SKU_221,2026-03-28,10,6
RESTOCK_003109,STORE_16,SKU_180,2026-03-29,15,2
RESTOCK_002586,STORE_18,SKU_181,2026-03-29,18,1
RESTOCK_001961,STORE_18,SKU_001,2026-03-29,18,4
RESTOCK_003831,STORE_07,SKU_215,2026-03-29,12,4
RESTOCK_000620,STORE_11,SKU_186,2026-03-29,5,5
RESTOCK_004498,STORE_03,SKU_159,2026-03-29,17,6
RESTOCK_000671,STORE_15,SKU_055,2026-03-29,9,4
RESTOCK_006524,STORE_11,SKU_068,2026-03-29,12,6
RESTOCK_004465,STORE_10,SKU_043,2026-03-29,25,4
RESTOCK_002343,STORE_08,SKU_069,2026-03-29,23,3
RESTOCK_004233,STORE_17,SKU_144,2026-03-29,9,3
RESTOCK_006883,STORE_12,SKU_128,2026-03-29,20,1
RESTOCK_006438,STORE_09,SKU_060,2026-03-29,9,2
RESTOCK_000797,STORE_07,SKU_231,2026-03-29,7,6
RESTOCK_006074,STORE_05,SKU_088,2026-03-29,21,1
RESTOCK_005052,STORE_04,SKU_234,2026-03-29,14,2
RESTOCK_004428,STORE_02,SKU_234,2026-03-29,14,2
RESTOCK_006656,STORE_06,SKU_040,2026-03-29,23,3
RESTOCK_000853,STORE_06,SKU_239,2026-03-29,25,2
RESTOCK_003381,STORE_09,SKU_247,2026-03-29,13,3
RESTOCK_005244,STORE_13,SKU_236,2026-03-29,11,3
RESTOCK_005303,STORE_01,SKU_249,2026-03-29,9,3
RESTOCK_000632,STORE_03,SKU_125,2026-03-29,8,3
RESTOCK_001717,STORE_10,SKU_076,2026-03-29,12,2
RESTOCK_001799,STORE_05,SKU_048,2026-03-29,42,2
RESTOCK_003341,STORE_18,SKU_226,2026-03-29,12,3
RESTOCK_002089,STORE_11,SKU_150,2026-03-30,9,4
RESTOCK_002205,STORE_04,SKU_044,2026-03-30,16,3
RESTOCK_002777,STORE_16,SKU_211,2026-03-30,27,2
RESTOCK_001563,STORE_06,SKU_028,2026-03-30,15,2
RESTOCK_004858,STORE_14,SKU_174,2026-03-30,21,3
RESTOCK_005201,STORE_07,SKU_007,2026-03-30,6,3
RESTOCK_003870,STORE_11,SKU_116,2026-03-30,10,5
RESTOCK_002765,STORE_15,SKU_091,2026-03-30,10,4
RESTOCK_001259,STORE_09,SKU_028,2026-03-30,15,3
RESTOCK_004132,STORE_16,SKU_244,2026-03-30,22,2
RESTOCK_003244,STORE_04,SKU_236,2026-03-30,13,3
RESTOCK_001983,STORE_09,SKU_188,2026-03-30,23,3
RESTOCK_001063,STORE_01,SKU_147,2026-03-30,14,3
RESTOCK_005992,STORE_05,SKU_188,2026-03-30,36,1
RESTOCK_004530,STORE_10,SKU_105,2026-03-30,18,4
RESTOCK_000481,STORE_13,SKU_113,2026-03-30,24,1
RESTOCK_003981,STORE_06,SKU_236,2026-03-30,11,3
RESTOCK_002519,STORE_08,SKU_092,2026-03-30,14,4
RESTOCK_000087,STORE_09,SKU_030,2026-03-30,12,2
RESTOCK_002088,STORE_13,SKU_154,2026-03-30,9,4
RESTOCK_003962,STORE_03,SKU_058,2026-03-30,15,4
RESTOCK_006211,STORE_16,SKU_069,2026-03-30,31,2
RESTOCK_004394,STORE_08,SKU_097,2026-03-30,15,4
RESTOCK_006599,STORE_14,SKU_091,2026-03-30,12,1
RESTOCK_006331,STORE_07,SKU_058,2026-03-30,13,5
RESTOCK_002179,STORE_06,SKU_235,2026-03-30,14,3
RESTOCK_005344,STORE_12,SKU_166,2026-03-30,20,2
RESTOCK_005800,STORE_15,SKU_104,2026-03-30,19,1
RESTOCK_005579,STORE_08,SKU_105,2026-03-30,28,2
RESTOCK_006114,STORE_14,SKU_102,2026-03-30,13,3
RESTOCK_005938,STORE_17,SKU_232,2026-03-31,19,3
RESTOCK_005616,STORE_18,SKU_042,2026-03-31,13,2
RESTOCK_006184,STORE_18,SKU_120,2026-03-31,16,1
RESTOCK_005921,STORE_07,SKU_091,2026-03-31,8,6
RESTOCK_006845,STORE_03,SKU_030,2026-03-31,8,3
RESTOCK_000001,STORE_07,SKU_025,2026-03-31,8,6
RESTOCK_001434,STORE_09,SKU_171,2026-03-31,21,2
RESTOCK_004116,STORE_12,SKU_168,2026-03-31,25,1
RESTOCK_001035,STORE_01,SKU_034,2026-03-31,23,4
RESTOCK_005128,STORE_03,SKU_217,2026-03-31,13,6
RESTOCK_001432,STORE_09,SKU_109,2026-03-31,12,2
RESTOCK_005026,STORE_17,SKU_118,2026-03-31,21,2
RESTOCK_004777,STORE_12,SKU_130,2026-03-31,31,2
RESTOCK_004342,STORE_01,SKU_039,2026-03-31,13,3
RESTOCK_000380,STORE_10,SKU_113,2026-03-31,16,1
RESTOCK_000827,STORE_04,SKU_048,2026-03-31,23,2
RESTOCK_004662,STORE_06,SKU_156,2026-03-31,12,1
RESTOCK_005152,STORE_03,SKU_023,2026-03-31,12,5
RESTOCK_000857,STORE_14,SKU_107,2026-03-31,10,2
RESTOCK_002126,STORE_14,SKU_158,2026-03-31,18,2
RESTOCK_001668,STORE_05,SKU_015,2026-03-31,37,1
RESTOCK_003569,STORE_09,SKU_171,2026-03-31,24,1
RESTOCK_002821,STORE_05,SKU_008,2026-03-31,30,1
RESTOCK_002829,STORE_02,SKU_080,2026-03-31,14,3
RESTOCK_000459,STORE_09,SKU_229,2026-03-31,11,4
RESTOCK_003273,STORE_06,SKU_199,2026-03-31,10,2
RESTOCK_002537,STORE_17,SKU_045,2026-04-01,22,2
RESTOCK_006611,STORE_06,SKU_214,2026-04-01,9,1
RESTOCK_003095,STORE_12,SKU_008,2026-04-01,22,2
RESTOCK_005649,STORE_13,SKU_118,2026-04-01,15,3
RESTOCK_002472,STORE_09,SKU_008,2026-04-01,22,2
RESTOCK_001462,STORE_06,SKU_149,2026-04-01,11,3
RESTOCK_005420,STORE_13,SKU_070,2026-04-01,17,1
RESTOCK_002920,STORE_15,SKU_198,2026-04-01,11,4
RESTOCK_004798,STORE_04,SKU_069,2026-04-01,17,3
RESTOCK_006191,STORE_06,SKU_219,2026-04-01,15,3
RESTOCK_006190,STORE_02,SKU_021,2026-04-01,9,2
RESTOCK_004927,STORE_08,SKU_078,2026-04-01,10,4
RESTOCK_001140,STORE_10,SKU_059,2026-04-01,11,4
RESTOCK_002814,STORE_05,SKU_183,2026-04-01,34,2
RESTOCK_000172,STORE_06,SKU_115,2026-04-01,18,3
RESTOCK_001230,STORE_02,SKU_240,2026-04-01,14,4
RESTOCK_000127,STORE_06,SKU_036,2026-04-01,17,3
RESTOCK_000255,STORE_17,SKU_062,2026-04-01,19,1
RESTOCK_005122,STORE_09,SKU_134,2026-04-01,12,4
RESTOCK_003874,STORE_15,SKU_203,2026-04-01,23,3
RESTOCK_005925,STORE_04,SKU_005,2026-04-01,12,2
RESTOCK_005612,STORE_08,SKU_017,2026-04-01,15,2
RESTOCK_006556,STORE_16,SKU_194,2026-04-01,28,2
RESTOCK_000835,STORE_15,SKU_115,2026-04-01,15,2
RESTOCK_004332,STORE_03,SKU_152,2026-04-01,9,3
RESTOCK_001989,STORE_16,SKU_050,2026-04-01,38,2
RESTOCK_003325,STORE_08,SKU_163,2026-04-01,10,1
RESTOCK_001972,STORE_02,SKU_002,2026-04-01,15,4
RESTOCK_006365,STORE_17,SKU_040,2026-04-01,19,4
RESTOCK_002357,STORE_11,SKU_146,2026-04-02,8,6
RESTOCK_002305,STORE_02,SKU_102,2026-04-02,9,4
RESTOCK_002176,STORE_16,SKU_054,2026-04-02,16,2
RESTOCK_000943,STORE_01,SKU_230,2026-04-02,14,1
RESTOCK_000945,STORE_07,SKU_101,2026-04-02,21,3
RESTOCK_002193,STORE_13,SKU_045,2026-04-02,17,1
RESTOCK_002527,STORE_10,SKU_019,2026-04-02,26,3
RESTOCK_002937,STORE_07,SKU_123,2026-04-02,10,4
RESTOCK_004993,STORE_11,SKU_005,2026-04-02,6,4
RESTOCK_006532,STORE_01,SKU_066,2026-04-02,10,3
RESTOCK_004710,STORE_15,SKU_086,2026-04-02,15,1
RESTOCK_004026,STORE_16,SKU_016,2026-04-02,23,1
RESTOCK_004978,STORE_11,SKU_158,2026-04-02,12,4
RESTOCK_005473,STORE_16,SKU_152,2026-04-02,39,2
RESTOCK_005476,STORE_09,SKU_213,2026-04-02,11,1
RESTOCK_006123,STORE_01,SKU_032,2026-04-02,10,3
RESTOCK_003802,STORE_04,SKU_096,2026-04-02,26,1
RESTOCK_006615,STORE_16,SKU_130,2026-04-02,26,2
RESTOCK_006748,STORE_08,SKU_080,2026-04-02,21,1
RESTOCK_006588,STORE_12,SKU_074,2026-04-02,40,1
RESTOCK_002884,STORE_18,SKU_119,2026-04-02,12,3
RESTOCK_000550,STORE_01,SKU_016,2026-04-02,24,1
RESTOCK_003139,STORE_18,SKU_247,2026-04-02,21,1
RESTOCK_003230,STORE_05,SKU_198,2026-04-02,17,1
RESTOCK_002606,STORE_13,SKU_005,2026-04-02,9,4
RESTOCK_003147,STORE_11,SKU_125,2026-04-02,6,4
RESTOCK_006590,STORE_09,SKU_131,2026-04-02,13,2
RESTOCK_001184,STORE_04,SKU_170,2026-04-03,22,2
RESTOCK_006873,STORE_05,SKU_242,2026-04-03,32,2
RESTOCK_006141,STORE_02,SKU_171,2026-04-03,24,1
RESTOCK_004869,STORE_11,SKU_109,2026-04-03,14,3
RESTOCK_000145,STORE_15,SKU_020,2026-04-03,20,4
RESTOCK_006776,STORE_14,SKU_009,2026-04-03,15,2
RESTOCK_005412,STORE_17,SKU_216,2026-04-03,10,4
RESTOCK_004867,STORE_09,SKU_026,2026-04-03,24,3
RESTOCK_005177,STORE_02,SKU_188,2026-04-03,21,2
RESTOCK_004735,STORE_18,SKU_147,2026-04-03,14,2
RESTOCK_002267,STORE_11,SKU_171,2026-04-03,13,5
RESTOCK_000140,STORE_09,SKU_143,2026-04-03,16,3
RESTOCK_000982,STORE_12,SKU_241,2026-04-03,18,1
RESTOCK_005632,STORE_15,SKU_017,2026-04-03,21,3
RESTOCK_000874,STORE_08,SKU_211,2026-04-03,12,1
RESTOCK_005700,STORE_01,SKU_019,2026-04-03,17,4
RESTOCK_000425,STORE_09,SKU_140,2026-04-03,14,1
RESTOCK_006536,STORE_06,SKU_202,2026-04-03,11,1
RESTOCK_001838,STORE_06,SKU_103,2026-04-03,17,4
RESTOCK_005364,STORE_03,SKU_150,2026-04-03,12,3
RESTOCK_001618,STORE_09,SKU_109,2026-04-04,16,2
RESTOCK_003610,STORE_10,SKU_197,2026-04-04,9,3
RESTOCK_000872,STORE_05,SKU_033,2026-04-04,40,1
RESTOCK_002143,STORE_14,SKU_203,2026-04-04,15,3
RESTOCK_000463,STORE_05,SKU_216,2026-04-04,35,2
RESTOCK_003365,STORE_07,SKU_237,2026-04-04,14,5
RESTOCK_002579,STORE_08,SKU_080,2026-04-04,16,3
RESTOCK_006742,STORE_17,SKU_068,2026-04-04,19,1
RESTOCK_005792,STORE_17,SKU_030,2026-04-04,14,1
RESTOCK_002419,STORE_03,SKU_225,2026-04-04,10,5
RESTOCK_006601,STORE_16,SKU_060,2026-04-04,17,2
RESTOCK_005110,STORE_14,SKU_029,2026-04-04,20,3
RESTOCK_001188,STORE_10,SKU_158,2026-04-04,14,1
RESTOCK_004879,STORE_15,SKU_053,2026-04-04,14,1
RESTOCK_004210,STORE_08,SKU_136,2026-04-04,10,1
RESTOCK_006946,STORE_12,SKU_065,2026-04-04,23,1
RESTOCK_005054,STORE_12,SKU_095,2026-04-04,26,1
RESTOCK_004377,STORE_17,SKU_245,2026-04-04,21,2
RESTOCK_004683,STORE_16,SKU_119,2026-04-04,22,2
RESTOCK_004082,STORE_17,SKU_072,2026-04-04,23,1
RESTOCK_002988,STORE_05,SKU_124,2026-04-04,23,2
RESTOCK_002546,STORE_07,SKU_006,2026-04-04,7,5
RESTOCK_000251,STORE_16,SKU_230,2026-04-04,22,1
RESTOCK_001817,STORE_12,SKU_110,2026-04-04,31,1
RESTOCK_000436,STORE_16,SKU_103,2026-04-04,28,2
RESTOCK_001428,STORE_03,SKU_137,2026-04-04,9,5
RESTOCK_006710,STORE_05,SKU_200,2026-04-04,16,1
RESTOCK_006290,STORE_13,SKU_044,2026-04-04,19,2
RESTOCK_005213,STORE_05,SKU_246,2026-04-04,26,1
RESTOCK_002704,STORE_13,SKU_047,2026-04-04,16,2
RESTOCK_002187,STORE_10,SKU_057,2026-04-04,14,1
RESTOCK_003329,STORE_12,SKU_029,2026-04-04,31,1
RESTOCK_001557,STORE_14,SKU_041,2026-04-04,15,4
RESTOCK_004843,STORE_14,SKU_213,2026-04-05,21,1
RESTOCK_002584,STORE_15,SKU_078,2026-04-05,15,1
RESTOCK_001483,STORE_02,SKU_105,2026-04-05,18,1
RESTOCK_002363,STORE_02,SKU_197,2026-04-05,14,1
RESTOCK_006735,STORE_05,SKU_171,2026-04-05,39,2
RESTOCK_002075,STORE_08,SKU_113,2026-04-05,11,1
RESTOCK_002340,STORE_03,SKU_226,2026-04-05,11,5
RESTOCK_001369,STORE_14,SKU_102,2026-04-05,12,2
RESTOCK_001667,STORE_12,SKU_163,2026-04-05,31,2
RESTOCK_005406,STORE_01,SKU_046,2026-04-05,18,1
RESTOCK_002108,STORE_08,SKU_203,2026-04-05,14,2
RESTOCK_001361,STORE_08,SKU_176,2026-04-05,16,3
RESTOCK_003908,STORE_08,SKU_140,2026-04-05,17,3
RESTOCK_002078,STORE_12,SKU_080,2026-04-05,19,2
RESTOCK_004153,STORE_14,SKU_008,2026-04-05,15,2
RESTOCK_004454,STORE_12,SKU_080,2026-04-05,16,1
RESTOCK_003032,STORE_08,SKU_145,2026-04-05,17,1
RESTOCK_003407,STORE_03,SKU_200,2026-04-05,7,4
RESTOCK_005319,STORE_14,SKU_238,2026-04-05,14,4
RESTOCK_003264,STORE_09,SKU_208,2026-04-05,27,1
RESTOCK_005240,STORE_10,SKU_093,2026-04-05,17,1
RESTOCK_002938,STORE_09,SKU_147,2026-04-05,9,1
RESTOCK_003494,STORE_09,SKU_125,2026-04-05,9,2
RESTOCK_005112,STORE_02,SKU_140,2026-04-05,15,3
RESTOCK_003010,STORE_10,SKU_061,2026-04-05,14,1
RESTOCK_002885,STORE_02,SKU_043,2026-04-05,22,1
RESTOCK_001659,STORE_02,SKU_225,2026-04-06,14,4
RESTOCK_006375,STORE_02,SKU_066,2026-04-06,10,1
RESTOCK_006034,STORE_07,SKU_219,2026-04-06,7,6
RESTOCK_003020,STORE_16,SKU_132,2026-04-06,20,2
RESTOCK_006674,STORE_15,SKU_208,2026-04-06,19,1
RESTOCK_003166,STORE_03,SKU_093,2026-04-06,12,5
RESTOCK_006238,STORE_16,SKU_220,2026-04-06,25,2
RESTOCK_004352,STORE_13,SKU_015,2026-04-06,12,4
RESTOCK_002713,STORE_13,SKU_159,2026-04-06,14,2
RESTOCK_001089,STORE_16,SKU_070,2026-04-06,28,1
RESTOCK_004545,STORE_14,SKU_027,2026-04-06,10,4
RESTOCK_000455,STORE_14,SKU_199,2026-04-06,11,1
RESTOCK_006368,STORE_16,SKU_065,2026-04-06,21,2
RESTOCK_004956,STORE_07,SKU_045,2026-04-06,9,4
RESTOCK_004092,STORE_04,SKU_222,2026-04-06,14,4
RESTOCK_001419,STORE_14,SKU_064,2026-04-06,17,2
RESTOCK_002820,STORE_08,SKU_188,2026-04-06,22,3
RESTOCK_006797,STORE_07,SKU_099,2026-04-06,14,3
RESTOCK_003866,STORE_08,SKU_101,2026-04-06,26,2
RESTOCK_001560,STORE_05,SKU_073,2026-04-06,25,1
RESTOCK_005662,STORE_05,SKU_001,2026-04-06,29,2
RESTOCK_003396,STORE_06,SKU_202,2026-04-06,13,2
RESTOCK_005048,STORE_03,SKU_059,2026-04-06,6,6
RESTOCK_002467,STORE_09,SKU_082,2026-04-06,14,1
RESTOCK_004922,STORE_17,SKU_045,2026-04-06,14,4
RESTOCK_001195,STORE_05,SKU_223,2026-04-06,29,1
RESTOCK_002060,STORE_14,SKU_017,2026-04-06,20,1
RESTOCK_002430,STORE_18,SKU_089,2026-04-06,23,4
RESTOCK_003053,STORE_07,SKU_164,2026-04-06,17,5
RESTOCK_005778,STORE_05,SKU_037,2026-04-06,17,2
RESTOCK_005644,STORE_11,SKU_003,2026-04-07,14,3
RESTOCK_006862,STORE_02,SKU_206,2026-04-07,16,3
RESTOCK_000897,STORE_06,SKU_215,2026-04-07,17,4
RESTOCK_004010,STORE_01,SKU_208,2026-04-07,24,2
RESTOCK_001578,STORE_18,SKU_104,2026-04-07,17,1
RESTOCK_004695,STORE_15,SKU_074,2026-04-07,21,3
RESTOCK_004687,STORE_17,SKU_097,2026-04-07,15,4
RESTOCK_000429,STORE_14,SKU_159,2026-04-07,18,4
RESTOCK_005125,STORE_08,SKU_104,2026-04-07,23,4
RESTOCK_001612,STORE_16,SKU_231,2026-04-07,17,2
RESTOCK_006283,STORE_09,SKU_007,2026-04-07,10,3
RESTOCK_000154,STORE_05,SKU_014,2026-04-07,29,2
RESTOCK_002443,STORE_14,SKU_229,2026-04-07,15,4
RESTOCK_003645,STORE_09,SKU_104,2026-04-07,24,4
RESTOCK_000152,STORE_03,SKU_224,2026-04-07,13,6
RESTOCK_005429,STORE_09,SKU_209,2026-04-07,26,2
RESTOCK_004834,STORE_04,SKU_149,2026-04-07,14,3
RESTOCK_001416,STORE_02,SKU_156,2026-04-07,14,2
RESTOCK_004349,STORE_05,SKU_082,2026-04-07,26,2
RESTOCK_001180,STORE_11,SKU_054,2026-04-07,8,3
RESTOCK_006434,STORE_12,SKU_205,2026-04-07,26,2
RESTOCK_005768,STORE_09,SKU_047,2026-04-07,22,3
RESTOCK_005948,STORE_12,SKU_185,2026-04-07,19,1
RESTOCK_003333,STORE_04,SKU_214,2026-04-07,11,1
RESTOCK_005765,STORE_11,SKU_013,2026-04-07,10,6
RESTOCK_001139,STORE_03,SKU_200,2026-04-07,12,5
RESTOCK_004350,STORE_15,SKU_099,2026-04-07,11,2
RESTOCK_000031,STORE_14,SKU_161,2026-04-07,20,3
RESTOCK_003783,STORE_13,SKU_109,2026-04-07,18,2
RESTOCK_000066,STORE_13,SKU_012,2026-04-07,10,4
RESTOCK_000381,STORE_11,SKU_140,2026-04-07,11,4
RESTOCK_000412,STORE_05,SKU_196,2026-04-07,17,1
RESTOCK_002703,STORE_17,SKU_237,2026-04-07,11,3
RESTOCK_001407,STORE_01,SKU_167,2026-04-07,27,1
RESTOCK_001819,STORE_05,SKU_139,2026-04-07,22,2
RESTOCK_006801,STORE_11,SKU_107,2026-04-08,7,3
RESTOCK_005218,STORE_04,SKU_107,2026-04-08,13,4
RESTOCK_002678,STORE_18,SKU_095,2026-04-08,15,1
RESTOCK_002827,STORE_08,SKU_090,2026-04-08,24,4
RESTOCK_004129,STORE_03,SKU_014,2026-04-08,10,6
RESTOCK_002158,STORE_13,SKU_206,2026-04-08,26,1
RESTOCK_006439,STORE_10,SKU_088,2026-04-08,10,3
RESTOCK_001048,STORE_01,SKU_204,2026-04-08,24,1
RESTOCK_001221,STORE_03,SKU_004,2026-04-08,12,4
RESTOCK_002880,STORE_18,SKU_015,2026-04-08,17,2
RESTOCK_000882,STORE_01,SKU_065,2026-04-08,12,3
RESTOCK_005604,STORE_12,SKU_162,2026-04-08,21,2
RESTOCK_002153,STORE_04,SKU_031,2026-04-08,18,4
RESTOCK_005280,STORE_07,SKU_076,2026-04-08,8,3
RESTOCK_006869,STORE_14,SKU_135,2026-04-08,11,1
RESTOCK_004108,STORE_08,SKU_019,2026-04-08,26,2
RESTOCK_005426,STORE_13,SKU_009,2026-04-08,17,3
RESTOCK_004085,STORE_07,SKU_077,2026-04-08,18,6
RESTOCK_001580,STORE_06,SKU_053,2026-04-08,18,3
RESTOCK_006951,STORE_10,SKU_183,2026-04-08,28,1
RESTOCK_000269,STORE_10,SKU_184,2026-04-08,17,4
RESTOCK_001487,STORE_06,SKU_009,2026-04-08,16,3
RESTOCK_001138,STORE_02,SKU_226,2026-04-08,24,4
RESTOCK_004343,STORE_18,SKU_069,2026-04-08,14,3
RESTOCK_004839,STORE_13,SKU_046,2026-04-08,18,1
RESTOCK_000004,STORE_08,SKU_183,2026-04-08,25,1
RESTOCK_003970,STORE_13,SKU_024,2026-04-08,17,4
RESTOCK_003196,STORE_07,SKU_071,2026-04-09,12,4
RESTOCK_005157,STORE_18,SKU_141,2026-04-09,12,1
RESTOCK_006629,STORE_03,SKU_142,2026-04-09,11,4
RESTOCK_005118,STORE_07,SKU_055,2026-04-09,7,6
RESTOCK_005975,STORE_18,SKU_057,2026-04-09,9,2
RESTOCK_003262,STORE_10,SKU_131,2026-04-09,14,1
RESTOCK_006581,STORE_05,SKU_039,2026-04-09,23,2
RESTOCK_005481,STORE_01,SKU_128,2026-04-09,16,4
RESTOCK_000553,STORE_03,SKU_157,2026-04-09,12,6
RESTOCK_006466,STORE_12,SKU_076,2026-04-09,25,1
RESTOCK_004547,STORE_05,SKU_015,2026-04-09,29,2
RESTOCK_006980,STORE_01,SKU_006,2026-04-09,13,2
RESTOCK_002232,STORE_13,SKU_064,2026-04-09,16,4
RESTOCK_002276,STORE_02,SKU_011,2026-04-09,14,3
RESTOCK_005851,STORE_06,SKU_010,2026-04-09,23,4
RESTOCK_003745,STORE_15,SKU_165,2026-04-09,12,1
RESTOCK_001148,STORE_17,SKU_122,2026-04-09,16,2
RESTOCK_005794,STORE_04,SKU_090,2026-04-09,25,3
RESTOCK_004805,STORE_06,SKU_229,2026-04-09,14,3
RESTOCK_004020,STORE_08,SKU_072,2026-04-09,13,3
RESTOCK_006075,STORE_07,SKU_151,2026-04-09,8,4
RESTOCK_001005,STORE_14,SKU_201,2026-04-09,17,1
RESTOCK_003824,STORE_11,SKU_037,2026-04-09,8,5
RESTOCK_002525,STORE_06,SKU_097,2026-04-09,16,2
RESTOCK_003039,STORE_02,SKU_013,2026-04-09,28,3
RESTOCK_000715,STORE_03,SKU_065,2026-04-10,10,4
RESTOCK_006810,STORE_04,SKU_040,2026-04-10,20,1
RESTOCK_004298,STORE_06,SKU_209,2026-04-10,22,3
RESTOCK_006225,STORE_08,SKU_208,2026-04-10,17,3
RESTOCK_004152,STORE_15,SKU_052,2026-04-10,23,4
RESTOCK_006970,STORE_02,SKU_200,2026-04-10,12,3
RESTOCK_006209,STORE_05,SKU_045,2026-04-10,26,1
RESTOCK_006546,STORE_08,SKU_163,2026-04-10,14,2
RESTOCK_001832,STORE_13,SKU_248,2026-04-10,12,2
RESTOCK_003757,STORE_05,SKU_103,2026-04-10,20,2
RESTOCK_005782,STORE_07,SKU_091,2026-04-10,8,4
RESTOCK_004792,STORE_12,SKU_204,2026-04-10,27,1
RESTOCK_003281,STORE_15,SKU_093,2026-04-10,11,1
RESTOCK_000507,STORE_15,SKU_210,2026-04-10,13,4
RESTOCK_001108,STORE_08,SKU_075,2026-04-10,22,4
RESTOCK_005234,STORE_09,SKU_068,2026-04-10,14,2
RESTOCK_005809,STORE_15,SKU_207,2026-04-10,16,3
RESTOCK_005756,STORE_08,SKU_020,2026-04-10,12,3
RESTOCK_005537,STORE_05,SKU_138,2026-04-10,22,2
RESTOCK_003810,STORE_02,SKU_018,2026-04-10,12,4
RESTOCK_002804,STORE_03,SKU_001,2026-04-10,17,3
RESTOCK_006410,STORE_18,SKU_055,2026-04-10,15,3
RESTOCK_006374,STORE_15,SKU_126,2026-04-10,15,1
RESTOCK_006106,STORE_16,SKU_029,2026-04-10,27,2
RESTOCK_002934,STORE_17,SKU_141,2026-04-10,11,2
RESTOCK_002312,STORE_06,SKU_159,2026-04-10,27,1
RESTOCK_000669,STORE_14,SKU_128,2026-04-10,12,3
RESTOCK_006668,STORE_03,SKU_052,2026-04-10,11,6
RESTOCK_003684,STORE_09,SKU_026,2026-04-10,20,1
RESTOCK_003595,STORE_11,SKU_158,2026-04-10,16,6
RESTOCK_003882,STORE_08,SKU_074,2026-04-10,14,2
RESTOCK_005301,STORE_05,SKU_240,2026-04-10,18,1
RESTOCK_006888,STORE_11,SKU_204,2026-04-10,7,3
RESTOCK_006024,STORE_10,SKU_104,2026-04-10,25,4
RESTOCK_002600,STORE_07,SKU_064,2026-04-10,18,4
RESTOCK_006805,STORE_18,SKU_120,2026-04-10,22,1
RESTOCK_005815,STORE_17,SKU_011,2026-04-10,10,2
RESTOCK_004025,STORE_17,SKU_142,2026-04-10,18,3
RESTOCK_003202,STORE_04,SKU_119,2026-04-10,14,2
RESTOCK_005144,STORE_09,SKU_166,2026-04-10,23,3
RESTOCK_005004,STORE_12,SKU_013,2026-04-10,22,1
RESTOCK_006230,STORE_08,SKU_065,2026-04-11,13,4
RESTOCK_000889,STORE_15,SKU_227,2026-04-11,19,4
RESTOCK_000280,STORE_01,SKU_187,2026-04-11,19,1
RESTOCK_003875,STORE_16,SKU_199,2026-04-11,20,2
RESTOCK_001242,STORE_13,SKU_073,2026-04-11,22,4
RESTOCK_001762,STORE_09,SKU_240,2026-04-11,10,1
RESTOCK_000007,STORE_11,SKU_226,2026-04-11,9,6
RESTOCK_000781,STORE_08,SKU_042,2026-04-11,23,4
RESTOCK_004835,STORE_03,SKU_001,2026-04-11,19,4
RESTOCK_004814,STORE_05,SKU_067,2026-04-11,28,2
RESTOCK_003475,STORE_11,SKU_021,2026-04-11,9,3
RESTOCK_000794,STORE_18,SKU_081,2026-04-11,12,2
RESTOCK_004886,STORE_16,SKU_160,2026-04-11,22,1
RESTOCK_001447,STORE_09,SKU_233,2026-04-11,10,1
RESTOCK_000423,STORE_04,SKU_080,2026-04-11,22,3
RESTOCK_001726,STORE_15,SKU_173,2026-04-11,10,4
RESTOCK_003083,STORE_14,SKU_134,2026-04-11,13,2
RESTOCK_004960,STORE_09,SKU_225,2026-04-11,10,1
RESTOCK_004962,STORE_08,SKU_128,2026-04-11,15,1
RESTOCK_004312,STORE_10,SKU_193,2026-04-11,12,2
RESTOCK_004764,STORE_01,SKU_139,2026-04-11,10,3
RESTOCK_005211,STORE_08,SKU_234,2026-04-11,13,3
RESTOCK_002428,STORE_13,SKU_021,2026-04-11,12,1
RESTOCK_006073,STORE_12,SKU_004,2026-04-11,19,2
RESTOCK_003834,STORE_15,SKU_222,2026-04-12,14,2
RESTOCK_000077,STORE_17,SKU_053,2026-04-12,13,4
RESTOCK_005960,STORE_07,SKU_132,2026-04-12,12,4
RESTOCK_004353,STORE_16,SKU_069,2026-04-12,20,1
RESTOCK_005605,STORE_12,SKU_201,2026-04-12,34,2
RESTOCK_003265,STORE_17,SKU_194,2026-04-12,16,4
RESTOCK_002651,STORE_02,SKU_229,2026-04-12,14,2
RESTOCK_003695,STORE_17,SKU_051,2026-04-12,22,4
RESTOCK_006265,STORE_01,SKU_102,2026-04-12,14,3
RESTOCK_002542,STORE_17,SKU_123,2026-04-12,11,3
RESTOCK_005847,STORE_07,SKU_240,2026-04-12,12,4
RESTOCK_002461,STORE_01,SKU_196,2026-04-12,9,4
RESTOCK_005764,STORE_18,SKU_114,2026-04-12,18,1
RESTOCK_003867,STORE_17,SKU_048,2026-04-12,14,1
RESTOCK_003432,STORE_09,SKU_192,2026-04-12,13,1
RESTOCK_005480,STORE_07,SKU_057,2026-04-12,7,5
RESTOCK_000657,STORE_17,SKU_139,2026-04-12,21,2
RESTOCK_005542,STORE_17,SKU_055,2026-04-12,13,4
RESTOCK_005068,STORE_13,SKU_186,2026-04-12,13,3
RESTOCK_001708,STORE_04,SKU_184,2026-04-12,17,1
RESTOCK_000254,STORE_17,SKU_249,2026-04-12,10,4
RESTOCK_006853,STORE_02,SKU_227,2026-04-12,17,4
RESTOCK_000639,STORE_01,SKU_102,2026-04-12,14,4
RESTOCK_000844,STORE_13,SKU_218,2026-04-12,11,2
RESTOCK_004592,STORE_15,SKU_224,2026-04-12,13,3
RESTOCK_000742,STORE_06,SKU_024,2026-04-12,27,3
RESTOCK_004139,STORE_15,SKU_236,2026-04-13,13,4
RESTOCK_003080,STORE_06,SKU_184,2026-04-13,12,2
RESTOCK_002717,STORE_13,SKU_077,2026-04-13,12,3
RESTOCK_001866,STORE_10,SKU_222,2026-04-13,10,4
RESTOCK_002260,STORE_18,SKU_215,2026-04-13,17,3
RESTOCK_006881,STORE_18,SKU_224,2026-04-13,15,1
RESTOCK_003110,STORE_04,SKU_150,2026-04-13,15,2
RESTOCK_004971,STORE_18,SKU_109,2026-04-13,21,4
RESTOCK_002518,STORE_01,SKU_219,2026-04-13,12,2
RESTOCK_006995,STORE_09,SKU_092,2026-04-13,18,4
RESTOCK_000214,STORE_08,SKU_208,2026-04-13,18,4
RESTOCK_001547,STORE_12,SKU_124,2026-04-13,33,2
RESTOCK_006891,STORE_10,SKU_090,2026-04-13,19,4
RESTOCK_002328,STORE_16,SKU_187,2026-04-13,22,2
RESTOCK_004504,STORE_17,SKU_193,2026-04-13,20,1
RESTOCK_006446,STORE_02,SKU_109,2026-04-13,16,3
RESTOCK_000061,STORE_08,SKU_201,2026-04-13,15,3
RESTOCK_006341,STORE_01,SKU_073,2026-04-13,14,4
RESTOCK_004074,STORE_06,SKU_158,2026-04-13,15,3
RESTOCK_003468,STORE_16,SKU_039,2026-04-13,42,1
RESTOCK_002604,STORE_02,SKU_072,2026-04-13,17,1
RESTOCK_001040,STORE_04,SKU_070,2026-04-13,14,1
RESTOCK_005434,STORE_15,SKU_086,2026-04-13,13,2
RESTOCK_006135,STORE_12,SKU_020,2026-04-13,41,2
RESTOCK_001969,STORE_17,SKU_235,2026-04-13,20,3
RESTOCK_004970,STORE_02,SKU_127,2026-04-13,14,4
RESTOCK_005195,STORE_17,SKU_208,2026-04-13,14,2
RESTOCK_000137,STORE_07,SKU_028,2026-04-13,8,5
RESTOCK_001500,STORE_16,SKU_144,2026-04-13,19,1
RESTOCK_006798,STORE_04,SKU_072,2026-04-14,15,1
RESTOCK_000268,STORE_18,SKU_138,2026-04-14,24,4
RESTOCK_003697,STORE_05,SKU_085,2026-04-14,21,1
RESTOCK_005629,STORE_01,SKU_028,2026-04-14,11,3
RESTOCK_004937,STORE_12,SKU_007,2026-04-14,18,1
RESTOCK_000599,STORE_18,SKU_085,2026-04-14,19,3
RESTOCK_004519,STORE_18,SKU_236,2026-04-14,12,4
RESTOCK_000476,STORE_07,SKU_194,2026-04-14,10,5
RESTOCK_000624,STORE_15,SKU_134,2026-04-14,12,3
RESTOCK_000859,STORE_12,SKU_202,2026-04-14,19,2
RESTOCK_004690,STORE_11,SKU_040,2026-04-14,8,5
RESTOCK_001507,STORE_05,SKU_221,2026-04-14,39,2
RESTOCK_005430,STORE_14,SKU_219,2026-04-14,16,3
RESTOCK_005694,STORE_08,SKU_245,2026-04-14,15,3
RESTOCK_006686,STORE_10,SKU_145,2026-04-14,20,4
RESTOCK_004072,STORE_06,SKU_099,2026-04-14,18,3
RESTOCK_002128,STORE_11,SKU_141,2026-04-14,7,5
RESTOCK_003235,STORE_08,SKU_240,2026-04-14,15,1
RESTOCK_006180,STORE_11,SKU_214,2026-04-14,6,3
RESTOCK_005163,STORE_15,SKU_038,2026-04-14,14,4
RESTOCK_003243,STORE_06,SKU_184,2026-04-15,15,1
RESTOCK_003869,STORE_14,SKU_071,2026-04-15,13,1
RESTOCK_002425,STORE_07,SKU_199,2026-04-15,8,6
RESTOCK_004634,STORE_07,SKU_244,2026-04-15,7,6
RESTOCK_004811,STORE_09,SKU_219,2026-04-15,11,4
RESTOCK_006444,STORE_03,SKU_152,2026-04-15,7,4
RESTOCK_004039,STORE_08,SKU_157,2026-04-15,15,3
RESTOCK_001700,STORE_08,SKU_092,2026-04-15,17,2
RESTOCK_006293,STORE_03,SKU_077,2026-04-15,13,4
RESTOCK_004723,STORE_06,SKU_107,2026-04-15,9,2
RESTOCK_003401,STORE_09,SKU_174,2026-04-15,13,4
RESTOCK_000899,STORE_07,SKU_056,2026-04-15,5,4
RESTOCK_000384,STORE_12,SKU_071,2026-04-15,21,2
RESTOCK_002960,STORE_01,SKU_169,2026-04-15,14,4
RESTOCK_000542,STORE_01,SKU_014,2026-04-15,20,1
RESTOCK_000708,STORE_01,SKU_154,2026-04-15,19,4
RESTOCK_000989,STORE_03,SKU_145,2026-04-15,12,6
RESTOCK_003548,STORE_04,SKU_076,2026-04-15,11,2
RESTOCK_003775,STORE_12,SKU_012,2026-04-15,15,2
RESTOCK_004425,STORE_05,SKU_236,2026-04-15,18,2
RESTOCK_001086,STORE_08,SKU_068,2026-04-15,17,2
RESTOCK_006655,STORE_13,SKU_179,2026-04-16,17,2
RESTOCK_005766,STORE_03,SKU_086,2026-04-16,14,4
RESTOCK_003301,STORE_01,SKU_125,2026-04-16,8,3
RESTOCK_000894,STORE_09,SKU_150,2026-04-16,16,1
RESTOCK_001921,STORE_10,SKU_199,2026-04-16,10,1
RESTOCK_000975,STORE_01,SKU_084,2026-04-16,10,1
RESTOCK_002793,STORE_18,SKU_027,2026-04-16,8,3
RESTOCK_001713,STORE_07,SKU_186,2026-04-16,8,5
RESTOCK_003993,STORE_03,SKU_170,2026-04-16,19,5
RESTOCK_004671,STORE_15,SKU_043,2026-04-16,15,2
RESTOCK_006498,STORE_08,SKU_101,2026-04-16,19,1
RESTOCK_005464,STORE_16,SKU_243,2026-04-16,21,2
RESTOCK_005602,STORE_06,SKU_124,2026-04-16,11,2
RESTOCK_002902,STORE_01,SKU_022,2026-04-16,10,4
RESTOCK_004169,STORE_18,SKU_168,2026-04-16,13,4
RESTOCK_001098,STORE_10,SKU_179,2026-04-16,14,4
RESTOCK_006828,STORE_03,SKU_105,2026-04-16,13,6
RESTOCK_006091,STORE_07,SKU_113,2026-04-16,10,5
RESTOCK_006112,STORE_11,SKU_016,2026-04-16,8,6
RESTOCK_003868,STORE_16,SKU_233,2026-04-16,16,2
RESTOCK_003820,STORE_11,SKU_054,2026-04-16,9,4
RESTOCK_003414,STORE_06,SKU_234,2026-04-16,16,2
RESTOCK_005721,STORE_01,SKU_182,2026-04-16,14,2
RESTOCK_002876,STORE_15,SKU_070,2026-04-16,21,1
RESTOCK_005116,STORE_14,SKU_050,2026-04-17,24,2
RESTOCK_002662,STORE_11,SKU_224,2026-04-17,9,6
RESTOCK_002667,STORE_06,SKU_086,2026-04-17,23,1
RESTOCK_003430,STORE_07,SKU_145,2026-04-17,13,4
RESTOCK_005893,STORE_03,SKU_066,2026-04-17,9,4
RESTOCK_000325,STORE_09,SKU_108,2026-04-17,12,1
RESTOCK_003259,STORE_17,SKU_111,2026-04-17,18,1
RESTOCK_001522,STORE_01,SKU_220,2026-04-17,12,2
RESTOCK_002900,STORE_12,SKU_182,2026-04-17,39,1
RESTOCK_000587,STORE_17,SKU_227,2026-04-17,14,3
RESTOCK_005165,STORE_04,SKU_050,2026-04-17,17,3
RESTOCK_001076,STORE_12,SKU_074,2026-04-17,32,2
RESTOCK_005021,STORE_08,SKU_199,2026-04-17,13,1
RESTOCK_001192,STORE_17,SKU_200,2026-04-17,21,2
RESTOCK_001050,STORE_15,SKU_245,2026-04-17,20,4
RESTOCK_001593,STORE_02,SKU_010,2026-04-17,20,1
RESTOCK_004870,STORE_06,SKU_029,2026-04-17,15,3
RESTOCK_003307,STORE_18,SKU_106,2026-04-17,13,3
RESTOCK_005606,STORE_10,SKU_198,2026-04-17,14,1
RESTOCK_000741,STORE_14,SKU_203,2026-04-17,19,3
RESTOCK_002734,STORE_18,SKU_171,2026-04-17,15,2
RESTOCK_006297,STORE_16,SKU_209,2026-04-17,27,1
RESTOCK_005237,STORE_16,SKU_065,2026-04-17,17,1
RESTOCK_001112,STORE_03,SKU_056,2026-04-18,10,6
RESTOCK_001152,STORE_15,SKU_193,2026-04-18,15,3
RESTOCK_003157,STORE_13,SKU_051,2026-04-18,15,4
RESTOCK_005275,STORE_08,SKU_132,2026-04-18,20,1
RESTOCK_006108,STORE_07,SKU_221,2026-04-18,15,3
RESTOCK_002955,STORE_16,SKU_215,2026-04-18,29,1
RESTOCK_005044,STORE_16,SKU_133,2026-04-18,29,1
RESTOCK_006693,STORE_08,SKU_101,2026-04-18,24,1
RESTOCK_000985,STORE_06,SKU_023,2026-04-18,13,1
RESTOCK_005107,STORE_18,SKU_123,2026-04-18,10,3
RESTOCK_002855,STORE_15,SKU_236,2026-04-18,14,1
RESTOCK_001332,STORE_15,SKU_172,2026-04-18,12,2
RESTOCK_002413,STORE_08,SKU_216,2026-04-18,17,1
RESTOCK_002350,STORE_11,SKU_191,2026-04-18,13,4
RESTOCK_001920,STORE_02,SKU_064,2026-04-18,20,4
RESTOCK_000138,STORE_06,SKU_188,2026-04-18,21,1
RESTOCK_002369,STORE_04,SKU_180,2026-04-18,18,4
RESTOCK_001515,STORE_07,SKU_130,2026-04-18,15,5
RESTOCK_001761,STORE_10,SKU_189,2026-04-18,17,2
RESTOCK_002387,STORE_16,SKU_200,2026-04-18,28,2
RESTOCK_006640,STORE_17,SKU_131,2026-04-18,9,4
RESTOCK_004317,STORE_05,SKU_079,2026-04-18,37,2
RESTOCK_001998,STORE_17,SKU_080,2026-04-18,12,3
RESTOCK_003464,STORE_01,SKU_133,2026-04-18,23,2
RESTOCK_001767,STORE_07,SKU_041,2026-04-18,11,4
RESTOCK_004195,STORE_12,SKU_207,2026-04-18,35,2
RESTOCK_002421,STORE_14,SKU_152,2026-04-18,22,2
RESTOCK_006262,STORE_14,SKU_197,2026-04-18,13,1
RESTOCK_005669,STORE_12,SKU_010,2026-04-18,26,2
RESTOCK_001780,STORE_07,SKU_102,2026-04-19,6,5
RESTOCK_000775,STORE_09,SKU_138,2026-04-19,15,3
RESTOCK_003501,STORE_09,SKU_124,2026-04-19,17,3
RESTOCK_006971,STORE_09,SKU_127,2026-04-19,14,1
RESTOCK_005510,STORE_12,SKU_103,2026-04-19,38,2
RESTOCK_002566,STORE_01,SKU_168,2026-04-19,21,1
RESTOCK_006100,STORE_13,SKU_185,2026-04-19,10,4
RESTOCK_003303,STORE_03,SKU_121,2026-04-19,10,4
RESTOCK_000230,STORE_04,SKU_247,2026-04-19,12,1
RESTOCK_006312,STORE_11,SKU_172,2026-04-19,6,3
RESTOCK_000396,STORE_18,SKU_135,2026-04-19,10,1
RESTOCK_001145,STORE_03,SKU_096,2026-04-19,18,3
RESTOCK_003490,STORE_08,SKU_034,2026-04-19,16,1
RESTOCK_006794,STORE_11,SKU_181,2026-04-19,13,4
RESTOCK_006819,STORE_18,SKU_172,2026-04-19,13,4
RESTOCK_005776,STORE_16,SKU_125,2026-04-19,13,2
RESTOCK_005789,STORE_17,SKU_124,2026-04-19,26,1
RESTOCK_001744,STORE_10,SKU_153,2026-04-19,13,4
RESTOCK_002365,STORE_06,SKU_220,2026-04-19,12,2
RESTOCK_004908,STORE_15,SKU_050,2026-04-19,17,1
RESTOCK_000630,STORE_08,SKU_088,2026-04-19,14,2
RESTOCK_006421,STORE_13,SKU_209,2026-04-19,15,4
RESTOCK_003175,STORE_04,SKU_235,2026-04-19,16,2
RESTOCK_003253,STORE_16,SKU_002,2026-04-19,36,2
RESTOCK_002549,STORE_11,SKU_005,2026-04-19,8,6
RESTOCK_004503,STORE_02,SKU_165,2026-04-19,12,1
RESTOCK_004729,STORE_17,SKU_226,2026-04-19,14,2
RESTOCK_005082,STORE_04,SKU_095,2026-04-19,19,2
RESTOCK_000419,STORE_17,SKU_234,2026-04-19,15,4
RESTOCK_001913,STORE_13,SKU_175,2026-04-19,13,3
RESTOCK_000618,STORE_02,SKU_023,2026-04-19,12,1
RESTOCK_003528,STORE_06,SKU_077,2026-04-19,18,2
RESTOCK_006393,STORE_13,SKU_149,2026-04-19,15,4
RESTOCK_006385,STORE_03,SKU_085,2026-04-19,12,3
RESTOCK_005136,STORE_12,SKU_240,2026-04-19,37,2
RESTOCK_003663,STORE_08,SKU_226,2026-04-19,27,3
RESTOCK_005737,STORE_10,SKU_011,2026-04-19,11,4
RESTOCK_004114,STORE_04,SKU_164,2026-04-19,26,2
RESTOCK_005008,STORE_13,SKU_088,2026-04-19,14,4
RESTOCK_003206,STORE_13,SKU_067,2026-04-19,13,3
RESTOCK_004284,STORE_15,SKU_091,2026-04-19,13,3
RESTOCK_006510,STORE_01,SKU_115,2026-04-19,26,3
RESTOCK_003433,STORE_04,SKU_250,2026-04-20,11,1
RESTOCK_006820,STORE_14,SKU_137,2026-04-20,13,1
RESTOCK_006813,STORE_11,SKU_124,2026-04-20,17,6
RESTOCK_005259,STORE_07,SKU_031,2026-04-20,12,4
RESTOCK_000185,STORE_01,SKU_242,2026-04-20,31,2
RESTOCK_004422,STORE_14,SKU_015,2026-04-20,13,3
RESTOCK_002571,STORE_08,SKU_095,2026-04-20,12,3
RESTOCK_006482,STORE_04,SKU_052,2026-04-20,15,3
RESTOCK_004212,STORE_17,SKU_142,2026-04-20,14,1
RESTOCK_004559,STORE_01,SKU_060,2026-04-20,9,1
RESTOCK_006355,STORE_02,SKU_210,2026-04-20,26,4
RESTOCK_001916,STORE_06,SKU_186,2026-04-20,9,1
RESTOCK_001826,STORE_17,SKU_221,2026-04-20,12,1
RESTOCK_004996,STORE_02,SKU_018,2026-04-20,11,3
RESTOCK_002987,STORE_13,SKU_059,2026-04-20,13,3
RESTOCK_001141,STORE_02,SKU_041,2026-04-20,14,4
RESTOCK_004273,STORE_15,SKU_231,2026-04-20,13,2
RESTOCK_000361,STORE_05,SKU_040,2026-04-20,42,2
RESTOCK_001418,STORE_07,SKU_051,2026-04-20,15,6
RESTOCK_000030,STORE_04,SKU_017,2026-04-20,11,1
RESTOCK_000134,STORE_13,SKU_159,2026-04-20,18,4
RESTOCK_003967,STORE_04,SKU_231,2026-04-20,10,3
RESTOCK_000627,STORE_16,SKU_178,2026-04-20,29,1
RESTOCK_002705,STORE_16,SKU_110,2026-04-20,32,2
RESTOCK_001215,STORE_05,SKU_053,2026-04-20,27,1
RESTOCK_002825,STORE_03,SKU_200,2026-04-20,10,4
RESTOCK_002696,STORE_06,SKU_010,2026-04-20,16,1
RESTOCK_001509,STORE_13,SKU_111,2026-04-20,17,2
RESTOCK_004669,STORE_08,SKU_013,2026-04-20,18,1
RESTOCK_001453,STORE_12,SKU_146,2026-04-20,15,1
RESTOCK_004190,STORE_08,SKU_228,2026-04-20,11,2
RESTOCK_001645,STORE_07,SKU_032,2026-04-20,7,3
RESTOCK_005771,STORE_09,SKU_149,2026-04-20,15,4
RESTOCK_002040,STORE_14,SKU_061,2026-04-21,8,1
RESTOCK_006109,STORE_07,SKU_013,2026-04-21,12,5
RESTOCK_004672,STORE_07,SKU_139,2026-04-21,10,4
RESTOCK_003732,STORE_15,SKU_216,2026-04-21,19,4
RESTOCK_005461,STORE_14,SKU_005,2026-04-21,14,4
RESTOCK_001454,STORE_13,SKU_094,2026-04-21,20,4
RESTOCK_004904,STORE_12,SKU_232,2026-04-21,32,1
RESTOCK_005715,STORE_16,SKU_230,2026-04-21,26,2
RESTOCK_000626,STORE_11,SKU_134,2026-04-21,8,5
RESTOCK_001071,STORE_05,SKU_148,2026-04-21,18,1
RESTOCK_005262,STORE_01,SKU_223,2026-04-21,19,3
RESTOCK_002559,STORE_13,SKU_136,2026-04-21,10,4
RESTOCK_003233,STORE_05,SKU_024,2026-04-21,33,2
RESTOCK_000995,STORE_18,SKU_028,2026-04-21,17,1
RESTOCK_005006,STORE_18,SKU_145,2026-04-21,14,1
RESTOCK_004168,STORE_08,SKU_228,2026-04-21,17,3
RESTOCK_002879,STORE_08,SKU_080,2026-04-21,16,4
RESTOCK_004155,STORE_14,SKU_208,2026-04-21,10,1
RESTOCK_003780,STORE_03,SKU_182,2026-04-21,7,3
RESTOCK_002402,STORE_01,SKU_012,2026-04-21,14,4
RESTOCK_006832,STORE_07,SKU_200,2026-04-22,8,3
RESTOCK_004306,STORE_05,SKU_162,2026-04-22,30,2
RESTOCK_001606,STORE_14,SKU_101,2026-04-22,15,1
RESTOCK_002679,STORE_05,SKU_125,2026-04-22,21,2
RESTOCK_002763,STORE_11,SKU_229,2026-04-22,16,6
RESTOCK_000834,STORE_13,SKU_129,2026-04-22,14,4
RESTOCK_006045,STORE_04,SKU_065,2026-04-22,10,2
RESTOCK_005727,STORE_02,SKU_196,2026-04-22,12,2
RESTOCK_006406,STORE_10,SKU_015,2026-04-22,16,3
RESTOCK_006172,STORE_11,SKU_242,2026-04-22,11,3
RESTOCK_005516,STORE_02,SKU_048,2026-04-22,18,4
RESTOCK_004022,STORE_13,SKU_162,2026-04-22,16,4
RESTOCK_000160,STORE_05,SKU_109,2026-04-22,27,1
RESTOCK_002644,STORE_09,SKU_217,2026-04-22,21,1
RESTOCK_005646,STORE_04,SKU_073,2026-04-22,11,1
RESTOCK_005435,STORE_11,SKU_115,2026-04-22,11,4
RESTOCK_006240,STORE_13,SKU_073,2026-04-22,15,2
RESTOCK_006241,STORE_05,SKU_205,2026-04-22,38,2
RESTOCK_005444,STORE_18,SKU_097,2026-04-22,16,1
RESTOCK_004432,STORE_04,SKU_215,2026-04-22,14,4
RESTOCK_004614,STORE_16,SKU_044,2026-04-22,26,2
RESTOCK_006272,STORE_18,SKU_229,2026-04-22,18,4
RESTOCK_001003,STORE_09,SKU_081,2026-04-22,20,1
RESTOCK_003071,STORE_14,SKU_105,2026-04-22,16,1
RESTOCK_002716,STORE_02,SKU_005,2026-04-22,14,2
RESTOCK_000116,STORE_05,SKU_062,2026-04-22,27,2
RESTOCK_005162,STORE_06,SKU_063,2026-04-22,10,3
RESTOCK_004216,STORE_06,SKU_135,2026-04-22,16,3
RESTOCK_003271,STORE_15,SKU_250,2026-04-22,17,1
RESTOCK_004254,STORE_03,SKU_134,2026-04-22,7,6
RESTOCK_004557,STORE_16,SKU_146,2026-04-22,16,2
RESTOCK_002967,STORE_08,SKU_159,2026-04-22,23,1
RESTOCK_001196,STORE_05,SKU_003,2026-04-22,18,2
RESTOCK_004554,STORE_13,SKU_185,2026-04-22,11,3
RESTOCK_000220,STORE_03,SKU_038,2026-04-23,10,5
RESTOCK_001041,STORE_17,SKU_242,2026-04-23,19,3
RESTOCK_001997,STORE_08,SKU_161,2026-04-23,12,4
RESTOCK_001742,STORE_18,SKU_196,2026-04-23,12,4
RESTOCK_003930,STORE_03,SKU_137,2026-04-23,7,4
RESTOCK_003164,STORE_17,SKU_193,2026-04-23,22,1
RESTOCK_004253,STORE_17,SKU_115,2026-04-23,14,2
RESTOCK_002638,STORE_12,SKU_237,2026-04-23,25,1
RESTOCK_006634,STORE_14,SKU_218,2026-04-23,11,3
RESTOCK_005250,STORE_17,SKU_156,2026-04-23,17,3
RESTOCK_002563,STORE_13,SKU_250,2026-04-23,16,2
RESTOCK_003178,STORE_01,SKU_139,2026-04-23,16,2
RESTOCK_006171,STORE_04,SKU_154,2026-04-23,13,4
RESTOCK_002494,STORE_02,SKU_183,2026-04-23,19,4
RESTOCK_002591,STORE_18,SKU_038,2026-04-23,11,1
RESTOCK_002431,STORE_01,SKU_047,2026-04-23,19,2
RESTOCK_005911,STORE_17,SKU_235,2026-04-23,24,3
RESTOCK_000820,STORE_01,SKU_204,2026-04-23,16,1
RESTOCK_001179,STORE_14,SKU_177,2026-04-23,10,1
RESTOCK_003031,STORE_01,SKU_064,2026-04-23,23,4
RESTOCK_001016,STORE_06,SKU_145,2026-04-23,19,2
RESTOCK_006376,STORE_09,SKU_005,2026-04-23,9,3
RESTOCK_001783,STORE_04,SKU_169,2026-04-23,13,3
RESTOCK_005801,STORE_08,SKU_230,2026-04-23,20,1
RESTOCK_006344,STORE_13,SKU_231,2026-04-23,14,2
RESTOCK_005178,STORE_15,SKU_057,2026-04-23,11,3
RESTOCK_006909,STORE_02,SKU_186,2026-04-23,11,3
RESTOCK_003596,STORE_14,SKU_173,2026-04-23,9,3
RESTOCK_003637,STORE_15,SKU_187,2026-04-23,16,4
RESTOCK_004003,STORE_13,SKU_057,2026-04-23,13,1
RESTOCK_005424,STORE_16,SKU_108,2026-04-23,25,2
RESTOCK_005683,STORE_13,SKU_074,2026-04-23,25,3
RESTOCK_002292,STORE_10,SKU_113,2026-04-23,12,4
RESTOCK_005216,STORE_09,SKU_123,2026-04-23,9,2
RESTOCK_003724,STORE_16,SKU_037,2026-04-23,18,1
RESTOCK_004104,STORE_01,SKU_135,2026-04-23,17,4
RESTOCK_006809,STORE_15,SKU_210,2026-04-23,15,4
RESTOCK_005138,STORE_11,SKU_095,2026-04-24,14,5
RESTOCK_005174,STORE_17,SKU_236,2026-04-24,12,3
RESTOCK_004449,STORE_18,SKU_197,2026-04-24,13,4
RESTOCK_006035,STORE_17,SKU_210,2026-04-24,15,2
RESTOCK_001970,STORE_11,SKU_157,2026-04-24,10,4
RESTOCK_002177,STORE_15,SKU_118,2026-04-24,20,1
RESTOCK_004516,STORE_05,SKU_030,2026-04-24,14,2
RESTOCK_001835,STORE_08,SKU_208,2026-04-24,22,3
RESTOCK_006549,STORE_06,SKU_017,2026-04-24,16,2
RESTOCK_004256,STORE_03,SKU_225,2026-04-24,9,5
RESTOCK_000076,STORE_11,SKU_039,2026-04-24,16,3
RESTOCK_001544,STORE_05,SKU_207,2026-04-24,26,2
RESTOCK_004758,STORE_02,SKU_177,2026-04-24,24,4
RESTOCK_004809,STORE_07,SKU_078,2026-04-24,9,6
RESTOCK_005754,STORE_18,SKU_168,2026-04-24,16,2
RESTOCK_006165,STORE_11,SKU_084,2026-04-24,13,6
RESTOCK_000846,STORE_04,SKU_062,2026-04-24,16,4
RESTOCK_005387,STORE_14,SKU_034,2026-04-24,16,4
RESTOCK_002122,STORE_10,SKU_081,2026-04-24,19,3
RESTOCK_003130,STORE_13,SKU_146,2026-04-24,14,3
RESTOCK_004916,STORE_09,SKU_133,2026-04-24,19,4
RESTOCK_006841,STORE_04,SKU_066,2026-04-24,9,2
RESTOCK_004939,STORE_09,SKU_240,2026-04-24,12,3
RESTOCK_000934,STORE_04,SKU_028,2026-04-24,17,2
RESTOCK_003680,STORE_11,SKU_065,2026-04-24,9,5
RESTOCK_001015,STORE_09,SKU_223,2026-04-24,23,1
RESTOCK_001963,STORE_18,SKU_234,2026-04-25,14,2
RESTOCK_006046,STORE_05,SKU_199,2026-04-25,18,1
RESTOCK_006509,STORE_05,SKU_175,2026-04-25,36,2
RESTOCK_000759,STORE_02,SKU_075,2026-04-25,19,3
RESTOCK_006774,STORE_14,SKU_017,2026-04-25,16,3
RESTOCK_000668,STORE_15,SKU_201,2026-04-25,21,4
RESTOCK_000098,STORE_01,SKU_052,2026-04-25,17,3
RESTOCK_001455,STORE_13,SKU_236,2026-04-25,14,3
RESTOCK_002922,STORE_13,SKU_228,2026-04-25,13,4
RESTOCK_002889,STORE_17,SKU_017,2026-04-25,17,4
RESTOCK_001245,STORE_08,SKU_154,2026-04-25,18,2
RESTOCK_005971,STORE_09,SKU_219,2026-04-25,15,3
RESTOCK_006968,STORE_08,SKU_142,2026-04-25,17,4
RESTOCK_000101,STORE_15,SKU_022,2026-04-25,14,2
RESTOCK_003863,STORE_08,SKU_167,2026-04-25,25,3
RESTOCK_005739,STORE_04,SKU_140,2026-04-25,14,2
RESTOCK_005772,STORE_13,SKU_238,2026-04-25,18,4
RESTOCK_005405,STORE_14,SKU_062,2026-04-25,19,1
RESTOCK_005736,STORE_11,SKU_012,2026-04-25,10,5
RESTOCK_003586,STORE_11,SKU_117,2026-04-25,11,4
RESTOCK_004544,STORE_10,SKU_154,2026-04-25,16,1
RESTOCK_005440,STORE_15,SKU_176,2026-04-25,13,3
RESTOCK_005538,STORE_09,SKU_112,2026-04-25,14,3
RESTOCK_003693,STORE_13,SKU_008,2026-04-25,15,2
RESTOCK_005466,STORE_17,SKU_152,2026-04-25,15,1
RESTOCK_003817,STORE_10,SKU_066,2026-04-25,12,1
RESTOCK_004543,STORE_07,SKU_140,2026-04-26,13,6
RESTOCK_001673,STORE_12,SKU_213,2026-04-26,25,1
RESTOCK_004029,STORE_17,SKU_073,2026-04-26,17,4
RESTOCK_003220,STORE_15,SKU_120,2026-04-26,18,3
RESTOCK_004469,STORE_16,SKU_197,2026-04-26,21,2
RESTOCK_000415,STORE_13,SKU_185,2026-04-26,14,3
RESTOCK_002530,STORE_17,SKU_009,2026-04-26,14,4
RESTOCK_005272,STORE_10,SKU_157,2026-04-26,9,2
RESTOCK_004053,STORE_09,SKU_132,2026-04-26,19,3
RESTOCK_003447,STORE_18,SKU_123,2026-04-26,12,3
RESTOCK_006176,STORE_03,SKU_121,2026-04-26,7,4
RESTOCK_001170,STORE_15,SKU_075,2026-04-26,15,1
RESTOCK_006564,STORE_15,SKU_221,2026-04-26,15,1
RESTOCK_000684,STORE_13,SKU_063,2026-04-26,13,4
RESTOCK_006303,STORE_11,SKU_029,2026-04-26,12,3
RESTOCK_003885,STORE_07,SKU_095,2026-04-26,9,3
RESTOCK_005527,STORE_06,SKU_222,2026-04-26,12,1
RESTOCK_004240,STORE_18,SKU_241,2026-04-26,16,3
RESTOCK_003021,STORE_16,SKU_246,2026-04-27,29,2
RESTOCK_001413,STORE_01,SKU_144,2026-04-27,10,4
RESTOCK_005419,STORE_10,SKU_231,2026-04-27,9,4
RESTOCK_004367,STORE_11,SKU_201,2026-04-27,11,4
RESTOCK_005458,STORE_08,SKU_121,2026-04-27,15,3
RESTOCK_001042,STORE_07,SKU_130,2026-04-27,13,4
RESTOCK_001809,STORE_02,SKU_057,2026-04-27,9,1
RESTOCK_005997,STORE_12,SKU_250,2026-04-27,35,2
RESTOCK_004531,STORE_02,SKU_047,2026-04-27,23,4
RESTOCK_004121,STORE_14,SKU_069,2026-04-27,17,1
RESTOCK_003608,STORE_08,SKU_005,2026-04-27,13,3
RESTOCK_003516,STORE_04,SKU_036,2026-04-27,12,2
RESTOCK_003519,STORE_04,SKU_097,2026-04-27,17,3
RESTOCK_001930,STORE_14,SKU_141,2026-04-27,14,1
RESTOCK_006086,STORE_13,SKU_138,2026-04-27,15,1
RESTOCK_002864,STORE_17,SKU_164,2026-04-27,17,1
RESTOCK_003545,STORE_13,SKU_235,2026-04-27,17,1
RESTOCK_001651,STORE_12,SKU_009,2026-04-27,22,2
RESTOCK_005787,STORE_10,SKU_223,2026-04-27,19,2
RESTOCK_001610,STORE_16,SKU_239,2026-04-27,27,2
RESTOCK_000603,STORE_02,SKU_192,2026-04-27,15,4
RESTOCK_006192,STORE_10,SKU_081,2026-04-27,22,2
RESTOCK_002730,STORE_11,SKU_030,2026-04-27,7,3
RESTOCK_001897,STORE_14,SKU_070,2026-04-27,16,2
RESTOCK_000124,STORE_02,SKU_077,2026-04-27,22,1
RESTOCK_006471,STORE_07,SKU_125,2026-04-27,9,3
RESTOCK_006508,STORE_01,SKU_094,2026-04-27,9,4
RESTOCK_001225,STORE_09,SKU_102,2026-04-27,10,2
RESTOCK_005954,STORE_15,SKU_117,2026-04-27,25,3
RESTOCK_004852,STORE_05,SKU_006,2026-04-27,20,1
RESTOCK_003207,STORE_08,SKU_129,2026-04-27,16,2
RESTOCK_004001,STORE_04,SKU_114,2026-04-27,23,1
RESTOCK_000966,STORE_18,SKU_124,2026-04-27,18,2
RESTOCK_000123,STORE_07,SKU_237,2026-04-27,16,3
RESTOCK_001290,STORE_03,SKU_244,2026-04-27,8,6
RESTOCK_004719,STORE_10,SKU_192,2026-04-27,13,3
RESTOCK_006958,STORE_03,SKU_086,2026-04-27,16,5
RESTOCK_004069,STORE_17,SKU_185,2026-04-27,10,4
RESTOCK_003540,STORE_05,SKU_125,2026-04-27,18,1
RESTOCK_000039,STORE_15,SKU_033,2026-04-27,15,4
RESTOCK_000323,STORE_17,SKU_044,2026-04-28,20,1
RESTOCK_005010,STORE_06,SKU_206,2026-04-28,16,2
RESTOCK_006179,STORE_01,SKU_168,2026-04-28,21,4
RESTOCK_002872,STORE_18,SKU_214,2026-04-28,14,3
RESTOCK_000224,STORE_02,SKU_100,2026-04-28,13,3
RESTOCK_006791,STORE_10,SKU_183,2026-04-28,23,3
RESTOCK_003789,STORE_03,SKU_025,2026-04-28,7,4
RESTOCK_002671,STORE_16,SKU_059,2026-04-28,21,2
RESTOCK_003748,STORE_05,SKU_229,2026-04-28,20,1
RESTOCK_003741,STORE_07,SKU_123,2026-04-28,9,5
RESTOCK_005214,STORE_10,SKU_015,2026-04-28,22,1
RESTOCK_003714,STORE_08,SKU_017,2026-04-28,12,3
RESTOCK_000495,STORE_13,SKU_018,2026-04-28,12,4
RESTOCK_006085,STORE_16,SKU_159,2026-04-28,20,1
RESTOCK_005695,STORE_03,SKU_110,2026-04-28,13,4
RESTOCK_003551,STORE_17,SKU_072,2026-04-28,22,3
RESTOCK_002480,STORE_11,SKU_173,2026-04-28,9,6
RESTOCK_003629,STORE_07,SKU_062,2026-04-28,13,6
RESTOCK_000952,STORE_03,SKU_210,2026-04-28,14,6
RESTOCK_005769,STORE_14,SKU_214,2026-04-28,11,3
RESTOCK_000537,STORE_02,SKU_154,2026-04-28,18,4
RESTOCK_006530,STORE_13,SKU_066,2026-04-28,9,3
RESTOCK_005591,STORE_10,SKU_097,2026-04-28,15,4
RESTOCK_006956,STORE_16,SKU_071,2026-04-28,15,2
RESTOCK_006965,STORE_12,SKU_079,2026-04-28,24,2
RESTOCK_004501,STORE_10,SKU_045,2026-04-28,10,1
RESTOCK_000752,STORE_10,SKU_026,2026-04-28,20,2
RESTOCK_002466,STORE_14,SKU_051,2026-04-29,11,1
RESTOCK_001201,STORE_17,SKU_228,2026-04-29,18,1
RESTOCK_006094,STORE_02,SKU_053,2026-04-29,20,2
RESTOCK_002924,STORE_01,SKU_172,2026-04-29,9,3
RESTOCK_006936,STORE_02,SKU_051,2026-04-29,27,2
RESTOCK_004549,STORE_14,SKU_245,2026-04-29,23,4
RESTOCK_004738,STORE_08,SKU_033,2026-04-29,20,2
RESTOCK_005959,STORE_18,SKU_171,2026-04-29,12,4
RESTOCK_001115,STORE_07,SKU_019,2026-04-29,11,5
RESTOCK_005824,STORE_05,SKU_072,2026-04-29,20,2
RESTOCK_000111,STORE_10,SKU_007,2026-04-29,13,1
RESTOCK_001392,STORE_01,SKU_120,2026-04-29,18,4
RESTOCK_001831,STORE_16,SKU_046,2026-04-29,23,2
RESTOCK_002636,STORE_09,SKU_094,2026-04-29,15,3
RESTOCK_006235,STORE_09,SKU_175,2026-04-29,20,2
RESTOCK_001335,STORE_15,SKU_223,2026-04-29,16,1
RESTOCK_004977,STORE_13,SKU_104,2026-04-29,18,4
RESTOCK_000055,STORE_04,SKU_020,2026-04-29,14,4
RESTOCK_002581,STORE_13,SKU_038,2026-04-29,14,4
RESTOCK_002871,STORE_08,SKU_174,2026-04-29,16,2
RESTOCK_001928,STORE_03,SKU_149,2026-04-29,9,6
RESTOCK_003123,STORE_17,SKU_031,2026-04-29,13,2
RESTOCK_002848,STORE_02,SKU_179,2026-04-29,10,4
RESTOCK_001504,STORE_14,SKU_172,2026-04-29,8,1
RESTOCK_006360,STORE_07,SKU_119,2026-04-29,12,3
RESTOCK_002817,STORE_05,SKU_183,2026-04-29,30,2
RESTOCK_003951,STORE_17,SKU_154,2026-04-29,17,3
RESTOCK_001540,STORE_11,SKU_215,2026-04-29,14,6
RESTOCK_003168,STORE_17,SKU_080,2026-04-29,11,1
RESTOCK_002284,STORE_02,SKU_244,2026-04-29,11,1
RESTOCK_004579,STORE_07,SKU_035,2026-04-30,13,5
RESTOCK_005839,STORE_04,SKU_111,2026-04-30,21,1
RESTOCK_004113,STORE_18,SKU_112,2026-04-30,12,1
RESTOCK_002112,STORE_11,SKU_123,2026-04-30,10,3
RESTOCK_005980,STORE_12,SKU_112,2026-04-30,19,2
RESTOCK_004800,STORE_04,SKU_249,2026-04-30,9,4
RESTOCK_001665,STORE_02,SKU_224,2026-04-30,27,3
RESTOCK_006371,STORE_01,SKU_146,2026-04-30,7,2
RESTOCK_003319,STORE_17,SKU_212,2026-04-30,17,4
RESTOCK_002966,STORE_09,SKU_101,2026-04-30,22,4
RESTOCK_004766,STORE_06,SKU_091,2026-04-30,11,2
RESTOCK_003735,STORE_03,SKU_160,2026-04-30,16,4
RESTOCK_005522,STORE_18,SKU_136,2026-04-30,14,2
RESTOCK_005443,STORE_17,SKU_207,2026-04-30,19,3
RESTOCK_005183,STORE_07,SKU_040,2026-04-30,18,6
RESTOCK_001030,STORE_13,SKU_009,2026-04-30,13,1
RESTOCK_000757,STORE_13,SKU_065,2026-04-30,12,4
RESTOCK_000136,STORE_03,SKU_114,2026-04-30,14,5
RESTOCK_002504,STORE_15,SKU_086,2026-04-30,15,4
RESTOCK_006691,STORE_12,SKU_141,2026-04-30,22,1
RESTOCK_006336,STORE_01,SKU_075,2026-04-30,17,4
RESTOCK_006701,STORE_05,SKU_139,2026-04-30,27,2
RESTOCK_004548,STORE_18,SKU_174,2026-04-30,21,4
RESTOCK_006504,STORE_18,SKU_024,2026-04-30,14,2
RESTOCK_002051,STORE_02,SKU_159,2026-05-01,20,3
RESTOCK_003753,STORE_05,SKU_001,2026-05-01,34,1
RESTOCK_004986,STORE_17,SKU_222,2026-05-01,19,4
RESTOCK_005379,STORE_10,SKU_195,2026-05-01,13,4
RESTOCK_003843,STORE_18,SKU_168,2026-05-01,16,2
RESTOCK_003435,STORE_10,SKU_026,2026-05-01,25,4
RESTOCK_002894,STORE_17,SKU_243,2026-05-01,14,3
RESTOCK_004486,STORE_10,SKU_105,2026-05-01,19,1
RESTOCK_001200,STORE_03,SKU_209,2026-05-01,15,4
RESTOCK_004518,STORE_13,SKU_072,2026-05-01,20,1
RESTOCK_004631,STORE_12,SKU_019,2026-05-01,24,2
RESTOCK_005564,STORE_07,SKU_104,2026-05-01,12,5
RESTOCK_002570,STORE_08,SKU_117,2026-05-01,16,2
RESTOCK_004327,STORE_04,SKU_157,2026-05-01,14,3
RESTOCK_003221,STORE_08,SKU_079,2026-05-01,21,4
RESTOCK_004329,STORE_09,SKU_117,2026-05-01,12,1
RESTOCK_005635,STORE_02,SKU_003,2026-05-01,15,1
RESTOCK_001465,STORE_09,SKU_064,2026-05-01,24,4
RESTOCK_006058,STORE_17,SKU_213,2026-05-01,18,4
RESTOCK_005423,STORE_10,SKU_141,2026-05-01,10,4
RESTOCK_002358,STORE_14,SKU_096,2026-05-01,15,3
RESTOCK_002148,STORE_04,SKU_011,2026-05-01,13,2
RESTOCK_006646,STORE_11,SKU_014,2026-05-01,6,4
RESTOCK_000188,STORE_18,SKU_136,2026-05-01,13,3
RESTOCK_002077,STORE_07,SKU_132,2026-05-01,15,6
RESTOCK_003013,STORE_02,SKU_068,2026-05-01,17,4
RESTOCK_005485,STORE_11,SKU_162,2026-05-01,14,6
RESTOCK_005973,STORE_08,SKU_224,2026-05-01,23,2
RESTOCK_000585,STORE_12,SKU_113,2026-05-02,28,1
RESTOCK_005012,STORE_16,SKU_136,2026-05-02,20,1
RESTOCK_005506,STORE_16,SKU_247,2026-05-02,26,2
RESTOCK_000225,STORE_03,SKU_090,2026-05-02,16,3
RESTOCK_005200,STORE_04,SKU_098,2026-05-02,9,3
RESTOCK_003119,STORE_06,SKU_017,2026-05-02,17,1
RESTOCK_003238,STORE_06,SKU_105,2026-05-02,24,3
RESTOCK_003399,STORE_15,SKU_052,2026-05-02,16,3
RESTOCK_003537,STORE_15,SKU_003,2026-05-02,17,3
RESTOCK_000986,STORE_09,SKU_240,2026-05-02,12,4
RESTOCK_005467,STORE_10,SKU_128,2026-05-02,18,3
RESTOCK_000777,STORE_12,SKU_234,2026-05-02,37,2
RESTOCK_006116,STORE_06,SKU_045,2026-05-02,11,3
RESTOCK_002008,STORE_08,SKU_094,2026-05-02,11,1
RESTOCK_005227,STORE_01,SKU_247,2026-05-02,17,2
RESTOCK_000114,STORE_17,SKU_231,2026-05-02,12,2
RESTOCK_003260,STORE_16,SKU_248,2026-05-02,22,2
RESTOCK_003945,STORE_15,SKU_115,2026-05-02,14,2
RESTOCK_001914,STORE_14,SKU_122,2026-05-02,19,4
RESTOCK_000354,STORE_05,SKU_101,2026-05-02,42,1
RESTOCK_000216,STORE_06,SKU_120,2026-05-02,17,3
RESTOCK_001055,STORE_11,SKU_015,2026-05-02,12,4
RESTOCK_002762,STORE_06,SKU_005,2026-05-02,12,1
RESTOCK_001038,STORE_08,SKU_094,2026-05-02,9,2
RESTOCK_006518,STORE_05,SKU_019,2026-05-02,43,1
RESTOCK_002649,STORE_01,SKU_183,2026-05-02,26,2
RESTOCK_003902,STORE_03,SKU_125,2026-05-03,6,5
RESTOCK_001955,STORE_15,SKU_069,2026-05-03,16,2
RESTOCK_002265,STORE_17,SKU_021,2026-05-03,13,2
RESTOCK_001175,STORE_05,SKU_020,2026-05-03,21,1
RESTOCK_005482,STORE_13,SKU_151,2026-05-03,18,1
RESTOCK_006678,STORE_01,SKU_238,2026-05-03,23,3
RESTOCK_000560,STORE_06,SKU_097,2026-05-03,14,1
RESTOCK_002731,STORE_04,SKU_103,2026-05-03,14,4
RESTOCK_006577,STORE_18,SKU_218,2026-05-03,11,1
RESTOCK_005663,STORE_13,SKU_089,2026-05-03,20,1
RESTOCK_004844,STORE_13,SKU_223,2026-05-03,16,3
RESTOCK_006463,STORE_14,SKU_120,2026-05-03,13,4
RESTOCK_002023,STORE_05,SKU_051,2026-05-03,42,2
RESTOCK_004123,STORE_02,SKU_182,2026-05-03,13,3
RESTOCK_004756,STORE_04,SKU_051,2026-05-03,20,1
RESTOCK_004412,STORE_16,SKU_221,2026-05-03,21,1
RESTOCK_001276,STORE_02,SKU_145,2026-05-03,17,3
RESTOCK_000239,STORE_16,SKU_089,2026-05-03,29,1
RESTOCK_000062,STORE_16,SKU_113,2026-05-03,25,2
RESTOCK_004760,STORE_12,SKU_152,2026-05-03,29,1
RESTOCK_001178,STORE_07,SKU_162,2026-05-03,13,5
RESTOCK_004177,STORE_13,SKU_205,2026-05-03,10,2
RESTOCK_005376,STORE_04,SKU_176,2026-05-03,19,4
RESTOCK_000016,STORE_12,SKU_049,2026-05-03,20,1
RESTOCK_003145,STORE_05,SKU_028,2026-05-03,23,1
RESTOCK_004929,STORE_06,SKU_172,2026-05-03,8,1
RESTOCK_006027,STORE_16,SKU_008,2026-05-03,22,2
RESTOCK_006093,STORE_10,SKU_100,2026-05-03,12,4
RESTOCK_005341,STORE_13,SKU_226,2026-05-03,18,2
RESTOCK_003387,STORE_12,SKU_138,2026-05-03,36,2
RESTOCK_005197,STORE_17,SKU_093,2026-05-03,14,4
RESTOCK_006947,STORE_07,SKU_117,2026-05-03,8,4
RESTOCK_003297,STORE_12,SKU_003,2026-05-03,28,2
RESTOCK_000949,STORE_08,SKU_010,2026-05-03,22,4
RESTOCK_002951,STORE_05,SKU_198,2026-05-03,15,2
RESTOCK_000954,STORE_15,SKU_039,2026-05-04,16,2
RESTOCK_006950,STORE_08,SKU_128,2026-05-04,19,3
RESTOCK_000084,STORE_07,SKU_056,2026-05-04,5,5
RESTOCK_002711,STORE_13,SKU_154,2026-05-04,12,2
RESTOCK_004562,STORE_18,SKU_221,2026-05-04,15,2
RESTOCK_006739,STORE_10,SKU_126,2026-05-04,21,3
RESTOCK_002101,STORE_08,SKU_145,2026-05-04,25,4
RESTOCK_000108,STORE_09,SKU_192,2026-05-04,15,4
RESTOCK_000831,STORE_10,SKU_208,2026-05-04,19,3
RESTOCK_001686,STORE_15,SKU_078,2026-05-04,16,4
RESTOCK_005395,STORE_01,SKU_206,2026-05-04,18,3
RESTOCK_003708,STORE_10,SKU_138,2026-05-04,13,1
RESTOCK_004637,STORE_13,SKU_206,2026-05-04,26,3
RESTOCK_003345,STORE_08,SKU_196,2026-05-04,9,3
RESTOCK_003023,STORE_04,SKU_245,2026-05-04,13,3
RESTOCK_004909,STORE_11,SKU_118,2026-05-04,13,6
RESTOCK_006880,STORE_01,SKU_072,2026-05-04,16,3
RESTOCK_005432,STORE_04,SKU_165,2026-05-04,20,1
RESTOCK_002487,STORE_12,SKU_110,2026-05-04,37,1
RESTOCK_003417,STORE_02,SKU_217,2026-05-04,21,3
RESTOCK_006882,STORE_12,SKU_027,2026-05-04,13,2
RESTOCK_000686,STORE_10,SKU_015,2026-05-04,17,1
RESTOCK_002776,STORE_03,SKU_222,2026-05-04,9,5
RESTOCK_000753,STORE_05,SKU_194,2026-05-04,32,1
RESTOCK_006145,STORE_16,SKU_054,2026-05-04,22,1
RESTOCK_001120,STORE_13,SKU_228,2026-05-04,13,1
RESTOCK_001240,STORE_13,SKU_004,2026-05-05,9,3
RESTOCK_004262,STORE_11,SKU_045,2026-05-05,14,6
RESTOCK_001461,STORE_18,SKU_012,2026-05-05,13,2
RESTOCK_004044,STORE_01,SKU_192,2026-05-05,14,1
RESTOCK_003171,STORE_17,SKU_215,2026-05-05,16,2
RESTOCK_004496,STORE_11,SKU_004,2026-05-05,10,6
RESTOCK_004355,STORE_10,SKU_179,2026-05-05,11,3
RESTOCK_006626,STORE_13,SKU_081,2026-05-05,13,2
RESTOCK_000261,STORE_05,SKU_096,2026-05-05,33,2
RESTOCK_001287,STORE_08,SKU_224,2026-05-05,29,2
RESTOCK_002914,STORE_16,SKU_174,2026-05-05,27,1
RESTOCK_003713,STORE_16,SKU_071,2026-05-05,23,1
RESTOCK_003616,STORE_02,SKU_009,2026-05-05,12,3
RESTOCK_002779,STORE_08,SKU_223,2026-05-05,24,4
RESTOCK_005974,STORE_03,SKU_129,2026-05-05,16,4
RESTOCK_003469,STORE_02,SKU_023,2026-05-05,15,3
RESTOCK_005186,STORE_08,SKU_179,2026-05-05,10,4
RESTOCK_003965,STORE_16,SKU_091,2026-05-05,16,1
RESTOCK_004871,STORE_15,SKU_019,2026-05-05,16,1
RESTOCK_005945,STORE_15,SKU_091,2026-05-05,11,2
RESTOCK_005367,STORE_07,SKU_010,2026-05-05,11,4
RESTOCK_006736,STORE_02,SKU_229,2026-05-05,15,3
RESTOCK_000547,STORE_11,SKU_046,2026-05-05,11,6
RESTOCK_005299,STORE_01,SKU_070,2026-05-05,11,4
RESTOCK_006825,STORE_11,SKU_092,2026-05-05,9,5
RESTOCK_005570,STORE_04,SKU_202,2026-05-05,10,2
RESTOCK_006838,STORE_18,SKU_084,2026-05-05,17,1
RESTOCK_000496,STORE_15,SKU_010,2026-05-05,12,4
RESTOCK_005674,STORE_02,SKU_155,2026-05-06,20,2
RESTOCK_004035,STORE_13,SKU_147,2026-05-06,12,4
RESTOCK_004806,STORE_10,SKU_192,2026-05-06,14,4
RESTOCK_002957,STORE_09,SKU_144,2026-05-06,11,3
RESTOCK_001316,STORE_07,SKU_094,2026-05-06,11,6
RESTOCK_001627,STORE_04,SKU_222,2026-05-06,14,4
RESTOCK_001006,STORE_04,SKU_010,2026-05-06,18,3
RESTOCK_002596,STORE_01,SKU_144,2026-05-06,13,2
RESTOCK_000998,STORE_09,SKU_099,2026-05-06,23,3
RESTOCK_005315,STORE_07,SKU_083,2026-05-06,11,4
RESTOCK_004704,STORE_14,SKU_076,2026-05-06,22,1
RESTOCK_002012,STORE_03,SKU_088,2026-05-06,9,6
RESTOCK_005892,STORE_08,SKU_026,2026-05-06,28,1
RESTOCK_001137,STORE_12,SKU_182,2026-05-06,37,2
RESTOCK_005560,STORE_17,SKU_048,2026-05-06,12,2
RESTOCK_006522,STORE_13,SKU_081,2026-05-06,16,4
RESTOCK_000473,STORE_04,SKU_157,2026-05-06,11,1
RESTOCK_006139,STORE_06,SKU_188,2026-05-06,29,3
RESTOCK_000212,STORE_11,SKU_016,2026-05-06,13,4
RESTOCK_003772,STORE_01,SKU_211,2026-05-06,16,4
RESTOCK_000146,STORE_09,SKU_170,2026-05-06,28,4
RESTOCK_005063,STORE_14,SKU_097,2026-05-06,17,2
RESTOCK_003721,STORE_12,SKU_070,2026-05-06,34,1
RESTOCK_001084,STORE_12,SKU_042,2026-05-06,23,2
RESTOCK_006150,STORE_07,SKU_037,2026-05-06,12,6
RESTOCK_003247,STORE_05,SKU_172,2026-05-06,22,1
RESTOCK_001469,STORE_15,SKU_190,2026-05-07,17,1
RESTOCK_006512,STORE_16,SKU_121,2026-05-07,23,1
RESTOCK_002007,STORE_13,SKU_080,2026-05-07,11,4
RESTOCK_000506,STORE_14,SKU_195,2026-05-07,12,2
RESTOCK_002809,STORE_07,SKU_221,2026-05-07,13,6
RESTOCK_003006,STORE_15,SKU_094,2026-05-07,17,2
RESTOCK_005539,STORE_15,SKU_187,2026-05-07,14,3
RESTOCK_001922,STORE_02,SKU_170,2026-05-07,22,4
RESTOCK_003836,STORE_12,SKU_122,2026-05-07,24,2
RESTOCK_004911,STORE_07,SKU_200,2026-05-07,11,6
RESTOCK_005354,STORE_16,SKU_019,2026-05-07,30,2
RESTOCK_003722,STORE_11,SKU_017,2026-05-07,13,3
RESTOCK_006830,STORE_14,SKU_117,2026-05-07,18,4
RESTOCK_004200,STORE_01,SKU_105,2026-05-07,19,3
RESTOCK_006443,STORE_12,SKU_022,2026-05-07,22,2
RESTOCK_001852,STORE_02,SKU_217,2026-05-07,25,1
RESTOCK_006595,STORE_16,SKU_206,2026-05-07,31,1
RESTOCK_001061,STORE_08,SKU_069,2026-05-07,25,4
RESTOCK_002601,STORE_02,SKU_091,2026-05-07,13,3
RESTOCK_003191,STORE_05,SKU_235,2026-05-07,20,1
RESTOCK_002404,STORE_02,SKU_234,2026-05-08,12,2
RESTOCK_001682,STORE_11,SKU_118,2026-05-08,14,5
RESTOCK_004510,STORE_08,SKU_239,2026-05-08,18,1
RESTOCK_006369,STORE_14,SKU_195,2026-05-08,11,1
RESTOCK_002210,STORE_18,SKU_207,2026-05-08,23,3
RESTOCK_002195,STORE_17,SKU_001,2026-05-08,15,3
RESTOCK_004724,STORE_01,SKU_168,2026-05-08,21,2
RESTOCK_001884,STORE_03,SKU_187,2026-05-08,13,3
RESTOCK_004736,STORE_09,SKU_200,2026-05-08,16,1
RESTOCK_000861,STORE_08,SKU_248,2026-05-08,11,4
RESTOCK_005093,STORE_15,SKU_161,2026-05-08,21,2
RESTOCK_005172,STORE_02,SKU_225,2026-05-08,12,1
RESTOCK_002418,STORE_15,SKU_226,2026-05-08,13,3
RESTOCK_004493,STORE_08,SKU_156,2026-05-08,12,4
RESTOCK_004471,STORE_14,SKU_212,2026-05-08,21,2
RESTOCK_004174,STORE_05,SKU_160,2026-05-08,43,1
RESTOCK_006720,STORE_17,SKU_060,2026-05-08,12,2
RESTOCK_002847,STORE_17,SKU_120,2026-05-08,15,3
RESTOCK_006756,STORE_17,SKU_105,2026-05-08,15,1
RESTOCK_003990,STORE_08,SKU_142,2026-05-08,17,3
RESTOCK_002808,STORE_08,SKU_112,2026-05-08,11,4
RESTOCK_002558,STORE_07,SKU_189,2026-05-08,13,3
RESTOCK_003912,STORE_10,SKU_050,2026-05-08,19,2
RESTOCK_002575,STORE_01,SKU_125,2026-05-08,9,3
RESTOCK_001166,STORE_01,SKU_145,2026-05-08,22,4
RESTOCK_006195,STORE_04,SKU_242,2026-05-08,18,2
RESTOCK_003700,STORE_09,SKU_175,2026-05-08,22,4
RESTOCK_000333,STORE_13,SKU_045,2026-05-08,21,3
RESTOCK_000444,STORE_11,SKU_029,2026-05-08,11,3
RESTOCK_003086,STORE_06,SKU_108,2026-05-09,13,3
RESTOCK_005123,STORE_13,SKU_234,2026-05-09,21,3
RESTOCK_000996,STORE_17,SKU_042,2026-05-09,17,2
RESTOCK_003778,STORE_03,SKU_061,2026-05-09,7,4
RESTOCK_000523,STORE_09,SKU_002,2026-05-09,11,3
RESTOCK_005080,STORE_16,SKU_162,2026-05-09,29,2
RESTOCK_001300,STORE_04,SKU_177,2026-05-09,14,1
RESTOCK_004923,STORE_05,SKU_199,2026-05-09,20,2
RESTOCK_001755,STORE_16,SKU_099,2026-05-09,24,2
RESTOCK_005722,STORE_09,SKU_109,2026-05-09,11,1
RESTOCK_000700,STORE_10,SKU_116,2026-05-09,19,2
RESTOCK_005373,STORE_10,SKU_022,2026-05-09,16,1
RESTOCK_003292,STORE_06,SKU_219,2026-05-09,17,3
RESTOCK_002092,STORE_03,SKU_063,2026-05-09,9,5
RESTOCK_005005,STORE_08,SKU_183,2026-05-09,27,4
RESTOCK_004915,STORE_12,SKU_014,2026-05-09,27,2
RESTOCK_004063,STORE_11,SKU_179,2026-05-09,15,3
RESTOCK_000750,STORE_06,SKU_152,2026-05-09,16,3
RESTOCK_006806,STORE_11,SKU_147,2026-05-09,8,3
RESTOCK_003371,STORE_14,SKU_249,2026-05-09,12,3
RESTOCK_006582,STORE_03,SKU_250,2026-05-09,11,5
RESTOCK_000474,STORE_06,SKU_107,2026-05-09,14,2
RESTOCK_004928,STORE_16,SKU_078,2026-05-09,39,2
RESTOCK_003466,STORE_05,SKU_086,2026-05-09,40,2
RESTOCK_006579,STORE_09,SKU_234,2026-05-09,13,1
RESTOCK_003577,STORE_17,SKU_167,2026-05-09,18,1
RESTOCK_003306,STORE_04,SKU_041,2026-05-09,14,1
RESTOCK_005566,STORE_10,SKU_202,2026-05-09,10,1
RESTOCK_000524,STORE_04,SKU_247,2026-05-09,14,4
RESTOCK_006897,STORE_13,SKU_093,2026-05-09,15,2
RESTOCK_001692,STORE_13,SKU_244,2026-05-10,17,2
RESTOCK_006015,STORE_12,SKU_160,2026-05-10,27,2
RESTOCK_004603,STORE_06,SKU_199,2026-05-10,9,3
RESTOCK_001661,STORE_09,SKU_064,2026-05-10,23,3
RESTOCK_001638,STORE_13,SKU_242,2026-05-10,14,3
RESTOCK_002620,STORE_17,SKU_178,2026-05-10,14,2
RESTOCK_004301,STORE_05,SKU_221,2026-05-10,40,2
RESTOCK_001415,STORE_07,SKU_013,2026-05-10,17,3
RESTOCK_002650,STORE_07,SKU_128,2026-05-10,14,6
RESTOCK_001739,STORE_04,SKU_061,2026-05-10,9,4
RESTOCK_006815,STORE_08,SKU_123,2026-05-10,9,3
RESTOCK_000189,STORE_08,SKU_209,2026-05-10,18,2
RESTOCK_001131,STORE_13,SKU_163,2026-05-10,19,3
RESTOCK_006964,STORE_02,SKU_047,2026-05-10,20,3
RESTOCK_003317,STORE_06,SKU_008,2026-05-10,17,3
RESTOCK_002714,STORE_03,SKU_097,2026-05-10,11,6
RESTOCK_002248,STORE_10,SKU_221,2026-05-10,22,4
RESTOCK_002712,STORE_02,SKU_010,2026-05-10,19,4
RESTOCK_006541,STORE_18,SKU_205,2026-05-10,13,1
RESTOCK_002137,STORE_05,SKU_082,2026-05-10,18,2
RESTOCK_002173,STORE_17,SKU_095,2026-05-10,21,4
RESTOCK_003514,STORE_11,SKU_201,2026-05-10,9,4
RESTOCK_006574,STORE_16,SKU_207,2026-05-10,31,1
RESTOCK_002211,STORE_03,SKU_069,2026-05-10,11,5
RESTOCK_006783,STORE_13,SKU_140,2026-05-10,12,2
RESTOCK_002958,STORE_06,SKU_024,2026-05-10,18,4
RESTOCK_002840,STORE_13,SKU_024,2026-05-10,20,1
RESTOCK_006651,STORE_02,SKU_078,2026-05-10,14,2
RESTOCK_001031,STORE_17,SKU_214,2026-05-10,13,3
RESTOCK_000208,STORE_16,SKU_123,2026-05-10,22,2
RESTOCK_005027,STORE_16,SKU_046,2026-05-10,26,1
RESTOCK_005460,STORE_07,SKU_118,2026-05-10,8,6
RESTOCK_004103,STORE_08,SKU_238,2026-05-10,15,1
RESTOCK_000500,STORE_04,SKU_193,2026-05-10,12,4
RESTOCK_000048,STORE_06,SKU_010,2026-05-10,22,1
RESTOCK_000040,STORE_03,SKU_188,2026-05-10,21,4
RESTOCK_005656,STORE_01,SKU_120,2026-05-10,19,1
RESTOCK_000330,STORE_02,SKU_099,2026-05-10,19,2
RESTOCK_005353,STORE_06,SKU_246,2026-05-11,15,3
RESTOCK_004065,STORE_10,SKU_221,2026-05-11,16,3
RESTOCK_004466,STORE_02,SKU_245,2026-05-11,13,2
RESTOCK_000209,STORE_16,SKU_221,2026-05-11,27,2
RESTOCK_000902,STORE_17,SKU_025,2026-05-11,14,2
RESTOCK_003033,STORE_13,SKU_126,2026-05-11,17,4
RESTOCK_001698,STORE_15,SKU_026,2026-05-11,14,4
RESTOCK_006220,STORE_02,SKU_225,2026-05-11,11,2
RESTOCK_002410,STORE_06,SKU_106,2026-05-11,11,1
RESTOCK_005282,STORE_11,SKU_085,2026-05-11,13,6
RESTOCK_003048,STORE_11,SKU_182,2026-05-11,12,4
RESTOCK_003599,STORE_15,SKU_121,2026-05-11,19,1
RESTOCK_002073,STORE_08,SKU_037,2026-05-11,12,4
RESTOCK_006304,STORE_01,SKU_048,2026-05-11,20,3
RESTOCK_000552,STORE_09,SKU_084,2026-05-11,14,1
RESTOCK_004052,STORE_16,SKU_213,2026-05-11,35,2
RESTOCK_000033,STORE_09,SKU_110,2026-05-11,14,1
RESTOCK_005886,STORE_01,SKU_072,2026-05-11,19,1
RESTOCK_000605,STORE_01,SKU_185,2026-05-11,10,2
RESTOCK_003062,STORE_15,SKU_211,2026-05-11,18,1
RESTOCK_005574,STORE_12,SKU_102,2026-05-11,19,1
RESTOCK_006734,STORE_03,SKU_215,2026-05-11,11,4
RESTOCK_000126,STORE_13,SKU_119,2026-05-11,13,4
RESTOCK_006183,STORE_02,SKU_091,2026-05-11,9,4
RESTOCK_005045,STORE_14,SKU_231,2026-05-11,9,4
RESTOCK_005284,STORE_10,SKU_017,2026-05-11,15,4
RESTOCK_003597,STORE_07,SKU_123,2026-05-11,6,5
RESTOCK_003374,STORE_09,SKU_241,2026-05-11,14,4
RESTOCK_000326,STORE_12,SKU_158,2026-05-12,30,2
RESTOCK_006442,STORE_18,SKU_068,2026-05-12,19,1
RESTOCK_000320,STORE_13,SKU_212,2026-05-12,23,1
RESTOCK_006525,STORE_01,SKU_173,2026-05-12,9,3
RESTOCK_001825,STORE_12,SKU_024,2026-05-12,21,1
RESTOCK_006142,STORE_02,SKU_057,2026-05-12,14,3
RESTOCK_004925,STORE_02,SKU_071,2026-05-12,22,2
RESTOCK_000673,STORE_18,SKU_010,2026-05-12,11,4
RESTOCK_003486,STORE_10,SKU_250,2026-05-12,12,1
RESTOCK_004232,STORE_05,SKU_097,2026-05-12,21,1
RESTOCK_004172,STORE_08,SKU_005,2026-05-12,11,3
RESTOCK_003003,STORE_06,SKU_054,2026-05-12,10,1
RESTOCK_001988,STORE_02,SKU_057,2026-05-12,10,1
RESTOCK_001034,STORE_11,SKU_202,2026-05-12,7,3
RESTOCK_002535,STORE_16,SKU_172,2026-05-12,20,1
RESTOCK_003560,STORE_03,SKU_228,2026-05-12,10,4
RESTOCK_000441,STORE_14,SKU_103,2026-05-12,24,1
RESTOCK_001632,STORE_06,SKU_057,2026-05-12,10,3
RESTOCK_005838,STORE_12,SKU_017,2026-05-12,34,2
RESTOCK_004040,STORE_15,SKU_198,2026-05-12,9,3
RESTOCK_003961,STORE_07,SKU_219,2026-05-12,8,6
RESTOCK_002288,STORE_12,SKU_174,2026-05-12,35,1
RESTOCK_005079,STORE_15,SKU_222,2026-05-12,14,2
RESTOCK_004199,STORE_15,SKU_045,2026-05-12,21,1
RESTOCK_006866,STORE_14,SKU_202,2026-05-12,10,3
RESTOCK_004008,STORE_17,SKU_173,2026-05-12,11,1
RESTOCK_002982,STORE_10,SKU_225,2026-05-12,12,4
RESTOCK_004881,STORE_08,SKU_096,2026-05-12,16,2
RESTOCK_005171,STORE_09,SKU_104,2026-05-12,20,3
RESTOCK_005449,STORE_17,SKU_096,2026-05-12,19,1
RESTOCK_000113,STORE_07,SKU_055,2026-05-12,8,4
RESTOCK_002459,STORE_17,SKU_089,2026-05-12,15,2
RESTOCK_004459,STORE_10,SKU_002,2026-05-13,12,4
RESTOCK_004782,STORE_11,SKU_213,2026-05-13,15,4
RESTOCK_003453,STORE_17,SKU_032,2026-05-13,13,2
RESTOCK_003647,STORE_14,SKU_048,2026-05-13,12,2
RESTOCK_000478,STORE_07,SKU_068,2026-05-13,10,5
RESTOCK_000311,STORE_05,SKU_023,2026-05-13,17,1
RESTOCK_001346,STORE_03,SKU_033,2026-05-13,18,4
RESTOCK_000748,STORE_03,SKU_024,2026-05-13,12,6
RESTOCK_000567,STORE_14,SKU_150,2026-05-13,15,3
RESTOCK_006740,STORE_11,SKU_072,2026-05-13,12,5
RESTOCK_004645,STORE_08,SKU_210,2026-05-13,19,3
RESTOCK_001309,STORE_18,SKU_187,2026-05-13,16,1
RESTOCK_001146,STORE_07,SKU_182,2026-05-13,8,5
RESTOCK_004321,STORE_03,SKU_202,2026-05-13,7,4
RESTOCK_005504,STORE_13,SKU_109,2026-05-13,24,1
RESTOCK_003636,STORE_03,SKU_184,2026-05-13,13,4
RESTOCK_006037,STORE_05,SKU_100,2026-05-13,27,2
RESTOCK_006516,STORE_05,SKU_160,2026-05-13,37,1
RESTOCK_001498,STORE_08,SKU_186,2026-05-13,9,2
RESTOCK_003667,STORE_13,SKU_041,2026-05-13,14,4
RESTOCK_001489,STORE_10,SKU_094,2026-05-13,9,3
RESTOCK_002156,STORE_17,SKU_238,2026-05-13,14,2
RESTOCK_001954,STORE_06,SKU_012,2026-05-13,11,3
RESTOCK_000288,STORE_13,SKU_123,2026-05-13,11,4
RESTOCK_006320,STORE_07,SKU_092,2026-05-13,9,6
RESTOCK_003296,STORE_17,SKU_158,2026-05-13,14,4
RESTOCK_004985,STORE_18,SKU_100,2026-05-13,22,2
RESTOCK_006808,STORE_02,SKU_159,2026-05-14,18,4
RESTOCK_003677,STORE_08,SKU_099,2026-05-14,17,4
RESTOCK_006287,STORE_11,SKU_102,2026-05-14,8,3
RESTOCK_004896,STORE_18,SKU_111,2026-05-14,14,2
RESTOCK_000747,STORE_11,SKU_208,2026-05-14,13,4
RESTOCK_006064,STORE_09,SKU_091,2026-05-14,9,3
RESTOCK_000161,STORE_01,SKU_031,2026-05-14,21,2
RESTOCK_006942,STORE_16,SKU_245,2026-05-14,33,2
RESTOCK_000960,STORE_11,SKU_061,2026-05-14,10,3
RESTOCK_003179,STORE_13,SKU_195,2026-05-14,13,2
RESTOCK_004644,STORE_08,SKU_023,2026-05-14,19,2
RESTOCK_004668,STORE_03,SKU_020,2026-05-14,8,6
RESTOCK_000929,STORE_18,SKU_008,2026-05-14,17,2
RESTOCK_001532,STORE_16,SKU_128,2026-05-14,23,1
RESTOCK_000893,STORE_10,SKU_250,2026-05-14,19,1
RESTOCK_001269,STORE_13,SKU_142,2026-05-14,15,2
RESTOCK_005989,STORE_07,SKU_053,2026-05-14,15,6
RESTOCK_004470,STORE_16,SKU_137,2026-05-14,30,1
RESTOCK_004975,STORE_06,SKU_077,2026-05-14,19,3
RESTOCK_005309,STORE_04,SKU_161,2026-05-14,13,3
RESTOCK_004400,STORE_13,SKU_088,2026-05-14,9,1
RESTOCK_004539,STORE_02,SKU_190,2026-05-14,27,1
RESTOCK_001864,STORE_15,SKU_165,2026-05-14,14,3
RESTOCK_002474,STORE_09,SKU_223,2026-05-14,17,1
RESTOCK_006433,STORE_02,SKU_213,2026-05-14,17,2
RESTOCK_003966,STORE_07,SKU_052,2026-05-14,12,6
RESTOCK_000397,STORE_13,SKU_127,2026-05-14,14,2
RESTOCK_004988,STORE_03,SKU_025,2026-05-14,6,5
RESTOCK_006786,STORE_18,SKU_143,2026-05-15,13,4
RESTOCK_001549,STORE_17,SKU_152,2026-05-15,23,3
RESTOCK_006733,STORE_06,SKU_080,2026-05-15,17,4
RESTOCK_006901,STORE_05,SKU_246,2026-05-15,24,1
RESTOCK_004515,STORE_15,SKU_023,2026-05-15,16,3
RESTOCK_001829,STORE_08,SKU_004,2026-05-15,13,4
RESTOCK_001249,STORE_02,SKU_039,2026-05-15,16,3
RESTOCK_001097,STORE_15,SKU_019,2026-05-15,13,1
RESTOCK_005437,STORE_09,SKU_152,2026-05-15,14,3
RESTOCK_003428,STORE_13,SKU_012,2026-05-15,12,3
RESTOCK_002104,STORE_05,SKU_085,2026-05-15,18,2
RESTOCK_003418,STORE_04,SKU_191,2026-05-15,25,2
RESTOCK_004322,STORE_10,SKU_246,2026-05-15,16,2
RESTOCK_002911,STORE_13,SKU_211,2026-05-15,20,4
RESTOCK_005953,STORE_10,SKU_188,2026-05-15,18,2
RESTOCK_003901,STORE_05,SKU_139,2026-05-15,22,1
RESTOCK_004249,STORE_11,SKU_127,2026-05-15,6,6
RESTOCK_003357,STORE_05,SKU_154,2026-05-15,24,2
RESTOCK_003215,STORE_15,SKU_142,2026-05-15,14,4
RESTOCK_004143,STORE_04,SKU_196,2026-05-15,12,1
RESTOCK_003099,STORE_01,SKU_041,2026-05-15,16,2
RESTOCK_002545,STORE_01,SKU_204,2026-05-16,16,4
RESTOCK_001360,STORE_17,SKU_246,2026-05-16,19,4
RESTOCK_002936,STORE_16,SKU_001,2026-05-16,22,1
RESTOCK_006236,STORE_15,SKU_195,2026-05-16,9,1
RESTOCK_005509,STORE_03,SKU_012,2026-05-16,7,6
RESTOCK_002758,STORE_12,SKU_225,2026-05-16,16,1
RESTOCK_002555,STORE_17,SKU_065,2026-05-16,13,2
RESTOCK_005414,STORE_18,SKU_191,2026-05-16,16,3
RESTOCK_002514,STORE_12,SKU_192,2026-05-16,29,1
RESTOCK_002114,STORE_14,SKU_106,2026-05-16,12,1
RESTOCK_001430,STORE_09,SKU_168,2026-05-16,17,4
RESTOCK_006322,STORE_12,SKU_204,2026-05-16,24,1
RESTOCK_000256,STORE_12,SKU_197,2026-05-16,15,1
RESTOCK_001586,STORE_18,SKU_020,2026-05-16,16,4
RESTOCK_002161,STORE_04,SKU_107,2026-05-16,9,2
RESTOCK_004243,STORE_14,SKU_014,2026-05-16,15,1
RESTOCK_006553,STORE_12,SKU_172,2026-05-16,23,1
RESTOCK_005518,STORE_14,SKU_062,2026-05-16,24,2
RESTOCK_002213,STORE_04,SKU_250,2026-05-16,10,3
RESTOCK_001429,STORE_06,SKU_141,2026-05-16,13,2
RESTOCK_002079,STORE_11,SKU_080,2026-05-16,10,4
RESTOCK_003975,STORE_13,SKU_094,2026-05-16,17,3
RESTOCK_001147,STORE_14,SKU_168,2026-05-16,13,2
RESTOCK_006974,STORE_01,SKU_198,2026-05-16,14,4
RESTOCK_005173,STORE_08,SKU_034,2026-05-16,23,2
RESTOCK_004912,STORE_14,SKU_088,2026-05-16,14,3
RESTOCK_001909,STORE_15,SKU_114,2026-05-16,19,2
RESTOCK_002004,STORE_01,SKU_125,2026-05-16,7,2
RESTOCK_005302,STORE_01,SKU_241,2026-05-16,21,2
RESTOCK_000682,STORE_12,SKU_067,2026-05-16,26,1
RESTOCK_005511,STORE_08,SKU_175,2026-05-16,24,4
RESTOCK_003000,STORE_12,SKU_167,2026-05-16,24,1
RESTOCK_000454,STORE_07,SKU_019,2026-05-16,17,5
RESTOCK_006861,STORE_02,SKU_114,2026-05-16,17,3
RESTOCK_004628,STORE_03,SKU_035,2026-05-17,19,3
RESTOCK_000305,STORE_11,SKU_242,2026-05-17,9,4
RESTOCK_005180,STORE_14,SKU_174,2026-05-17,21,4
RESTOCK_002290,STORE_08,SKU_022,2026-05-17,14,2
RESTOCK_002273,STORE_06,SKU_227,2026-05-17,27,3
RESTOCK_003442,STORE_16,SKU_095,2026-05-17,29,1
RESTOCK_001694,STORE_14,SKU_101,2026-05-17,17,4
RESTOCK_002243,STORE_18,SKU_029,2026-05-17,21,3
RESTOCK_000153,STORE_17,SKU_112,2026-05-17,12,3
RESTOCK_000271,STORE_08,SKU_076,2026-05-17,12,1
RESTOCK_002233,STORE_04,SKU_245,2026-05-17,12,1
RESTOCK_005212,STORE_09,SKU_087,2026-05-17,14,3
RESTOCK_001130,STORE_04,SKU_077,2026-05-17,17,2
RESTOCK_001630,STORE_14,SKU_022,2026-05-17,15,4
RESTOCK_003312,STORE_14,SKU_197,2026-05-17,12,4
RESTOCK_001310,STORE_14,SKU_076,2026-05-17,20,3
RESTOCK_006959,STORE_05,SKU_154,2026-05-17,23,2
RESTOCK_002316,STORE_05,SKU_112,2026-05-17,22,1
RESTOCK_003482,STORE_04,SKU_049,2026-05-17,26,1
RESTOCK_006207,STORE_12,SKU_030,2026-05-17,16,2
RESTOCK_003282,STORE_07,SKU_044,2026-05-17,12,5
RESTOCK_005896,STORE_13,SKU_017,2026-05-17,16,3
RESTOCK_005994,STORE_18,SKU_108,2026-05-17,22,4
RESTOCK_003197,STORE_15,SKU_140,2026-05-17,15,4
RESTOCK_000948,STORE_03,SKU_082,2026-05-17,12,6
RESTOCK_003144,STORE_04,SKU_035,2026-05-17,22,4
RESTOCK_004109,STORE_01,SKU_083,2026-05-17,13,3
RESTOCK_001007,STORE_13,SKU_008,2026-05-17,11,4
RESTOCK_003987,STORE_16,SKU_062,2026-05-17,35,2
RESTOCK_006188,STORE_09,SKU_153,2026-05-17,14,2
RESTOCK_006633,STORE_02,SKU_003,2026-05-17,14,2
RESTOCK_006487,STORE_18,SKU_113,2026-05-17,18,2
RESTOCK_001790,STORE_08,SKU_211,2026-05-17,12,2
RESTOCK_006447,STORE_03,SKU_074,2026-05-17,8,4
RESTOCK_001779,STORE_10,SKU_138,2026-05-17,15,4
RESTOCK_001915,STORE_18,SKU_069,2026-05-17,14,1
RESTOCK_001801,STORE_08,SKU_040,2026-05-17,24,4
RESTOCK_006696,STORE_13,SKU_051,2026-05-18,17,3
RESTOCK_005033,STORE_18,SKU_003,2026-05-18,20,3
RESTOCK_005865,STORE_18,SKU_210,2026-05-18,16,4
RESTOCK_001776,STORE_14,SKU_175,2026-05-18,11,1
RESTOCK_004424,STORE_10,SKU_042,2026-05-18,21,4
RESTOCK_001270,STORE_10,SKU_125,2026-05-18,13,1
RESTOCK_005020,STORE_04,SKU_094,2026-05-18,11,1
RESTOCK_001880,STORE_07,SKU_110,2026-05-18,9,6
RESTOCK_004117,STORE_09,SKU_221,2026-05-18,18,2
RESTOCK_006778,STORE_17,SKU_181,2026-05-18,17,4
RESTOCK_005853,STORE_01,SKU_036,2026-05-18,13,4
RESTOCK_001696,STORE_16,SKU_098,2026-05-18,18,2
RESTOCK_006200,STORE_17,SKU_193,2026-05-18,14,4
RESTOCK_000509,STORE_03,SKU_206,2026-05-18,9,3
RESTOCK_004596,STORE_17,SKU_201,2026-05-18,17,2
RESTOCK_002426,STORE_09,SKU_112,2026-05-18,10,3
RESTOCK_006242,STORE_07,SKU_048,2026-05-18,12,4
RESTOCK_004685,STORE_04,SKU_039,2026-05-18,17,1
RESTOCK_000276,STORE_10,SKU_133,2026-05-18,19,2
RESTOCK_000817,STORE_10,SKU_105,2026-05-18,26,1
RESTOCK_000130,STORE_11,SKU_172,2026-05-18,8,5
RESTOCK_003705,STORE_04,SKU_083,2026-05-18,16,2
RESTOCK_005547,STORE_10,SKU_133,2026-05-18,29,2
RESTOCK_004935,STORE_14,SKU_111,2026-05-18,16,3
RESTOCK_001918,STORE_02,SKU_032,2026-05-18,14,2
RESTOCK_002932,STORE_05,SKU_046,2026-05-18,40,2
RESTOCK_000080,STORE_03,SKU_231,2026-05-19,10,3
RESTOCK_004752,STORE_14,SKU_030,2026-05-19,12,2
RESTOCK_000360,STORE_01,SKU_213,2026-05-19,10,1
RESTOCK_001121,STORE_02,SKU_023,2026-05-19,11,1
RESTOCK_002018,STORE_11,SKU_089,2026-05-19,14,4
RESTOCK_000352,STORE_04,SKU_034,2026-05-19,21,2
RESTOCK_005849,STORE_10,SKU_121,2026-05-19,10,3
RESTOCK_003679,STORE_11,SKU_187,2026-05-19,11,5
RESTOCK_006811,STORE_18,SKU_142,2026-05-19,17,2
RESTOCK_003914,STORE_17,SKU_092,2026-05-19,14,1
RESTOCK_005883,STORE_15,SKU_149,2026-05-19,22,4
RESTOCK_002408,STORE_15,SKU_218,2026-05-19,16,1
RESTOCK_001792,STORE_06,SKU_180,2026-05-19,17,4
RESTOCK_001812,STORE_06,SKU_071,2026-05-19,16,3
RESTOCK_003254,STORE_15,SKU_164,2026-05-19,15,3
RESTOCK_004077,STORE_08,SKU_139,2026-05-19,14,2
RESTOCK_001190,STORE_02,SKU_191,2026-05-19,18,3
RESTOCK_006759,STORE_02,SKU_165,2026-05-19,13,1
RESTOCK_001786,STORE_01,SKU_005,2026-05-19,12,3
RESTOCK_000006,STORE_11,SKU_152,2026-05-19,11,4
RESTOCK_002637,STORE_06,SKU_242,2026-05-19,25,3
RESTOCK_000529,STORE_16,SKU_006,2026-05-19,27,1
RESTOCK_002015,STORE_08,SKU_204,2026-05-20,23,1
RESTOCK_000823,STORE_06,SKU_167,2026-05-20,26,2
RESTOCK_002970,STORE_18,SKU_030,2026-05-20,9,1
RESTOCK_004914,STORE_13,SKU_246,2026-05-20,14,4
RESTOCK_001375,STORE_04,SKU_105,2026-05-20,24,4
RESTOCK_004339,STORE_09,SKU_184,2026-05-20,14,1
RESTOCK_002066,STORE_07,SKU_230,2026-05-20,13,3
RESTOCK_004147,STORE_02,SKU_035,2026-05-20,21,3
RESTOCK_006397,STORE_01,SKU_236,2026-05-20,9,1
RESTOCK_002533,STORE_14,SKU_027,2026-05-20,10,2
RESTOCK_004932,STORE_16,SKU_044,2026-05-20,37,2
RESTOCK_002456,STORE_06,SKU_070,2026-05-20,17,3
RESTOCK_003787,STORE_11,SKU_218,2026-05-20,8,4
RESTOCK_001484,STORE_15,SKU_227,2026-05-20,13,2
RESTOCK_001329,STORE_13,SKU_184,2026-05-20,23,2
RESTOCK_000635,STORE_05,SKU_200,2026-05-20,22,1
RESTOCK_004164,STORE_18,SKU_111,2026-05-20,18,4
RESTOCK_002912,STORE_17,SKU_101,2026-05-20,16,4
RESTOCK_003543,STORE_12,SKU_065,2026-05-20,23,2
RESTOCK_002509,STORE_07,SKU_184,2026-05-20,8,5
RESTOCK_002364,STORE_04,SKU_113,2026-05-20,12,3
RESTOCK_001436,STORE_12,SKU_110,2026-05-20,31,2
RESTOCK_001581,STORE_13,SKU_206,2026-05-20,22,4
RESTOCK_006048,STORE_16,SKU_071,2026-05-20,15,2
RESTOCK_003576,STORE_13,SKU_066,2026-05-20,14,1
RESTOCK_005374,STORE_07,SKU_018,2026-05-20,9,6
RESTOCK_002278,STORE_10,SKU_029,2026-05-20,13,2
RESTOCK_005798,STORE_08,SKU_027,2026-05-20,11,3
RESTOCK_002517,STORE_09,SKU_068,2026-05-20,12,2
RESTOCK_003069,STORE_15,SKU_077,2026-05-20,12,2
RESTOCK_000265,STORE_01,SKU_086,2026-05-20,23,4
RESTOCK_004231,STORE_06,SKU_088,2026-05-20,14,4
RESTOCK_001785,STORE_05,SKU_030,2026-05-20,13,1
RESTOCK_000470,STORE_07,SKU_211,2026-05-20,13,6
RESTOCK_003611,STORE_01,SKU_180,2026-05-20,17,4
RESTOCK_002738,STORE_08,SKU_040,2026-05-21,18,4
RESTOCK_005372,STORE_07,SKU_149,2026-05-21,11,3
RESTOCK_002865,STORE_09,SKU_233,2026-05-21,10,2
RESTOCK_005418,STORE_18,SKU_104,2026-05-21,19,4
RESTOCK_003894,STORE_07,SKU_135,2026-05-21,13,6
RESTOCK_001283,STORE_14,SKU_112,2026-05-21,11,2
RESTOCK_001162,STORE_04,SKU_014,2026-05-21,15,1
RESTOCK_000351,STORE_07,SKU_175,2026-05-21,12,3
RESTOCK_005529,STORE_05,SKU_113,2026-05-21,25,2
RESTOCK_004015,STORE_08,SKU_031,2026-05-21,19,3
RESTOCK_004441,STORE_07,SKU_120,2026-05-21,16,3
RESTOCK_002655,STORE_05,SKU_215,2026-05-21,30,2
RESTOCK_001846,STORE_02,SKU_249,2026-05-21,13,3
RESTOCK_002743,STORE_02,SKU_121,2026-05-21,15,1
RESTOCK_004987,STORE_13,SKU_125,2026-05-21,10,2
RESTOCK_004095,STORE_04,SKU_022,2026-05-21,9,2
RESTOCK_000681,STORE_07,SKU_198,2026-05-21,6,4
RESTOCK_004491,STORE_12,SKU_003,2026-05-21,28,1
RESTOCK_000538,STORE_10,SKU_183,2026-05-21,22,3
RESTOCK_006939,STORE_16,SKU_174,2026-05-21,27,2
RESTOCK_002379,STORE_02,SKU_026,2026-05-21,19,4
RESTOCK_001787,STORE_04,SKU_119,2026-05-21,10,3
RESTOCK_006649,STORE_09,SKU_175,2026-05-21,25,4
RESTOCK_005984,STORE_16,SKU_127,2026-05-21,17,1
RESTOCK_003348,STORE_12,SKU_242,2026-05-21,24,2
RESTOCK_004513,STORE_09,SKU_159,2026-05-21,25,1
RESTOCK_005818,STORE_17,SKU_069,2026-05-21,17,4
RESTOCK_003412,STORE_01,SKU_210,2026-05-21,19,4
RESTOCK_004573,STORE_06,SKU_221,2026-05-21,17,4
RESTOCK_005452,STORE_12,SKU_227,2026-05-21,31,1
RESTOCK_001669,STORE_02,SKU_120,2026-05-21,27,2
RESTOCK_000729,STORE_11,SKU_140,2026-05-21,9,3
RESTOCK_001059,STORE_09,SKU_074,2026-05-21,18,4
RESTOCK_000375,STORE_12,SKU_180,2026-05-21,21,2
RESTOCK_000869,STORE_04,SKU_088,2026-05-22,14,4
RESTOCK_001409,STORE_01,SKU_130,2026-05-22,20,2
RESTOCK_006597,STORE_04,SKU_173,2026-05-22,8,2
RESTOCK_006521,STORE_15,SKU_214,2026-05-22,9,3
RESTOCK_001250,STORE_08,SKU_220,2026-05-22,12,2
RESTOCK_000050,STORE_04,SKU_248,2026-05-22,9,1
RESTOCK_000805,STORE_01,SKU_049,2026-05-22,17,3
RESTOCK_001282,STORE_13,SKU_047,2026-05-22,15,2
RESTOCK_006728,STORE_08,SKU_190,2026-05-22,18,2
RESTOCK_004860,STORE_17,SKU_014,2026-05-22,11,2
RESTOCK_001136,STORE_10,SKU_160,2026-05-22,27,4
RESTOCK_005553,STORE_06,SKU_174,2026-05-22,11,4
RESTOCK_003521,STORE_01,SKU_095,2026-05-22,10,3
RESTOCK_002423,STORE_12,SKU_141,2026-05-22,20,2
RESTOCK_001475,STORE_04,SKU_014,2026-05-22,14,4
RESTOCK_002907,STORE_04,SKU_250,2026-05-22,11,2
RESTOCK_005348,STORE_13,SKU_199,2026-05-22,10,1
RESTOCK_003024,STORE_13,SKU_191,2026-05-22,17,1
RESTOCK_004279,STORE_13,SKU_009,2026-05-22,18,4
RESTOCK_000435,STORE_04,SKU_130,2026-05-22,18,1
RESTOCK_003077,STORE_11,SKU_080,2026-05-22,7,4
RESTOCK_001572,STORE_11,SKU_210,2026-05-22,14,6
RESTOCK_001307,STORE_01,SKU_033,2026-05-22,29,3
RESTOCK_006915,STORE_18,SKU_130,2026-05-22,12,2
RESTOCK_005035,STORE_02,SKU_125,2026-05-22,13,2
RESTOCK_000953,STORE_01,SKU_001,2026-05-22,26,4
RESTOCK_004351,STORE_02,SKU_148,2026-05-22,12,4
RESTOCK_006826,STORE_12,SKU_050,2026-05-23,36,1
RESTOCK_005271,STORE_12,SKU_129,2026-05-23,23,1
RESTOCK_000734,STORE_06,SKU_030,2026-05-23,14,2
RESTOCK_005545,STORE_06,SKU_017,2026-05-23,14,4
RESTOCK_002950,STORE_18,SKU_070,2026-05-23,24,3
RESTOCK_005904,STORE_09,SKU_139,2026-05-23,15,1
RESTOCK_003703,STORE_16,SKU_249,2026-05-23,25,1
RESTOCK_000807,STORE_02,SKU_073,2026-05-23,15,3
RESTOCK_005294,STORE_03,SKU_061,2026-05-23,10,6
RESTOCK_006878,STORE_15,SKU_142,2026-05-23,17,1
RESTOCK_003111,STORE_03,SKU_004,2026-05-23,11,3
RESTOCK_000228,STORE_04,SKU_188,2026-05-23,25,2
RESTOCK_006476,STORE_06,SKU_169,2026-05-23,17,1
RESTOCK_001054,STORE_13,SKU_141,2026-05-23,11,1
RESTOCK_001849,STORE_01,SKU_183,2026-05-23,23,2
RESTOCK_002401,STORE_03,SKU_042,2026-05-23,18,3
RESTOCK_001388,STORE_15,SKU_133,2026-05-23,12,3
RESTOCK_000300,STORE_02,SKU_031,2026-05-23,14,1
RESTOCK_000597,STORE_02,SKU_040,2026-05-23,20,3
RESTOCK_005633,STORE_01,SKU_229,2026-05-23,12,1
RESTOCK_004526,STORE_08,SKU_184,2026-05-23,16,4
RESTOCK_004261,STORE_07,SKU_148,2026-05-23,10,5
RESTOCK_006639,STORE_03,SKU_175,2026-05-23,10,4
RESTOCK_005594,STORE_16,SKU_236,2026-05-23,17,1
RESTOCK_002145,STORE_13,SKU_033,2026-05-23,12,4
RESTOCK_004208,STORE_13,SKU_174,2026-05-23,19,3
RESTOCK_004587,STORE_02,SKU_139,2026-05-23,12,1
RESTOCK_000577,STORE_02,SKU_121,2026-05-24,13,2
RESTOCK_003280,STORE_08,SKU_128,2026-05-24,14,3
RESTOCK_001438,STORE_08,SKU_161,2026-05-24,17,4
RESTOCK_005497,STORE_16,SKU_152,2026-05-24,32,1
RESTOCK_002710,STORE_17,SKU_164,2026-05-24,14,2
RESTOCK_003114,STORE_11,SKU_134,2026-05-24,7,3
RESTOCK_000483,STORE_08,SKU_165,2026-05-24,17,1
RESTOCK_004175,STORE_13,SKU_208,2026-05-24,18,4
RESTOCK_001716,STORE_17,SKU_043,2026-05-24,14,2
RESTOCK_003328,STORE_03,SKU_008,2026-05-24,13,4
RESTOCK_004360,STORE_14,SKU_037,2026-05-24,14,1
RESTOCK_000226,STORE_16,SKU_159,2026-05-24,26,1
RESTOCK_004889,STORE_06,SKU_224,2026-05-24,18,2
RESTOCK_000926,STORE_01,SKU_164,2026-05-24,26,2
RESTOCK_001706,STORE_17,SKU_123,2026-05-24,9,1
RESTOCK_002300,STORE_15,SKU_230,2026-05-24,13,1
RESTOCK_000264,STORE_03,SKU_244,2026-05-24,8,4
RESTOCK_002826,STORE_02,SKU_137,2026-05-24,12,1
RESTOCK_005918,STORE_18,SKU_027,2026-05-24,9,3
RESTOCK_006483,STORE_02,SKU_122,2026-05-24,22,3
RESTOCK_002952,STORE_13,SKU_183,2026-05-24,18,1
RESTOCK_005217,STORE_11,SKU_201,2026-05-24,11,6
RESTOCK_006102,STORE_06,SKU_113,2026-05-24,16,3
RESTOCK_001555,STORE_12,SKU_015,2026-05-24,21,2
RESTOCK_003683,STORE_17,SKU_018,2026-05-24,11,2
RESTOCK_004230,STORE_03,SKU_163,2026-05-24,7,3
RESTOCK_004826,STORE_12,SKU_158,2026-05-24,26,2
RESTOCK_001935,STORE_04,SKU_038,2026-05-24,19,4
RESTOCK_006985,STORE_13,SKU_233,2026-05-24,10,4
RESTOCK_006849,STORE_08,SKU_001,2026-05-24,24,2
RESTOCK_000267,STORE_03,SKU_235,2026-05-24,7,5
RESTOCK_003634,STORE_17,SKU_191,2026-05-24,19,1
RESTOCK_000581,STORE_03,SKU_067,2026-05-24,17,5
RESTOCK_000180,STORE_03,SKU_062,2026-05-24,8,6
RESTOCK_005544,STORE_11,SKU_209,2026-05-24,10,5
RESTOCK_001372,STORE_07,SKU_036,2026-05-24,9,3
RESTOCK_000047,STORE_02,SKU_197,2026-05-24,12,1
RESTOCK_003873,STORE_13,SKU_078,2026-05-25,19,1
RESTOCK_002354,STORE_14,SKU_151,2026-05-25,20,1
RESTOCK_006456,STORE_09,SKU_215,2026-05-25,11,1
RESTOCK_005059,STORE_02,SKU_109,2026-05-25,12,3
RESTOCK_002785,STORE_08,SKU_060,2026-05-25,9,2
RESTOCK_006327,STORE_16,SKU_057,2026-05-25,15,1
RESTOCK_003524,STORE_06,SKU_080,2026-05-25,22,3
RESTOCK_004684,STORE_13,SKU_101,2026-05-25,13,2
RESTOCK_001526,STORE_13,SKU_191,2026-05-25,19,3
RESTOCK_001570,STORE_10,SKU_229,2026-05-25,16,1
RESTOCK_001472,STORE_12,SKU_116,2026-05-25,24,2
RESTOCK_005675,STORE_05,SKU_248,2026-05-25,22,1
RESTOCK_000453,STORE_06,SKU_124,2026-05-25,15,3
RESTOCK_000621,STORE_11,SKU_249,2026-05-25,7,3
RESTOCK_000631,STORE_04,SKU_153,2026-05-25,11,1
RESTOCK_006531,STORE_07,SKU_207,2026-05-25,10,3
RESTOCK_005155,STORE_17,SKU_235,2026-05-25,18,3
RESTOCK_000784,STORE_09,SKU_032,2026-05-25,13,4
RESTOCK_002706,STORE_04,SKU_200,2026-05-25,12,3
RESTOCK_002697,STORE_04,SKU_144,2026-05-25,11,1
RESTOCK_004594,STORE_01,SKU_132,2026-05-25,22,3
RESTOCK_001216,STORE_02,SKU_175,2026-05-25,19,3
RESTOCK_005947,STORE_13,SKU_128,2026-05-25,11,4
RESTOCK_005530,STORE_16,SKU_167,2026-05-25,25,2
RESTOCK_000141,STORE_05,SKU_223,2026-05-25,35,1
RESTOCK_006279,STORE_01,SKU_165,2026-05-25,12,4
RESTOCK_000024,STORE_03,SKU_040,2026-05-25,13,3
RESTOCK_005396,STORE_11,SKU_168,2026-05-25,13,4
RESTOCK_000740,STORE_01,SKU_197,2026-05-25,14,1
RESTOCK_006249,STORE_14,SKU_199,2026-05-25,7,2
RESTOCK_002190,STORE_13,SKU_090,2026-05-25,17,4
RESTOCK_005708,STORE_17,SKU_141,2026-05-25,9,4
RESTOCK_000733,STORE_05,SKU_129,2026-05-25,27,1
RESTOCK_003476,STORE_16,SKU_229,2026-05-25,36,1
RESTOCK_002241,STORE_06,SKU_037,2026-05-25,13,2
RESTOCK_006215,STORE_03,SKU_022,2026-05-26,10,5
RESTOCK_000362,STORE_13,SKU_019,2026-05-26,15,4
RESTOCK_005572,STORE_05,SKU_021,2026-05-26,17,1
RESTOCK_001858,STORE_03,SKU_240,2026-05-26,8,5
RESTOCK_006892,STORE_18,SKU_004,2026-05-26,17,1
RESTOCK_002629,STORE_17,SKU_046,2026-05-26,13,2
RESTOCK_006533,STORE_16,SKU_075,2026-05-26,22,2
RESTOCK_003670,STORE_13,SKU_222,2026-05-26,19,3
RESTOCK_003726,STORE_02,SKU_190,2026-05-26,29,1
RESTOCK_002406,STORE_03,SKU_131,2026-05-26,5,4
RESTOCK_006414,STORE_16,SKU_172,2026-05-26,22,1
RESTOCK_002017,STORE_04,SKU_126,2026-05-26,22,1
RESTOCK_000181,STORE_04,SKU_109,2026-05-26,18,4
RESTOCK_005438,STORE_13,SKU_199,2026-05-26,12,3
RESTOCK_001451,STORE_18,SKU_140,2026-05-26,11,2
RESTOCK_003583,STORE_18,SKU_112,2026-05-26,11,2
RESTOCK_002771,STORE_15,SKU_244,2026-05-26,13,1
RESTOCK_000879,STORE_08,SKU_231,2026-05-26,9,4
RESTOCK_003480,STORE_18,SKU_187,2026-05-26,15,4
RESTOCK_004118,STORE_15,SKU_152,2026-05-26,21,4
RESTOCK_000299,STORE_02,SKU_161,2026-05-26,14,3
RESTOCK_004621,STORE_17,SKU_116,2026-05-26,16,4
RESTOCK_003507,STORE_04,SKU_185,2026-05-26,11,4
RESTOCK_004442,STORE_06,SKU_052,2026-05-26,13,2
RESTOCK_004899,STORE_02,SKU_058,2026-05-26,18,2
RESTOCK_001203,STORE_03,SKU_142,2026-05-26,16,4
RESTOCK_002529,STORE_13,SKU_022,2026-05-26,9,1
RESTOCK_000704,STORE_02,SKU_104,2026-05-26,19,2
RESTOCK_004632,STORE_13,SKU_187,2026-05-26,13,2
RESTOCK_004163,STORE_04,SKU_026,2026-05-26,24,4
RESTOCK_005031,STORE_05,SKU_063,2026-05-26,15,2
RESTOCK_004740,STORE_18,SKU_220,2026-05-26,21,4
RESTOCK_005096,STORE_18,SKU_055,2026-05-27,13,1
RESTOCK_006991,STORE_17,SKU_077,2026-05-27,13,2
RESTOCK_003419,STORE_01,SKU_021,2026-05-27,11,2
RESTOCK_006388,STORE_10,SKU_212,2026-05-27,17,2
RESTOCK_000536,STORE_15,SKU_089,2026-05-27,18,2
RESTOCK_005105,STORE_04,SKU_115,2026-05-27,24,2
RESTOCK_003440,STORE_10,SKU_229,2026-05-27,13,4
RESTOCK_006632,STORE_12,SKU_013,2026-05-27,26,1
RESTOCK_006484,STORE_11,SKU_167,2026-05-27,11,3
RESTOCK_003213,STORE_14,SKU_225,2026-05-27,9,2
RESTOCK_001719,STORE_04,SKU_019,2026-05-27,20,3
RESTOCK_006612,STORE_08,SKU_021,2026-05-27,11,3
RESTOCK_000939,STORE_10,SKU_204,2026-05-27,17,4
RESTOCK_002341,STORE_18,SKU_225,2026-05-27,14,4
RESTOCK_001999,STORE_15,SKU_139,2026-05-27,15,3
RESTOCK_001844,STORE_12,SKU_156,2026-05-27,30,2
RESTOCK_001778,STORE_06,SKU_103,2026-05-27,16,4
RESTOCK_001204,STORE_18,SKU_243,2026-05-27,12,3
RESTOCK_003803,STORE_11,SKU_032,2026-05-27,6,6
RESTOCK_001092,STORE_18,SKU_090,2026-05-27,15,4
RESTOCK_003947,STORE_15,SKU_087,2026-05-27,9,4
RESTOCK_002756,STORE_17,SKU_208,2026-05-27,14,4
RESTOCK_004125,STORE_10,SKU_119,2026-05-27,13,2
RESTOCK_001841,STORE_07,SKU_073,2026-05-27,11,4
RESTOCK_002851,STORE_06,SKU_169,2026-05-27,11,4
RESTOCK_006245,STORE_16,SKU_087,2026-05-27,21,2
RESTOCK_002453,STORE_09,SKU_233,2026-05-27,14,2
RESTOCK_005744,STORE_05,SKU_003,2026-05-27,21,1
RESTOCK_006855,STORE_14,SKU_065,2026-05-27,10,1
RESTOCK_004888,STORE_08,SKU_250,2026-05-27,17,4
RESTOCK_000240,STORE_12,SKU_103,2026-05-27,43,1
RESTOCK_002576,STORE_13,SKU_185,2026-05-27,11,3
RESTOCK_001536,STORE_09,SKU_113,2026-05-27,16,3
RESTOCK_006186,STORE_10,SKU_060,2026-05-27,7,2
RESTOCK_005242,STORE_13,SKU_033,2026-05-28,19,2
RESTOCK_003600,STORE_08,SKU_061,2026-05-28,10,3
RESTOCK_001390,STORE_11,SKU_083,2026-05-28,10,5
RESTOCK_001391,STORE_13,SKU_057,2026-05-28,14,4
RESTOCK_003573,STORE_14,SKU_022,2026-05-28,15,1
RESTOCK_004926,STORE_03,SKU_155,2026-05-28,20,4
RESTOCK_006827,STORE_12,SKU_148,2026-05-28,28,2
RESTOCK_000486,STORE_01,SKU_030,2026-05-28,11,4
RESTOCK_006372,STORE_03,SKU_178,2026-05-28,10,3
RESTOCK_005151,STORE_15,SKU_217,2026-05-28,18,2
RESTOCK_003534,STORE_07,SKU_075,2026-05-28,17,5
RESTOCK_000663,STORE_02,SKU_146,2026-05-28,14,1
RESTOCK_005652,STORE_10,SKU_184,2026-05-28,16,1
RESTOCK_004286,STORE_09,SKU_101,2026-05-28,18,2
RESTOCK_000175,STORE_16,SKU_231,2026-05-28,22,1
RESTOCK_001926,STORE_09,SKU_081,2026-05-28,19,3
RESTOCK_001924,STORE_18,SKU_202,2026-05-28,12,3
RESTOCK_005559,STORE_17,SKU_242,2026-05-28,18,1
RESTOCK_005924,STORE_13,SKU_066,2026-05-28,12,1
RESTOCK_006274,STORE_12,SKU_054,2026-05-28,21,1
RESTOCK_002729,STORE_02,SKU_093,2026-05-28,20,1
RESTOCK_002154,STORE_02,SKU_176,2026-05-28,14,1
RESTOCK_001277,STORE_14,SKU_152,2026-05-28,17,3
RESTOCK_003186,STORE_17,SKU_201,2026-05-28,16,1
RESTOCK_001443,STORE_16,SKU_105,2026-05-28,22,2
RESTOCK_006757,STORE_09,SKU_199,2026-05-28,13,1
RESTOCK_001833,STORE_08,SKU_018,2026-05-29,10,4
RESTOCK_000249,STORE_01,SKU_163,2026-05-29,16,1
RESTOCK_005060,STORE_07,SKU_106,2026-05-29,7,6
RESTOCK_006527,STORE_18,SKU_019,2026-05-29,16,3
RESTOCK_000916,STORE_08,SKU_070,2026-05-29,14,4
RESTOCK_006468,STORE_11,SKU_196,2026-05-29,6,6
RESTOCK_005098,STORE_10,SKU_185,2026-05-29,10,2
RESTOCK_003917,STORE_04,SKU_037,2026-05-29,12,3
RESTOCK_005416,STORE_08,SKU_080,2026-05-29,18,1
RESTOCK_001047,STORE_05,SKU_144,2026-05-29,17,2
RESTOCK_006737,STORE_04,SKU_073,2026-05-29,10,4
RESTOCK_003025,STORE_07,SKU_175,2026-05-29,15,5
RESTOCK_005719,STORE_05,SKU_070,2026-05-29,29,2
RESTOCK_000608,STORE_17,SKU_202,2026-05-29,14,1
RESTOCK_005347,STORE_04,SKU_112,2026-05-29,13,1
RESTOCK_006661,STORE_03,SKU_001,2026-05-29,15,4
RESTOCK_000498,STORE_11,SKU_139,2026-05-29,13,4
RESTOCK_000789,STORE_05,SKU_129,2026-05-29,36,1
RESTOCK_005492,STORE_01,SKU_042,2026-05-29,21,2
RESTOCK_000978,STORE_11,SKU_001,2026-05-29,14,5
RESTOCK_002323,STORE_05,SKU_074,2026-05-29,21,1
RESTOCK_000388,STORE_03,SKU_049,2026-05-29,15,4
RESTOCK_006618,STORE_18,SKU_158,2026-05-29,19,2
RESTOCK_003985,STORE_13,SKU_103,2026-05-29,18,4
RESTOCK_001788,STORE_03,SKU_223,2026-05-29,12,3
RESTOCK_000244,STORE_13,SKU_006,2026-05-30,19,4
RESTOCK_005108,STORE_06,SKU_078,2026-05-30,10,2
RESTOCK_005976,STORE_05,SKU_181,2026-05-30,27,2
RESTOCK_001297,STORE_15,SKU_208,2026-05-30,14,2
RESTOCK_002635,STORE_13,SKU_231,2026-05-30,9,4
RESTOCK_002547,STORE_17,SKU_041,2026-05-30,18,4
RESTOCK_001695,STORE_04,SKU_212,2026-05-30,16,2
RESTOCK_006244,STORE_08,SKU_182,2026-05-30,13,3
RESTOCK_000731,STORE_13,SKU_148,2026-05-30,21,3
RESTOCK_005640,STORE_08,SKU_176,2026-05-30,20,1
RESTOCK_006426,STORE_13,SKU_062,2026-05-30,17,4
RESTOCK_006330,STORE_09,SKU_215,2026-05-30,11,1
RESTOCK_001497,STORE_03,SKU_090,2026-05-30,17,3
RESTOCK_002899,STORE_05,SKU_062,2026-05-30,20,1
RESTOCK_004242,STORE_17,SKU_247,2026-05-30,18,3
RESTOCK_006424,STORE_16,SKU_227,2026-05-30,22,2
RESTOCK_002446,STORE_14,SKU_217,2026-05-30,18,3
RESTOCK_002815,STORE_01,SKU_075,2026-05-30,19,3
RESTOCK_001107,STORE_16,SKU_104,2026-05-30,27,2
RESTOCK_005329,STORE_17,SKU_138,2026-05-30,21,3
RESTOCK_005306,STORE_08,SKU_059,2026-05-30,11,4
RESTOCK_005040,STORE_10,SKU_077,2026-05-30,19,1
RESTOCK_006657,STORE_18,SKU_196,2026-05-30,14,1
RESTOCK_002462,STORE_14,SKU_094,2026-05-30,17,2
RESTOCK_005532,STORE_05,SKU_160,2026-05-30,43,2
RESTOCK_005760,STORE_04,SKU_155,2026-05-30,25,3
RESTOCK_002475,STORE_16,SKU_165,2026-05-30,25,2
RESTOCK_000321,STORE_18,SKU_162,2026-05-30,19,1
RESTOCK_006867,STORE_12,SKU_227,2026-05-30,29,2
RESTOCK_003719,STORE_12,SKU_031,2026-05-30,19,1
RESTOCK_006935,STORE_14,SKU_080,2026-05-30,11,2
RESTOCK_006607,STORE_10,SKU_237,2026-05-30,17,2
RESTOCK_003509,STORE_11,SKU_017,2026-05-30,14,6
RESTOCK_004191,STORE_09,SKU_128,2026-05-30,17,1
RESTOCK_003274,STORE_17,SKU_228,2026-05-30,19,4
RESTOCK_002359,STORE_16,SKU_056,2026-05-31,21,1
RESTOCK_002035,STORE_18,SKU_160,2026-05-31,19,1
RESTOCK_001579,STORE_12,SKU_204,2026-05-31,24,1
RESTOCK_004641,STORE_15,SKU_029,2026-05-31,13,4
RESTOCK_002741,STORE_05,SKU_074,2026-05-31,19,1
RESTOCK_005932,STORE_14,SKU_070,2026-05-31,23,4
RESTOCK_000645,STORE_17,SKU_060,2026-05-31,10,1
RESTOCK_006877,STORE_15,SKU_248,2026-05-31,9,3
RESTOCK_004980,STORE_02,SKU_049,2026-05-31,23,4
RESTOCK_002373,STORE_09,SKU_161,2026-05-31,13,1
RESTOCK_004566,STORE_16,SKU_231,2026-05-31,15,2
RESTOCK_001574,STORE_18,SKU_038,2026-05-31,10,1
RESTOCK_003392,STORE_03,SKU_023,2026-05-31,8,4
RESTOCK_005014,STORE_07,SKU_165,2026-05-31,14,6
RESTOCK_001094,STORE_15,SKU_112,2026-05-31,10,1
RESTOCK_005094,STORE_08,SKU_087,2026-05-31,14,2
RESTOCK_004266,STORE_04,SKU_093,2026-05-31,16,1
RESTOCK_001158,STORE_03,SKU_126,2026-05-31,13,5
RESTOCK_000930,STORE_02,SKU_154,2026-05-31,17,1
RESTOCK_005907,STORE_07,SKU_042,2026-05-31,13,5
RESTOCK_005672,STORE_05,SKU_126,2026-05-31,31,2
RESTOCK_003973,STORE_05,SKU_110,2026-05-31,27,2
RESTOCK_005153,STORE_14,SKU_126,2026-05-31,17,2
RESTOCK_003977,STORE_04,SKU_083,2026-05-31,16,1
RESTOCK_002674,STORE_01,SKU_012,2026-05-31,14,1
RESTOCK_002901,STORE_11,SKU_029,2026-05-31,11,3
RESTOCK_001377,STORE_06,SKU_067,2026-05-31,17,3
RESTOCK_001017,STORE_02,SKU_203,2026-05-31,16,1
RESTOCK_003366,STORE_04,SKU_002,2026-05-31,14,4
RESTOCK_003768,STORE_18,SKU_048,2026-05-31,13,2
RESTOCK_003379,STORE_06,SKU_246,2026-05-31,16,2
RESTOCK_004803,STORE_02,SKU_002,2026-05-31,13,4
