store_id,sku_id,snapshot_date,stock_on_hand,reorder_point,avg_lead_time_days,forecast_7_day_demand,forecast_daily_demand,lead_time_demand,days_of_cover,stock_surplus_deficit,risk_score,risk_level,estimated_stockout_days
STORE_02,SKU_245,2026-05-31,0,7,2,16.423085363177528,2.346155051882504,4.692310103765008,0.0,-4.692310103765008,0.0,High,0.0
STORE_11,SKU_003,2026-05-31,2,9,3,20.06842105263158,2.866917293233083,8.60075187969925,0.6976134277471806,-6.600751879699249,0.2325378092490602,High,0.6976134277471806
STORE_10,SKU_102,2026-05-31,2,6,3,17.148556231003038,2.449793747286148,7.3493812418584445,0.8163952586684392,-5.3493812418584445,0.27213175288947977,High,0.8163952586684392
STORE_15,SKU_101,2026-05-31,3,8,3,22.703419811320757,3.2433456873315367,9.73003706199461,0.9249707830151928,-6.73003706199461,0.30832359433839757,High,0.9249707830151928
STORE_09,SKU_184,2026-05-31,2,8,2,14.78240173097728,2.1117716758538974,4.223543351707795,0.9470720830609197,-2.2235433517077947,0.47353604153045986,High,0.9470720830609197
STORE_06,SKU_087,2026-05-31,2,6,3,14.664570230607968,2.0949386043725666,6.284815813117699,0.9546819156540386,-4.284815813117699,0.3182273052180129,High,0.9546819156540386
STORE_07,SKU_198,2026-05-31,2,6,4,13.537073276799301,1.9338676109713286,7.735470443885315,1.034196957771817,-5.735470443885315,0.25854923944295427,High,1.034196957771817
STORE_04,SKU_239,2026-05-31,4,11,3,26.723015432692847,3.8175736332418353,11.452720899725506,1.0477859458085292,-7.452720899725506,0.3492619819361764,High,1.0477859458085292
STORE_07,SKU_131,2026-05-31,2,5,3,12.624147856385395,1.8034496937693423,5.410349081308027,1.1089857437719004,-3.410349081308027,0.36966191459063347,High,1.1089857437719004
STORE_11,SKU_083,2026-05-31,4,10,5,24.07018315018315,3.4385975928833075,17.192987964416538,1.16326493343641,-13.192987964416538,0.23265298668728196,High,1.16326493343641
STORE_05,SKU_241,2026-05-31,4,9,2,23.3071111644082,3.329587309201172,6.659174618402344,1.2013500859239137,-2.6591746184023437,0.6006750429619568,High,1.2013500859239137
STORE_06,SKU_136,2026-05-31,2,6,3,11.475235708318415,1.6393193869026308,4.917958160707892,1.2200185125479714,-2.917958160707892,0.4066728375159905,High,1.2200185125479714
STORE_01,SKU_064,2026-05-31,4,11,4,22.928378898729303,3.275482699818472,13.101930799273887,1.2211940549164497,-9.101930799273887,0.30529851372911243,High,1.2211940549164497
STORE_05,SKU_222,2026-05-31,4,7,3,22.174603174603174,3.1678004535147393,9.503401360544217,1.262705798138869,-5.503401360544217,0.4209019327129564,High,1.262705798138869
STORE_11,SKU_141,2026-05-31,3,6,4,16.16688829787234,2.3095554711246202,9.238221884498481,1.2989512646514496,-6.238221884498481,0.3247378161628624,High,1.2989512646514496
STORE_09,SKU_092,2026-05-31,3,9,4,16.161443982627375,2.3087777118039106,9.235110847215642,1.2993888431364051,-6.235110847215642,0.3248472107841013,High,1.2993888431364051
STORE_10,SKU_078,2026-05-31,2,6,3,10.725435540069686,1.5322050771528122,4.596615231458436,1.3053082970567216,-2.5966152314584363,0.4351027656855739,High,1.3053082970567216
STORE_10,SKU_006,2026-05-31,3,7,4,15.958620689655172,2.2798029556650246,9.119211822660098,1.31590319792567,-6.119211822660098,0.3289757994814175,High,1.31590319792567
STORE_17,SKU_012,2026-05-31,2,6,3,10.222412318220702,1.4603446168886716,4.3810338506660145,1.369539748953975,-2.3810338506660145,0.456513249651325,High,1.369539748953975
STORE_17,SKU_021,2026-05-31,3,6,3,14.629807692307693,2.089972527472528,6.269917582417584,1.4354255668747944,-3.269917582417584,0.47847518895826474,High,1.4354255668747944
STORE_07,SKU_217,2026-05-31,7,12,4,33.47939175670268,4.782770250957526,19.131081003830104,1.4635869240423116,-12.131081003830104,0.3658967310105779,High,1.4635869240423116
STORE_06,SKU_081,2026-05-31,6,11,3,28.43413561076604,4.062019372966577,12.18605811889973,1.4770978296979602,-6.18605811889973,0.4923659432326534,High,1.4770978296979602
STORE_09,SKU_143,2026-05-31,4,9,3,18.94140336944807,2.70591476706401,8.11774430119203,1.478243161494738,-4.11774430119203,0.49274772049824606,High,1.478243161494738
STORE_11,SKU_175,2026-05-31,4,7,4,18.89367777748125,2.6990968253544643,10.796387301417857,1.481977216387816,-6.796387301417857,0.370494304096954,High,1.481977216387816
STORE_02,SKU_056,2026-05-31,2,6,3,9.441964285714286,1.3488520408163267,4.04655612244898,1.48274231678487,-2.0465561224489797,0.49424743892829,High,1.48274231678487
STORE_07,SKU_021,2026-05-31,3,6,3,14.15954683614258,2.0227924051632256,6.068377215489677,1.4830983111971494,-3.0683772154896767,0.49436610373238316,High,1.4830983111971494
STORE_09,SKU_242,2026-05-31,7,12,3,32.93911007025761,4.705587152893945,14.116761458681836,1.4875933167436899,-7.116761458681836,0.4958644389145632,High,1.4875933167436899
STORE_06,SKU_100,2026-05-31,3,7,4,14.039176889592401,2.0055966985132003,8.022386794052801,1.495814189474871,-5.022386794052801,0.3739535473687178,High,1.495814189474871
STORE_11,SKU_198,2026-05-31,3,6,3,13.962962962962962,1.9947089947089947,5.984126984126984,1.5039787798408488,-2.984126984126984,0.5013262599469496,High,1.5039787798408488
STORE_12,SKU_199,2026-05-31,2,5,2,9.252301850972948,1.3217574072818497,2.6435148145636993,1.5131369712638372,-0.6435148145636993,0.7565684856319186,High,1.5131369712638372
STORE_11,SKU_077,2026-05-31,3,8,4,13.862607338017172,1.980372476859596,7.921489907438384,1.5148665390246652,-4.921489907438384,0.3787166347561663,High,1.5148665390246652
STORE_10,SKU_105,2026-05-31,5,12,2,23.03699897225077,3.2909998531786817,6.581999706357363,1.5192951148784295,-1.5819997063573634,0.7596475574392147,High,1.5192951148784295
STORE_18,SKU_067,2026-05-31,4,8,2,18.073372611692864,2.5819103730989807,5.1638207461979615,1.5492404545394556,-1.1638207461979615,0.7746202272697278,High,1.5492404545394556
STORE_07,SKU_104,2026-05-31,5,11,4,22.286847173445114,3.1838353104921593,12.735341241968637,1.5704329880137855,-7.735341241968637,0.3926082470034464,High,1.5704329880137855
STORE_01,SKU_235,2026-05-31,3,7,3,13.344,1.9062857142857141,5.718857142857143,1.5737410071942448,-2.718857142857143,0.5245803357314148,High,1.5737410071942448
STORE_03,SKU_003,2026-05-31,3,7,5,13.233153638814013,1.8904505198305732,9.452252599152866,1.5869233119462272,-6.452252599152866,0.31738466238924545,High,1.5869233119462272
STORE_11,SKU_078,2026-05-31,4,9,6,17.582193030468893,2.511741861495556,15.070451168973335,1.5925203387016438,-11.070451168973335,0.265420056450274,High,1.5925203387016438
STORE_03,SKU_216,2026-05-31,5,11,5,21.9672454617206,3.138177923102943,15.690889615514717,1.5932812359651485,-10.690889615514717,0.31865624719302965,High,1.5932812359651485
STORE_06,SKU_175,2026-05-31,6,11,2,26.31469716769961,3.7592424525285155,7.518484905057031,1.5960662489231898,-1.518484905057031,0.7980331244615949,High,1.5960662489231898
STORE_10,SKU_133,2026-05-31,7,12,3,30.440690414983475,4.348670059283354,13.04601017785006,1.609687537700567,-6.046010177850061,0.5365625125668556,High,1.609687537700567
STORE_11,SKU_179,2026-05-31,8,10,3,34.60855528652139,4.944079326645912,14.832237979937737,1.6180970149253733,-6.832237979937737,0.5393656716417911,High,1.6180970149253733
STORE_03,SKU_164,2026-05-31,6,11,5,25.69942490711995,3.67134641530285,18.356732076514252,1.6342778156239606,-12.356732076514252,0.3268555631247921,High,1.6342778156239606
STORE_04,SKU_132,2026-05-31,6,10,2,25.68112676056338,3.6687323943661974,7.337464788732395,1.6354422604422603,-1.3374647887323947,0.8177211302211301,High,1.6354422604422603
STORE_07,SKU_205,2026-05-31,6,9,3,25.45266515094101,3.6360950215630012,10.908285064689004,1.6501218929699086,-4.908285064689004,0.5500406309899695,High,1.6501218929699086
STORE_04,SKU_190,2026-05-31,7,12,2,29.50053407391583,4.214362010559404,8.428724021118809,1.6609868783130086,-1.4287240211188088,0.8304934391565043,High,1.6609868783130086
STORE_08,SKU_042,2026-05-31,6,11,3,25.05016051364366,3.5785943590919516,10.735783077275855,1.6766359631557868,-4.735783077275855,0.5588786543852623,High,1.6766359631557868
STORE_01,SKU_048,2026-05-31,7,11,3,29.132962275819416,4.161851753688488,12.485555261065464,1.6819436189182306,-5.485555261065464,0.5606478729727435,High,1.6819436189182306
STORE_18,SKU_157,2026-05-31,6,9,3,24.881325570980742,3.5544750815686776,10.663425244706033,1.6880129589632829,-4.663425244706033,0.5626709863210942,High,1.6880129589632829
STORE_03,SKU_110,2026-05-31,6,8,4,24.796077149395227,3.5422967356278896,14.169186942511558,1.6938163140464488,-8.169186942511558,0.4234540785116122,High,1.6938163140464488
STORE_17,SKU_178,2026-05-31,4,8,2,16.39628482972136,2.3423264042459087,4.684652808491817,1.7077039274924473,-0.6846528084918173,0.8538519637462236,High,1.7077039274924473
STORE_15,SKU_177,2026-05-31,3,6,3,12.197868838256952,1.7425526911795646,5.227658073538693,1.721612215909091,-2.2276580735386933,0.5738707386363637,High,1.721612215909091
STORE_11,SKU_047,2026-05-31,5,7,3,20.109821054521518,2.8728315792173595,8.618494737652078,1.740443134979093,-3.618494737652078,0.5801477116596977,High,1.740443134979093
STORE_15,SKU_110,2026-05-31,6,10,3,23.987096774193546,3.426728110599078,10.280184331797233,1.7509413663259819,-4.2801843317972335,0.5836471221086607,High,1.7509413663259819
STORE_18,SKU_161,2026-05-31,5,10,3,19.85788819875777,2.83684117125111,8.51052351375333,1.7625237713942543,-3.5105235137533306,0.5875079237980847,High,1.7625237713942543
STORE_03,SKU_120,2026-05-31,6,12,5,23.825790139064473,3.403684305580639,17.018421527903197,1.762795682949348,-11.018421527903197,0.3525591365898696,High,1.762795682949348
STORE_15,SKU_060,2026-05-31,3,6,3,11.888857028158512,1.6984081468797874,5.095224440639362,1.7663598738097308,-2.0952244406393623,0.5887866246032436,High,1.7663598738097308
STORE_11,SKU_127,2026-05-31,4,5,6,15.79220779220779,2.256029684601113,13.536178107606677,1.773026315789474,-9.536178107606677,0.29550438596491235,High,1.773026315789474
STORE_13,SKU_196,2026-05-31,5,6,3,19.662728249194416,2.8089611784563453,8.426883535369036,1.780017480607451,-3.4268835353690363,0.5933391602024836,High,1.780017480607451
STORE_06,SKU_126,2026-05-31,7,11,3,27.40870629494075,3.9155294707058212,11.746588412117465,1.7877531129240016,-4.746588412117465,0.5959177043080005,High,1.7877531129240016
STORE_13,SKU_210,2026-05-31,5,7,4,19.556742550525026,2.7938203643607182,11.175281457442873,1.7896640971561175,-6.175281457442873,0.4474160242890294,High,1.7896640971561175
STORE_13,SKU_192,2026-05-31,6,9,3,23.388794567062817,3.3412563667232598,10.02376910016978,1.795731707317073,-4.02376910016978,0.5985772357723577,High,1.795731707317073
STORE_03,SKU_242,2026-05-31,8,12,5,31.014225181598064,4.430603597371152,22.15301798685576,1.8056230543275658,-14.153017986855762,0.3611246108655131,High,1.8056230543275658
STORE_18,SKU_133,2026-05-31,4,8,3,15.191640578729164,2.1702343683898806,6.510703105169641,1.8431189083820663,-2.5107031051696413,0.6143729694606889,High,1.8431189083820663
STORE_04,SKU_081,2026-05-31,7,11,4,26.5463802056817,3.7923400293831,15.1693601175324,1.845826045598208,-8.1693601175324,0.461456511399552,High,1.845826045598208
STORE_11,SKU_048,2026-05-31,5,8,5,18.885615678540617,2.6979450969343737,13.489725484671869,1.8532623238632282,-8.489725484671869,0.37065246477264563,High,1.8532623238632282
STORE_13,SKU_165,2026-05-31,4,6,2,15.1,2.157142857142857,4.314285714285714,1.8543046357615895,-0.31428571428571406,0.9271523178807948,High,1.8543046357615895
STORE_13,SKU_078,2026-05-31,6,9,3,22.63159532105525,3.2330850458650358,9.699255137595108,1.8558126108293127,-3.6992551375951077,0.6186042036097709,High,1.8558126108293127
STORE_05,SKU_244,2026-05-31,3,6,3,11.26938775510204,1.6099125364431486,4.829737609329445,1.863455269829772,-1.8297376093294453,0.621151756609924,High,1.863455269829772
STORE_10,SKU_215,2026-05-31,6,8,3,22.353962264150944,3.193423180592992,9.580269541778975,1.8788615415780412,-3.580269541778975,0.6262871805260137,High,1.8788615415780412
STORE_06,SKU_111,2026-05-31,8,11,4,29.177158893023133,4.168165556146162,16.67266222458465,1.9193095601021923,-8.672662224584649,0.4798273900255481,High,1.9193095601021923
STORE_10,SKU_035,2026-05-31,6,11,3,21.786111552518673,3.1123016503598104,9.33690495107943,1.9278336980306345,-3.336904951079431,0.6426112326768781,High,1.9278336980306345
STORE_09,SKU_183,2026-05-31,8,13,4,29.001198900669046,4.143028414381292,16.57211365752517,1.9309546543852745,-8.572113657525168,0.4827386635963186,High,1.9309546543852745
STORE_02,SKU_120,2026-05-31,9,12,3,32.474654377880185,4.639236339697169,13.917709019091507,1.9399744572158364,-4.917709019091507,0.6466581524052788,High,1.9399744572158364
STORE_14,SKU_228,2026-05-31,6,9,3,21.641329258976317,3.0916184655680454,9.274855396704137,1.9407310658877102,-3.2748553967041367,0.6469103552959033,High,1.9407310658877102
STORE_11,SKU_156,2026-05-31,6,9,5,21.51452829193693,3.073504041705276,15.36752020852638,1.9521692239815676,-9.36752020852638,0.39043384479631355,High,1.9521692239815676
STORE_17,SKU_241,2026-05-31,6,7,3,21.40448536102339,3.0577836230033415,9.173350869010024,1.962205551387847,-3.173350869010024,0.6540685171292824,High,1.962205551387847
STORE_01,SKU_002,2026-05-31,5,7,4,17.74844151081775,2.5354916444025357,10.141966577610143,1.9720041322314048,-5.141966577610143,0.4930010330578512,High,1.9720041322314048
STORE_08,SKU_031,2026-05-31,6,9,2,21.187187047742874,3.026741006820411,6.053482013640822,1.9823301651775602,-0.05348201364082161,0.9911650825887801,High,1.9823301651775602
STORE_02,SKU_170,2026-05-31,9,12,3,31.73261044557034,4.533230063652906,13.599690190958718,1.9853393438293185,-4.599690190958718,0.6617797812764394,High,1.9853393438293185
STORE_11,SKU_225,2026-05-31,4,6,6,14.067226890756302,2.0096038415366144,12.057623049219686,1.9904420549581843,-8.057623049219686,0.33174034249303075,High,1.9904420549581843
STORE_07,SKU_197,2026-05-31,3,6,3,10.54711246200608,1.5067303517151542,4.520191055145463,1.9910662824207492,-1.520191055145463,0.6636887608069163,High,1.9910662824207492
STORE_07,SKU_080,2026-05-31,5,9,5,17.49057048561999,2.4986529265171415,12.493264632585708,2.0010782397735696,-7.493264632585708,0.4002156479547139,High,2.0010782397735696
STORE_07,SKU_015,2026-05-31,7,10,4,24.298912116768406,3.471273159538344,13.885092638153376,2.0165511840419246,-6.885092638153376,0.5041377960104811,High,2.0165511840419246
STORE_09,SKU_177,2026-05-31,8,9,3,27.645193071666927,3.949313295952418,11.847939887857255,2.0256686164146713,-3.8479398878572546,0.6752228721382237,High,2.0256686164146713
STORE_14,SKU_212,2026-05-31,8,10,3,27.60963142319075,3.9442330604558213,11.832699181367463,2.0282777101096223,-3.832699181367463,0.6760925700365408,High,2.0282777101096223
STORE_03,SKU_019,2026-05-31,7,11,3,24.062558356676004,3.4375083366680004,10.312525010004002,2.0363586977610493,-3.312525010004002,0.6787862325870164,High,2.0363586977610493
STORE_14,SKU_229,2026-05-31,8,10,4,27.480444627418695,3.9257778039169566,15.703111215667827,2.0378127340823964,-7.7031112156678265,0.5094531835205991,High,2.0378127340823964
STORE_13,SKU_054,2026-05-31,3,5,3,10.251884537598825,1.4645549339426893,4.393664801828068,2.0484038737446193,-1.3936648018280682,0.6828012912482064,High,2.0484038737446193
STORE_07,SKU_083,2026-05-31,6,7,4,20.44258042199931,2.920368631714187,11.681474526856748,2.054535148351509,-5.681474526856748,0.5136337870878772,High,2.054535148351509
STORE_06,SKU_224,2026-05-31,9,12,3,30.565955241765714,4.366565034537959,13.099695103613875,2.0611166738187197,-4.099695103613875,0.6870388912729066,High,2.0611166738187197
STORE_07,SKU_072,2026-05-31,5,7,5,16.943056943056945,2.420436706150992,12.10218353075496,2.0657429245283017,-7.10218353075496,0.41314858490566037,High,2.0657429245283017
STORE_14,SKU_132,2026-05-31,7,8,3,23.70273392375818,3.3861048462511687,10.158314538753507,2.0672720774579245,-3.1583145387535065,0.6890906924859749,High,2.0672720774579245
STORE_18,SKU_204,2026-05-31,7,7,3,23.63361344537815,3.3762304921968784,10.128691476590635,2.073318162423553,-3.1286914765906353,0.6911060541411843,High,2.073318162423553
STORE_07,SKU_154,2026-05-31,9,9,3,30.364284942168414,4.337754991738345,13.013264975215035,2.074805980776077,-4.013264975215035,0.6916019935920256,High,2.074805980776077
STORE_15,SKU_212,2026-05-31,6,11,3,20.21346469622332,2.8876378137461884,8.662913441238565,2.0778229082047113,-2.6629134412385653,0.6926076360682372,High,2.0778229082047113
STORE_07,SKU_200,2026-05-31,4,7,5,13.260046246254461,1.8942923208934945,9.471461604467473,2.1116065117728455,-5.471461604467473,0.4223213023545691,High,2.1116065117728455
STORE_14,SKU_003,2026-05-31,8,10,3,26.514680865671412,3.787811552238773,11.363434656716318,2.1120374891067715,-3.3634346567163185,0.7040124963689238,High,2.1120374891067715
STORE_09,SKU_110,2026-05-31,4,7,3,13.189890768901263,1.8842701098430374,5.652810329529112,2.1228378984015226,-1.652810329529112,0.7076126328005076,High,2.1228378984015226
STORE_01,SKU_238,2026-05-31,7,10,3,23.07892466282185,3.296989237545979,9.890967712637936,2.123149181163313,-2.890967712637936,0.7077163937211043,High,2.123149181163313
STORE_10,SKU_073,2026-05-31,5,7,3,16.413258872275264,2.344751267467895,7.0342538024036845,2.1324223466139833,-2.0342538024036845,0.7108074488713277,High,2.1324223466139833
STORE_11,SKU_190,2026-05-31,5,7,4,16.337207621360626,2.333886803051518,9.335547212206071,2.142348974878552,-4.335547212206071,0.535587243719638,High,2.142348974878552
STORE_15,SKU_124,2026-05-31,8,11,3,26.127377579927153,3.732482511418165,11.197447534254493,2.1433456085934566,-3.1974475342544935,0.7144485361978189,High,2.1433456085934566
STORE_07,SKU_085,2026-05-31,5,7,3,16.327967806841045,2.3325668295487207,6.997700488646162,2.143561306223044,-1.9977004886461618,0.7145204354076813,High,2.143561306223044
STORE_08,SKU_160,2026-05-31,11,12,3,35.85228122662677,5.121754460946682,15.365263382840045,2.1477015510749045,-4.365263382840045,0.7159005170249682,High,2.1477015510749045
STORE_10,SKU_241,2026-05-31,5,9,3,16.237319683573755,2.3196170976533934,6.95885129296018,2.155528171032269,-1.9588512929601798,0.7185093903440898,High,2.155528171032269
STORE_03,SKU_203,2026-05-31,8,8,3,25.900269541778975,3.700038505968425,11.100115517905275,2.162139660734728,-3.100115517905275,0.7207132202449094,High,2.162139660734728
STORE_09,SKU_111,2026-05-31,8,11,3,25.879120879120883,3.6970172684458404,11.091051805337521,2.163906581740976,-3.0910518053375213,0.7213021939136588,High,2.163906581740976
STORE_15,SKU_192,2026-05-31,6,9,3,19.402411282984534,2.771773040426362,8.315319121279085,2.1646793992473,-2.315319121279085,0.7215597997491001,High,2.1646793992473
STORE_03,SKU_034,2026-05-31,8,11,5,25.823217369849495,3.689031052835642,18.44515526417821,2.1685911247211247,-10.445155264178211,0.4337182249442249,High,2.1685911247211247
STORE_03,SKU_175,2026-05-31,10,10,4,32.2343549536707,4.604907850524386,18.419631402097544,2.171596115405707,-8.419631402097544,0.5428990288514267,High,2.171596115405707
STORE_02,SKU_162,2026-05-31,7,12,3,22.398282810583495,3.1997546872262137,9.59926406167864,2.187667707135425,-2.5992640616786407,0.7292225690451417,High,2.187667707135425
STORE_11,SKU_224,2026-05-31,7,8,5,22.371428571428574,3.195918367346939,15.979591836734695,2.19029374201788,-8.979591836734695,0.43805874840357595,High,2.19029374201788
STORE_09,SKU_198,2026-05-31,4,6,3,12.760516451478548,1.8229309216397926,5.468792764919378,2.1942685553887333,-1.4687927649193782,0.7314228517962444,High,2.1942685553887333
STORE_01,SKU_095,2026-05-31,7,7,4,22.278431372549022,3.1826330532212888,12.730532212885155,2.1994367188875197,-5.730532212885155,0.5498591797218799,High,2.1994367188875197
STORE_11,SKU_008,2026-05-31,5,7,5,15.906908217832587,2.2724154596903694,11.362077298451847,2.200301876436486,-6.362077298451847,0.4400603752872972,High,2.200301876436486
STORE_02,SKU_138,2026-05-31,5,7,4,15.82365003417635,2.260521433453764,9.042085733815057,2.211879049676026,-4.042085733815057,0.5529697624190065,High,2.211879049676026
STORE_11,SKU_183,2026-05-31,8,8,3,25.29930099933854,3.614185857048363,10.84255757114509,2.213499890825606,-2.8425575711450897,0.7378332969418685,High,2.213499890825606
STORE_11,SKU_165,2026-05-31,5,7,5,15.699260333575053,2.2427514762250076,11.213757381125038,2.229404395896769,-6.213757381125038,0.44588087917935376,High,2.229404395896769
STORE_03,SKU_152,2026-05-31,5,7,4,15.575468766186678,2.2250669665980967,8.900267866392387,2.2471233787828404,-3.9002678663923867,0.5617808446957101,High,2.2471233787828404
STORE_01,SKU_168,2026-05-31,8,11,3,24.81253214870236,3.5446474498146228,10.633942349443869,2.256924027922264,-2.6339423494438687,0.7523080093074214,High,2.256924027922264
STORE_18,SKU_050,2026-05-31,11,10,3,33.986217863768886,4.855173980538412,14.565521941615236,2.265624268891835,-3.565521941615236,0.7552080896306117,High,2.265624268891835
STORE_03,SKU_063,2026-05-31,5,6,5,15.293843283582088,2.1848347547974414,10.924173773987206,2.288502592253736,-5.9241737739872065,0.4577005184507472,High,2.288502592253736
STORE_02,SKU_008,2026-05-31,8,9,3,24.450008097642847,3.492858299663264,10.478574898989791,2.290387789499292,-2.478574898989791,0.7634625964997642,High,2.290387789499292
STORE_11,SKU_143,2026-05-31,7,7,4,21.39255702280912,3.0560795746870175,12.22431829874807,2.290516273849607,-5.22431829874807,0.5726290684624018,High,2.290516273849607
STORE_07,SKU_239,2026-05-31,9,11,3,27.389258530523485,3.912751218646212,11.738253655938635,2.3001717965380752,-2.7382536559386352,0.7667239321793584,High,2.3001717965380752
STORE_07,SKU_111,2026-05-31,8,11,4,24.26312118570183,3.466160169385976,13.864640677543903,2.308029522310617,-5.864640677543903,0.5770073805776542,High,2.308029522310617
STORE_06,SKU_187,2026-05-31,10,11,3,30.31946955997589,4.33135279428227,12.99405838284681,2.3087475149105368,-2.9940583828468093,0.769582504970179,High,2.3087475149105368
STORE_13,SKU_144,2026-05-31,4,6,3,12.126850740296117,1.732407248613731,5.197221745841193,2.3089259198152123,-1.1972217458411931,0.7696419732717374,High,2.3089259198152123
STORE_04,SKU_085,2026-05-31,6,7,3,18.138833548185474,2.591261935455068,7.773785806365204,2.3154741394162848,-1.773785806365204,0.7718247131387616,High,2.3154741394162848
STORE_07,SKU_054,2026-05-31,3,5,5,9.067669172932332,1.2953813104189045,6.476906552094523,2.31592039800995,-3.4769065520945226,0.46318407960199,High,2.31592039800995
STORE_01,SKU_100,2026-05-31,7,8,3,21.142036798312432,3.02029097118749,9.06087291356247,2.31765749286328,-2.06087291356247,0.7725524976210935,High,2.31765749286328
STORE_03,SKU_250,2026-05-31,5,7,5,15.06993006993007,2.1528471528471527,10.764235764235764,2.3225058004640373,-5.764235764235764,0.46450116009280745,High,2.3225058004640373
STORE_13,SKU_006,2026-05-31,9,10,3,27.024818166675917,3.860688309525131,11.582064928575393,2.3311905231497465,-2.5820649285753934,0.7770635077165821,High,2.3311905231497465
STORE_06,SKU_079,2026-05-31,9,10,3,26.942531398524324,3.8489330569320463,11.546799170796138,2.3383103490955044,-2.546799170796138,0.7794367830318348,High,2.3383103490955044
STORE_07,SKU_064,2026-05-31,8,11,5,23.857336404281263,3.408190914897323,17.040954574486616,2.3472863462641476,-9.040954574486616,0.4694572692528295,High,2.3472863462641476
STORE_01,SKU_076,2026-05-31,4,7,3,11.925842501949234,1.7036917859927476,5.111075357978243,2.347842510533198,-1.111075357978243,0.7826141701777325,High,2.347842510533198
STORE_18,SKU_111,2026-05-31,6,8,4,17.872639225181597,2.5532341750259424,10.21293670010377,2.3499607120600428,-4.21293670010377,0.5874901780150107,High,2.3499607120600428
STORE_09,SKU_156,2026-05-31,6,7,3,17.8635249408932,2.551932134413314,7.655796403239942,2.3511597033043325,-1.6557964032399424,0.7837199011014442,High,2.3511597033043325
STORE_01,SKU_068,2026-05-31,4,7,3,11.83742219398261,1.691060313426087,5.073180940278261,2.365379855610237,-1.0731809402782613,0.788459951870079,High,2.365379855610237
STORE_08,SKU_024,2026-05-31,10,12,3,29.57664124111183,4.225234463015975,12.675703389047925,2.366732565383364,-2.675703389047925,0.7889108551277881,High,2.366732565383364
STORE_17,SKU_069,2026-05-31,5,8,4,14.784313725490197,2.112044817927171,8.448179271708684,2.36737400530504,-3.4481792717086837,0.59184350132626,High,2.36737400530504
STORE_10,SKU_166,2026-05-31,11,12,3,32.509517130835505,4.644216732976501,13.932650198929503,2.3685371791316134,-2.932650198929503,0.7895123930438712,High,2.3685371791316134
STORE_03,SKU_014,2026-05-31,7,9,6,20.61660747243203,2.9452296389188612,17.67137783351317,2.3767246898172494,-10.67137783351317,0.3961207816362082,High,2.3767246898172494
STORE_01,SKU_152,2026-05-31,6,7,3,17.650119069426633,2.521445581346662,7.564336744039986,2.3795873463965465,-1.564336744039986,0.793195782132182,High,2.3795873463965465
STORE_07,SKU_182,2026-05-31,5,7,4,14.69634703196347,2.0994781474233526,8.39791258969341,2.3815441976075817,-3.3979125896934104,0.5953860494018954,High,2.3815441976075817
STORE_18,SKU_124,2026-05-31,10,11,3,29.35298773248912,4.19328396178416,12.579851885352479,2.3847657566565554,-2.579851885352479,0.7949219188855184,High,2.3847657566565554
STORE_11,SKU_101,2026-05-31,4,8,6,11.706170657239273,1.6723100938913247,10.033860563347949,2.3919008888431312,-6.0338605633479485,0.39865014814052185,High,2.3919008888431312
STORE_04,SKU_172,2026-05-31,5,5,3,14.580152671755725,2.0828789531079606,6.248636859323882,2.4005235602094244,-1.2486368593238817,0.800174520069808,High,2.4005235602094244
STORE_10,SKU_037,2026-05-31,5,7,3,14.491666666666667,2.0702380952380954,6.210714285714286,2.415181138585394,-1.2107142857142863,0.8050603795284645,High,2.415181138585394
STORE_10,SKU_011,2026-05-31,6,7,3,17.378866440193097,2.4826952057418707,7.448085617225612,2.4167283950617287,-1.4480856172256118,0.805576131687243,High,2.4167283950617287
STORE_17,SKU_084,2026-05-31,8,9,3,23.113835076290073,3.3019764394700104,9.905929318410031,2.4227913634913927,-1.9059293184100312,0.8075971211637974,High,2.4227913634913927
STORE_01,SKU_202,2026-05-31,4,6,3,11.550320699708454,1.6500458142440648,4.950137442732195,2.4241751140907075,-0.9501374427321947,0.8080583713635691,High,2.4241751140907075
STORE_03,SKU_217,2026-05-31,9,12,5,25.933800057239726,3.704828579605675,18.524142898028376,2.42926219300487,-9.524142898028376,0.485852438600974,High,2.42926219300487
STORE_01,SKU_025,2026-05-31,6,6,3,17.284640171858214,2.4692343102654593,7.407702930796377,2.4299030574198364,-1.4077029307963773,0.8099676858066122,High,2.4299030574198364
STORE_03,SKU_007,2026-05-31,5,6,3,14.379188712522044,2.0541698160745776,6.162509448223733,2.4340733472341474,-1.1625094482237328,0.8113577824113825,High,2.4340733472341474
STORE_02,SKU_016,2026-05-31,12,11,3,34.20694652206433,4.8867066460091895,14.660119938027568,2.4556415740240927,-2.6601199380275684,0.8185471913413642,High,2.4556415740240927
STORE_03,SKU_089,2026-05-31,6,7,6,17.08608722676888,2.4408696038241255,14.645217622944752,2.4581403244973687,-8.645217622944752,0.40969005408289483,High,2.4581403244973687
STORE_07,SKU_013,2026-05-31,13,12,5,36.87025534851622,5.267179335502317,26.335896677511585,2.4681141787552643,-13.335896677511585,0.49362283575105287,High,2.4681141787552643
STORE_03,SKU_130,2026-05-31,9,12,5,25.459978748236278,3.637139821176611,18.185699105883057,2.4744718219517083,-9.185699105883057,0.4948943643903417,High,2.4744718219517083
STORE_09,SKU_070,2026-05-31,5,7,3,14.136134453781512,2.0194477791116445,6.058343337334934,2.475924384734277,-1.058343337334934,0.8253081282447589,High,2.475924384734277
STORE_15,SKU_173,2026-05-31,5,5,3,14.129038896892363,2.0184341281274802,6.055302384382441,2.4771677858214503,-1.0553023843824407,0.8257225952738169,High,2.4771677858214503
STORE_15,SKU_086,2026-05-31,6,8,3,16.944241982507286,2.420605997501041,7.261817992503123,2.478718141735671,-1.261817992503123,0.826239380578557,High,2.478718141735671
STORE_12,SKU_052,2026-05-31,10,10,3,28.192793556591774,4.027541936655967,12.082625809967901,2.4829040038011154,-2.082625809967901,0.8276346679337052,High,2.4829040038011154
STORE_06,SKU_189,2026-05-31,8,10,4,22.55015197568389,3.2214502822405557,12.885801128962223,2.4833535516916028,-4.885801128962223,0.6208383879229007,High,2.4833535516916028
STORE_03,SKU_085,2026-05-31,5,7,3,14.069514582476089,2.009930654639441,6.029791963918323,2.4876480133574277,-1.0297919639183233,0.8292160044524759,High,2.4876480133574277
STORE_04,SKU_249,2026-05-31,5,6,4,14.046905118869134,2.0067007312670193,8.026802925068077,2.4916520545856526,-3.0268029250680772,0.6229130136464132,High,2.4916520545856526
STORE_01,SKU_157,2026-05-31,5,6,3,14.025148155066137,2.0035925935808767,6.010777780742631,2.4955173102650874,-1.0107777807426306,0.8318391034216958,High,2.4955173102650874
STORE_11,SKU_203,2026-05-31,11,11,5,30.832889337794334,4.404698476827762,22.02349238413881,2.4973332585349035,-11.023492384138809,0.4994666517069807,High,2.4973332585349035
STORE_13,SKU_060,2026-05-31,3,5,4,8.3921043827367,1.1988720546766716,4.795488218706686,2.5023520969542337,-1.7954882187066863,0.6255880242385584,High,2.5023520969542337
STORE_17,SKU_240,2026-05-31,9,10,3,25.122703433717056,3.588957633388151,10.766872900164453,2.5076919037084204,-1.7668729001644525,0.8358973012361403,High,2.5076919037084204
STORE_02,SKU_247,2026-05-31,5,7,3,13.901729764070577,1.9859613948672252,5.957884184601676,2.5176723036624202,-0.9578841846016761,0.8392241012208066,High,2.5176723036624202
STORE_12,SKU_059,2026-05-31,3,5,3,8.332696414521749,1.1903852020745356,3.5711556062236065,2.520192618970541,-0.5711556062236065,0.8400642063235135,High,2.520192618970541
STORE_17,SKU_232,2026-05-31,14,11,3,38.87529114906832,5.553613021295474,16.66083906388642,2.520881441741914,-2.6608390638864208,0.8402938139139713,High,2.520881441741914
STORE_14,SKU_232,2026-05-31,11,11,3,30.544273907910274,4.363467701130039,13.090403103390118,2.5209307719067677,-2.090403103390118,0.840310257302256,High,2.5209307719067677
STORE_14,SKU_006,2026-05-31,9,9,3,24.967343876785524,3.5667634109693607,10.700290232908081,2.5232960426590267,-1.7002902329080811,0.8410986808863423,High,2.5232960426590267
STORE_09,SKU_152,2026-05-31,7,7,4,19.410774410774415,2.7729677729677737,11.091871091871095,2.5243712055507364,-4.091871091871095,0.6310928013876841,High,2.5243712055507364
STORE_08,SKU_168,2026-05-31,8,11,3,22.143988050784166,3.163426864397738,9.490280593193214,2.5289030987359533,-1.490280593193214,0.8429676995786511,High,2.5289030987359533
STORE_14,SKU_100,2026-05-31,5,9,3,13.821957334752707,1.9745653335361009,5.923696000608302,2.5322028676791746,-0.9236960006083024,0.8440676225597248,High,2.5322028676791746
STORE_17,SKU_037,2026-05-31,5,6,3,13.77551020408163,1.9679300291545185,5.903790087463555,2.540740740740741,-0.9037900874635554,0.8469135802469138,High,2.540740740740741
STORE_04,SKU_007,2026-05-31,6,6,3,16.518326010073945,2.3597608585819922,7.079282575745976,2.542630528928033,-1.0792825757459763,0.8475435096426777,High,2.542630528928033
STORE_14,SKU_154,2026-05-31,6,6,3,16.50692367342417,2.3581319533463097,7.074395860038929,2.544386878556857,-1.074395860038929,0.8481289595189522,High,2.544386878556857
STORE_07,SKU_244,2026-05-31,6,6,6,16.416220143492872,2.3451743062132673,14.071045837279604,2.5584452226445156,-8.071045837279604,0.42640753710741924,High,2.5584452226445156
STORE_07,SKU_101,2026-05-31,12,12,3,32.8290680506465,4.689866864378071,14.069600593134211,2.558708028824041,-2.0696005931342114,0.8529026762746804,High,2.558708028824041
STORE_15,SKU_103,2026-05-31,8,10,3,21.821715082963774,3.117387868994825,9.352163606984474,2.5662510846234645,-1.3521636069844742,0.8554170282078215,High,2.5662510846234645
STORE_03,SKU_210,2026-05-31,10,10,5,27.242807737620186,3.891829676802884,19.45914838401442,2.5694855197812623,-9.45914838401442,0.5138971039562524,High,2.5694855197812623
STORE_07,SKU_246,2026-05-31,6,7,6,16.33072886297376,2.3329612661391086,13.997767596834652,2.5718386700562714,-7.997767596834652,0.4286397783427119,High,2.5718386700562714
STORE_09,SKU_014,2026-05-31,7,9,4,19.021892393320968,2.7174131990458528,10.869652796183411,2.575979244694132,-3.869652796183411,0.643994811173533,High,2.575979244694132
STORE_08,SKU_113,2026-05-31,7,7,3,19.00702057503012,2.715288653575731,8.145865960727193,2.577994789166074,-1.1458659607271926,0.8593315963886914,High,2.577994789166074
STORE_06,SKU_030,2026-05-31,6,6,3,16.23257142857143,2.318938775510204,6.956816326530612,2.5873904319357903,-0.9568163265306122,0.8624634773119302,High,2.5873904319357903
STORE_11,SKU_208,2026-05-31,9,8,5,24.33132927349598,3.4759041819279974,17.379520909639986,2.5892543433138955,-8.379520909639986,0.5178508686627792,High,2.5892543433138955
STORE_02,SKU_039,2026-05-31,5,7,4,13.506493506493504,1.9294990723562149,7.7179962894248595,2.591346153846154,-2.7179962894248595,0.6478365384615385,High,2.591346153846154
STORE_06,SKU_170,2026-05-31,11,12,3,29.691486781469802,4.2416409687814,12.7249229063442,2.5933359473280073,-1.7249229063442009,0.8644453157760025,High,2.5933359473280073
STORE_03,SKU_052,2026-05-31,6,8,5,16.19378306878307,2.313397581254724,11.56698790627362,2.5935879109658977,-5.566987906273621,0.5187175821931795,High,2.5935879109658977
STORE_02,SKU_199,2026-05-31,4,6,3,10.78543956043956,1.5407770800627942,4.622331240188383,2.596092615705953,-0.6223312401883829,0.8653642052353177,High,2.596092615705953
STORE_07,SKU_238,2026-05-31,9,10,3,24.189328159107447,3.455618308443921,10.366854925331763,2.6044543108271516,-1.3668549253317632,0.8681514369423838,High,2.6044543108271516
STORE_16,SKU_161,2026-05-31,8,10,3,21.406383341867215,3.058054763123888,9.174164289371664,2.6160420985488755,-1.1741642893716637,0.8720140328496252,High,2.6160420985488755
STORE_03,SKU_033,2026-05-31,13,12,4,34.78389970306829,4.969128529009756,19.876514116039026,2.616152897657213,-6.876514116039026,0.6540382244143033,High,2.616152897657213
STORE_14,SKU_152,2026-05-31,10,10,3,26.702031502363415,3.814575928909059,11.443727786727177,2.621523384608555,-1.4437277867271767,0.8738411282028518,High,2.621523384608555
STORE_04,SKU_194,2026-05-31,10,11,3,26.678064842958463,3.8111521204226375,11.433456361267913,2.6238784713980534,-1.433456361267913,0.8746261571326844,High,2.6238784713980534
STORE_17,SKU_181,2026-05-31,8,8,3,21.31837307152875,3.04548186736125,9.13644560208375,2.626842105263158,-1.1364456020837501,0.8756140350877194,High,2.626842105263158
STORE_15,SKU_002,2026-05-31,9,10,3,23.951612903225808,3.421658986175115,10.264976958525345,2.6303030303030304,-1.2649769585253452,0.8767676767676768,High,2.6303030303030304
STORE_15,SKU_038,2026-05-31,6,6,4,15.960314761742847,2.280044965963264,9.120179863853055,2.631527048619037,-3.120179863853055,0.6578817621547592,High,2.631527048619037
STORE_11,SKU_013,2026-05-31,9,8,6,23.92203159503992,3.4174330850057024,20.504598510034214,2.63355558869267,-11.504598510034214,0.43892593144877834,High,2.63355558869267
STORE_03,SKU_234,2026-05-31,6,7,3,15.939748334566987,2.277106904938141,6.8313207148144235,2.6349224039452785,-0.8313207148144235,0.8783074679817595,High,2.6349224039452785
STORE_07,SKU_126,2026-05-31,10,11,5,26.492563126945694,3.784651875277956,18.92325937638978,2.642250946598773,-8.92325937638978,0.5284501893197546,High,2.642250946598773
STORE_07,SKU_218,2026-05-31,10,10,4,26.457473162675473,3.7796390232393535,15.118556092957414,2.6457553058676653,-5.118556092957414,0.6614388264669163,High,2.6457553058676653
STORE_02,SKU_211,2026-05-31,7,7,4,18.513186813186813,2.644740973312402,10.578963893249608,2.646762034783641,-3.5789638932496075,0.6616905086959103,High,2.646762034783641
STORE_06,SKU_078,2026-05-31,4,7,3,10.56998556998557,1.5099979385693671,4.529993815708101,2.64901023890785,-0.5299938157081012,0.8830034129692833,High,2.64901023890785
STORE_03,SKU_091,2026-05-31,5,6,6,13.164084911072862,1.8805835587246946,11.283501352348168,2.6587491828285033,-6.283501352348168,0.4431248638047505,High,2.6587491828285033
STORE_01,SKU_250,2026-05-31,8,8,3,21.015342796738146,3.0021918281054494,9.006575484316349,2.6647197974182903,-1.0065754843163486,0.8882399324727634,High,2.6647197974182903
STORE_03,SKU_139,2026-05-31,5,6,5,13.093934437886652,1.870562062555236,9.35281031277618,2.672993374606278,-4.35281031277618,0.5345986749212556,High,2.672993374606278
STORE_10,SKU_060,2026-05-31,4,5,3,10.469534050179211,1.495647721454173,4.486943164362519,2.674426566244437,-0.4869431643625193,0.891475522081479,High,2.674426566244437
STORE_13,SKU_062,2026-05-31,12,11,4,31.385887384176762,4.483698197739537,17.93479279095815,2.6763621168904312,-5.934792790958149,0.6690905292226078,High,2.6763621168904312
STORE_09,SKU_055,2026-05-31,5,6,3,13.04776247848537,1.8639660683550527,5.591898205065158,2.682452263958052,-0.5918982050651582,0.8941507546526839,High,2.682452263958052
STORE_08,SKU_244,2026-05-31,4,6,3,10.432694882276289,1.490384983182327,4.471154949546981,2.683870305415348,-0.4711549495469809,0.8946234351384493,High,2.683870305415348
STORE_10,SKU_066,2026-05-31,7,6,3,18.207266721717588,2.6010381031025127,7.803114309307539,2.6912331625017005,-0.8031143093075386,0.8970777208339001,High,2.6912331625017005
STORE_01,SKU_044,2026-05-31,7,7,4,18.203796292762362,2.60054232753748,10.40216931014992,2.691746227652629,-3.4021693101499206,0.6729365569131572,High,2.691746227652629
STORE_15,SKU_034,2026-05-31,7,8,3,18.093462469733655,2.584780352819094,7.754341058457282,2.7081604796188743,-0.7543410584572818,0.9027201598729581,High,2.7081604796188743
STORE_02,SKU_232,2026-05-31,6,7,3,15.489553365089845,2.212793337869978,6.638380013609933,2.7115049097967576,-0.6383800136099333,0.9038349699322525,High,2.7115049097967576
STORE_10,SKU_140,2026-05-31,13,10,3,33.55426699780441,4.793466713972059,14.380400141916176,2.7120246735222824,-1.3804001419161764,0.9040082245074275,High,2.7120246735222824
STORE_01,SKU_128,2026-05-31,9,9,3,23.21911922663802,3.31701703237686,9.95105109713058,2.713281213859463,-0.9510510971305806,0.9044270712864876,High,2.713281213859463
STORE_04,SKU_098,2026-05-31,6,5,3,15.471177944862156,2.2101682778374507,6.630504833512353,2.7147254171391544,-0.6305048335123526,0.904908472379718,High,2.7147254171391544
STORE_11,SKU_166,2026-05-31,7,8,5,18.047109298670403,2.578158471238629,12.890792356193145,2.7151162653849505,-5.8907923561931455,0.5430232530769901,High,2.7151162653849505
STORE_13,SKU_138,2026-05-31,10,10,3,25.696897611259786,3.6709853730371123,11.012956119111337,2.724064245379085,-1.0129561191113368,0.9080214151263617,High,2.724064245379085
STORE_04,SKU_126,2026-05-31,12,11,3,30.807376083678857,4.401053726239836,13.203161178719508,2.7266197475513523,-1.2031611787195082,0.9088732491837841,High,2.7266197475513523
STORE_08,SKU_219,2026-05-31,5,7,3,12.822487485560261,1.8317839265086087,5.495351779525826,2.7295795795795796,-0.49535177952582643,0.9098598598598598,High,2.7295795795795796
STORE_08,SKU_161,2026-05-31,6,8,4,15.377309393702836,2.196758484814691,8.787033939258764,2.7312970640494116,-2.787033939258764,0.6828242660123529,High,2.7312970640494116
STORE_15,SKU_164,2026-05-31,7,8,3,17.922777028040183,2.5603967182914547,7.681190154874364,2.7339513248052745,-0.681190154874364,0.9113171082684248,High,2.7339513248052745
STORE_07,SKU_231,2026-05-31,6,6,5,15.278387324729422,2.1826267606756318,10.913133803378159,2.748981231286059,-4.913133803378159,0.5497962462572118,High,2.748981231286059
STORE_07,SKU_001,2026-05-31,11,10,6,27.98729303041971,3.998184718631387,23.98910831178832,2.7512485725685516,-12.989108311788321,0.4585414287614253,High,2.7512485725685516
STORE_18,SKU_059,2026-05-31,7,6,3,17.809523809523807,2.5442176870748296,7.632653061224489,2.751336898395722,-0.6326530612244889,0.9171122994652408,High,2.751336898395722
STORE_11,SKU_051,2026-05-31,7,8,5,17.80066964285714,2.542952806122449,12.714764030612244,2.7527054309253014,-5.714764030612244,0.5505410861850603,High,2.7527054309253014
STORE_18,SKU_119,2026-05-31,5,6,3,12.709224489795917,1.8156034985422738,5.4468104956268215,2.7539052463902167,-0.4468104956268215,0.9179684154634056,High,2.7539052463902167
STORE_07,SKU_029,2026-05-31,5,7,3,12.697896838293328,1.8139852626133326,5.441955787839998,2.7563619744058503,-0.4419557878399978,0.91878732480195,High,2.7563619744058503
STORE_03,SKU_168,2026-05-31,12,11,3,30.418175115207376,4.345453587886768,13.036360763660303,2.7615068846784543,-1.0363607636603032,0.9205022948928181,High,2.7615068846784543
STORE_11,SKU_128,2026-05-31,6,6,6,15.207025761124122,2.1724322515891603,13.034593509534961,2.7618812948532354,-7.034593509534961,0.46031354914220596,High,2.7618812948532354
STORE_03,SKU_108,2026-05-31,7,7,5,17.737714810442082,2.533959258634583,12.669796293172915,2.7624753539928384,-5.669796293172915,0.5524950707985676,High,2.7624753539928384
STORE_13,SKU_130,2026-05-31,7,8,3,17.730919326978437,2.5329884752826337,7.598965425847901,2.763534089597045,-0.5989654258479007,0.9211780298656816,High,2.763534089597045
STORE_08,SKU_187,2026-05-31,11,11,3,27.80067620411257,3.9715251720160816,11.914575516048245,2.76971680237797,-0.9145755160482452,0.9232389341259901,High,2.76971680237797
STORE_08,SKU_192,2026-05-31,8,7,3,20.153571428571432,2.8790816326530617,8.637244897959185,2.7786638312954097,-0.6372448979591852,0.9262212770984699,High,2.7786638312954097
STORE_14,SKU_053,2026-05-31,5,7,3,12.591030333105886,1.7987186190151265,5.39615585704538,2.779756626268598,-0.3961558570453798,0.9265855420895327,High,2.779756626268598
STORE_10,SKU_033,2026-05-31,14,11,3,35.23559380378657,5.033656257683796,15.100968773051388,2.7812785147236117,-1.1009687730513882,0.9270928382412038,High,2.7812785147236117
STORE_10,SKU_246,2026-05-31,6,7,3,15.093053173241852,2.1561504533202647,6.468451359960794,2.7827371650992982,-0.46845135996079357,0.9275790550330995,High,2.7827371650992982
STORE_07,SKU_028,2026-05-31,6,7,5,15.080657127715952,2.1543795896737072,10.771897948368537,2.7850245280631967,-4.771897948368537,0.5570049056126394,High,2.7850245280631967
STORE_04,SKU_060,2026-05-31,5,5,4,12.566794833875576,1.795256404839368,7.181025619357472,2.7851174832306915,-2.181025619357472,0.6962793708076729,High,2.7851174832306915
STORE_06,SKU_204,2026-05-31,8,11,3,20.102335365381293,2.8717621950544703,8.61528658516341,2.7857459833467373,-0.6152865851634104,0.9285819944489124,High,2.7857459833467373
STORE_07,SKU_237,2026-05-31,9,9,4,22.553707627118644,3.2219582324455205,12.887832929782082,2.793332300018318,-3.887832929782082,0.6983330750045795,High,2.793332300018318
STORE_15,SKU_215,2026-05-31,9,10,4,22.447287799603533,3.206755399943362,12.827021599773447,2.8065751445086704,-3.827021599773447,0.7016437861271676,High,2.8065751445086704
STORE_13,SKU_084,2026-05-31,12,10,3,29.90683229813665,4.272404614019521,12.817213842058564,2.8087227414330216,-0.817213842058564,0.9362409138110072,High,2.8087227414330216
STORE_04,SKU_026,2026-05-31,11,11,4,27.385714285714283,3.9122448979591833,15.648979591836733,2.811684924360981,-4.648979591836733,0.7029212310902453,High,2.811684924360981
STORE_17,SKU_090,2026-05-31,8,8,3,19.913746630727765,2.8448209472468236,8.53446284174047,2.812127774769897,-0.5344628417404707,0.9373759249232989,High,2.812127774769897
STORE_08,SKU_135,2026-05-31,9,9,3,22.394481509223613,3.199211644174802,9.597634932524405,2.813193061605476,-0.5976349325244055,0.9377310205351588,High,2.813193061605476
STORE_06,SKU_174,2026-05-31,7,6,4,17.398176291793312,2.485453755970473,9.941815023881892,2.8163871418588404,-2.941815023881892,0.7040967854647101,High,2.8163871418588404
STORE_11,SKU_153,2026-05-31,9,9,3,22.321428571428573,3.188775510204082,9.566326530612246,2.8224,-0.5663265306122458,0.9407999999999999,High,2.8224
STORE_09,SKU_036,2026-05-31,5,6,3,12.389324960753532,1.769903565821933,5.3097106974658,2.8250126710593007,-0.3097106974657997,0.9416708903531001,High,2.8250126710593007
STORE_11,SKU_014,2026-05-31,7,6,4,17.318181818181817,2.474025974025974,9.896103896103895,2.8293963254593177,-2.896103896103895,0.7073490813648294,High,2.8293963254593177
STORE_11,SKU_218,2026-05-31,10,8,5,24.725829725829723,3.5322613894042463,17.66130694702123,2.8310475634665893,-7.661306947021231,0.5662095126933179,High,2.8310475634665893
STORE_06,SKU_019,2026-05-31,8,11,3,19.74374712290932,2.82053530327276,8.46160590981828,2.8363410274345218,-0.46160590981827987,0.9454470091448406,High,2.8363410274345218
STORE_11,SKU_061,2026-05-31,5,6,3,12.324812030075188,1.760687432867884,5.282062298603652,2.8397999023914102,-0.28206229860365184,0.9465999674638035,High,2.8397999023914102
STORE_03,SKU_225,2026-05-31,7,6,5,17.251808724688555,2.4645441035269364,12.322720517634682,2.8402818963484995,-5.322720517634682,0.5680563792696999,High,2.8402818963484995
STORE_08,SKU_004,2026-05-31,6,8,4,14.77650666352164,2.1109295233602343,8.443718093440937,2.842349748583287,-2.4437180934409373,0.7105874371458217,High,2.842349748583287
STORE_15,SKU_204,2026-05-31,7,8,4,17.228825396825396,2.4612607709750565,9.845043083900226,2.8440708447268146,-2.845043083900226,0.7110177111817036,High,2.8440708447268146
STORE_08,SKU_119,2026-05-31,6,6,3,14.75,2.107142857142857,6.321428571428571,2.847457627118644,-0.3214285714285712,0.9491525423728814,High,2.847457627118644
STORE_11,SKU_155,2026-05-31,9,8,6,22.076909254267747,3.1538441791811067,18.92306507508664,2.85366032330007,-9.92306507508664,0.47561005388334493,High,2.85366032330007
STORE_10,SKU_104,2026-05-31,9,11,4,22.05665629605371,3.150950899436244,12.603803597744976,2.856280623608018,-3.6038035977449763,0.7140701559020045,High,2.856280623608018
STORE_11,SKU_017,2026-05-31,12,11,5,29.38469523387556,4.197813604839366,20.989068024196833,2.85863097545971,-8.989068024196833,0.571726195091942,High,2.85863097545971
STORE_02,SKU_064,2026-05-31,13,10,4,31.792678074015125,4.541811153430732,18.16724461372293,2.862294261217848,-5.167244613722929,0.715573565304462,High,2.862294261217848
STORE_13,SKU_239,2026-05-31,6,8,4,14.665978773584907,2.095139824797844,8.380559299191376,2.863770679638973,-2.3805592991913755,0.7159426699097432,High,2.863770679638973
STORE_07,SKU_100,2026-05-31,7,8,6,17.067749846719803,2.438249978102829,14.629499868616973,2.8709115401885947,-7.629499868616973,0.47848525669809916,High,2.8709115401885947
STORE_08,SKU_237,2026-05-31,11,9,3,26.79381733021077,3.82768819003011,11.483064570090331,2.873797303722765,-0.4830645700903311,0.9579324345742548,High,2.873797303722765
STORE_03,SKU_041,2026-05-31,6,7,6,14.614117647058823,2.0877310924369747,12.526386554621848,2.873933344066978,-6.526386554621848,0.4789888906778297,High,2.873933344066978
STORE_17,SKU_177,2026-05-31,7,7,4,17.040060468631896,2.4342943526616994,9.737177410646797,2.8755766501064586,-2.7371774106467974,0.7188941625266146,High,2.8755766501064586
STORE_14,SKU_024,2026-05-31,7,8,3,17.01355970711859,2.4305085295883697,7.29152558876511,2.8800557228184336,-0.2915255887651096,0.9600185742728111,High,2.8800557228184336
STORE_08,SKU_193,2026-05-31,7,7,3,17.013127413127414,2.4304467733039163,7.291340319911749,2.880128903413217,-0.2913403199117486,0.9600429678044057,High,2.880128903413217
STORE_07,SKU_047,2026-05-31,8,9,4,19.42646255478626,2.775208936398037,11.100835745592148,2.8826658400658136,-3.100835745592148,0.7206664600164534,High,2.8826658400658136
STORE_07,SKU_061,2026-05-31,7,6,6,16.965899830752836,2.4236999758218336,14.542199854931003,2.888146251528688,-7.5421998549310025,0.4813577085881146,High,2.888146251528688
STORE_13,SKU_238,2026-05-31,9,8,3,21.79297495753192,3.1132821367902745,9.339846410370823,2.8908398290168464,-0.3398464103708232,0.9636132763389489,High,2.8908398290168464
STORE_10,SKU_178,2026-05-31,13,11,4,31.4656381486676,4.4950911640953715,17.980364656381486,2.89204368174727,-4.980364656381486,0.7230109204368175,High,2.89204368174727
STORE_04,SKU_134,2026-05-31,6,6,3,14.5,2.0714285714285716,6.214285714285715,2.8965517241379306,-0.2142857142857153,0.9655172413793102,High,2.8965517241379306
STORE_01,SKU_189,2026-05-31,9,10,3,21.741393331526158,3.1059133330751654,9.317739999225497,2.8976983691586455,-0.31773999922549656,0.9658994563862152,High,2.8976983691586455
STORE_03,SKU_240,2026-05-31,7,7,6,16.89466384407621,2.4135234062966013,14.481140437779608,2.9003240580712064,-7.481140437779608,0.48338734301186775,High,2.9003240580712064
STORE_03,SKU_039,2026-05-31,5,7,4,12.058275579402341,1.7226107970574773,6.890443188229909,2.902570916507014,-1.8904431882299093,0.7256427291267535,High,2.902570916507014
STORE_03,SKU_123,2026-05-31,5,6,3,12.046480982330039,1.7209258546185768,5.16277756385573,2.9054127965950003,-0.16277756385573028,0.9684709321983335,High,2.9054127965950003
STORE_10,SKU_031,2026-05-31,8,9,4,19.256966188451862,2.7509951697788373,11.00398067911535,2.9080385483349103,-3.003980679115349,0.7270096370837276,High,2.9080385483349103
STORE_15,SKU_051,2026-05-31,10,8,3,24.01495016611296,3.430707166587566,10.292121499762697,2.9148509372622255,-0.29212149976269686,0.9716169790874085,High,2.9148509372622255
STORE_01,SKU_062,2026-05-31,8,7,4,19.200968523002423,2.7429955032860605,10.971982013144242,2.9165195460277427,-2.971982013144242,0.7291298865069357,High,2.9165195460277427
STORE_11,SKU_105,2026-05-31,12,8,3,28.770528683914513,4.110075526273502,12.330226578820508,2.9196543769793166,-0.33022657882050765,0.9732181256597722,High,2.9196543769793166
STORE_18,SKU_194,2026-05-31,5,7,3,11.953992673992673,1.7077132391418104,5.123139717425431,2.9278920403010322,-0.12313971742543117,0.9759640134336774,High,2.9278920403010322
STORE_03,SKU_209,2026-05-31,10,11,4,23.881783490660776,3.4116833558086825,13.64673342323473,2.931104371973485,-3.64673342323473,0.7327760929933712,High,2.931104371973485
STORE_17,SKU_139,2026-05-31,8,9,3,19.056405572048416,2.722343653149774,8.16703095944932,2.9386444252708266,-0.16703095944932045,0.9795481417569424,High,2.9386444252708266
STORE_15,SKU_129,2026-05-31,7,7,3,16.63452536978094,2.3763607671115627,7.129082301334688,2.945680679835669,-0.12908230133468823,0.981893559945223,High,2.945680679835669
STORE_13,SKU_043,2026-05-31,8,7,3,19.0108604845447,2.7158372120778145,8.147511636233443,2.945684654596589,-0.14751163623344254,0.9818948848655298,High,2.945684654596589
STORE_09,SKU_083,2026-05-31,8,7,3,19.005817711700068,2.7151168159571526,8.145350447871458,2.946466226787293,-0.1453504478714578,0.9821554089290976,High,2.946466226787293
STORE_18,SKU_188,2026-05-31,8,8,3,18.99852344038391,2.7140747771977014,8.142224331593104,2.947597489653564,-0.14222433159310377,0.982532496551188,High,2.947597489653564
STORE_13,SKU_245,2026-05-31,12,11,3,28.48751451800232,4.069644931143189,12.208934793429567,2.9486601910081442,-0.20893479342956667,0.982886730336048,High,2.9486601910081442
STORE_14,SKU_238,2026-05-31,6,7,3,14.238751814223512,2.0341074020319305,6.102322206095792,2.9496967534784155,-0.10232220609579201,0.9832322511594719,High,2.9496967534784155
STORE_17,SKU_017,2026-05-31,9,10,3,21.346170526498398,3.049452932356914,9.148358797070742,2.951349045103616,-0.14835879707074184,0.9837830150345387,High,2.951349045103616
STORE_10,SKU_113,2026-05-31,8,7,3,18.974051158925114,2.710578736989302,8.131736210967906,2.951399231031293,-0.13173621096790633,0.9837997436770977,High,2.951399231031293
STORE_14,SKU_011,2026-05-31,8,6,4,18.952380952380956,2.7074829931972793,10.829931972789117,2.954773869346733,-2.829931972789117,0.7386934673366833,High,2.954773869346733
STORE_18,SKU_197,2026-05-31,5,6,3,11.843205574912892,1.6918865107018417,5.075659532105525,2.955280964989703,-0.0756595321055249,0.9850936549965676,High,2.955280964989703
STORE_18,SKU_249,2026-05-31,5,6,3,11.838470005503577,1.6912100007862254,5.0736300023586764,2.956463122661026,-0.07363000235867645,0.9854877075536752,High,2.956463122661026
STORE_03,SKU_006,2026-05-31,8,7,5,18.93887043189369,2.705552918841956,13.52776459420978,2.956881731747535,-5.5277645942097795,0.591376346349507,High,2.956881731747535
STORE_06,SKU_180,2026-05-31,12,9,4,28.40697751322751,4.058139644746787,16.23255857898715,2.9570199772533345,-4.232558578987149,0.7392549943133336,High,2.9570199772533345
STORE_03,SKU_072,2026-05-31,6,7,6,14.19019274376417,2.02717039196631,12.16302235179786,2.959790663763658,-6.16302235179786,0.49329844396060973,High,2.959790663763658
STORE_03,SKU_109,2026-05-31,8,8,4,18.907454659877565,2.7010649514110807,10.804259805644323,2.961794752777296,-2.804259805644323,0.740448688194324,High,2.961794752777296
STORE_09,SKU_145,2026-05-31,9,12,3,21.267316778928322,3.0381881112754745,9.114564333826424,2.9622918892344927,-0.11456433382642395,0.9874306297448308,High,2.9622918892344927
STORE_02,SKU_250,2026-05-31,6,7,3,14.163967611336032,2.023423944476576,6.070271833429727,2.965270830355867,-0.07027183342972698,0.9884236101186225,High,2.965270830355867
STORE_03,SKU_220,2026-05-31,5,6,4,11.792844179414052,1.6846920256305788,6.738768102522315,2.9679015059909863,-1.7387681025223154,0.7419753764977466,High,2.9679015059909863
STORE_13,SKU_059,2026-05-31,5,6,3,11.773809523809524,1.6819727891156462,5.045918367346939,2.9726996966632964,-0.04591836734693899,0.9908998988877654,High,2.9726996966632964
STORE_07,SKU_230,2026-05-31,9,9,4,21.18937185263716,3.0270531218053085,12.108212487221234,2.9731886550548796,-3.108212487221234,0.7432971637637199,High,2.9731886550548796
STORE_03,SKU_154,2026-05-31,9,9,3,21.18821644274621,3.0268880632494586,9.080664189748376,2.973350785340314,-0.08066418974837575,0.9911169284467714,High,2.973350785340314
STORE_07,SKU_250,2026-05-31,7,8,5,16.440781440781443,2.3486830629687776,11.743415314843888,2.980393613070924,-4.7434153148438885,0.5960787226141848,High,2.980393613070924
STORE_11,SKU_146,2026-05-31,5,5,6,11.734158230221222,1.6763083186030319,10.057849911618192,2.9827448474197156,-5.057849911618192,0.49712414123661924,High,2.9827448474197156
STORE_03,SKU_048,2026-05-31,9,12,3,21.11401098901099,3.016287284144427,9.04886185243328,2.983800663587275,-0.048861852433280006,0.9946002211957583,High,2.983800663587275
STORE_13,SKU_061,2026-05-31,6,5,3,14.072997416020673,2.0104282022886677,6.031284606866003,2.984438834060133,-0.031284606866003095,0.9948129446867109,High,2.984438834060133
STORE_14,SKU_129,2026-05-31,12,8,3,28.12262936791238,4.01751848113034,12.05255544339102,2.986918431455172,-0.05255544339101981,0.995639477151724,High,2.986918431455172
STORE_01,SKU_175,2026-05-31,14,10,3,32.78392359729408,4.683417656756297,14.05025297026889,2.989270021605612,-0.05025297026888964,0.9964233405352041,High,2.989270021605612
STORE_17,SKU_074,2026-05-31,9,11,4,21.07244753357177,3.01034964765311,12.04139859061244,2.9896859346609337,-3.04139859061244,0.7474214836652334,High,2.9896859346609337
STORE_13,SKU_029,2026-05-31,9,9,3,21.06903163950144,3.00986166278592,9.02958498835776,2.9901706484641637,-0.02958498835775991,0.9967235494880545,High,2.9901706484641637
STORE_07,SKU_040,2026-05-31,10,11,6,23.35513750186745,3.336448214552493,20.018689287314956,2.997199224128005,-10.018689287314956,0.4995332040213342,High,2.997199224128005
STORE_09,SKU_167,2026-05-31,13,11,4,30.286731701478246,4.326675957354035,17.30670382941614,3.004616044310864,-4.30670382941614,0.751154011077716,High,3.004616044310864
STORE_07,SKU_145,2026-05-31,13,11,5,30.283930728956907,4.326275818422415,21.631379092112077,3.004893942416384,-8.631379092112077,0.6009787884832768,High,3.004893942416384
STORE_04,SKU_019,2026-05-31,10,11,4,23.283009994121105,3.326144284874444,13.304577139497775,3.006484128026179,-3.304577139497775,0.7516210320065447,High,3.006484128026179
STORE_04,SKU_216,2026-05-31,9,10,4,20.945132151221145,2.992161735888735,11.96864694355494,3.007858797220669,-2.9686469435549405,0.7519646993051673,High,3.007858797220669
STORE_18,SKU_089,2026-05-31,8,10,4,18.59640626991207,2.6566294671302955,10.626517868521182,3.011334512012938,-2.626517868521182,0.7528336280032345,High,3.011334512012938
STORE_01,SKU_075,2026-05-31,10,10,4,23.220498769330796,3.3172141099043992,13.268856439617597,3.0145777959108573,-3.268856439617597,0.7536444489777143,High,3.0145777959108573
STORE_07,SKU_081,2026-05-31,13,11,4,30.08701643184402,4.2981452045491455,17.192580818196582,3.0245604513874578,-4.192580818196582,0.7561401128468644,High,3.0245604513874578
STORE_07,SKU_186,2026-05-31,7,6,5,16.122488839285715,2.303212691326531,11.516063456632654,3.039232992402609,-4.516063456632654,0.6078465984805219,High,3.039232992402609
STORE_02,SKU_026,2026-05-31,13,12,4,29.928885400313973,4.27555505718771,17.10222022875084,3.0405408949524513,-4.102220228750841,0.7601352237381128,High,3.0405408949524513
STORE_04,SKU_185,2026-05-31,9,6,4,20.662337662337663,2.951762523191095,11.80705009276438,3.0490257699560024,-2.8070500927643796,0.7622564424890006,High,3.0490257699560024
STORE_11,SKU_161,2026-05-31,13,11,6,29.82702702702703,4.261003861003862,25.56602316602317,3.050924247915911,-12.566023166023172,0.5084873746526518,High,3.050924247915911
STORE_03,SKU_144,2026-05-31,8,6,4,18.224612736660934,2.603516105237276,10.414064420949105,3.0727676252538125,-2.4140644209491047,0.7681919063134531,High,3.0727676252538125
STORE_03,SKU_012,2026-05-31,6,6,6,13.657636758212973,1.9510909654589963,11.706545792753978,3.0752025949689608,-5.706545792753978,0.5125337658281601,High,3.0752025949689608
STORE_06,SKU_038,2026-05-31,9,9,4,20.36528164489184,2.909325949270263,11.637303797081051,3.093500060471891,-2.637303797081051,0.7733750151179728,High,3.093500060471891
STORE_07,SKU_102,2026-05-31,7,6,5,15.830120440820226,2.261445777260032,11.30722888630016,3.0953649520976803,-4.307228886300161,0.619072990419536,High,3.0953649520976803
STORE_07,SKU_105,2026-05-31,13,11,5,29.335465529495377,4.190780789927911,20.953903949639553,3.102047244094489,-7.953903949639553,0.6204094488188978,High,3.102047244094489
STORE_11,SKU_216,2026-05-31,7,7,5,15.776848276848277,2.2538354681211823,11.26917734060591,3.1058167727901025,-4.269177340605911,0.6211633545580205,High,3.1058167727901025
STORE_07,SKU_234,2026-05-31,6,7,4,13.486332046332045,1.9266188637617208,7.706475455046883,3.1142641198296004,-1.706475455046883,0.7785660299574001,High,3.1142641198296004
STORE_11,SKU_207,2026-05-31,10,10,5,22.43908472479901,3.205583532114144,16.027917660570722,3.11955682945651,-6.027917660570722,0.6239113658913019,High,3.11955682945651
STORE_03,SKU_204,2026-05-31,12,11,5,26.923809523809528,3.846258503401361,19.231292517006807,3.1199151043509015,-7.231292517006807,0.6239830208701803,High,3.1199151043509015
STORE_07,SKU_233,2026-05-31,6,6,4,13.399426660296225,1.9142038086137465,7.656815234454986,3.1344624710287037,-1.656815234454986,0.7836156177571759,High,3.1344624710287037
STORE_13,SKU_185,2026-05-31,5,6,4,11.138285714285715,1.5911836734693878,6.364734693877551,3.142314795813667,-1.3647346938775513,0.7855786989534167,High,3.142314795813667
STORE_11,SKU_070,2026-05-31,12,10,5,26.721446127608353,3.817349446801193,19.086747234005966,3.143542441485305,-7.086747234005966,0.6287084882970609,High,3.143542441485305
STORE_14,SKU_131,2026-05-31,4,5,4,8.898832446971085,1.2712617781387263,5.085047112554905,3.1464801890421503,-1.0850471125549053,0.7866200472605376,High,3.1464801890421503
STORE_02,SKU_049,2026-05-31,14,12,4,31.11391559142549,4.444845084489356,17.779380337957424,3.149716071962581,-3.7793803379574236,0.7874290179906452,High,3.149716071962581
STORE_03,SKU_186,2026-05-31,5,5,5,11.0953256302521,1.585046518607443,7.925232593037215,3.1544815507325272,-2.925232593037215,0.6308963101465054,High,3.1544815507325272
STORE_04,SKU_002,2026-05-31,6,7,4,13.302357607787282,1.9003368011124688,7.601347204449875,3.1573350558109294,-1.6013472044498753,0.7893337639527324,High,3.1573350558109294
STORE_07,SKU_121,2026-05-31,6,7,4,13.300691729323308,1.9000988184747583,7.600395273899033,3.157730504151517,-1.600395273899033,0.7894326260378792,High,3.157730504151517
STORE_03,SKU_078,2026-05-31,5,6,6,11.083505866114562,1.5833579808735088,9.500147885241052,3.157845579078456,-4.500147885241052,0.526307596513076,High,3.157845579078456
STORE_03,SKU_097,2026-05-31,8,7,6,17.723653597587244,2.5319505139410348,15.191703083646209,3.159619414341487,-7.191703083646209,0.5266032357235813,High,3.159619414341487
STORE_03,SKU_113,2026-05-31,10,8,5,22.14941022280472,3.164201460400674,15.82100730200337,3.160355029585799,-5.82100730200337,0.6320710059171598,High,3.160355029585799
STORE_03,SKU_008,2026-05-31,15,10,4,33.13267998492273,4.733239997846105,18.93295999138442,3.169076574782994,-3.9329599913844184,0.7922691436957485,High,3.169076574782994
STORE_10,SKU_110,2026-05-31,10,8,4,22.005727877287512,3.143675411041073,12.574701644164293,3.18098998544139,-2.5747016441642927,0.7952474963603475,High,3.18098998544139
STORE_13,SKU_211,2026-05-31,12,10,4,26.378021978021977,3.7682888540031394,15.073155416012558,3.1844692551241462,-3.0731554160125576,0.7961173137810366,High,3.1844692551241462
STORE_17,SKU_007,2026-05-31,6,6,4,13.176061271190397,1.8822944673129138,7.529177869251655,3.187599020341038,-1.5291778692516553,0.7968997550852595,High,3.187599020341038
STORE_11,SKU_204,2026-05-31,7,7,6,15.340647144198753,2.1915210205998217,13.14912612359893,3.194128613963325,-6.149126123598929,0.5323547689938876,High,3.194128613963325
STORE_11,SKU_039,2026-05-31,8,10,5,17.52360160874283,2.5033716583918326,12.516858291959164,3.195690089876309,-4.5168582919591636,0.6391380179752617,High,3.195690089876309
STORE_07,SKU_058,2026-05-31,13,11,6,28.468859046209154,4.066979863744165,24.401879182464988,3.196475132786094,-11.401879182464988,0.532745855464349,High,3.196475132786094
STORE_07,SKU_194,2026-05-31,9,10,5,19.70276110444178,2.814680157777397,14.073400788886985,3.1975213862689182,-5.073400788886985,0.6395042772537837,High,3.1975213862689182
STORE_06,SKU_022,2026-05-31,6,7,4,13.088976639480384,1.8698538056400549,7.4794152225602195,3.2088070104208963,-1.4794152225602195,0.8022017526052241,High,3.2088070104208963
STORE_07,SKU_143,2026-05-31,11,9,5,23.857598430025757,3.4082283471465367,17.041141735732683,3.227483278580646,-6.041141735732683,0.6454966557161291,High,3.227483278580646
STORE_07,SKU_176,2026-05-31,10,8,5,21.682681382892387,3.0975259118417697,15.487629559208848,3.228383001339951,-5.487629559208848,0.6456766002679901,High,3.228383001339951
STORE_07,SKU_164,2026-05-31,12,11,5,26.015925058548007,3.716560722649715,18.582803613248576,3.2287915886504397,-6.582803613248576,0.645758317730088,High,3.2287915886504397
STORE_03,SKU_205,2026-05-31,7,9,5,15.174791914387633,2.1678274163410904,10.839137081705452,3.229039335527347,-3.839137081705452,0.6458078671054694,High,3.229039335527347
STORE_07,SKU_074,2026-05-31,6,8,5,12.996304136392242,1.856614876627463,9.283074383137315,3.2316879906181657,-3.283074383137315,0.6463375981236332,High,3.2316879906181657
STORE_07,SKU_122,2026-05-31,12,10,4,25.891357868821416,3.6987654098316307,14.795061639326523,3.2443257872215923,-2.795061639326523,0.8110814468053981,High,3.2443257872215923
STORE_01,SKU_223,2026-05-31,11,10,4,23.70850260478899,3.3869289435412844,13.547715774165138,3.2477799751236254,-2.5477157741651375,0.8119449937809063,High,3.2477799751236254
STORE_03,SKU_202,2026-05-31,7,6,5,15.08039629689784,2.154342328128263,10.771711640641314,3.2492514808831445,-3.771711640641314,0.6498502961766289,High,3.2492514808831445
STORE_07,SKU_019,2026-05-31,15,11,5,32.30880574452003,4.615543677788575,23.077718388942877,3.249887997417215,-8.077718388942877,0.6499775994834429,High,3.249887997417215
STORE_08,SKU_038,2026-05-31,7,9,4,15.031788079470198,2.1473982970671712,8.589593188268685,3.2597585690369195,-1.589593188268685,0.8149396422592299,High,3.2597585690369195
STORE_07,SKU_161,2026-05-31,7,7,5,14.980952380952381,2.140136054421769,10.700680272108844,3.270820089001907,-3.700680272108844,0.6541640178003814,High,3.270820089001907
STORE_10,SKU_123,2026-05-31,8,6,4,17.014619666048237,2.430659952292605,9.72263980917042,3.291287204717541,-1.7226398091704205,0.8228218011793853,High,3.291287204717541
STORE_07,SKU_112,2026-05-31,8,6,5,16.99823033415455,2.4283186191649357,12.141593095824678,3.294460593787765,-4.141593095824678,0.658892118757553,High,3.294460593787765
STORE_11,SKU_194,2026-05-31,8,7,6,16.946535651297555,2.4209336644710793,14.525601986826477,3.304510205052572,-6.5256019868264765,0.5507517008420952,High,3.304510205052572
STORE_07,SKU_130,2026-05-31,17,11,4,35.96670381900406,5.138100545572009,20.552402182288034,3.308615674064713,-3.5524021822880343,0.8271539185161783,High,3.308615674064713
STORE_03,SKU_061,2026-05-31,7,6,5,14.79358552631579,2.1133693609022557,10.566846804511279,3.3122463727833678,-3.566846804511279,0.6624492745566735,High,3.3122463727833678
STORE_03,SKU_116,2026-05-31,12,11,6,25.337206652996127,3.619600950428018,21.717605702568108,3.3152825862146487,-9.717605702568108,0.5525470977024415,High,3.3152825862146487
STORE_03,SKU_004,2026-05-31,8,8,5,16.87050557928089,2.410072225611556,12.05036112805778,3.319402595069531,-4.05036112805778,0.6638805190139062,High,3.319402595069531
STORE_11,SKU_140,2026-05-31,7,7,4,14.753846153846155,2.1076923076923078,8.430769230769231,3.321167883211679,-1.430769230769231,0.8302919708029197,High,3.321167883211679
STORE_03,SKU_096,2026-05-31,17,12,4,35.8143472906404,5.116335327234343,20.465341308937372,3.3226907371588217,-3.465341308937372,0.8306726842897054,High,3.3226907371588217
STORE_07,SKU_193,2026-05-31,6,6,4,12.637301587301586,1.805328798185941,7.221315192743764,3.323494316397664,-1.2213151927437638,0.830873579099416,High,3.323494316397664
STORE_09,SKU_187,2026-05-31,14,11,4,29.442898076135894,4.206128296590842,16.82451318636337,3.32847669229379,-2.824513186363369,0.8321191730734475,High,3.32847669229379
STORE_07,SKU_068,2026-05-31,6,7,5,12.603609022556391,1.800515574650913,9.002577873254564,3.33237883885747,-3.0025778732545643,0.6664757677714941,High,3.33237883885747
STORE_11,SKU_181,2026-05-31,11,9,4,23.08609060322421,3.2980129433177443,13.192051773270977,3.3353416705921686,-2.192051773270977,0.8338354176480421,High,3.3353416705921686
STORE_11,SKU_027,2026-05-31,5,6,5,10.488479262672811,1.49835418038183,7.491770901909151,3.336994727592267,-2.4917709019091507,0.6673989455184535,High,3.336994727592267
STORE_11,SKU_136,2026-05-31,6,6,5,12.585449033724895,1.797921290532128,8.98960645266064,3.337187245957908,-2.98960645266064,0.6674374491915817,High,3.337187245957908
STORE_18,SKU_090,2026-05-31,8,8,4,16.73588461259694,2.39084065894242,9.56336263576968,3.34610337584721,-1.5633626357696802,0.8365258439618025,High,3.34610337584721
STORE_03,SKU_207,2026-05-31,6,7,4,12.548211945328589,1.7926017064755126,7.170406825902051,3.34709042076992,-1.1704068259020506,0.83677260519248,High,3.34709042076992
STORE_04,SKU_103,2026-05-31,4,7,4,8.352440850554057,1.1932058357934368,4.772823343173747,3.352313473509079,-0.772823343173747,0.8380783683772698,High,3.352313473509079
STORE_03,SKU_101,2026-05-31,14,11,5,29.097553609181517,4.156793372740217,20.783966863701085,3.3679807352971705,-6.783966863701085,0.673596147059434,High,3.3679807352971705
STORE_11,SKU_152,2026-05-31,9,9,4,18.66807157645667,2.666867368065238,10.667469472260953,3.374746006408759,-1.6674694722609527,0.8436865016021897,High,3.374746006408759
STORE_18,SKU_178,2026-05-31,8,7,4,16.523809523809522,2.3605442176870746,9.442176870748298,3.3890489913544672,-1.4421768707482983,0.8472622478386168,High,3.3890489913544672
STORE_11,SKU_118,2026-05-31,13,11,6,26.81850941022513,3.8312156300321614,22.987293780192967,3.3931788902967255,-9.987293780192967,0.5655298150494543,High,3.3931788902967255
STORE_11,SKU_120,2026-05-31,11,9,4,22.660633885598955,3.2372334122284223,12.94893364891369,3.397963198590584,-1.9489336489136893,0.849490799647646,High,3.397963198590584
STORE_11,SKU_229,2026-05-31,11,10,6,22.635344982885968,3.2336207118408526,19.401724271045115,3.401759507452518,-8.401724271045115,0.566959917908753,High,3.401759507452518
STORE_18,SKU_052,2026-05-31,9,10,4,18.486607142857142,2.6409438775510203,10.563775510204081,3.4078724945665297,-1.5637755102040813,0.8519681236416324,High,3.4078724945665297
STORE_11,SKU_126,2026-05-31,10,8,5,20.512466789290826,2.930352398470118,14.65176199235059,3.4125588462400676,-4.65176199235059,0.6825117692480135,High,3.4125588462400676
STORE_03,SKU_064,2026-05-31,12,11,6,24.583637026239067,3.511948146605581,21.071688879633484,3.4169069414075532,-9.071688879633484,0.5694844902345922,High,3.4169069414075532
STORE_11,SKU_045,2026-05-31,9,9,6,18.3953973972502,2.6279139138928858,15.767483483357314,3.4247697203550183,-6.767483483357314,0.5707949533925031,High,3.4247697203550183
STORE_07,SKU_041,2026-05-31,9,7,4,18.395006435006433,2.627858062143776,10.511432248575105,3.4248425094382395,-1.5114322485751046,0.8562106273595599,High,3.4248425094382395
STORE_03,SKU_102,2026-05-31,7,6,4,14.283959715057726,2.040565673579675,8.1622626943187,3.430421324161651,-1.1622626943187004,0.8576053310404127,High,3.430421324161651
STORE_03,SKU_105,2026-05-31,14,11,6,28.533867975342627,4.076266853620376,24.457601121722256,3.4345150851853004,-10.457601121722256,0.5724191808642166,High,3.4345150851853004
STORE_03,SKU_036,2026-05-31,8,7,6,16.271528654105566,2.3245040934436525,13.947024560661916,3.441594283513756,-5.947024560661916,0.5735990472522926,High,3.441594283513756
STORE_07,SKU_044,2026-05-31,7,7,6,14.22081306000904,2.0315447228584342,12.189268337150605,3.445653901308569,-5.1892683371506045,0.5742756502180949,High,3.445653901308569
STORE_11,SKU_168,2026-05-31,11,8,4,22.321008403361343,3.1887154861944778,12.754861944777911,3.449664934869362,-1.754861944777911,0.8624162337173406,High,3.449664934869362
STORE_06,SKU_006,2026-05-31,8,7,4,16.211911831105393,2.3159874044436277,9.26394961777451,3.4542502194315037,-1.2639496177745109,0.8635625548578759,High,3.4542502194315037
STORE_11,SKU_176,2026-05-31,6,7,5,12.146853637160385,1.7352648053086264,8.676324026543131,3.457685525370214,-2.6763240265431314,0.6915371050740429,High,3.457685525370214
STORE_03,SKU_115,2026-05-31,12,12,4,24.286108646357093,3.4694440923367273,13.87777636934691,3.458767364635008,-1.8777763693469094,0.864691841158752,High,3.458767364635008
STORE_03,SKU_176,2026-05-31,12,10,4,24.268693542990967,3.466956220427281,13.867824881709124,3.4612493602590324,-1.867824881709124,0.8653123400647581,High,3.4612493602590324
STORE_10,SKU_090,2026-05-31,13,11,4,26.283498641186753,3.7547855201695364,15.019142080678145,3.462248357507521,-2.0191420806781455,0.8655620893768803,High,3.462248357507521
STORE_15,SKU_149,2026-05-31,8,10,4,16.165510625737898,2.3093586608197,9.2374346432788,3.4641652402145384,-1.2374346432787995,0.8660413100536346,High,3.4641652402145384
STORE_07,SKU_199,2026-05-31,7,6,6,14.117647058823529,2.0168067226890756,12.100840336134453,3.470833333333333,-5.100840336134453,0.5784722222222223,High,3.470833333333333
STORE_11,SKU_192,2026-05-31,9,9,5,18.10096262484747,2.5858518035496383,12.92925901774819,3.4804778787576156,-3.9292590177481905,0.6960955757515233,High,3.4804778787576156
STORE_11,SKU_132,2026-05-31,8,7,6,16.052767052767052,2.293252436109579,13.759514616657473,3.4884951495229695,-5.759514616657473,0.5814158582538284,High,3.4884951495229695
STORE_08,SKU_175,2026-05-31,12,10,4,24.053836072184694,3.436262296026385,13.74504918410554,3.4921664780585946,-1.7450491841055396,0.8730416195146486,High,3.4921664780585946
STORE_03,SKU_155,2026-05-31,16,12,5,32.043476477585,4.5776394967978575,22.888197483989288,3.495251212156897,-6.888197483989288,0.6990502424313794,High,3.495251212156897
STORE_03,SKU_184,2026-05-31,7,8,4,13.991778469464418,1.998825495637774,7.995301982551096,3.5020565903710765,-0.995301982551096,0.8755141475927691,High,3.5020565903710765
STORE_10,SKU_226,2026-05-31,10,11,4,19.961053123539497,2.8515790176484996,11.406316070593999,3.506829001795051,-1.4063160705939985,0.8767072504487627,High,3.506829001795051
STORE_07,SKU_017,2026-05-31,10,7,6,19.878911564625852,2.8398445092322646,17.039067055393588,3.521319553760865,-7.039067055393588,0.5868865922934775,High,3.521319553760865
STORE_03,SKU_159,2026-05-31,19,12,6,37.708442392929264,5.386920341847038,32.321522051082226,3.527061622278488,-13.321522051082226,0.5878436037130813,High,3.527061622278488
STORE_07,SKU_075,2026-05-31,12,10,5,23.80532644340654,3.4007609204866482,17.00380460243324,3.528622058584113,-5.003804602433242,0.7057244117168225,High,3.528622058584113
STORE_07,SKU_212,2026-05-31,8,7,5,15.869583246941739,2.2670833209916768,11.335416604958384,3.528763114229347,-3.335416604958384,0.7057526228458694,High,3.528763114229347
STORE_07,SKU_014,2026-05-31,12,9,4,23.790565406490465,3.3986522009272093,13.594608803708837,3.5308114189284208,-1.5946088037088373,0.8827028547321052,High,3.5308114189284208
STORE_03,SKU_015,2026-05-31,11,10,4,21.7975077032149,3.113929671887843,12.455718687551371,3.53251394830994,-1.4557186875513715,0.883128487077485,High,3.53251394830994
STORE_15,SKU_087,2026-05-31,5,6,4,9.832156973461323,1.4045938533516176,5.61837541340647,3.5597478858882137,-0.6183754134064703,0.8899369714720534,High,3.5597478858882137
STORE_03,SKU_020,2026-05-31,8,8,5,15.724706328154603,2.2463866183078003,11.231933091539002,3.5612747755888914,-3.231933091539002,0.7122549551177783,High,3.5612747755888914
STORE_08,SKU_104,2026-05-31,14,11,4,27.491315675206256,3.927330810743751,15.709323242975003,3.5647620927936816,-1.7093232429750032,0.8911905231984204,High,3.5647620927936816
STORE_07,SKU_106,2026-05-31,7,6,5,13.702932287837948,1.9575617554054212,9.787808777027106,3.575876970762674,-2.787808777027106,0.7151753941525348,High,3.575876970762674
STORE_07,SKU_240,2026-05-31,8,7,4,15.649569128300202,2.2356527326143145,8.942610930457258,3.5783732792189986,-0.9426109304572581,0.8945933198047497,High,3.5783732792189986
STORE_18,SKU_154,2026-05-31,9,6,4,17.600219885934173,2.5143171265620246,10.057268506248098,3.5795007339850704,-1.0572685062480982,0.8948751834962676,High,3.5795007339850704
STORE_07,SKU_151,2026-05-31,8,7,4,15.628674309229865,2.2326677584614094,8.930671033845638,3.5831573997884094,-0.9306710338456377,0.8957893499471024,High,3.5831573997884094
STORE_03,SKU_016,2026-05-31,14,11,4,27.30537645867746,3.9007680655253516,15.603072262101406,3.5890367652798383,-1.6030722621014064,0.8972591913199596,High,3.5890367652798383
STORE_07,SKU_192,2026-05-31,8,7,5,15.568513119533527,2.224073302790504,11.12036651395252,3.597003745318352,-3.1203665139525203,0.7194007490636704,High,3.597003745318352
STORE_11,SKU_160,2026-05-31,8,8,5,15.566950291088222,2.223850041584032,11.11925020792016,3.5973648629210895,-3.1192502079201603,0.7194729725842178,High,3.5973648629210895
STORE_11,SKU_247,2026-05-31,12,10,6,23.328291909042832,3.3326131298632617,19.99567877917957,3.60077798784054,-7.9956787791795705,0.60012966464009,High,3.60077798784054
STORE_03,SKU_238,2026-05-31,12,10,4,23.32676677228269,3.332395253183241,13.329581012732964,3.601013411760537,-1.3295810127329641,0.9002533529401342,High,3.601013411760537
STORE_11,SKU_249,2026-05-31,5,6,4,9.71034127936889,1.3871916113384128,5.548766445353651,3.604404726161672,-0.5487664453536514,0.901101181540418,High,3.604404726161672
STORE_03,SKU_124,2026-05-31,9,7,5,17.459212726533195,2.494173246647599,12.470866233237995,3.608410126320149,-3.470866233237995,0.7216820252640299,High,3.608410126320149
STORE_07,SKU_139,2026-05-31,7,7,5,13.573637499178226,1.939091071311175,9.695455356555875,3.6099387509771463,-2.6954553565558754,0.7219877501954293,High,3.6099387509771463
STORE_15,SKU_185,2026-05-31,6,6,4,11.631652661064425,1.6616646658663465,6.646658663465386,3.6108368452739312,-0.6466586634653861,0.9027092113184828,High,3.6108368452739312
STORE_11,SKU_041,2026-05-31,10,9,5,19.385963130364125,2.769423304337732,13.84711652168866,3.6108600604093484,-3.84711652168866,0.7221720120818697,High,3.6108600604093484
STORE_14,SKU_160,2026-05-31,11,8,4,21.3098887623719,3.044269823195986,12.177079292783944,3.6133459380587354,-1.1770792927839437,0.9033364845146838,High,3.6133459380587354
STORE_03,SKU_200,2026-05-31,7,7,5,13.556243914141769,1.936606273448824,9.683031367244121,3.6145705484749784,-2.683031367244121,0.7229141096949956,High,3.6145705484749784
STORE_18,SKU_062,2026-05-31,11,10,4,21.225613368470512,3.0322304812100733,12.128921924840293,3.627692574216926,-1.1289219248402933,0.9069231435542315,High,3.627692574216926
STORE_13,SKU_123,2026-05-31,7,6,4,13.457118353344768,1.9224454790492527,7.689781916197011,3.641195589828564,-0.6897819161970107,0.910298897457141,High,3.641195589828564
STORE_03,SKU_077,2026-05-31,9,10,6,17.290634127344713,2.4700905896206735,14.820543537724042,3.6435910641569267,-5.820543537724042,0.6072651773594877,High,3.6435910641569267
STORE_15,SKU_033,2026-05-31,8,8,4,15.334214701216288,2.1906021001737552,8.762408400695021,3.651963996275477,-0.7624084006950209,0.9129909990688693,High,3.651963996275477
STORE_13,SKU_149,2026-05-31,14,10,4,26.758252063015757,3.8226074375736796,15.290429750294718,3.6624215875240926,-1.2904297502947184,0.9156053968810232,High,3.6624215875240926
STORE_11,SKU_054,2026-05-31,6,6,5,11.430354742242585,1.6329078203203693,8.164539101601846,3.6744266426642667,-2.1645391016018465,0.7348853285328533,High,3.6744266426642667
STORE_03,SKU_090,2026-05-31,16,11,4,30.438910245696142,4.348415749385163,17.393662997540652,3.6795009773990204,-1.3936629975406518,0.9198752443497551,High,3.6795009773990204
STORE_02,SKU_144,2026-05-31,6,6,4,11.393457535841641,1.6276367908345202,6.510547163338081,3.686326110215097,-0.5105471633380807,0.9215815275537742,High,3.686326110215097
STORE_13,SKU_179,2026-05-31,11,10,4,20.782365962660283,2.968909423237183,11.875637692948732,3.7050641942474716,-0.8756376929487324,0.9262660485618679,High,3.7050641942474716
STORE_03,SKU_093,2026-05-31,12,10,5,22.64488199972071,3.2349831428172444,16.17491571408622,3.709447459299457,-4.174915714086222,0.7418894918598914,High,3.709447459299457
STORE_07,SKU_115,2026-05-31,20,12,5,37.69075240304939,5.3843932004356265,26.92196600217813,3.7144389823503032,-6.921966002178131,0.7428877964700606,High,3.7144389823503032
STORE_04,SKU_052,2026-05-31,7,7,4,13.170226691259593,1.8814609558942277,7.525843823576911,3.720513029021649,-0.5258438235769107,0.9301282572554123,High,3.720513029021649
STORE_13,SKU_152,2026-05-31,13,10,4,24.4149444460151,3.4878492065735855,13.951396826294342,3.7272253558149147,-0.9513968262943422,0.9318063389537287,High,3.7272253558149147
STORE_06,SKU_018,2026-05-31,7,6,4,13.141438032166507,1.877348290309501,7.509393161238004,3.7286634750368965,-0.5093931612380036,0.9321658687592241,High,3.7286634750368965
STORE_18,SKU_108,2026-05-31,9,9,4,16.822651907454034,2.4032359867791477,9.612943947116591,3.7449505789325053,-0.612943947116591,0.9362376447331263,High,3.7449505789325053
STORE_04,SKU_237,2026-05-31,15,9,4,27.978741496598637,3.9969630709426625,15.98785228377065,3.7528492842597942,-0.9878522837706498,0.9382123210649486,High,3.7528492842597942
STORE_03,SKU_180,2026-05-31,11,9,5,20.465353583293783,2.9236219404705404,14.618109702352701,3.7624563722591344,-3.618109702352701,0.752491274451827,High,3.7624563722591344
STORE_17,SKU_213,2026-05-31,11,9,4,20.460829493087562,2.9229756418696518,11.691902567478607,3.763288288288287,-0.691902567478607,0.9408220720720718,High,3.763288288288287
STORE_07,SKU_045,2026-05-31,8,7,4,14.859442724458205,2.122777532065458,8.491110128261832,3.768647387282273,-0.4911101282618322,0.9421618468205682,High,3.768647387282273
STORE_07,SKU_099,2026-05-31,13,11,5,24.130940929346863,3.4472772756209804,17.236386378104903,3.7710920708164464,-4.236386378104903,0.7542184141632892,High,3.7710920708164464
STORE_01,SKU_194,2026-05-31,13,10,4,24.116120866951434,3.4451601238502048,13.780640495400819,3.773409517311956,-0.780640495400819,0.943352379327989,High,3.773409517311956
STORE_11,SKU_102,2026-05-31,10,6,4,18.53571428571429,2.64795918367347,10.59183673469388,3.7764932562620417,-0.5918367346938798,0.9441233140655104,High,3.7764932562620417
STORE_07,SKU_067,2026-05-31,17,10,6,31.432142685447815,4.490306097921116,26.941836587526694,3.7859334373374938,-9.941836587526694,0.6309889062229157,High,3.7859334373374938
STORE_11,SKU_084,2026-05-31,12,9,6,22.18527453579941,3.16932493368563,19.015949602113782,3.786295268262417,-7.015949602113782,0.6310492113770695,High,3.786295268262417
STORE_08,SKU_246,2026-05-31,9,7,4,16.585184046722507,2.369312006674644,9.477248026698575,3.798571051278131,-0.47724802669857525,0.9496427628195327,High,3.798571051278131
STORE_11,SKU_068,2026-05-31,12,10,5,22.059145673603506,3.1513065248005008,15.756532624002503,3.8079443892750744,-3.756532624002503,0.761588877855015,High,3.8079443892750744
STORE_11,SKU_009,2026-05-31,12,9,4,22.05796856515126,3.15113836645018,12.60455346580072,3.80814759763096,-0.6045534658007199,0.95203689940774,High,3.80814759763096
STORE_11,SKU_245,2026-05-31,13,10,4,23.89029284971012,3.4128989785300172,13.651595914120069,3.8090784643146045,-0.6515959141200689,0.9522696160786511,High,3.8090784643146045
STORE_11,SKU_240,2026-05-31,19,11,6,34.7778801843318,4.968268597761686,29.809611586570114,3.824269889224572,-10.809611586570114,0.6373783148707619,High,3.824269889224572
STORE_07,SKU_120,2026-05-31,16,12,5,29.235555555555553,4.176507936507936,20.88253968253968,3.830951657038614,-4.882539682539679,0.7661903314077229,High,3.830951657038614
STORE_04,SKU_016,2026-05-31,15,11,4,27.4035081552306,3.9147868793186573,15.65914751727463,3.8316262065869218,-0.6591475172746293,0.9579065516467304,High,3.8316262065869218
STORE_08,SKU_143,2026-05-31,9,9,4,16.44126984126984,2.34875283446712,9.39501133786848,3.831820814829118,-0.3950113378684801,0.9579552037072795,High,3.831820814829118
STORE_04,SKU_201,2026-05-31,9,7,4,16.428571428571427,2.346938775510204,9.387755102040815,3.8347826086956527,-0.3877551020408152,0.9586956521739132,High,3.8347826086956527
STORE_14,SKU_052,2026-05-31,15,11,4,27.378356866002218,3.9111938380003166,15.644775352001266,3.835146152630747,-0.6447753520012665,0.9587865381576868,High,3.835146152630747
STORE_01,SKU_096,2026-05-31,16,11,4,29.19615328145647,4.170879040208067,16.68351616083227,3.836121797289482,-0.6835161608322693,0.9590304493223705,High,3.836121797289482
STORE_03,SKU_117,2026-05-31,10,7,5,18.24189459364759,2.605984941949656,13.029924709748279,3.837320714723142,-3.029924709748279,0.7674641429446285,High,3.837320714723142
STORE_07,SKU_018,2026-05-31,6,6,6,10.933912905086837,1.5619875578695481,9.371925347217289,3.8412597909445703,-3.3719253472172888,0.6402099651574283,High,3.8412597909445703
STORE_04,SKU_048,2026-05-31,17,12,4,30.885911850561065,4.412273121508724,17.649092486034895,3.852889322995276,-0.6490924860348954,0.963222330748819,High,3.852889322995276
STORE_13,SKU_214,2026-05-31,7,6,4,12.709714285714284,1.815673469387755,7.26269387755102,3.855318766297995,-0.2626938775510199,0.9638296915744987,High,3.855318766297995
STORE_03,SKU_038,2026-05-31,16,9,5,28.985266437333678,4.140752348190525,20.703761740952626,3.8640321020386232,-4.703761740952626,0.7728064204077246,High,3.8640321020386232
STORE_07,SKU_142,2026-05-31,14,10,4,25.362004487658936,3.623143498236991,14.492573992947964,3.8640478928897934,-0.492573992947964,0.9660119732224484,High,3.8640478928897934
STORE_13,SKU_053,2026-05-31,8,6,4,14.473118279569892,2.067588325652842,8.270353302611367,3.8692421991084696,-0.27035330261136714,0.9673105497771174,High,3.8692421991084696
STORE_11,SKU_062,2026-05-31,11,10,5,19.887640449438205,2.8410914927768864,14.205457463884432,3.871751412429378,-3.205457463884432,0.7743502824858756,High,3.871751412429378
STORE_11,SKU_235,2026-05-31,15,10,5,27.118546991141436,3.874078141591634,19.37039070795817,3.8718888602069783,-4.370390707958169,0.7743777720413957,High,3.8718888602069783
STORE_11,SKU_108,2026-05-31,14,10,4,25.231349638284797,3.604478519754971,14.417914079019884,3.88405699278566,-0.41791407901988364,0.971014248196415,High,3.88405699278566
STORE_11,SKU_052,2026-05-31,10,10,4,17.984977713791274,2.5692825305416105,10.277130122166442,3.8921371554618314,-0.27713012216644195,0.9730342888654578,High,3.8921371554618314
STORE_07,SKU_236,2026-05-31,7,6,5,12.566706021251475,1.7952437173216393,8.976218586608196,3.8991920330702743,-1.976218586608196,0.7798384066140549,High,3.8991920330702743
STORE_03,SKU_106,2026-05-31,6,6,5,10.770639616793463,1.5386628023990663,7.693314011995332,3.89948986265533,-1.6933140119953318,0.779897972531066,High,3.89948986265533
STORE_17,SKU_135,2026-05-31,10,7,4,17.95086450594964,2.5644092151356626,10.25763686054265,3.8995336395525233,-0.2576368605426502,0.9748834098881308,High,3.8995336395525233
STORE_11,SKU_241,2026-05-31,10,6,6,17.9000626566416,2.5571518080916573,15.342910848549945,3.9106008365857505,-5.342910848549945,0.651766806097625,High,3.9106008365857505
STORE_07,SKU_140,2026-05-31,11,9,6,19.628003784295178,2.804000540613597,16.82400324368158,3.922966433377677,-5.824003243681581,0.6538277388962795,High,3.922966433377677
STORE_03,SKU_197,2026-05-31,9,6,4,16.055664274842357,2.2936663249774796,9.174665299909918,3.9238488624052006,-0.1746652999099183,0.9809622156013001,High,3.9238488624052006
STORE_02,SKU_192,2026-05-31,9,7,4,16.032467532467532,2.2903525046382187,9.161410018552875,3.929526123936817,-0.16141001855287485,0.9823815309842042,High,3.929526123936817
STORE_14,SKU_125,2026-05-31,8,6,4,14.245987075255368,2.035141010750767,8.140564043003067,3.9309315461383125,-0.14056404300306724,0.9827328865345781,High,3.9309315461383125
STORE_07,SKU_118,2026-05-31,10,7,5,17.78543311514497,2.540776159306424,12.703880796532122,3.9358051921936243,-2.703880796532122,0.7871610384387249,High,3.9358051921936243
STORE_07,SKU_025,2026-05-31,8,6,5,14.226577181208054,2.0323681687440076,10.161840843720038,3.936294674868853,-2.1618408437200376,0.7872589349737706,High,3.936294674868853
STORE_10,SKU_200,2026-05-31,8,7,4,14.1914999502339,2.0273571357477,8.1094285429908,3.9460240423054804,-0.10942854299080018,0.9865060105763701,High,3.9460240423054804
STORE_03,SKU_214,2026-05-31,7,5,5,12.412479474548439,1.7732113535069198,8.8660567675346,3.9476399619007307,-1.8660567675345998,0.789527992380146,High,3.9476399619007307
STORE_03,SKU_024,2026-05-31,21,12,5,37.12846068660022,5.30406581237146,26.520329061857304,3.9592268917588807,-5.5203290618573035,0.7918453783517762,High,3.9592268917588807
STORE_03,SKU_095,2026-05-31,8,7,6,14.14290661719233,2.0204152310274757,12.122491386164853,3.95958210824397,-4.122491386164853,0.659930351373995,High,3.95958210824397
STORE_11,SKU_043,2026-05-31,8,7,6,14.136704251986284,2.0195291788551835,12.1171750731311,3.961319343023795,-4.117175073131101,0.6602198905039659,High,3.961319343023795
STORE_03,SKU_021,2026-05-31,6,6,6,10.555362721277334,1.5079089601824762,9.047453761094857,3.979020059191056,-3.0474537610948573,0.6631700098651759,High,3.979020059191056
STORE_07,SKU_051,2026-05-31,19,12,6,33.379639013835906,4.768519859119415,28.61111915471649,3.9844648992420595,-9.61111915471649,0.6640774832070099,High,3.9844648992420595
STORE_13,SKU_080,2026-05-31,9,6,4,15.800961894191639,2.2572802705988058,9.029121082395223,3.9870990400374615,-0.02912108239522304,0.9967747600093654,High,3.9870990400374615
STORE_03,SKU_162,2026-05-31,13,12,6,22.73206278026906,3.247437540038437,19.484625240230624,4.003156285446565,-6.484625240230624,0.667192714241094,High,4.003156285446565
STORE_07,SKU_223,2026-05-31,16,11,5,27.958381207710964,3.9940544582444235,19.970272291222116,4.005954392277555,-3.9702722912221162,0.8011908784555111,High,4.005954392277555
STORE_03,SKU_017,2026-05-31,11,8,6,19.172030926908214,2.7388615609868876,16.433169365921326,4.016267253769627,-5.4331693659213265,0.6693778756282711,High,4.016267253769627
STORE_03,SKU_178,2026-05-31,13,10,5,22.62735326688815,3.2324790381268786,16.162395190634392,4.021681145234308,-3.162395190634392,0.8043362290468616,High,4.021681145234308
STORE_11,SKU_228,2026-05-31,11,9,6,19.019305019305023,2.7170435741864316,16.30226144511859,4.048518067397483,-5.302261445118589,0.6747530112329138,High,4.048518067397483
STORE_11,SKU_032,2026-05-31,7,5,6,12.098461538461537,1.7283516483516481,10.37010989010989,4.050101729399797,-3.370109890109889,0.6750169548999662,High,4.050101729399797
STORE_03,SKU_054,2026-05-31,6,5,6,10.360933144226538,1.4801333063180768,8.88079983790846,4.053688930847297,-2.8807998379084605,0.6756148218078829,High,4.053688930847297
STORE_07,SKU_008,2026-05-31,14,10,5,24.170374707259953,3.4529106724657077,17.264553362328538,4.054550299154616,-3.264553362328538,0.8109100598309231,High,4.054550299154616
STORE_07,SKU_123,2026-05-31,8,6,5,13.751700680272107,1.964528668610301,9.822643343051505,4.072223596339352,-1.8226433430515048,0.8144447192678705,High,4.072223596339352
STORE_11,SKU_246,2026-05-31,11,8,6,18.90591490833622,2.7008449869051745,16.205069921431047,4.07279945844082,-5.205069921431047,0.6787999097401368,High,4.07279945844082
STORE_03,SKU_191,2026-05-31,16,12,6,27.402897333613268,3.9146996190876098,23.488197714525658,4.087159056083359,-7.488197714525658,0.6811931760138932,High,4.087159056083359
STORE_11,SKU_167,2026-05-31,11,8,5,18.832653061224487,2.6903790087463553,13.451895043731776,4.08864325964456,-2.451895043731776,0.8177286519289122,High,4.08864325964456
STORE_11,SKU_116,2026-05-31,11,8,5,18.757823129251697,2.6796890184645283,13.398445092322643,4.104953942119388,-2.3984450923226426,0.8209907884238776,High,4.104953942119388
STORE_11,SKU_037,2026-05-31,7,6,5,11.864582210242586,1.6949403157489409,8.474701578744705,4.1299389335175025,-1.474701578744705,0.8259877867035005,High,4.1299389335175025
STORE_03,SKU_224,2026-05-31,15,11,6,25.403613335816722,3.6290876194023887,21.77452571641433,4.133270279781806,-6.774525716414331,0.6888783799636344,High,4.133270279781806
STORE_11,SKU_124,2026-05-31,10,10,6,16.915735666850743,2.4165336666929633,14.49920200015778,4.1381587758655325,-4.49920200015778,0.6896931293109221,High,4.1381587758655325
STORE_07,SKU_173,2026-05-31,7,6,5,11.833829061324469,1.6905470087606385,8.452735043803193,4.140671607311168,-1.4527350438031927,0.8281343214622335,High,4.140671607311168
STORE_11,SKU_226,2026-05-31,11,8,6,18.474298586934268,2.639185512419181,15.835113074515087,4.167952555149095,-4.835113074515087,0.6946587591915159,High,4.167952555149095
STORE_03,SKU_151,2026-05-31,10,7,5,16.696793002915452,2.385256143273636,11.926280716368181,4.192421861358477,-1.926280716368181,0.8384843722716954,High,4.192421861358477
STORE_07,SKU_026,2026-05-31,12,11,5,19.955496217178464,2.8507851738826377,14.25392586941319,4.2093666369313105,-2.253925869413189,0.8418733273862621,High,4.2093666369313105
STORE_03,SKU_075,2026-05-31,14,10,6,23.185011709601874,3.312144529943125,19.872867179658748,4.226868686868687,-5.872867179658748,0.7044781144781145,High,4.226868686868687
STORE_07,SKU_137,2026-05-31,10,7,5,16.559766763848394,2.365680966264056,11.828404831320281,4.227112676056339,-1.828404831320281,0.8454225352112678,High,4.227112676056339
STORE_11,SKU_215,2026-05-31,9,10,6,14.84486830154405,2.12069547164915,12.7241728298949,4.243890799182585,-3.7241728298949006,0.7073151331970975,High,4.243890799182585
STORE_07,SKU_132,2026-05-31,17,11,5,27.64107840401786,3.9487254862882657,19.74362743144133,4.305186587173906,-2.743627431441329,0.8610373174347812,High,4.305186587173906
STORE_11,SKU_123,2026-05-31,8,6,5,13.005305659970142,1.857900808567163,9.289504042835816,4.305934936413372,-1.2895040428358158,0.8611869872826744,High,4.305934936413372
STORE_03,SKU_157,2026-05-31,10,7,5,16.04689611036052,2.292413730051503,11.462068650257516,4.362214319740326,-1.4620686502575158,0.8724428639480651,High,4.362214319740326
STORE_11,SKU_145,2026-05-31,12,8,6,19.214400789084337,2.7449143984406197,16.469486390643716,4.371721029558217,-4.469486390643716,0.7286201715930363,High,4.371721029558217
STORE_07,SKU_134,2026-05-31,6,5,5,9.58077922077922,1.368682745825603,6.843413729128015,4.3837770427804585,-0.8434137291280148,0.8767554085560918,High,4.3837770427804585
STORE_11,SKU_005,2026-05-31,6,5,6,9.565227021040975,1.3664610030058537,8.198766018035123,4.390904670386921,-2.1987660180351227,0.7318174450644869,High,4.390904670386921
STORE_03,SKU_137,2026-05-31,9,7,5,14.319838056680162,2.0456911509543088,10.228455754771543,4.399491094147583,-1.2284557547715433,0.8798982188295166,High,4.399491094147583
STORE_03,SKU_121,2026-05-31,8,7,5,12.68486897717667,1.8121241395966672,9.060620697983335,4.414708587117325,-1.0606206979833352,0.882941717423465,High,4.414708587117325
STORE_11,SKU_107,2026-05-31,10,6,5,15.837751855779427,2.262535979397061,11.312679896985305,4.41981921660529,-1.3126798969853049,0.8839638433210579,High,4.41981921660529
STORE_03,SKU_011,2026-05-31,6,6,6,9.49688865351516,1.3566983790735943,8.140190274441565,4.42250104558762,-2.140190274441565,0.7370835075979367,High,4.42250104558762
STORE_07,SKU_175,2026-05-31,12,10,5,18.982768092057707,2.711824013151101,13.559120065755506,4.4250659120228715,-1.559120065755506,0.8850131824045743,High,4.4250659120228715
STORE_11,SKU_184,2026-05-31,11,10,5,17.28824794226002,2.469749706037146,12.348748530185729,4.453892624467654,-1.3487485301857287,0.8907785248935308,High,4.453892624467654
STORE_07,SKU_152,2026-05-31,9,7,5,14.13241379310345,2.0189162561576355,10.094581280788177,4.457837204762834,-1.0945812807881765,0.8915674409525669,High,4.457837204762834
STORE_03,SKU_170,2026-05-31,17,11,5,26.610808546292414,3.8015440780417733,19.007720390208867,4.471867128463477,-2.007720390208867,0.8943734256926953,High,4.471867128463477
STORE_07,SKU_174,2026-05-31,10,7,5,15.624941220727923,2.232134460103989,11.160672300519945,4.48001685325629,-1.1606723005199449,0.896003370651258,High,4.48001685325629
STORE_03,SKU_196,2026-05-31,6,5,6,9.361904761904762,1.3374149659863945,8.024489795918367,4.486266531027467,-2.0244897959183668,0.7477110885045779,High,4.486266531027467
STORE_03,SKU_199,2026-05-31,7,6,5,10.873062217587766,1.553294602512538,7.76647301256269,4.506550134583048,-0.76647301256269,0.9013100269166096,High,4.506550134583048
STORE_11,SKU_011,2026-05-31,8,6,6,12.301984623636688,1.7574263748052412,10.544558248831446,4.552111038441974,-2.5445582488314464,0.7586851730736623,High,4.552111038441974
STORE_03,SKU_236,2026-05-31,9,7,6,13.804690708946028,1.9720986727065755,11.832592036239452,4.563666171758076,-2.8325920362394523,0.760611028626346,High,4.563666171758076
STORE_07,SKU_046,2026-05-31,12,11,6,18.39978354051889,2.6285405057884126,15.771243034730475,4.5652710976202675,-3.7712430347304746,0.7608785162700447,High,4.5652710976202675
STORE_11,SKU_144,2026-05-31,10,6,6,15.318957771787959,2.1884225388268512,13.130535232961108,4.569501466275661,-3.1305352329611082,0.76158357771261,High,4.569501466275661
STORE_11,SKU_065,2026-05-31,10,6,6,15.25861776192902,2.1798025374184316,13.078815224510588,4.587571501702686,-3.0788152245105884,0.7645952502837811,High,4.587571501702686
STORE_07,SKU_162,2026-05-31,18,11,6,27.46233258928572,3.9231903698979598,23.53914221938776,4.588102616205232,-5.5391422193877595,0.7646837693675386,High,4.588102616205232
STORE_03,SKU_111,2026-05-31,13,11,5,19.78363384188627,2.826233405983753,14.131167029918766,4.599761637689287,-1.1311670299187657,0.9199523275378574,High,4.599761637689287
STORE_03,SKU_100,2026-05-31,13,7,5,19.71500462154668,2.8164292316495256,14.082146158247628,4.61577370874899,-1.0821461582476282,0.9231547417497981,High,4.61577370874899
STORE_11,SKU_219,2026-05-31,11,10,5,16.62694370334438,2.37527767190634,11.876388359531699,4.631037511993984,-0.876388359531699,0.9262075023987969,High,4.631037511993984
STORE_07,SKU_078,2026-05-31,7,6,5,10.570352434759215,1.510050347822745,7.550251739113724,4.635607024688216,-0.5502517391137243,0.9271214049376432,High,4.635607024688216
STORE_03,SKU_169,2026-05-31,9,7,5,13.547337611167396,1.9353339444524853,9.676669722262426,4.65036022635677,-0.6766697222624263,0.930072045271354,High,4.65036022635677
STORE_11,SKU_024,2026-05-31,11,8,5,16.54084397986837,2.362977711409767,11.814888557048835,4.655143358689292,-0.8148885570488353,0.9310286717378584,High,4.655143358689292
STORE_03,SKU_133,2026-05-31,23,11,5,34.53682742782152,4.933832489688789,24.669162448443945,4.661690490722512,-1.6691624484439451,0.9323380981445022,High,4.661690490722512
STORE_11,SKU_025,2026-05-31,7,6,5,10.49625468164794,1.4994649545211343,7.497324772605671,4.668331846565566,-0.4973247726056709,0.9336663693131134,High,4.668331846565566
STORE_11,SKU_250,2026-05-31,12,10,6,17.899743370402053,2.557106195771722,15.342637174630333,4.6928047102003365,-3.342637174630333,0.7821341183667226,High,4.6928047102003365
STORE_11,SKU_239,2026-05-31,12,8,5,17.88620470438652,2.555172100626646,12.775860503133229,4.696356850897459,-0.7758605031332291,0.9392713701794918,High,4.696356850897459
STORE_11,SKU_119,2026-05-31,9,6,6,13.411114859166805,1.9158735513095435,11.495241307857262,4.697596035943131,-2.4952413078572615,0.7829326726571885,High,4.697596035943131
STORE_03,SKU_148,2026-05-31,10,7,5,14.88562091503268,2.126517273576097,10.632586367880485,4.702524698133919,-0.6325863678804851,0.9405049396267838,High,4.702524698133919
STORE_07,SKU_062,2026-05-31,12,8,6,17.853930177768255,2.5505614539668935,15.303368723801361,4.704846449136277,-3.303368723801361,0.7841410748560462,High,4.704846449136277
STORE_03,SKU_059,2026-05-31,9,6,5,13.369134515119914,1.9098763593028447,9.549381796514224,4.71234693081663,-0.5493817965142238,0.942469386163326,High,4.71234693081663
STORE_07,SKU_031,2026-05-31,15,9,5,22.205044348644766,3.172149192663538,15.86074596331769,4.728655270909577,-0.8607459633176902,0.9457310541819155,High,4.728655270909577
STORE_07,SKU_006,2026-05-31,11,7,5,16.26328903654485,2.323327005220693,11.616635026103467,4.734589653235279,-0.6166350261034665,0.9469179306470557,High,4.734589653235279
STORE_11,SKU_069,2026-05-31,10,8,6,14.77786998616874,2.1111242837383917,12.666745702430351,4.73681254913706,-2.666745702430351,0.7894687581895099,High,4.73681254913706
STORE_11,SKU_089,2026-05-31,11,9,5,16.25006518904824,2.3214378841497485,11.607189420748742,4.7384425295656225,-0.6071894207487425,0.9476885059131245,High,4.7384425295656225
STORE_11,SKU_149,2026-05-31,17,10,5,24.89532231161695,3.556474615945279,17.782373079726394,4.780014434457464,-0.7823730797263941,0.9560028868914929,High,4.780014434457464
STORE_03,SKU_079,2026-05-31,15,10,5,21.882263953336146,3.1260377076194494,15.630188538097247,4.798406610207799,-0.6301885380972472,0.9596813220415598,High,4.798406610207799
STORE_11,SKU_211,2026-05-31,18,10,6,26.22862378570368,3.7469462551005255,22.481677530603154,4.803911979121004,-4.481677530603154,0.8006519965201673,High,4.803911979121004
STORE_11,SKU_221,2026-05-31,8,7,6,11.553875720691865,1.6505536743845521,9.903322046307313,4.846858435538601,-1.9033220463073128,0.8078097392564335,High,4.846858435538601
STORE_11,SKU_028,2026-05-31,14,9,6,19.95920542635659,2.8513150609080844,17.107890365448505,4.910015098626559,-3.1078903654485046,0.8183358497710932,High,4.910015098626559
STORE_03,SKU_215,2026-05-31,12,8,5,17.097142857142856,2.4424489795918367,12.212244897959184,4.913101604278075,-0.21224489795918444,0.9826203208556149,High,4.913101604278075
STORE_11,SKU_112,2026-05-31,6,6,6,8.50826420890937,1.2154663155584815,7.292797893350889,4.93637702929112,-1.2927978933508886,0.8227295048818534,High,4.93637702929112
STORE_07,SKU_116,2026-05-31,14,11,6,19.767558568774582,2.823936938396369,16.943621630378214,4.957617788713862,-2.943621630378214,0.8262696314523104,High,4.957617788713862
STORE_03,SKU_087,2026-05-31,11,7,5,15.523481681829358,2.217640240261337,11.088201201306685,4.960227452719613,-0.08820120130668485,0.9920454905439224,High,4.960227452719613
STORE_07,SKU_113,2026-05-31,13,8,6,18.34488394900294,2.6206977070004203,15.72418624200252,4.960511075075289,-2.7241862420025207,0.8267518458458816,High,4.960511075075289
STORE_11,SKU_012,2026-05-31,12,6,5,16.90755903643052,2.4153655766329316,12.076827883164658,4.968192026951151,-0.0768278831646576,0.9936384053902302,High,4.968192026951151
STORE_11,SKU_100,2026-05-31,17,10,5,23.840682302771853,3.405811757538836,17.02905878769418,4.991467882031396,-0.029058787694179244,0.9982935764062792,High,4.991467882031396
STORE_03,SKU_025,2026-05-31,9,6,5,12.602597402597402,1.8003710575139145,9.001855287569573,4.998969497114593,-0.001855287569572539,0.9997938994229185,High,4.998969497114593
STORE_03,SKU_198,2026-05-31,9,6,6,12.509679000245036,1.7870970000350053,10.722582000210032,5.036100446603464,-1.722582000210032,0.8393500744339105,High,5.036100446603464
STORE_07,SKU_191,2026-05-31,20,13,6,27.62289673375124,3.946128104821606,23.676768628929636,5.068259181845326,-3.6767686289296364,0.8447098636408876,High,5.068259181845326
STORE_11,SKU_210,2026-05-31,7,8,6,9.634609164420485,1.376372737774355,8.25823642664613,5.085831626772305,-1.2582364266461301,0.847638604462051,High,5.085831626772305
STORE_07,SKU_004,2026-05-31,10,8,6,13.708518600044023,1.958359800006289,11.750158800037735,5.106313967416961,-1.7501588000377346,0.8510523279028268,High,5.106313967416961
STORE_03,SKU_181,2026-05-31,10,6,6,13.699674130137705,1.9570963043053864,11.742577825832319,5.109610588912335,-1.7425778258323188,0.8516017648187225,High,5.109610588912335
STORE_07,SKU_092,2026-05-31,10,9,6,13.626792868148799,1.9466846954498285,11.68010817269897,5.1369387263247885,-1.6801081726989704,0.8561564543874647,High,5.1369387263247885
STORE_03,SKU_046,2026-05-31,14,11,6,19.017757752451633,2.716822536064519,16.300935216387114,5.153078574016779,-2.3009352163871135,0.8588464290027965,High,5.153078574016779
STORE_03,SKU_062,2026-05-31,11,7,6,14.90566037735849,2.129380053908356,12.776280323450134,5.165822784810127,-1.776280323450134,0.8609704641350211,High,5.165822784810127
STORE_07,SKU_155,2026-05-31,18,12,6,24.31393801510989,3.47341971644427,20.84051829866562,5.1822127670843505,-2.8405182986656214,0.8637021278473916,High,5.1822127670843505
STORE_03,SKU_126,2026-05-31,19,11,6,25.410386749692886,3.6300552499561265,21.78033149973676,5.234080114959583,-2.7803314997367607,0.872346685826597,High,5.234080114959583
STORE_11,SKU_162,2026-05-31,12,9,6,15.972020413226069,2.2817172018894385,13.69030321133663,5.259196884724834,-1.69030321133663,0.8765328141208057,High,5.259196884724834
STORE_07,SKU_213,2026-05-31,10,7,6,13.308889130671307,1.9012698758101867,11.407619254861121,5.259642582691585,-1.407619254861121,0.8766070971152642,High,5.259642582691585
STORE_03,SKU_233,2026-05-31,8,6,6,10.631020163534398,1.5187171662191996,9.112302997315197,5.267603591994524,-1.1123029973151972,0.8779339319990873,High,5.267603591994524
STORE_07,SKU_110,2026-05-31,13,7,6,17.24180959227688,2.4631156560395544,14.778693936237326,5.277868283660991,-1.7786939362373264,0.8796447139434985,High,5.277868283660991
STORE_11,SKU_187,2026-05-31,10,7,6,13.196474102134479,1.8852105860192112,11.311263516115268,5.304447192351006,-1.3112635161152681,0.884074532058501,High,5.304447192351006
STORE_03,SKU_086,2026-05-31,11,11,6,14.137132491519033,2.01959035593129,12.11754213558774,5.446649102722413,-1.1175421355877404,0.9077748504537355,High,5.446649102722413
STORE_07,SKU_005,2026-05-31,8,6,6,10.208616780045352,1.4583738257207646,8.750242954324587,5.4855619724566855,-0.7502429543245874,0.914260328742781,High,5.4855619724566855
STORE_11,SKU_085,2026-05-31,20,11,6,25.368733771550207,3.6241048245071723,21.744628947043033,5.518604170816092,-1.744628947043033,0.9197673618026819,High,5.518604170816092
STORE_03,SKU_013,2026-05-31,20,12,6,25.132969655642686,3.590424236520384,21.542545419122302,5.5703723801125955,-1.5425454191223018,0.9283953966854327,High,5.5703723801125955
STORE_03,SKU_088,2026-05-31,11,6,6,13.822448979591837,1.9746355685131196,11.847813411078718,5.570648161818987,-0.8478134110787181,0.9284413603031645,High,5.570648161818987
STORE_11,SKU_067,2026-05-31,10,7,6,12.54749852080731,1.7924997886867584,10.754998732120551,5.5788012155506665,-0.7549987321205514,0.9298002025917776,High,5.5788012155506665
STORE_07,SKU_165,2026-05-31,14,9,6,17.544788907929583,2.506398415418512,15.038390492511072,5.58570413780856,-1.0383904925110716,0.93095068963476,High,5.58570413780856
STORE_07,SKU_181,2026-05-31,10,7,6,12.485926859032396,1.783703837004628,10.702223022027768,5.606311873384199,-0.7022230220277681,0.9343853122306999,High,5.606311873384199
STORE_07,SKU_188,2026-05-31,15,12,6,18.728337236533957,2.6754767480762793,16.052860488457675,5.606477429035889,-1.052860488457675,0.9344129048393149,High,5.606477429035889
STORE_11,SKU_046,2026-05-31,11,7,6,13.730416951469582,1.961488135924226,11.768928815545356,5.607987016866127,-0.7689288155453564,0.9346645028110211,High,5.607987016866127
STORE_07,SKU_211,2026-05-31,16,8,6,19.83629675045984,2.83375667863712,17.00254007182272,5.646215188699657,-1.0025400718227218,0.941035864783276,High,5.646215188699657
STORE_03,SKU_246,2026-05-31,9,7,6,11.142555079386057,1.5917935827694367,9.55076149661662,5.653999423933853,-0.5507614966166194,0.942333237322309,High,5.653999423933853
STORE_11,SKU_004,2026-05-31,9,6,6,11.029427501337613,1.5756325001910876,9.453795001146526,5.711991850198895,-0.45379500114652593,0.9519986416998156,High,5.711991850198895
STORE_07,SKU_077,2026-05-31,19,11,6,22.885117493472585,3.269302499067512,19.61581499440507,5.811637193382773,-0.6158149944050706,0.9686061988971288,High,5.811637193382773
STORE_03,SKU_134,2026-05-31,7,5,6,8.354285714285714,1.193469387755102,7.160816326530611,5.865253077975376,-0.16081632653061106,0.9775421796625628,High,5.865253077975376
STORE_03,SKU_114,2026-05-31,17,12,6,19.922603978300184,2.846086282614312,17.076517695685872,5.97311476600225,-0.07651769568587241,0.9955191276670416,High,5.97311476600225
STORE_02,SKU_149,2026-05-31,3,7,1,14.871794871794872,2.1245421245421245,2.1245421245421245,1.4120689655172414,0.8754578754578755,1.4120689655172414,Medium,1.4120689655172414
STORE_14,SKU_086,2026-05-31,5,8,1,19.958333333333336,2.8511904761904767,2.8511904761904767,1.753653444676409,2.1488095238095233,1.753653444676409,Medium,1.753653444676409
STORE_10,SKU_202,2026-05-31,4,5,1,15.051020408163264,2.150145772594752,2.150145772594752,1.8603389830508477,1.849854227405248,1.8603389830508477,Medium,1.8603389830508477
STORE_01,SKU_197,2026-05-31,4,6,1,14.990601503759398,2.141514500537057,2.141514500537057,1.8678369905956111,1.858485499462943,1.8678369905956111,Medium,1.8678369905956111
STORE_16,SKU_225,2026-05-31,5,6,1,18.67947178871549,2.6684959698164983,2.6684959698164983,1.873714652956298,2.3315040301835017,1.873714652956298,Medium,1.873714652956298
STORE_16,SKU_085,2026-05-31,9,10,1,33.50249433106576,4.78607061872368,4.78607061872368,1.880457000527933,4.21392938127632,1.880457000527933,Medium,1.880457000527933
STORE_05,SKU_120,2026-05-31,10,12,1,35.317883085437565,5.045411869348223,5.045411869348223,1.9819987463762438,4.954588130651777,1.9819987463762438,Medium,1.9819987463762438
STORE_12,SKU_002,2026-05-31,9,11,1,31.64761026991442,4.521087181416346,4.521087181416346,1.9906716324767975,4.478912818583654,1.9906716324767975,Medium,1.9906716324767975
STORE_15,SKU_228,2026-05-31,8,9,1,28.042194700460833,4.0060278143515475,4.0060278143515475,1.9969906278084475,3.9939721856484525,1.9969906278084475,Medium,1.9969906278084475
STORE_05,SKU_001,2026-05-31,6,10,2,20.688210003844944,2.9554585719778492,5.9109171439556984,2.0301418050278017,0.08908285604430155,1.0150709025139009,Medium,2.0301418050278017
STORE_13,SKU_187,2026-05-31,4,7,2,13.68206686930091,1.9545809813287014,3.909161962657403,2.0464744301772786,0.09083803734259721,1.0232372150886393,Medium,2.0464744301772786
STORE_05,SKU_067,2026-05-31,8,11,2,27.24464523854884,3.8920921769355488,7.7841843538710975,2.05544977773338,0.21581564612890247,1.02772488886669,Medium,2.05544977773338
STORE_08,SKU_002,2026-05-31,5,7,2,16.577322551662174,2.368188935951739,4.736377871903478,2.111318030455444,0.26362212809652164,1.055659015227722,Medium,2.111318030455444
STORE_17,SKU_065,2026-05-31,4,6,2,13.032942667089007,1.8618489524412867,3.7236979048825734,2.148401992951756,0.27630209511742665,1.074200996475878,Medium,2.148401992951756
STORE_14,SKU_171,2026-05-31,5,8,2,16.156626506024093,2.308089500860585,4.61617900172117,2.1662938105891127,0.3838209982788303,1.0831469052945564,Medium,2.1662938105891127
STORE_15,SKU_197,2026-05-31,4,6,2,12.9198606271777,1.8456943753111,3.6913887506222,2.1672060409924487,0.30861124937780016,1.0836030204962244,Medium,2.1672060409924487
STORE_15,SKU_132,2026-05-31,5,8,2,15.992568358980572,2.2846526227115103,4.5693052454230205,2.188516516819881,0.4306947545769795,1.0942582584099405,Medium,2.188516516819881
STORE_08,SKU_120,2026-05-31,10,11,2,31.88789931801867,4.555414188288381,9.110828376576762,2.1951900720046993,0.8891716234232376,1.0975950360023496,Medium,2.1951900720046993
STORE_17,SKU_036,2026-05-31,8,9,2,25.395584415584413,3.6279406307977733,7.255881261595547,2.2051077495832185,0.7441187384044534,1.1025538747916093,Medium,2.2051077495832185
STORE_05,SKU_053,2026-05-31,7,9,2,21.97651663405088,3.1395023762929832,6.2790047525859665,2.229652715939448,0.7209952474140335,1.114826357969724,Medium,2.229652715939448
STORE_09,SKU_061,2026-05-31,5,6,2,15.549543558430566,2.2213633654900806,4.442726730980161,2.2508699286561304,0.5572732690198388,1.1254349643280652,Medium,2.2508699286561304
STORE_18,SKU_026,2026-05-31,6,8,2,18.455490256727497,2.636498608103928,5.272997216207856,2.2757455594922456,0.7270027837921438,1.1378727797461228,Medium,2.2757455594922456
STORE_05,SKU_194,2026-05-31,9,10,2,27.37012987012987,3.9100185528756954,7.820037105751391,2.301779359430605,1.1799628942486091,1.1508896797153025,Medium,2.301779359430605
STORE_10,SKU_067,2026-05-31,7,10,2,21.153548599837663,3.0219355142625233,6.0438710285250465,2.3163962192317955,0.9561289714749535,1.1581981096158978,Medium,2.3163962192317955
STORE_14,SKU_216,2026-05-31,5,7,2,15.07509881422925,2.153585544889893,4.307171089779786,2.3217094913476664,0.6928289102202143,1.1608547456738332,Medium,2.3217094913476664
STORE_05,SKU_221,2026-05-31,11,11,2,33.04966342557966,4.7213804893685225,9.442760978737045,2.3298270547712696,1.557239021262955,1.1649135273856348,Medium,2.3298270547712696
STORE_16,SKU_081,2026-05-31,6,8,2,17.93622539434893,2.562317913478419,5.124635826956838,2.341629806527337,0.8753641730431623,1.1708149032636685,Medium,2.341629806527337
STORE_13,SKU_247,2026-05-31,9,9,2,26.825047030368182,3.8321495757668833,7.664299151533767,2.3485513344553977,1.3357008484662334,1.1742756672276988,Medium,2.3485513344553977
STORE_13,SKU_140,2026-05-31,7,7,2,20.552995391705068,2.9361421988150096,5.872284397630019,2.3840807174887892,1.1277156023699808,1.1920403587443946,Medium,2.3840807174887892
STORE_05,SKU_205,2026-05-31,9,10,2,26.373626373626372,3.767660910518053,7.535321821036106,2.38875,1.4646781789638936,1.194375,Medium,2.38875
STORE_01,SKU_183,2026-05-31,13,12,2,38.05999486125385,5.437142123036264,10.874284246072529,2.3909619623370095,2.125715753927471,1.1954809811685048,Medium,2.3909619623370095
STORE_15,SKU_138,2026-05-31,8,9,2,23.381859410430838,3.3402656300615483,6.680531260123097,2.395019105068177,1.3194687398769034,1.1975095525340884,Medium,2.395019105068177
STORE_06,SKU_020,2026-05-31,5,7,2,14.600000000000001,2.085714285714286,4.171428571428572,2.3972602739726026,0.8285714285714283,1.1986301369863013,Medium,2.3972602739726026
STORE_04,SKU_045,2026-05-31,5,7,2,14.465768430277137,2.066538347182448,4.133076694364896,2.4195050659558683,0.8669233056351038,1.2097525329779342,Medium,2.4195050659558683
STORE_05,SKU_093,2026-05-31,9,10,2,25.975441023867173,3.710777289123882,7.421554578247764,2.4253678673680006,1.5784454217522361,1.2126839336840003,Medium,2.4253678673680006
STORE_02,SKU_212,2026-05-31,6,7,2,17.21294373828936,2.458991962612766,4.917983925225532,2.4400242421389566,1.0820160747744678,1.2200121210694783,Medium,2.4400242421389566
STORE_17,SKU_191,2026-05-31,7,9,2,20.046881910659003,2.863840272951286,5.727680545902572,2.444270396681816,1.2723194540974276,1.222135198340908,Medium,2.444270396681816
STORE_12,SKU_029,2026-05-31,7,9,2,20.006516290726818,2.858073755818117,5.716147511636234,2.449202014381279,1.2838524883637659,1.2246010071906395,Medium,2.449202014381279
STORE_10,SKU_019,2026-05-31,11,11,2,30.797201279732928,4.39960018281899,8.79920036563798,2.500227189496998,2.2007996343620206,1.250113594748499,Medium,2.500227189496998
STORE_01,SKU_079,2026-05-31,8,10,2,22.171637354830292,3.167376764975756,6.334753529951512,2.525749411456971,1.665246470048488,1.2628747057284855,Medium,2.525749411456971
STORE_05,SKU_189,2026-05-31,9,10,2,24.70008782201405,3.528583974573436,7.057167949146872,2.5505982186772225,1.942832050853128,1.2752991093386112,Medium,2.5505982186772225
STORE_01,SKU_164,2026-05-31,12,12,2,32.79373438297644,4.684819197568062,9.369638395136125,2.5614649133587317,2.630361604863875,1.2807324566793659,Medium,2.5614649133587317
STORE_09,SKU_109,2026-05-31,7,7,2,18.95252764178448,2.7075039488263544,5.415007897652709,2.5854071249034933,1.5849921023472913,1.2927035624517467,Medium,2.5854071249034933
STORE_02,SKU_013,2026-05-31,15,12,2,39.09025210084034,5.584321728691477,11.168643457382954,2.686091656025487,3.831356542617046,1.3430458280127435,Medium,2.686091656025487
STORE_15,SKU_130,2026-05-31,6,8,2,15.61073642618707,2.2301052037410103,4.460210407482021,2.690456033166048,1.5397895925179794,1.345228016583024,Medium,2.690456033166048
STORE_01,SKU_122,2026-05-31,8,10,2,20.772625280478685,2.967517897211241,5.935035794422482,2.6958556871781942,2.0649642055775184,1.3479278435890971,Medium,2.6958556871781942
STORE_02,SKU_213,2026-05-31,8,7,2,20.76282642089094,2.9661180601272767,5.9322361202545535,2.697127975970288,2.0677638797454465,1.348563987985144,Medium,2.697127975970288
STORE_06,SKU_211,2026-05-31,6,7,2,15.545454545454545,2.2207792207792205,4.441558441558441,2.7017543859649127,1.558441558441559,1.3508771929824563,Medium,2.7017543859649127
STORE_01,SKU_171,2026-05-31,10,12,2,25.902409785336612,3.7003442550480874,7.400688510096175,2.7024512614894656,2.599311489903825,1.3512256307447328,Medium,2.7024512614894656
STORE_04,SKU_104,2026-05-31,13,11,2,33.12894468951476,4.732706384216394,9.465412768432788,2.7468427036494556,3.5345872315672118,1.3734213518247278,Medium,2.7468427036494556
STORE_14,SKU_022,2026-05-31,9,7,2,22.86006128702758,3.26572304100394,6.53144608200788,2.7558981233243967,2.4685539179921197,1.3779490616621983,Medium,2.7558981233243967
STORE_12,SKU_110,2026-05-31,10,11,2,25.35697557711609,3.6224250824451554,7.244850164890311,2.760581591724721,2.7551498351096892,1.3802907958623605,Medium,2.760581591724721
STORE_05,SKU_085,2026-05-31,8,7,2,20.227947598253277,2.889706799750468,5.779413599500936,2.7684469582487803,2.220586400499064,1.3842234791243901,Medium,2.7684469582487803
STORE_02,SKU_068,2026-05-31,6,7,2,15.147169811320754,2.1638814016172505,4.327762803234501,2.772795216741405,1.672237196765499,1.3863976083707026,Medium,2.772795216741405
STORE_02,SKU_154,2026-05-31,10,9,2,25.07312925170068,3.5818756073858116,7.163751214771623,2.7918334124669335,2.836248785228377,1.3959167062334668,Medium,2.7918334124669335
STORE_04,SKU_147,2026-05-31,7,6,2,17.441054945054944,2.491579277864992,4.983158555729984,2.809463083188838,2.0168414442700158,1.404731541594419,Medium,2.809463083188838
STORE_01,SKU_163,2026-05-31,7,8,2,17.43261337217715,2.49037333888245,4.9807466777649,2.8108235382656463,2.0192533222351,1.4054117691328232,Medium,2.8108235382656463
STORE_04,SKU_095,2026-05-31,7,8,2,17.278878629641156,2.4684112328058796,4.936822465611759,2.835832176976037,2.063177534388241,1.4179160884880184,Medium,2.835832176976037
STORE_12,SKU_014,2026-05-31,8,7,2,19.662020905923345,2.8088601294176208,5.6177202588352415,2.8481304270777956,2.3822797411647585,1.4240652135388978,Medium,2.8481304270777956
STORE_18,SKU_112,2026-05-31,6,6,2,14.741050431147114,2.1058643473067304,4.211728694613461,2.849186372177119,1.7882713053865391,1.4245931860885594,Medium,2.849186372177119
STORE_10,SKU_211,2026-05-31,5,7,2,12.202764976958525,1.7432521395655036,3.4865042791310072,2.868202416918429,1.5134957208689928,1.4341012084592144,Medium,2.868202416918429
STORE_18,SKU_097,2026-05-31,11,10,2,26.67080499985892,3.8101149999798456,7.620229999959691,2.8870519656383564,3.379770000040309,1.4435259828191782,Medium,2.8870519656383564
STORE_01,SKU_193,2026-05-31,6,6,2,14.526748971193415,2.0752498530276307,4.150499706055261,2.891218130311615,1.8495002939447387,1.4456090651558076,Medium,2.891218130311615
STORE_14,SKU_199,2026-05-31,5,5,2,12.030426716141001,1.718632388020143,3.437264776040286,2.9092899882795633,1.5627352239597139,1.4546449941397817,Medium,2.9092899882795633
STORE_05,SKU_049,2026-05-31,11,11,2,26.403028721893925,3.7718612459848466,7.543722491969693,2.916332092467484,3.4562775080303068,1.458166046233742,Medium,2.916332092467484
STORE_16,SKU_066,2026-05-31,7,7,2,16.707277628032344,2.3867539468617633,4.773507893723527,2.932853639648942,2.2264921062764733,1.466426819824471,Medium,2.932853639648942
STORE_12,SKU_142,2026-05-31,8,8,2,19.087693441414892,2.726813348773556,5.453626697547112,2.9338275036676693,2.5463733024528876,1.4669137518338347,Medium,2.9338275036676693
STORE_15,SKU_220,2026-05-31,11,9,2,26.13575978161965,3.7336799688028073,7.467359937605615,2.9461550245098045,3.5326400623943854,1.4730775122549022,Medium,2.9461550245098045
STORE_14,SKU_246,2026-05-31,9,9,2,21.382243540431695,3.054606220061671,6.109212440123342,2.9463699578986304,2.8907875598766584,1.4731849789493152,Medium,2.9463699578986304
STORE_17,SKU_072,2026-05-31,11,10,2,26.12201529063356,3.7317164700905083,7.463432940181017,2.947705188259709,3.5365670598189833,1.4738525941298546,Medium,2.947705188259709
STORE_17,SKU_030,2026-05-31,5,6,2,11.823801730184707,1.6891145328835295,3.378229065767059,2.9601308275196563,1.621770934232941,1.4800654137598281,Medium,2.9601308275196563
STORE_05,SKU_137,2026-05-31,8,7,2,18.859510655090766,2.6942158078701093,5.388431615740219,2.9693241263862733,2.6115683842597814,1.4846620631931366,Medium,2.9693241263862733
STORE_18,SKU_061,2026-05-31,5,6,2,11.7012987012987,1.6716141001855287,3.3432282003710574,2.9911209766925637,1.6567717996289426,1.4955604883462819,Medium,2.9911209766925637
STORE_12,SKU_089,2026-05-31,12,10,2,28.076639977524927,4.010948568217847,8.021897136435694,2.9918109883248554,3.978102863564306,1.4959054941624277,Medium,2.9918109883248554
STORE_11,SKU_151,2026-05-31,12,10,3,27.99397811766702,3.9991397310952883,11.997419193285864,3.0006453404701188,0.0025808067141355195,1.0002151134900397,Medium,3.0006453404701188
STORE_13,SKU_112,2026-05-31,5,6,2,11.614906832298137,1.6592724046140197,3.3185448092280394,3.013368983957219,1.6814551907719606,1.5066844919786095,Medium,3.013368983957219
STORE_02,SKU_241,2026-05-31,9,8,3,20.904761904761905,2.9863945578231292,8.959183673469388,3.0136674259681095,0.040816326530611846,1.0045558086560364,Medium,3.0136674259681095
STORE_11,SKU_096,2026-05-31,7,8,3,16.25063931734367,2.321519902477667,6.9645597074330015,3.0152659869636156,0.035440292566998544,1.0050886623212052,Medium,3.0152659869636156
STORE_08,SKU_124,2026-05-31,10,8,2,23.211009174311926,3.3158584534731324,6.631716906946265,3.015810276679842,3.3682830930537353,1.507905138339921,Medium,3.015810276679842
STORE_12,SKU_085,2026-05-31,9,10,3,20.847356702739088,2.9781938146770126,8.934581444031037,3.0219658491151815,0.06541855596896262,1.0073219497050605,Medium,3.0219658491151815
STORE_05,SKU_054,2026-05-31,5,6,3,11.501952723535457,1.643136103362208,4.929408310086624,3.042961559769109,0.07059168991337561,1.0143205199230363,Medium,3.042961559769109
STORE_07,SKU_209,2026-05-31,14,12,3,32.20152449468996,4.600217784955709,13.800653354867126,3.0433341755655143,0.1993466451328736,1.014444725188505,Medium,3.0433341755655143
STORE_10,SKU_050,2026-05-31,6,8,2,13.786279858939382,1.9694685512770547,3.9389371025541093,3.046507138237594,2.0610628974458907,1.523253569118797,Medium,3.046507138237594
STORE_05,SKU_178,2026-05-31,14,11,2,32.07104209688398,4.581577442411997,9.163154884823994,3.055716110001978,4.836845115176006,1.527858055000989,Medium,3.055716110001978
STORE_08,SKU_091,2026-05-31,5,6,3,11.43261331378189,1.6332304733974128,4.899691420192238,3.0614172839912186,0.10030857980776187,1.020472427997073,Medium,3.0614172839912186
STORE_14,SKU_001,2026-05-31,8,8,3,18.266009852216754,2.609429978888108,7.828289936664324,3.0658036677454144,0.1717100633356763,1.021934555915138,Medium,3.0658036677454144
STORE_01,SKU_208,2026-05-31,13,12,3,29.680163586413588,4.2400233694876555,12.720070108462966,3.0660208369490327,0.2799298915370336,1.0220069456496776,Medium,3.0660208369490327
STORE_06,SKU_127,2026-05-31,8,6,2,18.219452887537994,2.602778983933999,5.205557967867998,3.073637849921591,2.794442032132002,1.5368189249607955,Medium,3.073637849921591
STORE_06,SKU_194,2026-05-31,11,10,3,25.001689574866433,3.5716699392666333,10.7150098177999,3.079791858443285,0.28499018220010086,1.0265972861477617,Medium,3.079791858443285
STORE_10,SKU_142,2026-05-31,13,10,3,29.536324115444998,4.219474873635,12.658424620904999,3.080952106440852,0.34157537909500135,1.026984035480284,Medium,3.080952106440852
STORE_09,SKU_209,2026-05-31,9,12,2,20.414133738601826,2.916304819800261,5.832609639600522,3.0860971524288106,3.1673903603994784,1.5430485762144053,Medium,3.0860971524288106
STORE_12,SKU_238,2026-05-31,9,7,2,20.394635730398353,2.9135193900569076,5.827038780113815,3.089047572744731,3.1729612198861847,1.5445237863723655,Medium,3.089047572744731
STORE_02,SKU_051,2026-05-31,13,12,2,29.43556332432862,4.205080474904088,8.410160949808176,3.0914985046264807,4.589839050191824,1.5457492523132403,Medium,3.0914985046264807
STORE_13,SKU_070,2026-05-31,14,10,2,31.68815619819488,4.526879456884982,9.053758913769965,3.0926381259627402,4.946241086230035,1.5463190629813701,Medium,3.0926381259627402
STORE_17,SKU_246,2026-05-31,9,9,3,20.359895682410894,2.908556526058699,8.725669578176097,3.094318408243432,0.2743304218239029,1.0314394694144773,Medium,3.094318408243432
STORE_03,SKU_221,2026-05-31,9,10,3,20.35613644790508,2.9080194925578686,8.724058477673605,3.0948898461762644,0.275941522326395,1.0316299487254215,Medium,3.0948898461762644
STORE_02,SKU_145,2026-05-31,10,11,2,22.60409411364988,3.2291563019499825,6.458312603899965,3.0967841333543764,3.541687396100035,1.5483920666771882,Medium,3.0967841333543764
STORE_01,SKU_101,2026-05-31,10,11,2,22.590146800323055,3.2271638286175794,6.454327657235159,3.09869610935857,3.545672342764841,1.549348054679285,Medium,3.09869610935857
STORE_07,SKU_016,2026-05-31,11,12,3,24.84367767725647,3.5490968110366383,10.647290433109916,3.0993800918006134,0.35270956689008415,1.0331266972668711,Medium,3.0993800918006134
STORE_13,SKU_203,2026-05-31,12,10,3,27.087684729064037,3.8696692470091483,11.609007741027444,3.1010402269586095,0.3909922589725561,1.03368007565287,Medium,3.1010402269586095
STORE_11,SKU_033,2026-05-31,9,8,3,20.298789346246974,2.899827049463853,8.699481148391559,3.1036333707087818,0.30051885160844094,1.0345444569029274,Medium,3.1036333707087818
STORE_06,SKU_090,2026-05-31,13,10,3,29.234816237541526,4.17640231964879,12.529206958946368,3.11272693697125,0.47079304105363207,1.0375756456570835,Medium,3.11272693697125
STORE_02,SKU_158,2026-05-31,8,7,3,17.95711654827677,2.5653023640395385,7.695907092118615,3.118540766244231,0.304092907881385,1.039513588748077,Medium,3.118540766244231
STORE_04,SKU_044,2026-05-31,7,7,3,15.69840112494141,2.242628732134487,6.727886196403461,3.1213369826656714,0.2721138035965387,1.040445660888557,Medium,3.1213369826656714
STORE_08,SKU_059,2026-05-31,6,6,3,13.45481049562682,1.9221157850895456,5.766347355268637,3.121560130010835,0.2336526447313627,1.0405200433369448,Medium,3.121560130010835
STORE_06,SKU_110,2026-05-31,6,7,3,13.445045045045044,1.9207207207207204,5.762162162162161,3.1238273921200754,0.23783783783783896,1.0412757973733586,Medium,3.1238273921200754
STORE_07,SKU_027,2026-05-31,6,5,3,13.444567015995585,1.920652430856512,5.761957292569536,3.1239384615384624,0.23804270743046363,1.0413128205128208,Medium,3.1239384615384624
STORE_12,SKU_115,2026-05-31,8,8,2,17.90450753887851,2.5577867912683585,5.115573582536717,3.127704008524084,2.884426417463283,1.563852004262042,Medium,3.127704008524084
STORE_18,SKU_063,2026-05-31,6,6,3,13.390977443609021,1.9129967776584316,5.738990332975295,3.1364402021336333,0.2610096670247053,1.0454800673778777,Medium,3.1364402021336333
STORE_06,SKU_067,2026-05-31,11,10,3,24.54088669950739,3.505840957072484,10.517522871217452,3.13762094022241,0.48247712878254845,1.0458736467408032,Medium,3.13762094022241
STORE_01,SKU_178,2026-05-31,12,11,3,26.73905459619746,3.819864942313923,11.459594826941768,3.1414723246028893,0.5404051730582324,1.0471574415342964,Medium,3.1414723246028893
STORE_06,SKU_057,2026-05-31,7,6,3,15.593984962406015,2.2277121374865736,6.683136412459721,3.142237222757956,0.3168635875402792,1.0474124075859852,Medium,3.142237222757956
STORE_13,SKU_073,2026-05-31,10,9,3,22.259664841546375,3.1799521202209107,9.539856360662732,3.1447014363553696,0.460143639337268,1.0482338121184565,Medium,3.1447014363553696
STORE_12,SKU_240,2026-05-31,12,10,2,26.685947448659316,3.812278206951331,7.624556413902662,3.1477241031672683,4.375443586097338,1.5738620515836341,Medium,3.1477241031672683
STORE_03,SKU_073,2026-05-31,6,7,3,13.298872180451125,1.8998388829215893,5.699516648764768,3.158162544169612,0.30048335123523184,1.0527208480565373,Medium,3.158162544169612
STORE_11,SKU_114,2026-05-31,8,8,3,17.723089401942744,2.531869914563249,7.595609743689748,3.159719997454929,0.4043902563102524,1.0532399991516428,Medium,3.159719997454929
STORE_11,SKU_159,2026-05-31,7,8,3,15.50354760139786,2.2147925144854086,6.644377543456226,3.1605669398907104,0.3556224565437738,1.0535223132969034,Medium,3.1605669398907104
STORE_09,SKU_222,2026-05-31,9,7,3,19.886297376093296,2.8408996251561853,8.522698875468556,3.168010555637003,0.4773011245314436,1.0560035185456675,Medium,3.168010555637003
STORE_06,SKU_218,2026-05-31,10,10,3,22.087699889369404,3.1553856984813433,9.46615709544403,3.169184675208772,0.5338429045559696,1.0563948917362573,Medium,3.169184675208772
STORE_07,SKU_195,2026-05-31,6,6,3,13.244631715420143,1.8920902450600203,5.676270735180061,3.171096101607812,0.3237292648199386,1.0570320338692705,Medium,3.171096101607812
STORE_16,SKU_238,2026-05-31,9,7,3,19.864935064935068,2.8378478664192954,8.513543599257886,3.171417364016736,0.4864564007421137,1.057139121338912,Medium,3.171417364016736
STORE_06,SKU_106,2026-05-31,8,6,3,17.645799892990905,2.520828556141558,7.562485668424674,3.173559733171619,0.4375143315753256,1.0578532443905395,Medium,3.173559733171619
STORE_13,SKU_017,2026-05-31,12,10,3,26.464509564509562,3.780644223501366,11.341932670504098,3.1740622207731692,0.6580673294959016,1.058020740257723,Medium,3.1740622207731692
STORE_09,SKU_231,2026-05-31,6,5,3,13.219520432286387,1.8885029188980553,5.665508756694166,3.1771197915336082,0.334491243305834,1.0590399305112028,Medium,3.1771197915336082
STORE_06,SKU_073,2026-05-31,9,7,3,19.81478690130761,2.830683843043944,8.492051529131832,3.179443731279418,0.5079484708681683,1.0598145770931393,Medium,3.179443731279418
STORE_02,SKU_087,2026-05-31,7,7,3,15.408163265306122,2.2011661807580176,6.603498542274053,3.1801324503311257,0.3965014577259467,1.0600441501103752,Medium,3.1801324503311257
STORE_09,SKU_221,2026-05-31,10,10,2,22.00361689135234,3.143373841621763,6.286747683243526,3.1812951636833287,3.713252316756474,1.5906475818416643,Medium,3.1812951636833287
STORE_16,SKU_248,2026-05-31,6,6,2,13.16678058783322,1.8809686554047456,3.761937310809491,3.189845818408348,2.238062689190509,1.594922909204174,Medium,3.189845818408348
STORE_08,SKU_154,2026-05-31,9,9,2,19.713897009401805,2.816271001343115,5.63254200268623,3.1957151835557682,3.36745799731377,1.5978575917778841,Medium,3.1957151835557682
STORE_09,SKU_190,2026-05-31,15,12,3,32.84995676895152,4.692850966993075,14.078552900979226,3.196351238405337,0.9214470990207744,1.065450412801779,Medium,3.196351238405337
STORE_06,SKU_207,2026-05-31,6,8,2,13.138390581381236,1.8769129401973195,3.753825880394639,3.196738576147928,2.246174119605361,1.598369288073964,Medium,3.196738576147928
STORE_04,SKU_065,2026-05-31,5,6,2,10.940923737916219,1.5629891054166027,3.1259782108332055,3.1989986255645,1.8740217891667945,1.59949931278225,Medium,3.1989986255645
STORE_04,SKU_050,2026-05-31,8,7,3,17.489004222378608,2.498429174625515,7.495287523876545,3.2020119206297313,0.5047124761234549,1.0673373068765772,Medium,3.2020119206297313
STORE_02,SKU_238,2026-05-31,15,11,2,32.772770009282276,4.6818242870403255,9.363648574080651,3.2038793171971944,5.636351425919349,1.6019396585985972,Medium,3.2038793171971944
STORE_07,SKU_190,2026-05-31,10,12,3,21.79080459770115,3.1129720853858784,9.338916256157635,3.2123641734360167,0.6610837438423651,1.0707880578120055,Medium,3.2123641734360167
STORE_06,SKU_037,2026-05-31,7,6,3,15.251989389920425,2.1788556271314894,6.536566881394468,3.2126956521739127,0.4634331186055318,1.0708985507246376,Medium,3.2126956521739127
STORE_05,SKU_034,2026-05-31,11,11,2,23.92604656160053,3.4180066516572185,6.836013303314437,3.218250027297828,4.163986696685563,1.609125013648914,Medium,3.218250027297828
STORE_05,SKU_113,2026-05-31,7,8,2,15.19825327510917,2.17117903930131,4.34235807860262,3.224054706355591,2.6576419213973796,1.6120273531777956,Medium,3.224054706355591
STORE_05,SKU_004,2026-05-31,11,9,3,23.87423469387755,3.4106049562682217,10.231814868804666,3.225234273991046,0.7681851311953345,1.0750780913303486,Medium,3.225234273991046
STORE_13,SKU_183,2026-05-31,9,8,2,19.522359261501215,2.788908465928745,5.57781693185749,3.22706898055289,3.42218306814251,1.613534490276445,Medium,3.22706898055289
STORE_09,SKU_211,2026-05-31,7,7,3,15.164021164021165,2.1662887377173092,6.498866213151928,3.231332868108862,0.5011337868480723,1.0771109560362875,Medium,3.231332868108862
STORE_07,SKU_243,2026-05-31,10,10,3,21.630940900950545,3.0901344144215064,9.27040324326452,3.236105184722868,0.7295967567354804,1.078701728240956,Medium,3.236105184722868
STORE_05,SKU_161,2026-05-31,7,8,2,15.105726872246695,2.157960981749528,4.315921963499056,3.2438028579760863,2.684078036500944,1.6219014289880431,Medium,3.2438028579760863
STORE_06,SKU_058,2026-05-31,10,11,3,21.56024531024531,3.0800350443207587,9.240105132962276,3.2467163055299926,0.7598948670377244,1.0822387685099975,Medium,3.2467163055299926
STORE_14,SKU_121,2026-05-31,10,9,3,21.53320063287909,3.076171518982727,9.22851455694818,3.2507940270206213,0.7714854430518194,1.0835980090068738,Medium,3.2507940270206213
STORE_09,SKU_064,2026-05-31,15,11,3,32.28176766889962,4.611681095557088,13.835043286671265,3.2526099895439557,1.1649567133287348,1.0842033298479852,Medium,3.2526099895439557
STORE_11,SKU_129,2026-05-31,8,7,3,17.205008444470327,2.4578583492100465,7.37357504763014,3.2548661734599933,0.6264249523698604,1.0849553911533312,Medium,3.2548661734599933
STORE_14,SKU_126,2026-05-31,9,7,2,19.353876868991563,2.7648395527130805,5.529679105426161,3.2551617655963017,3.470320894573839,1.6275808827981508,Medium,3.2551617655963017
STORE_02,SKU_187,2026-05-31,10,11,3,21.502493765586035,3.0717848236551477,9.215354470965444,3.2554363583647437,0.784645529034556,1.0851454527882478,Medium,3.2554363583647437
STORE_02,SKU_125,2026-05-31,6,6,3,12.881632653061224,1.8402332361516034,5.52069970845481,3.260456273764259,0.47930029154519005,1.0868187579214197,Medium,3.260456273764259
STORE_10,SKU_117,2026-05-31,6,7,3,12.879494065667505,1.8399277236667864,5.519783171000359,3.260997659213819,0.4802168289996409,1.0869992197379394,Medium,3.260997659213819
STORE_12,SKU_001,2026-05-31,9,7,2,19.312169312169317,2.7588813303099022,5.5177626606198045,3.2621917808219174,3.4822373393801955,1.6310958904109587,Medium,3.2621917808219174
STORE_11,SKU_002,2026-05-31,9,10,3,19.288224637681157,2.7554606625258797,8.266381987577638,3.266241511773159,0.7336180124223617,1.0887471705910532,Medium,3.266241511773159
STORE_13,SKU_193,2026-05-31,12,9,3,25.714450638255762,3.673492948322252,11.020478844966755,3.266645715348551,0.979521155033245,1.0888819051161838,Medium,3.266645715348551
STORE_18,SKU_100,2026-05-31,12,10,3,25.711081042586528,3.6730115775123613,11.019034732537083,3.2670738294071207,0.980965267462917,1.0890246098023737,Medium,3.2670738294071207
STORE_07,SKU_002,2026-05-31,10,8,3,21.417802125766727,3.0596860179666754,9.179058053900025,3.2683092125398976,0.8209419460999747,1.089436404179966,Medium,3.2683092125398976
STORE_15,SKU_094,2026-05-31,9,9,2,19.265100451541134,2.752157207363019,5.504314414726038,3.270162029960256,3.4956855852739617,1.635081014980128,Medium,3.270162029960256
STORE_05,SKU_233,2026-05-31,5,6,2,10.682735401012286,1.5261050572874695,3.052210114574939,3.276314416313581,1.947789885425061,1.6381572081567906,Medium,3.276314416313581
STORE_08,SKU_082,2026-05-31,8,7,3,17.078874110733064,2.439839158676152,7.319517476028455,3.278904665314402,0.6804825239715449,1.0929682217714674,Medium,3.278904665314402
STORE_09,SKU_112,2026-05-31,6,6,3,12.79302975505507,1.8275756792935813,5.4827270378807444,3.283037779491134,0.5172729621192556,1.0943459264970445,Medium,3.283037779491134
STORE_17,SKU_095,2026-05-31,14,11,3,29.84777517564403,4.263967882234861,12.791903646704583,3.2833267948214986,1.2080963532954172,1.0944422649404997,Medium,3.2833267948214986
STORE_15,SKU_123,2026-05-31,6,6,3,12.782905205728573,1.8261293151040818,5.478387945312246,3.285638070849339,0.5216120546877541,1.095212690283113,Medium,3.285638070849339
STORE_13,SKU_118,2026-05-31,10,10,2,21.273571909140422,3.0390817013057747,6.078163402611549,3.2904676421510453,3.9218365973884506,1.6452338210755226,Medium,3.2904676421510453
STORE_18,SKU_079,2026-05-31,10,7,3,21.260490373539575,3.037212910505654,9.111638731516962,3.2924922600619193,0.8883612684830382,1.0974974200206398,Medium,3.2924922600619193
STORE_08,SKU_227,2026-05-31,10,12,3,21.24172568494117,3.0345322407058815,9.103596722117643,3.295400808684055,0.8964032778823565,1.0984669362280186,Medium,3.295400808684055
STORE_08,SKU_105,2026-05-31,12,12,3,25.472076684276455,3.6388680977537793,10.916604293261338,3.297728765548668,1.0833957067386617,1.0992429218495559,Medium,3.297728765548668
STORE_04,SKU_099,2026-05-31,12,10,3,25.423078322237988,3.631868331748284,10.895604995244852,3.304084538280473,1.1043950047551476,1.1013615127601575,Medium,3.304084538280473
STORE_13,SKU_225,2026-05-31,4,6,3,8.470463856217787,1.2100662651739695,3.630198795521909,3.3056040938592117,0.36980120447809117,1.1018680312864038,Medium,3.3056040938592117
STORE_07,SKU_119,2026-05-31,8,7,3,16.92363902082572,2.4176627172608174,7.252988151782452,3.3089810017271155,0.7470118482175483,1.102993667242372,Medium,3.3089810017271155
STORE_09,SKU_247,2026-05-31,6,7,3,12.67776341305753,1.8111090590082186,5.433327177024656,3.3128871892925433,0.5666728229753444,1.104295729764181,Medium,3.3128871892925433
STORE_03,SKU_229,2026-05-31,8,8,3,16.884606866002215,2.4120866951431736,7.236260085429521,3.316630374898339,0.7637399145704791,1.1055434582994463,Medium,3.316630374898339
STORE_10,SKU_243,2026-05-31,11,10,3,23.187775891341257,3.312539413048751,9.937618239146254,3.320715206185567,1.0623817608537465,1.1069050687285222,Medium,3.320715206185567
STORE_09,SKU_148,2026-05-31,9,7,3,18.962566844919788,2.7089381207028267,8.12681436210848,3.3223350253807107,0.8731856378915204,1.107445008460237,Medium,3.3223350253807107
STORE_17,SKU_062,2026-05-31,12,10,2,25.264564007421146,3.609223429631592,7.218446859263184,3.324814945364823,4.781553140736816,1.6624074726824114,Medium,3.324814945364823
STORE_06,SKU_076,2026-05-31,6,6,2,12.60940477621165,1.801343539458807,3.602687078917614,3.3308471530103754,2.397312921082386,1.6654235765051877,Medium,3.3308471530103754
STORE_10,SKU_034,2026-05-31,13,11,3,27.25617159044921,3.8937387986356016,11.681216395906805,3.338693392724573,1.3187836040931948,1.1128977975748577,Medium,3.338693392724573
STORE_17,SKU_082,2026-05-31,10,8,2,20.960282465272023,2.994326066467432,5.988652132934864,3.339649650045474,4.011347867065136,1.669824825022737,Medium,3.339649650045474
STORE_06,SKU_247,2026-05-31,6,7,2,12.565880721220527,1.7951258173172182,3.5902516346344364,3.3423841059602646,2.4097483653655636,1.6711920529801323,Medium,3.3423841059602646
STORE_07,SKU_079,2026-05-31,12,10,3,25.101068999028183,3.5858669998611687,10.757600999583506,3.346471020945449,1.2423990004164942,1.1154903403151497,Medium,3.346471020945449
STORE_16,SKU_130,2026-05-31,11,8,2,22.983050847457626,3.2832929782082325,6.566585956416465,3.3502949852507373,4.433414043583535,1.6751474926253687,Medium,3.3502949852507373
STORE_03,SKU_232,2026-05-31,8,7,3,16.71392767633369,2.3877039537619558,7.163111861285867,3.3504991217171503,0.8368881387141327,1.1168330405723834,Medium,3.3504991217171503
STORE_11,SKU_057,2026-05-31,8,6,3,16.71303441084463,2.387576344406376,7.162729033219128,3.350678196633349,0.8372709667808724,1.1168927322111164,Medium,3.350678196633349
STORE_01,SKU_132,2026-05-31,13,11,3,27.1433257830196,3.8776179690027996,11.6328539070084,3.3525736944486018,1.3671460929916002,1.1175245648162004,Medium,3.3525736944486018
STORE_02,SKU_029,2026-05-31,6,7,3,12.52,1.7885714285714285,5.365714285714286,3.354632587859425,0.6342857142857143,1.1182108626198084,Medium,3.354632587859425
STORE_13,SKU_004,2026-05-31,7,6,3,14.605990113405058,2.0865700162007226,6.259710048602168,3.354787975313558,0.7402899513978323,1.1182626584378528,Medium,3.354787975313558
STORE_06,SKU_016,2026-05-31,10,11,3,20.785623157330477,2.969374736761497,8.908124210284491,3.3677123591703846,1.091875789715509,1.1225707863901282,Medium,3.3677123591703846
STORE_03,SKU_138,2026-05-31,7,7,3,14.549019607843137,2.0784313725490198,6.23529411764706,3.3679245283018866,0.7647058823529402,1.1226415094339621,Medium,3.3679245283018866
STORE_05,SKU_058,2026-05-31,14,10,2,29.093484419263454,4.156212059894779,8.312424119789558,3.3684518013631943,5.687575880210442,1.6842259006815972,Medium,3.3684518013631943
STORE_13,SKU_126,2026-05-31,10,7,3,20.764581979960234,2.9663688542800335,8.8991065628401,3.3711249312678944,1.1008934371599004,1.1237083104226315,Medium,3.3711249312678944
STORE_13,SKU_024,2026-05-31,10,9,3,20.75925925925926,2.9656084656084656,8.896825396825397,3.3719892952720785,1.1031746031746028,1.1239964317573594,Medium,3.3719892952720785
STORE_12,SKU_175,2026-05-31,8,7,2,16.591836734693878,2.370262390670554,4.740524781341108,3.3751537515375154,3.259475218658892,1.6875768757687577,Medium,3.3751537515375154
STORE_03,SKU_103,2026-05-31,12,7,3,24.84056679440335,3.5486523992004786,10.645957197601437,3.381565352161185,1.3540428023985633,1.1271884507203949,Medium,3.381565352161185
STORE_14,SKU_007,2026-05-31,7,6,3,14.4834159359512,2.0690594194216,6.2071782582648,3.3831797841537252,0.7928217417352004,1.1277265947179083,Medium,3.3831797841537252
STORE_18,SKU_002,2026-05-31,12,11,3,24.817957282348573,3.545422468906939,10.636267406720817,3.38464600629093,1.3637325932791828,1.12821533543031,Medium,3.38464600629093
STORE_18,SKU_083,2026-05-31,12,10,3,24.803064570090328,3.5432949385843324,10.629884815752998,3.386678277703411,1.3701151842470018,1.1288927592344702,Medium,3.386678277703411
STORE_10,SKU_193,2026-05-31,7,6,3,14.444652908067543,2.063521844009649,6.1905655320289465,3.3922587349006363,0.8094344679710535,1.1307529116335455,Medium,3.3922587349006363
STORE_04,SKU_096,2026-05-31,12,11,3,24.758960999654096,3.536994428522014,10.610983285566041,3.3927110269761944,1.389016714433959,1.1309036756587316,Medium,3.3927110269761944
STORE_04,SKU_247,2026-05-31,10,8,3,20.614695277768053,2.944956468252579,8.834869404757736,3.3956359313975213,1.165130595242264,1.1318786437991737,Medium,3.3956359313975213
STORE_11,SKU_122,2026-05-31,8,7,3,16.485035180452968,2.3550050257789956,7.065015077336987,3.397020351306357,0.9349849226630127,1.132340117102119,Medium,3.397020351306357
STORE_14,SKU_240,2026-05-31,12,10,2,24.727044590025358,3.532434941432194,7.064869882864388,3.3970901655543893,4.935130117135612,1.6985450827771946,Medium,3.3970901655543893
STORE_07,SKU_216,2026-05-31,13,10,3,26.699850671976105,3.814264381710872,11.442793145132615,3.408258762117823,1.5572068548673847,1.1360862540392744,Medium,3.408258762117823
STORE_18,SKU_207,2026-05-31,14,11,3,28.753138380692874,4.107591197241839,12.322773591725518,3.4083235959315292,1.6772264082744819,1.1361078653105097,Medium,3.4083235959315292
STORE_13,SKU_155,2026-05-31,9,8,3,18.456206088992978,2.6366008698561396,7.909802609568419,3.413485940513653,1.0901973904315811,1.1378286468378842,Medium,3.413485940513653
STORE_10,SKU_008,2026-05-31,10,10,3,20.49931972789116,2.9284742468415943,8.785422740524783,3.4147474613393505,1.2145772594752167,1.1382491537797834,Medium,3.4147474613393505
STORE_05,SKU_014,2026-05-31,8,9,2,16.384468864468865,2.340638409209838,4.681276818419676,3.417870940048648,3.3187231815803244,1.708935470024324,Medium,3.417870940048648
STORE_03,SKU_010,2026-05-31,9,10,3,18.41682465335861,2.6309749504798012,7.892924851439403,3.420785134559606,1.1070751485605967,1.1402617115198688,Medium,3.420785134559606
STORE_10,SKU_116,2026-05-31,10,11,2,20.457509988122233,2.9225014268746046,5.845002853749209,3.421726302010483,4.154997146250791,1.7108631510052414,Medium,3.421726302010483
STORE_15,SKU_232,2026-05-31,11,10,2,22.481431282190293,3.211633040312899,6.423266080625798,3.4250488340125886,4.576733919374202,1.7125244170062943,Medium,3.4250488340125886
STORE_08,SKU_033,2026-05-31,12,11,3,24.5109856442577,3.5015693777511,10.5047081332533,3.427034767966545,1.4952918667466992,1.142344922655515,Medium,3.427034767966545
STORE_10,SKU_201,2026-05-31,8,7,2,16.33607142857143,2.3337244897959186,4.667448979591837,3.4279967643908087,3.3325510204081628,1.7139983821954043,Medium,3.4279967643908087
STORE_02,SKU_031,2026-05-31,13,9,2,26.54265941670786,3.7918084881011227,7.583616976202245,3.4284431929499144,5.416383023797755,1.7142215964749572,Medium,3.4284431929499144
STORE_06,SKU_077,2026-05-31,14,11,2,28.558520667150113,4.07978866673573,8.15957733347146,3.4315502942953917,5.840422666528539,1.7157751471476959,Medium,3.4315502942953917
STORE_01,SKU_103,2026-05-31,8,7,2,16.30980861244019,2.329972658920027,4.659945317840054,3.433516685001834,3.3400546821599457,1.716758342500917,Medium,3.433516685001834
STORE_10,SKU_065,2026-05-31,7,6,2,14.258397932816537,2.0369139904023625,4.073827980804725,3.4365712214570494,2.926172019195275,1.7182856107285247,Medium,3.4365712214570494
STORE_13,SKU_153,2026-05-31,10,9,3,20.347826086956523,2.906832298136646,8.720496894409939,3.44017094017094,1.2795031055900612,1.1467236467236466,Medium,3.44017094017094
STORE_11,SKU_206,2026-05-31,11,10,3,22.3515406162465,3.193077230892357,9.579231692677071,3.444952691271383,1.4207683073229287,1.1483175637571277,Medium,3.444952691271383
STORE_14,SKU_210,2026-05-31,8,7,2,16.228980040861227,2.3184257201230323,4.6368514402460645,3.450617343727304,3.3631485597539355,1.725308671863652,Medium,3.450617343727304
STORE_07,SKU_043,2026-05-31,11,10,3,22.290271536173176,3.1843245051675964,9.552973515502789,3.454421803477925,1.4470264844972114,1.151473934492642,Medium,3.454421803477925
STORE_08,SKU_028,2026-05-31,7,7,3,14.179831932773109,2.0256902761104443,6.077070828331333,3.4556121844257435,0.9229291716686667,1.1518707281419145,Medium,3.4556121844257435
STORE_06,SKU_208,2026-05-31,13,11,3,26.32403572676014,3.760576532394306,11.281729597182917,3.4569167488058232,1.7182704028170832,1.1523055829352744,Medium,3.4569167488058232
STORE_06,SKU_150,2026-05-31,9,6,3,18.221499883909914,2.6030714119871305,7.809214235961392,3.457454128440367,1.1907857640386084,1.1524847094801223,Medium,3.457454128440367
STORE_18,SKU_200,2026-05-31,12,9,3,24.294712619992097,3.4706732314274427,10.412019694282328,3.457542442007586,1.5879803057176716,1.152514147335862,Medium,3.457542442007586
STORE_17,SKU_137,2026-05-31,12,9,3,24.276805951941686,3.4681151359916695,10.404345407975008,3.4600927389824765,1.5956545920249923,1.1533642463274922,Medium,3.4600927389824765
STORE_14,SKU_027,2026-05-31,9,6,3,18.190013360928454,2.5985733372754933,7.7957200118264804,3.4634389073799094,1.2042799881735196,1.1544796357933031,Medium,3.4634389073799094
STORE_15,SKU_208,2026-05-31,10,8,2,20.190158787348484,2.8843083981926405,5.768616796385281,3.4670356353939753,4.231383203614719,1.7335178176969877,Medium,3.4670356353939753
STORE_11,SKU_177,2026-05-31,8,6,3,16.133004926108374,2.3047149894440535,6.9141449683321605,3.471145038167939,1.0858550316678395,1.1570483460559797,Medium,3.471145038167939
STORE_03,SKU_245,2026-05-31,9,8,3,18.144037780401415,2.5920053972002024,7.776016191600608,3.472214992191567,1.2239838083993924,1.157404997397189,Medium,3.472214992191567
STORE_04,SKU_139,2026-05-31,7,7,2,14.106705539358599,2.0152436484798,4.0304872969596,3.473525399909065,2.9695127030404,1.7367626999545325,Medium,3.473525399909065
STORE_08,SKU_164,2026-05-31,13,10,3,26.13635826539052,3.73376546648436,11.20129639945308,3.481739845925712,1.7987036005469204,1.160579948641904,Medium,3.481739845925712
STORE_04,SKU_168,2026-05-31,13,11,2,26.11255140726457,3.730364486752081,7.460728973504162,3.4849141541444166,5.539271026495838,1.7424570770722083,Medium,3.4849141541444166
STORE_07,SKU_171,2026-05-31,10,11,3,20.047806094614607,2.863972299230658,8.591916897691974,3.4916538832049024,1.4080831023080265,1.1638846277349675,Medium,3.4916538832049024
STORE_04,SKU_169,2026-05-31,7,7,3,14.021676852559203,2.0030966932227434,6.00929007966823,3.494589164708687,0.9907099203317697,1.1648630549028958,Medium,3.494589164708687
STORE_01,SKU_166,2026-05-31,12,11,2,24.036939313984167,3.4338484734263095,6.867696946852619,3.4946212952799125,5.132303053147381,1.7473106476399562,Medium,3.4946212952799125
STORE_06,SKU_134,2026-05-31,5,5,2,10.004309416074122,1.4291870594391602,2.8583741188783205,3.498492354081413,2.1416258811216795,1.7492461770407064,Medium,3.498492354081413
STORE_15,SKU_188,2026-05-31,7,8,2,13.995550351288056,1.9993643358982938,3.9987286717965875,3.5011127658506385,3.0012713282034125,1.7505563829253192,Medium,3.5011127658506385
STORE_08,SKU_141,2026-05-31,6,6,2,11.993298059964726,1.7133282942806751,3.4266565885613502,3.501955824828682,2.5733434114386498,1.750977912414341,Medium,3.501955824828682
STORE_18,SKU_008,2026-05-31,9,7,2,17.97474455369192,2.567820650527417,5.135641301054834,3.5049176811283322,3.864358698945166,1.7524588405641661,Medium,3.5049176811283322
STORE_15,SKU_035,2026-05-31,9,8,3,17.961558441558438,2.565936920222634,7.697810760667902,3.507490745025452,1.3021892393320984,1.1691635816751507,Medium,3.507490745025452
STORE_18,SKU_076,2026-05-31,9,9,3,17.955277026064664,2.565039575152095,7.695118725456284,3.5087177941363117,1.3048812745437157,1.1695725980454372,Medium,3.5087177941363117
STORE_03,SKU_027,2026-05-31,7,6,3,13.958730158730159,1.9941043083900227,5.982312925170068,3.5103479645212645,1.017687074829932,1.1701159881737548,Medium,3.5103479645212645
STORE_06,SKU_088,2026-05-31,8,6,3,15.95238095238095,2.27891156462585,6.83673469387755,3.5104477611940306,1.16326530612245,1.1701492537313434,Medium,3.5104477611940306
STORE_15,SKU_057,2026-05-31,8,6,2,15.946073793755913,2.27801054196513,4.55602108393026,3.51183625037081,3.4439789160697396,1.755918125185405,Medium,3.51183625037081
STORE_16,SKU_140,2026-05-31,10,7,3,19.93206030150754,2.847437185929649,8.542311557788945,3.5119299731752074,1.4576884422110545,1.170643324391736,Medium,3.5119299731752074
STORE_18,SKU_243,2026-05-31,6,7,2,11.957258375048132,1.708179767864019,3.416359535728038,3.512510868515119,2.583640464271962,1.7562554342575596,Medium,3.512510868515119
STORE_07,SKU_098,2026-05-31,6,6,3,11.951853317504288,1.7074076167863268,5.12222285035898,3.514099352147185,0.8777771496410196,1.1713664507157282,Medium,3.514099352147185
STORE_14,SKU_183,2026-05-31,9,8,3,17.916142897692712,2.559448985384673,7.678346956154019,3.5163818663286786,1.3216530438459806,1.1721272887762262,Medium,3.5163818663286786
STORE_10,SKU_071,2026-05-31,11,9,3,21.882888744307092,3.1261269634724416,9.378380890417326,3.518731045965392,1.6216191095826744,1.1729103486551307,Medium,3.518731045965392
STORE_09,SKU_115,2026-05-31,13,11,2,25.82565061710005,3.689378659585721,7.378757319171442,3.5236285563216665,5.621242680828558,1.7618142781608332,Medium,3.5236285563216665
STORE_02,SKU_100,2026-05-31,7,7,3,13.879494945186195,1.9827849921694565,5.948354976508369,3.5303878270437066,1.0516450234916306,1.1767959423479022,Medium,3.5303878270437066
STORE_18,SKU_140,2026-05-31,7,6,2,13.875346434870245,1.9821923478386065,3.964384695677213,3.531443357468733,3.035615304322787,1.7657216787343666,Medium,3.531443357468733
STORE_07,SKU_087,2026-05-31,9,7,3,17.81720816326531,2.545315451895044,7.635946355685132,3.5359075014844623,1.3640536443148683,1.1786358338281542,Medium,3.5359075014844623
STORE_01,SKU_195,2026-05-31,5,5,3,9.890488495139659,1.4129269278770942,4.238780783631283,3.5387534212490666,0.7612192163687173,1.1795844737496888,Medium,3.5387534212490666
STORE_01,SKU_090,2026-05-31,12,11,2,23.733153638814017,3.3904505198305737,6.780901039661147,3.539352640545145,5.219098960338853,1.7696763202725725,Medium,3.539352640545145
STORE_18,SKU_190,2026-05-31,9,7,3,17.783343901923484,2.5404777002747836,7.621433100824351,3.5426408187037186,1.3785668991756488,1.1808802729012395,Medium,3.5426408187037186
STORE_17,SKU_203,2026-05-31,12,10,3,23.69230769230769,3.384615384615384,10.153846153846153,3.545454545454546,1.8461538461538467,1.1818181818181819,Medium,3.545454545454546
STORE_17,SKU_152,2026-05-31,14,10,3,27.6036866359447,3.9433838051349572,11.830151415404872,3.5502504173622706,2.169848584595128,1.1834168057874235,Medium,3.5502504173622706
STORE_12,SKU_246,2026-05-31,8,9,2,15.771106438190685,2.2530152054558124,4.506030410911625,3.550797163120567,3.4939695890883753,1.7753985815602835,Medium,3.550797163120567
STORE_12,SKU_151,2026-05-31,13,10,2,25.576431924882627,3.6537759892689468,7.3075519785378935,3.557963060182313,5.6924480214621065,1.7789815300911564,Medium,3.557963060182313
STORE_12,SKU_190,2026-05-31,11,9,2,21.630872483221477,3.090124640460211,6.180249280920422,3.5597269624573378,4.819750719079578,1.7798634812286689,Medium,3.5597269624573378
STORE_12,SKU_037,2026-05-31,10,7,2,19.660211910851302,2.808601701550186,5.617203403100372,3.560490615127299,4.382796596899628,1.7802453075636495,Medium,3.560490615127299
STORE_18,SKU_142,2026-05-31,11,8,3,21.623376623376625,3.089053803339518,9.267161410018554,3.5609609609609607,1.732838589981446,1.186986986986987,Medium,3.5609609609609607
STORE_18,SKU_028,2026-05-31,10,10,3,19.652051506216015,2.8074359294594307,8.422307788378292,3.561969088970622,1.5776922116217076,1.187323029656874,Medium,3.561969088970622
STORE_17,SKU_068,2026-05-31,14,10,3,27.510327022375215,3.9300467174821736,11.79014015244652,3.5622986204523412,2.2098598475534796,1.187432873484114,Medium,3.5622986204523412
STORE_14,SKU_072,2026-05-31,12,10,2,23.578222243336974,3.3683174633338533,6.736634926667707,3.562609561191059,5.263365073332293,1.7813047805955295,Medium,3.562609561191059
STORE_14,SKU_010,2026-05-31,7,8,3,13.747297647872706,1.9638996639818151,5.891698991945446,3.564336879516273,1.1083010080545543,1.1881122931720909,Medium,3.564336879516273
STORE_14,SKU_144,2026-05-31,9,7,3,17.66829681181228,2.5240424016874683,7.572127205062404,3.565708719466432,1.4278727949375956,1.1885695731554773,Medium,3.565708719466432
STORE_12,SKU_224,2026-05-31,14,8,3,27.478153398764082,3.925450485537726,11.776351456613178,3.5664696450965976,2.2236485433868225,1.1888232150321991,Medium,3.5664696450965976
STORE_01,SKU_140,2026-05-31,13,10,3,25.502544547708453,3.643220649672636,10.929661949017909,3.5682713867929254,2.070338050982091,1.1894237955976417,Medium,3.5682713867929254
STORE_07,SKU_180,2026-05-31,9,9,3,17.646345092075247,2.5209064417250353,7.562719325175106,3.5701443937131496,1.437280674824894,1.1900481312377167,Medium,3.5701443937131496
STORE_15,SKU_237,2026-05-31,9,7,2,17.601209372637943,2.5144584818054203,5.028916963610841,3.579299505290642,3.9710830363891594,1.789649752645321,Medium,3.579299505290642
STORE_08,SKU_013,2026-05-31,12,12,2,23.45972850678733,3.351389786683904,6.702779573367808,3.580604096748062,5.297220426632192,1.790302048374031,Medium,3.580604096748062
STORE_01,SKU_201,2026-05-31,8,6,2,15.639308462238398,2.2341869231769143,4.4683738463538285,3.5807209848960877,3.5316261536461715,1.7903604924480438,Medium,3.5807209848960877
STORE_17,SKU_039,2026-05-31,20,11,3,39.074074074074076,5.582010582010582,16.746031746031747,3.582938388625592,3.253968253968253,1.1943127962085307,Medium,3.582938388625592
STORE_03,SKU_122,2026-05-31,16,10,3,31.25023813814587,4.4643197340208385,13.392959202062515,3.5839726886204506,2.6070407979374846,1.1946575628734837,Medium,3.5839726886204506
STORE_02,SKU_114,2026-05-31,10,11,3,19.519633507853406,2.7885190725504865,8.36555721765146,3.5861329041775627,1.6344427823485397,1.1953776347258542,Medium,3.5861329041775627
STORE_04,SKU_163,2026-05-31,8,7,3,15.602005508085586,2.2288579297265123,6.686573789179537,3.58928215805196,1.313426210820463,1.19642738601732,Medium,3.58928215805196
STORE_13,SKU_249,2026-05-31,6,6,2,11.679209816995318,1.6684585452850453,3.3369170905700907,3.596133698949613,2.6630829094299093,1.7980668494748064,Medium,3.596133698949613
STORE_06,SKU_035,2026-05-31,15,11,3,29.163520509757063,4.1662172156795805,12.498651647038741,3.600388367545365,2.5013483529612586,1.200129455848455,Medium,3.600388367545365
STORE_10,SKU_209,2026-05-31,14,11,3,27.208763804773785,3.8869662578248265,11.660898773474479,3.601780687397708,2.3391012265255213,1.2005935624659028,Medium,3.601780687397708
STORE_12,SKU_248,2026-05-31,6,6,2,11.638655462184873,1.6626650660264104,3.325330132052821,3.608664259927798,2.674669867947179,1.804332129963899,Medium,3.608664259927798
STORE_18,SKU_009,2026-05-31,12,9,2,23.264010703136613,3.3234301004480877,6.6468602008961755,3.6107273621858567,5.3531397991038245,1.8053636810929283,Medium,3.6107273621858567
STORE_02,SKU_104,2026-05-31,12,11,2,23.25247813411079,3.3217825905872553,6.643565181174511,3.6125181804503734,5.356434818825489,1.8062590902251867,Medium,3.6125181804503734
STORE_12,SKU_150,2026-05-31,9,9,2,17.40187839841819,2.485982628345456,4.971965256690912,3.6202988296784455,4.028034743309088,1.8101494148392228,Medium,3.6202988296784455
STORE_11,SKU_148,2026-05-31,13,10,3,25.11842105263158,3.588345864661654,10.765037593984962,3.6228391828182294,2.234962406015038,1.2076130609394098,Medium,3.6228391828182294
STORE_01,SKU_231,2026-05-31,6,6,3,11.593063186813186,1.6561518838304552,4.968455651491365,3.622856127254954,1.0315443485086346,1.2076187090849848,Medium,3.622856127254954
STORE_03,SKU_076,2026-05-31,8,7,3,15.443123590899775,2.206160512985682,6.618481538957046,3.6262094044885664,1.3815184610429538,1.2087364681628554,Medium,3.6262094044885664
STORE_05,SKU_123,2026-05-31,6,6,3,11.577731092436975,1.6539615846338536,4.961884753901561,3.627653783342406,1.0381152460984389,1.209217927780802,Medium,3.627653783342406
STORE_08,SKU_245,2026-05-31,7,7,3,13.498396501457723,1.9283423573511034,5.78502707205331,3.630060799792655,1.2149729279466897,1.2100202665975517,Medium,3.630060799792655
STORE_16,SKU_230,2026-05-31,7,7,2,13.488080900766567,1.9268687001095095,3.853737400219019,3.632837047797896,3.146262599780981,1.816418523898948,Medium,3.632837047797896
STORE_16,SKU_174,2026-05-31,9,9,2,17.336197636949514,2.4765996624213593,4.953199324842719,3.634014869888476,4.046800675157281,1.817007434944238,Medium,3.634014869888476
STORE_15,SKU_171,2026-05-31,11,8,3,21.171204002836653,3.0244577146909504,9.073373144072852,3.6370156364126975,1.9266268559271484,1.2123385454708993,Medium,3.6370156364126975
STORE_03,SKU_112,2026-05-31,7,6,3,13.403265306122446,1.9147521865889208,5.744256559766763,3.655825567939583,1.2557434402332373,1.2186085226465275,Medium,3.655825567939583
STORE_03,SKU_185,2026-05-31,7,6,3,13.401098901098898,1.9144427001569855,5.743328100470956,3.6564165641656423,1.256671899529044,1.2188055213885476,Medium,3.6564165641656423
STORE_03,SKU_223,2026-05-31,11,10,3,21.057323136293856,3.0081890194705507,9.024567058411652,3.65668511147482,1.9754329415883483,1.2188950371582734,Medium,3.65668511147482
STORE_13,SKU_071,2026-05-31,7,7,3,13.390977443609021,1.9129967776584316,5.738990332975295,3.6591802358225722,1.2610096670247053,1.2197267452741907,Medium,3.6591802358225722
STORE_08,SKU_170,2026-05-31,17,12,3,32.510895883777245,4.644413697682464,13.933241093047393,3.6603113130259914,3.0667589069526073,1.2201037710086637,Medium,3.6603113130259914
STORE_15,SKU_218,2026-05-31,8,8,3,15.291486291486292,2.184498041640899,6.553494124922697,3.6621685382655467,1.4465058750773032,1.2207228460885156,Medium,3.6621685382655467
STORE_08,SKU_074,2026-05-31,7,7,3,13.376569932125484,1.910938561732212,5.732815685196636,3.6631214316250422,1.2671843148033641,1.2210404772083474,Medium,3.6631214316250422
STORE_06,SKU_238,2026-05-31,13,10,3,24.838495644791042,3.5483565206844347,10.645069562053305,3.663667933089333,2.3549304379466953,1.221222644363111,Medium,3.663667933089333
STORE_15,SKU_112,2026-05-31,9,6,3,17.17827448439693,2.454039212056704,7.362117636170112,3.6674230614502674,1.6378823638298883,1.222474353816756,Medium,3.6674230614502674
STORE_01,SKU_187,2026-05-31,9,11,3,17.158468049677374,2.451209721382482,7.3536291641474465,3.671656456602171,1.6463708358525535,1.223885485534057,Medium,3.671656456602171
STORE_01,SKU_240,2026-05-31,10,8,3,19.05569007263923,2.7222414389484615,8.166724316845384,3.673443456162642,1.833275683154616,1.224481152054214,Medium,3.673443456162642
STORE_02,SKU_169,2026-05-31,9,7,3,17.148185801928133,2.4497408288468763,7.349222486540629,3.6738580236818,1.6507775134593707,1.2246193412272666,Medium,3.6738580236818
STORE_09,SKU_020,2026-05-31,8,7,3,15.236198462613556,2.176599780373365,6.5297993411200945,3.6754575058478194,1.4702006588799055,1.2251525019492733,Medium,3.6754575058478194
STORE_17,SKU_086,2026-05-31,7,8,2,13.330186335403726,1.9043123336291037,3.8086246672582074,3.675867596078578,3.1913753327417926,1.837933798039289,Medium,3.675867596078578
STORE_10,SKU_023,2026-05-31,11,7,3,20.91031361242208,2.9871876589174398,8.961562976752319,3.6823933599091037,2.038437023247681,1.2274644533030346,Medium,3.6823933599091037
STORE_10,SKU_206,2026-05-31,8,8,3,15.203234333696159,2.171890619099451,6.515671857298353,3.683426747944197,1.4843281427016466,1.227808915981399,Medium,3.683426747944197
STORE_04,SKU_092,2026-05-31,11,9,3,20.894775094888153,2.984967870698308,8.954903612094924,3.6851317925330447,2.045096387905076,1.2283772641776813,Medium,3.6851317925330447
STORE_05,SKU_237,2026-05-31,8,9,2,15.192307692307693,2.1703296703296706,4.340659340659341,3.6860759493670883,3.6593406593406588,1.8430379746835441,Medium,3.6860759493670883
STORE_11,SKU_147,2026-05-31,5,6,3,9.492773109243698,1.3561104441776712,4.068331332533013,3.68701533231826,0.9316686674669867,1.2290051107727535,Medium,3.68701533231826
STORE_09,SKU_218,2026-05-31,15,10,2,28.477665995975855,4.068237999425122,8.136475998850244,3.6870999194539826,6.863524001149756,1.8435499597269913,Medium,3.6870999194539826
STORE_15,SKU_126,2026-05-31,9,8,2,17.080993080993082,2.4401418687132974,4.880283737426595,3.688310141059855,4.119716262573405,1.8441550705299274,Medium,3.688310141059855
STORE_08,SKU_137,2026-05-31,10,7,3,18.978856241753288,2.7112651773933267,8.133795532179981,3.688314991606329,1.866204467820019,1.2294383305354428,Medium,3.688314991606329
STORE_09,SKU_180,2026-05-31,16,9,3,30.347043559874123,4.335291937124874,13.005875811374622,3.6906395767688607,2.9941241886253778,1.230213192256287,Medium,3.6906395767688607
STORE_18,SKU_183,2026-05-31,9,8,3,17.059099049455845,2.4370141499222635,7.3110424497667905,3.693043801279153,1.6889575502332095,1.2310146004263844,Medium,3.693043801279153
STORE_12,SKU_090,2026-05-31,8,7,2,15.144880981797215,2.163554425971031,4.327108851942062,3.6976190217213962,3.6728911480579383,1.8488095108606981,Medium,3.6976190217213962
STORE_13,SKU_096,2026-05-31,9,8,3,17.017214851801317,2.4310306931144736,7.29309207934342,3.7021334306848273,1.7069079206565796,1.2340444768949426,Medium,3.7021334306848273
STORE_15,SKU_010,2026-05-31,7,7,3,13.231292517006802,1.890184645286686,5.670553935860058,3.703341902313625,1.3294460641399422,1.2344473007712082,Medium,3.703341902313625
STORE_15,SKU_202,2026-05-31,8,6,2,15.112973760932944,2.1589962515618493,4.3179925031236985,3.7054256088738846,3.6820074968763015,1.8527128044369423,Medium,3.7054256088738846
STORE_10,SKU_183,2026-05-31,16,12,3,30.145485991006574,4.3064979987152245,12.919493996145674,3.715315786695674,3.0805060038543264,1.2384385955652246,Medium,3.715315786695674
STORE_17,SKU_001,2026-05-31,13,8,3,24.486191710910813,3.4980273872729732,10.49408216181892,3.7163802797252163,2.5059178381810803,1.2387934265750722,Medium,3.7163802797252163
STORE_13,SKU_191,2026-05-31,10,8,2,18.834011889749597,2.6905731271070854,5.381146254214171,3.716680248996629,4.618853745785829,1.8583401244983144,Medium,3.716680248996629
STORE_16,SKU_103,2026-05-31,16,10,2,30.1089588377724,4.301279833967485,8.60255966793497,3.7198230800160834,7.397440332065029,1.8599115400080417,Medium,3.7198230800160834
STORE_07,SKU_247,2026-05-31,10,6,3,18.814056531703592,2.6877223616719417,8.063167085015825,3.7206223911383973,1.9368329149841745,1.240207463712799,Medium,3.7206223911383973
STORE_07,SKU_150,2026-05-31,10,7,3,18.799415418341255,2.6856307740487506,8.056892322146252,3.7235200373148825,1.9431076778537477,1.2411733457716274,Medium,3.7235200373148825
STORE_05,SKU_231,2026-05-31,8,6,2,15.034965034965033,2.1478521478521477,4.2957042957042955,3.724651162790698,3.7042957042957045,1.862325581395349,Medium,3.724651162790698
STORE_01,SKU_084,2026-05-31,8,7,2,15.025396825396825,2.1464852607709752,4.2929705215419505,3.72702302979083,3.7070294784580495,1.863511514895415,Medium,3.72702302979083
STORE_06,SKU_085,2026-05-31,9,7,3,16.894874801683105,2.4135535430975863,7.240660629292758,3.7289415127079724,1.7593393707072416,1.242980504235991,Medium,3.7289415127079724
STORE_06,SKU_031,2026-05-31,16,9,2,30.009367681498833,4.287052525928405,8.57410505185681,3.732167941314187,7.42589494814319,1.8660839706570935,Medium,3.732167941314187
STORE_15,SKU_071,2026-05-31,7,6,2,13.128024980483994,1.875432140069142,3.750864280138284,3.7324730927038123,3.249135719861716,1.8662365463519062,Medium,3.7324730927038123
STORE_13,SKU_035,2026-05-31,9,8,3,16.8710911136108,2.4101558733729713,7.2304676201189135,3.7341983144868784,1.7695323798810865,1.2447327714956262,Medium,3.7341983144868784
STORE_15,SKU_095,2026-05-31,12,10,3,22.459307209566635,3.2084724585095192,9.625417375528558,3.740097555823977,2.374582624471442,1.246699185274659,Medium,3.740097555823977
STORE_18,SKU_211,2026-05-31,11,10,3,20.582417582417584,2.9403453689167978,8.821036106750393,3.741057127602776,2.178963893249607,1.2470190425342587,Medium,3.741057127602776
STORE_04,SKU_117,2026-05-31,10,8,2,18.709433962264157,2.672776280323451,5.345552560646902,3.7414279951593374,4.654447439353098,1.8707139975796687,Medium,3.7414279951593374
STORE_12,SKU_118,2026-05-31,14,11,2,26.148864815306293,3.7355521164723275,7.471104232944655,3.7477726353396226,6.528895767055345,1.8738863176698113,Medium,3.7477726353396226
STORE_16,SKU_220,2026-05-31,12,9,2,22.3908931512672,3.1986990216096,6.3973980432192,3.7515252041317555,5.6026019567808,1.8757626020658777,Medium,3.7515252041317555
STORE_12,SKU_243,2026-05-31,9,8,3,16.78403328273458,2.3977190403906543,7.1931571211719625,3.753567389836322,1.8068428788280375,1.251189129945441,Medium,3.753567389836322
STORE_14,SKU_018,2026-05-31,7,6,3,13.049562682215742,1.8642232403165344,5.592669720949603,3.7549151027703314,1.407330279050397,1.2516383675901106,Medium,3.7549151027703314
STORE_18,SKU_181,2026-05-31,13,9,2,24.22617450833522,3.460882072619317,6.921764145238634,3.756267832079336,6.078235854761366,1.878133916039668,Medium,3.756267832079336
STORE_01,SKU_117,2026-05-31,10,8,3,18.633004926108374,2.6618578465869107,7.985573539760733,3.7567746199603436,2.0144264602392674,1.2522582066534478,Medium,3.7567746199603436
STORE_18,SKU_227,2026-05-31,10,8,3,18.632885632885632,2.6618408046979476,7.985522414093843,3.75679867193814,2.0144775859061568,1.25226622397938,Medium,3.75679867193814
STORE_10,SKU_056,2026-05-31,5,5,3,9.312458800263679,1.3303512571805256,3.991053771541577,3.7584058894315846,1.0089462284584232,1.2528019631438616,Medium,3.7584058894315846
STORE_04,SKU_116,2026-05-31,14,11,3,26.0710932260228,3.7244418894318287,11.173325668295487,3.7589524593537766,2.8266743317045133,1.2529841531179255,Medium,3.7589524593537766
STORE_04,SKU_008,2026-05-31,15,10,3,27.89669312169312,3.9852418745275884,11.955725623582765,3.7638869790752922,3.044274376417235,1.2546289930250976,Medium,3.7638869790752922
STORE_06,SKU_004,2026-05-31,11,8,3,20.457561044760254,2.922508720680036,8.76752616204011,3.7638895385196385,2.2324738379598905,1.2546298461732126,Medium,3.7638895385196385
STORE_03,SKU_043,2026-05-31,8,10,3,14.844331563149385,2.1206187947356265,6.361856384206879,3.7724837768389885,1.6381436157931208,1.257494592279663,Medium,3.7724837768389885
STORE_06,SKU_226,2026-05-31,14,11,3,25.97137262215591,3.710196088879416,11.130588266638249,3.773385466596294,2.8694117333617513,1.2577951555320979,Medium,3.773385466596294
STORE_08,SKU_112,2026-05-31,8,6,3,14.837398373983739,2.119628339140534,6.358885017421602,3.7742465753424663,1.6411149825783982,1.258082191780822,Medium,3.7742465753424663
STORE_01,SKU_080,2026-05-31,14,10,3,25.93170242965684,3.704528918522406,11.113586755567217,3.7791579733663037,2.8864132444327826,1.2597193244554346,Medium,3.7791579733663037
STORE_05,SKU_046,2026-05-31,14,11,2,25.916190476190472,3.7023129251700673,7.4046258503401345,3.781419961781568,6.5953741496598655,1.890709980890784,Medium,3.781419961781568
STORE_14,SKU_143,2026-05-31,8,7,3,14.808510638297872,2.115501519756839,6.346504559270517,3.781609195402299,1.6534954407294826,1.260536398467433,Medium,3.781609195402299
STORE_10,SKU_081,2026-05-31,11,11,3,20.357713794585308,2.908244827797901,8.724734483393703,3.7823500603727056,2.2752655166062965,1.2607833534575685,Medium,3.7823500603727056
STORE_16,SKU_166,2026-05-31,7,8,2,12.925975660044196,1.8465679514348852,3.6931359028697703,3.7908163599182005,3.3068640971302297,1.8954081799591003,Medium,3.7908163599182005
STORE_02,SKU_044,2026-05-31,10,7,3,18.462686567164177,2.637526652452025,7.912579957356075,3.7914308811641075,2.0874200426439247,1.263810293721369,Medium,3.7914308811641075
STORE_01,SKU_248,2026-05-31,8,6,2,14.768627450980393,2.1098039215686275,4.219607843137255,3.7918215613382897,3.780392156862745,1.8959107806691449,Medium,3.7918215613382897
STORE_01,SKU_039,2026-05-31,11,7,3,20.296248815562123,2.8994641165088746,8.698392349526625,3.793804495585428,2.3016076504733753,1.264601498528476,Medium,3.793804495585428
STORE_13,SKU_215,2026-05-31,13,10,3,23.98247997760496,3.42606856822928,10.27820570468784,3.794436608931877,2.7217942953121597,1.2648122029772924,Medium,3.794436608931877
STORE_16,SKU_052,2026-05-31,14,11,2,25.806175380815148,3.6865964829735924,7.373192965947185,3.797540648850091,6.626807034052815,1.8987703244250456,Medium,3.797540648850091
STORE_09,SKU_017,2026-05-31,9,7,3,16.574178809856498,2.3677398299794996,7.103219489938499,3.8010932983620602,1.8967805100615012,1.2670310994540201,Medium,3.8010932983620602
STORE_12,SKU_017,2026-05-31,14,10,2,25.78158923143726,3.6830841759196082,7.3661683518392165,3.8011621052631575,6.6338316481607835,1.9005810526315787,Medium,3.8011621052631575
STORE_13,SKU_229,2026-05-31,9,10,3,16.57205631781903,2.36743661683129,7.102309850493871,3.8015801293325033,1.8976901495061291,1.2671933764441676,Medium,3.8015801293325033
STORE_11,SKU_174,2026-05-31,7,9,3,12.87794773262883,1.8397068189469756,5.519120456840927,3.8049540980702075,1.480879543159073,1.2683180326900692,Medium,3.8049540980702075
STORE_03,SKU_249,2026-05-31,7,6,3,12.875951634572324,1.8394216620817605,5.518264986245281,3.8055439621591542,1.4817350137547187,1.2685146540530514,Medium,3.8055439621591542
STORE_02,SKU_083,2026-05-31,10,8,2,18.35899159663866,2.622713085234094,5.245426170468188,3.8128455820425495,4.754573829531812,1.9064227910212748,Medium,3.8128455820425495
STORE_14,SKU_031,2026-05-31,9,7,3,16.51675314934717,2.359536164192453,7.0786084925773585,3.814308988597441,1.9213915074226415,1.2714363295324802,Medium,3.814308988597441
STORE_06,SKU_177,2026-05-31,13,9,2,23.85512770444427,3.4078753863491817,6.8157507726983635,3.8146934750236725,6.1842492273016365,1.9073467375118363,Medium,3.8146934750236725
STORE_13,SKU_161,2026-05-31,12,11,2,22.000453274911234,3.1429218964158907,6.285843792831781,3.8181031522560263,5.714156207168219,1.9090515761280131,Medium,3.8181031522560263
STORE_09,SKU_099,2026-05-31,16,11,3,29.331010452961674,4.190144350423096,12.570433051269287,3.8184842005226898,3.429566948730713,1.2728280668408967,Medium,3.8184842005226898
STORE_06,SKU_153,2026-05-31,9,6,3,16.473732029287582,2.353390289898226,7.060170869694678,3.824270049312225,1.9398291303053217,1.2747566831040749,Medium,3.824270049312225
STORE_17,SKU_098,2026-05-31,10,6,2,18.303135888501743,2.6147336983573917,5.229467396714783,3.824481248810204,4.770532603285217,1.912240624405102,Medium,3.824481248810204
STORE_01,SKU_124,2026-05-31,8,7,3,14.619100706057228,2.0884429580081756,6.265328874024527,3.830604982206405,1.7346711259754732,1.276868327402135,Medium,3.830604982206405
STORE_08,SKU_221,2026-05-31,12,11,3,21.920049827303096,3.131435689614728,9.394307068844185,3.832108077390024,2.605692931155815,1.277369359130008,Medium,3.832108077390024
STORE_02,SKU_184,2026-05-31,11,8,3,20.049212990635585,2.864173284376512,8.592519853129536,3.8405497530483865,2.407480146870464,1.2801832510161288,Medium,3.8405497530483865
STORE_06,SKU_178,2026-05-31,15,10,3,27.31950844854071,3.9027869212201014,11.708360763660304,3.8434073657576606,3.2916392363396962,1.281135788585887,Medium,3.8434073657576606
STORE_08,SKU_181,2026-05-31,9,6,3,16.381473519640416,2.340210502805774,7.020631508417321,3.845807883183813,1.9793684915826786,1.281935961061271,Medium,3.845807883183813
STORE_06,SKU_166,2026-05-31,9,10,2,16.38016392540844,2.3400234179154915,4.680046835830983,3.8461153555536893,4.319953164169017,1.9230576777768447,Medium,3.8461153555536893
STORE_18,SKU_165,2026-05-31,10,6,2,18.19966281310212,2.59995183044316,5.19990366088632,3.8462251042149145,4.80009633911368,1.9231125521074572,Medium,3.8462251042149145
STORE_14,SKU_107,2026-05-31,10,5,3,18.19516483516484,2.5993092621664053,7.797927786499216,3.8471759192153447,2.2020722135007844,1.2823919730717817,Medium,3.8471759192153447
STORE_01,SKU_241,2026-05-31,9,9,2,16.362663495838287,2.337523356548327,4.675046713096654,3.8502289077828644,4.324953286903346,1.9251144538914322,Medium,3.8502289077828644
STORE_06,SKU_119,2026-05-31,12,6,2,21.75,3.107142857142857,6.214285714285714,3.862068965517241,5.785714285714286,1.9310344827586206,Medium,3.862068965517241
STORE_07,SKU_039,2026-05-31,11,7,3,19.93012798339675,2.8471611404852504,8.541483421455752,3.8634975181366924,2.4585165785442484,1.2878325060455642,Medium,3.8634975181366924
STORE_17,SKU_217,2026-05-31,10,8,3,18.10556834891657,2.5865097641309385,7.759529292392815,3.866213899006864,2.2404707076071846,1.2887379663356213,Medium,3.866213899006864
STORE_15,SKU_081,2026-05-31,7,8,3,12.668648461804354,1.8098069231149077,5.429420769344723,3.8678159037827697,1.5705792306552766,1.2892719679275897,Medium,3.8678159037827697
STORE_10,SKU_091,2026-05-31,8,6,2,14.44263662911973,2.0632338041599616,4.126467608319923,3.877408359571334,3.873532391680077,1.938704179785667,Medium,3.877408359571334
STORE_05,SKU_122,2026-05-31,11,11,2,19.85596993489085,2.836567133555836,5.673134267111672,3.87792690321795,5.326865732888328,1.938963451608975,Medium,3.87792690321795
STORE_12,SKU_026,2026-05-31,13,8,3,23.45853858784893,3.351219798264133,10.0536593947924,3.8791845305801034,2.9463406052076007,1.2930615101933678,Medium,3.8791845305801034
STORE_01,SKU_115,2026-05-31,14,12,3,25.261136712749614,3.6087338161070877,10.826201448321264,3.879477044694436,3.173798551678736,1.2931590148981453,Medium,3.879477044694436
STORE_15,SKU_099,2026-05-31,8,7,2,14.433473063188945,2.0619247233127065,4.123849446625413,3.879870060021944,3.876150553374587,1.939935030010972,Medium,3.879870060021944
STORE_08,SKU_232,2026-05-31,7,7,3,12.628638491597776,1.8040912130853966,5.41227363925619,3.8800698929343187,1.58772636074381,1.2933566309781062,Medium,3.8800698929343187
STORE_08,SKU_149,2026-05-31,9,7,3,16.23471868942102,2.3192455270601458,6.957736581180438,3.8805723219000092,2.0422634188195623,1.293524107300003,Medium,3.8805723219000092
STORE_06,SKU_143,2026-05-31,11,9,3,19.836298932384345,2.833756990340621,8.501270971021862,3.8817725152493714,2.498729028978138,1.2939241717497905,Medium,3.8817725152493714
STORE_01,SKU_126,2026-05-31,16,12,3,28.843984962406015,4.120569280343717,12.361707841031151,3.882958618442489,3.6382921589688486,1.2943195394808296,Medium,3.882958618442489
STORE_08,SKU_056,2026-05-31,7,5,3,12.610290472885891,1.8014700675551274,5.404410202665382,3.885715408805032,1.5955897973346183,1.2952384696016774,Medium,3.885715408805032
STORE_15,SKU_089,2026-05-31,12,10,3,21.613612194257357,3.087658884893908,9.262976654681724,3.886439677228892,2.737023345318276,1.2954798924096307,Medium,3.886439677228892
STORE_14,SKU_118,2026-05-31,11,10,3,19.809998534798535,2.829999790685505,8.489999372056515,3.8869260825406253,2.5100006279434854,1.2956420275135418,Medium,3.8869260825406253
STORE_02,SKU_173,2026-05-31,7,5,3,12.60591133004926,1.800844475721323,5.402533427163968,3.887065259867136,1.5974665728360318,1.2956884199557122,Medium,3.887065259867136
STORE_06,SKU_159,2026-05-31,8,11,2,14.406543569808875,2.0580776528298395,4.116155305659679,3.8871225237784723,3.883844694340321,1.9435612618892362,Medium,3.8871225237784723
STORE_01,SKU_019,2026-05-31,17,11,3,30.609368950832366,4.372766992976052,13.118300978928156,3.8876985733077003,3.881699021071844,1.2958995244359002,Medium,3.8876985733077003
STORE_17,SKU_034,2026-05-31,11,8,2,19.79617453676031,2.8280249338229018,5.6560498676458035,3.889640387692865,5.3439501323541965,1.9448201938464325,Medium,3.889640387692865
STORE_06,SKU_234,2026-05-31,8,7,2,14.391489361702128,2.0559270516717327,4.1118541033434655,3.891188645771732,3.8881458966565345,1.945594322885866,Medium,3.891188645771732
STORE_10,SKU_097,2026-05-31,10,7,3,17.98783552829999,2.5696907897571415,7.709072369271425,3.8915187927902752,2.290927630728575,1.2971729309300917,Medium,3.8915187927902752
STORE_13,SKU_107,2026-05-31,9,6,3,16.17109634551495,2.31015662078785,6.93046986236355,3.895839753466872,2.06953013763645,1.298613251155624,Medium,3.895839753466872
STORE_06,SKU_075,2026-05-31,13,10,3,23.339234252778922,3.3341763218255602,10.002528965476682,3.899013952832019,2.9974710345233184,1.299671317610673,Medium,3.899013952832019
STORE_06,SKU_246,2026-05-31,11,7,3,19.723809523809525,2.8176870748299323,8.453061224489797,3.903911154031868,2.5469387755102026,1.3013037180106226,Medium,3.903911154031868
STORE_09,SKU_172,2026-05-31,6,5,3,10.754528478057889,1.536361211151127,4.6090836334533805,3.9053316085118213,1.3909163665466195,1.3017772028372738,Medium,3.9053316085118213
STORE_07,SKU_168,2026-05-31,17,12,3,30.44387755102041,4.349125364431488,13.047376093294464,3.908831908831908,3.9526239067055364,1.302943969610636,Medium,3.908831908831908
STORE_07,SKU_210,2026-05-31,14,10,3,25.070071744544812,3.5814388206492587,10.744316461947776,3.909043460209665,3.2556835380522244,1.303014486736555,Medium,3.909043460209665
STORE_03,SKU_183,2026-05-31,16,11,3,28.632896625987073,4.090413803712439,12.271241411137316,3.9115846874657234,3.728758588862684,1.3038615624885745,Medium,3.9115846874657234
STORE_05,SKU_104,2026-05-31,18,11,2,32.17197946876024,4.595997066965749,9.191994133931498,3.91645158552799,8.808005866068502,1.958225792763995,Medium,3.91645158552799
STORE_14,SKU_020,2026-05-31,8,10,3,14.295591722752087,2.042227388964584,6.126682166893753,3.9172915039867453,1.8733178331062472,1.3057638346622484,Medium,3.9172915039867453
STORE_13,SKU_169,2026-05-31,13,9,3,23.224585436193223,3.317797919456175,9.953393758368524,3.9182615444315094,3.0466062416314763,1.30608718147717,Medium,3.9182615444315094
STORE_14,SKU_105,2026-05-31,10,8,2,17.84472049689441,2.5492457852706303,5.098491570541261,3.9227288548555515,4.901508429458739,1.9613644274277757,Medium,3.9227288548555515
STORE_10,SKU_218,2026-05-31,14,11,3,24.979931030583977,3.568561575797711,10.705684727393134,3.9231493425668185,3.294315272606866,1.3077164475222727,Medium,3.9231493425668185
STORE_15,SKU_058,2026-05-31,10,8,3,17.82971411705178,2.547102016721683,7.641306050165049,3.926030419806574,2.358693949834951,1.3086768066021912,Medium,3.926030419806574
STORE_17,SKU_179,2026-05-31,11,10,3,19.60709437789943,2.801013482557061,8.403040447671184,3.927149965004109,2.5969595523288156,1.3090499883347029,Medium,3.927149965004109
STORE_14,SKU_249,2026-05-31,10,6,3,17.819109461966605,2.545587065995229,7.636761197985687,3.9283669113436415,2.3632388020143127,1.3094556371145472,Medium,3.9283669113436415
STORE_01,SKU_213,2026-05-31,8,7,2,14.24873138444567,2.0355330549208097,4.071066109841619,3.9301744477498706,3.9289338901583806,1.9650872238749353,Medium,3.9301744477498706
STORE_15,SKU_083,2026-05-31,12,10,2,21.364545818327333,3.0520779740467616,6.104155948093523,3.931747518261847,5.895844051906477,1.9658737591309234,Medium,3.931747518261847
STORE_13,SKU_188,2026-05-31,11,8,3,19.578048029556655,2.796864004222379,8.390592012667138,3.932976356159428,2.6094079873328617,1.3109921187198093,Medium,3.932976356159428
STORE_18,SKU_156,2026-05-31,16,9,3,28.476046611998278,4.068006658856897,12.20401997657069,3.9331302384091904,3.79598002342931,1.3110434128030635,Medium,3.9331302384091904
STORE_10,SKU_108,2026-05-31,7,7,3,12.456620086458228,1.7795171552083182,5.338551465624954,3.9336513163204367,1.6614485343750456,1.3112171054401456,Medium,3.9336513163204367
STORE_18,SKU_147,2026-05-31,10,6,2,17.791292517006802,2.5416132167152576,5.083226433430515,3.934508970221617,4.916773566569485,1.9672544851108085,Medium,3.934508970221617
STORE_16,SKU_237,2026-05-31,7,6,2,12.451700680272108,1.7788143828960155,3.557628765792031,3.9352054195804196,3.442371234207969,1.9676027097902098,Medium,3.9352054195804196
STORE_15,SKU_163,2026-05-31,14,10,3,24.884450532455478,3.554921504636497,10.66476451390949,3.9382022870942546,3.335235486090509,1.3127340956980849,Medium,3.9382022870942546
STORE_10,SKU_074,2026-05-31,8,8,3,14.218181818181819,2.031168831168831,6.093506493506494,3.938618925831202,1.906493506493506,1.3128729752770671,Medium,3.938618925831202
STORE_09,SKU_040,2026-05-31,17,11,3,30.20538187574199,4.3150545536774265,12.945163661032279,3.9396952665435157,4.054836338967721,1.3132317555145052,Medium,3.9396952665435157
STORE_05,SKU_026,2026-05-31,18,12,3,31.936035662450756,4.562290808921537,13.68687242676461,3.9453863758095142,4.3131275732353895,1.315128791936505,Medium,3.9453863758095142
STORE_09,SKU_126,2026-05-31,14,11,3,24.812477570738437,3.544639652962634,10.633918958887902,3.949625736511384,3.366081041112098,1.3165419121704613,Medium,3.949625736511384
STORE_04,SKU_215,2026-05-31,8,7,3,14.177044334975367,2.025292047853624,6.075876143560873,3.9500476034941663,1.9241238564391274,1.3166825344980553,Medium,3.9500476034941663
STORE_13,SKU_190,2026-05-31,9,8,3,15.945340880290614,2.2779058400415164,6.83371752012455,3.950997377413971,2.1662824798754503,1.316999125804657,Medium,3.950997377413971
STORE_10,SKU_220,2026-05-31,7,7,3,12.39857142857143,1.7712244897959184,5.313673469387755,3.952068210623344,1.686326530612245,1.3173560702077813,Medium,3.952068210623344
STORE_13,SKU_092,2026-05-31,11,7,2,19.46610169491526,2.78087167070218,5.56174334140436,3.955594253373965,5.43825665859564,1.9777971266869825,Medium,3.955594253373965
STORE_14,SKU_082,2026-05-31,10,9,3,17.695326600933786,2.527903800133398,7.583711400400194,3.9558467373134603,2.416288599599806,1.3186155791044867,Medium,3.9558467373134603
STORE_12,SKU_034,2026-05-31,11,8,2,19.464678178963897,2.780668311280557,5.561336622561114,3.9558835389950793,5.438663377438886,1.9779417694975396,Medium,3.9558835389950793
STORE_04,SKU_102,2026-05-31,8,6,3,14.147963800904979,2.0211376858435686,6.063413057530706,3.9581667572840367,1.9365869424692939,1.3193889190946788,Medium,3.9581667572840367
STORE_07,SKU_202,2026-05-31,10,6,3,17.665150136487714,2.523592876641102,7.570778629923307,3.9626043061708045,2.429221370076693,1.3208681020569348,Medium,3.9626043061708045
STORE_09,SKU_002,2026-05-31,7,7,3,12.359183673469387,1.765597667638484,5.296793002915452,3.964663143989432,1.703206997084548,1.3215543813298107,Medium,3.964663143989432
STORE_08,SKU_190,2026-05-31,16,11,3,28.24266606721367,4.034666581030524,12.10399974309157,3.965631280469605,3.8960002569084295,1.3218770934898685,Medium,3.965631280469605
STORE_08,SKU_134,2026-05-31,10,6,3,17.6211338548923,2.5173048364131856,7.551914509239557,3.9725025969634373,2.448085490760443,1.3241675323211457,Medium,3.9725025969634373
STORE_13,SKU_167,2026-05-31,10,8,2,17.619403723267453,2.5170576747524933,5.034115349504987,3.9728926755654568,4.965884650495013,1.9864463377827284,Medium,3.9728926755654568
STORE_17,SKU_057,2026-05-31,8,6,3,14.092436974789914,2.0132052821128448,6.039615846338535,3.9737626714370906,1.9603841536614652,1.3245875571456969,Medium,3.9737626714370906
STORE_03,SKU_140,2026-05-31,10,9,3,17.61546723952739,2.5164953199324844,7.549485959797453,3.973780487804878,2.450514040202547,1.3245934959349595,Medium,3.973780487804878
STORE_16,SKU_054,2026-05-31,9,6,2,15.85262563523433,2.264660805033476,4.529321610066952,3.9741050756901153,4.470678389933048,1.9870525378450576,Medium,3.9741050756901153
STORE_11,SKU_163,2026-05-31,12,10,3,21.12640010591818,3.0180571579883115,9.054171473964935,3.976067838290581,2.945828526035065,1.3253559460968602,Medium,3.976067838290581
STORE_05,SKU_110,2026-05-31,11,8,2,19.35014005602241,2.764305722288916,5.528611444577832,3.9792993630573243,5.471388555422168,1.9896496815286622,Medium,3.9792993630573243
STORE_18,SKU_148,2026-05-31,13,9,3,22.846804511278197,3.263829215896885,9.791487647690655,3.98305154469538,3.208512352309345,1.3276838482317934,Medium,3.98305154469538
STORE_12,SKU_117,2026-05-31,13,11,2,22.845872076641307,3.2636960109487583,6.5273920218975165,3.98321410952146,6.4726079781024835,1.99160705476073,Medium,3.98321410952146
STORE_11,SKU_236,2026-05-31,7,6,3,12.29043683589138,1.755776690841626,5.267330072524878,3.9868395773294907,1.732669927475122,1.328946525776497,Medium,3.9868395773294907
STORE_02,SKU_224,2026-05-31,14,12,2,24.578428154124357,3.511204022017765,7.02240804403553,3.9872362620371726,6.97759195596447,1.9936181310185863,Medium,3.9872362620371726
STORE_08,SKU_217,2026-05-31,14,11,3,24.575806798623063,3.5108295426604377,10.532488627981312,3.9876615568727027,3.467511372018688,1.3292205189575677,Medium,3.9876615568727027
STORE_02,SKU_234,2026-05-31,9,6,2,15.792410714285714,2.2560586734693877,4.512117346938775,3.9892579505300354,4.487882653061225,1.9946289752650177,Medium,3.9892579505300354
STORE_02,SKU_230,2026-05-31,12,9,3,21.049587466887292,3.0070839238410416,9.021251771523126,3.990577018772402,2.9787482284768743,1.3301923395908004,Medium,3.990577018772402
STORE_10,SKU_227,2026-05-31,16,12,2,28.038247213779126,4.005463887682732,8.010927775365465,3.9945435656533723,7.989072224634535,1.9972717828266862,Medium,3.9945435656533723
STORE_11,SKU_131,2026-05-31,7,5,3,12.261704681872748,1.7516720974103925,5.255016292231177,3.9961817113765425,1.7449837077688226,1.3320605704588475,Medium,3.9961817113765425
STORE_14,SKU_138,2026-05-31,10,9,2,17.512687394271715,2.5018124848959595,5.003624969791919,3.9971021251082535,4.996375030208081,1.9985510625541267,Medium,3.9971021251082535
STORE_10,SKU_085,2026-05-31,12,8,2,21.01252518174652,3.001789311678074,6.003578623356148,3.9976156731971653,5.996421376643852,1.9988078365985826,Medium,3.9976156731971653
STORE_07,SKU_201,2026-05-31,11,7,3,19.256822989217355,2.7509747127453363,8.25292413823601,3.9985827383424204,2.7470758617639905,1.3328609127808067,Medium,3.9985827383424204
STORE_17,SKU_114,2026-05-31,11,8,2,19.25510204081633,2.7507288629737614,5.501457725947523,3.9989401165871747,5.498542274052477,1.9994700582935874,Medium,3.9989401165871747
STORE_03,SKU_230,2026-05-31,13,9,3,22.754151686355076,3.250593098050725,9.751779294152175,3.999270166356926,3.2482207058478245,1.3330900554523089,Medium,3.999270166356926
STORE_10,SKU_225,2026-05-31,8,6,4,13.997045220966083,1.9995778887094404,7.998311554837762,4.000844400796674,0.0016884451622383168,1.0002111001991685,Medium,4.000844400796674
STORE_02,SKU_226,2026-05-31,17,11,4,29.716064231335167,4.245152033047881,16.980608132191524,4.004568003138053,0.01939186780847635,1.0011420007845133,Medium,4.004568003138053
STORE_03,SKU_047,2026-05-31,10,10,4,17.47926267281106,2.4970375246872942,9.988150098749177,4.004745583970472,0.01184990125082308,1.001186395992618,Medium,4.004745583970472
STORE_14,SKU_237,2026-05-31,6,6,4,10.484679208083463,1.4978113154404948,5.991245261761979,4.005845020763143,0.008754738238020643,1.0014612551907858,Medium,4.005845020763143
STORE_14,SKU_122,2026-05-31,11,8,4,19.218923933209652,2.745560561887093,10.982242247548372,4.006467805772757,0.017757752451627695,1.0016169514431892,Medium,4.006467805772757
STORE_07,SKU_158,2026-05-31,8,6,3,13.97415347625726,1.996307639465323,5.988922918395969,4.007398379812174,2.0110770816040313,1.3357994599373912,Medium,4.007398379812174
STORE_17,SKU_154,2026-05-31,13,7,3,22.70690403821103,3.243843434030147,9.731530302090441,4.00759169311967,3.268469697909559,1.3358638977065564,Medium,4.00759169311967
STORE_04,SKU_160,2026-05-31,17,12,4,29.686219057383973,4.240888436769139,16.963553747076556,4.008594013605133,0.03644625292344372,1.0021485034012831,Medium,4.008594013605133
STORE_10,SKU_144,2026-05-31,9,6,3,15.693324696463865,2.2419035280662665,6.725710584198799,4.014445709786124,2.274289415801201,1.3381485699287083,Medium,4.014445709786124
STORE_11,SKU_007,2026-05-31,7,6,3,12.2,1.7428571428571427,5.228571428571428,4.0163934426229515,1.7714285714285722,1.3387978142076504,Medium,4.0163934426229515
STORE_09,SKU_163,2026-05-31,9,8,4,15.66652381328311,2.238074830469016,8.952299321876064,4.021313263289745,0.04770067812393641,1.0053283158224362,Medium,4.021313263289745
STORE_11,SKU_071,2026-05-31,9,7,4,15.663265306122447,2.2376093294460637,8.950437317784255,4.022149837133552,0.04956268221574511,1.005537459283388,Medium,4.022149837133552
STORE_04,SKU_204,2026-05-31,14,10,3,24.346295538272614,3.4780422197532306,10.434126659259691,4.025253034735533,3.5658733407403087,1.341751011578511,Medium,4.025253034735533
STORE_10,SKU_182,2026-05-31,9,8,4,15.63788056206089,2.2339829374372697,8.935931749749079,4.028678934461522,0.06406825025092111,1.0071697336153804,Medium,4.028678934461522
STORE_17,SKU_150,2026-05-31,8,9,4,13.892857142857142,1.9846938775510203,7.938775510204081,4.030848329048843,0.06122448979591866,1.0077120822622108,Medium,4.030848329048843
STORE_07,SKU_129,2026-05-31,13,11,3,22.571801566579634,3.224543080939948,9.673629242819842,4.031578947368421,3.3263707571801575,1.3438596491228072,Medium,4.031578947368421
STORE_02,SKU_077,2026-05-31,11,11,3,19.09855594023324,2.7283651343190343,8.185095402957103,4.03171843153811,2.814904597042897,1.3439061438460365,Medium,4.03171843153811
STORE_07,SKU_144,2026-05-31,6,6,3,10.415858651152769,1.4879798073075385,4.463939421922616,4.0323127844435245,1.5360605780773842,1.344104261481175,Medium,4.0323127844435245
STORE_06,SKU_015,2026-05-31,15,11,3,26.03178044012619,3.7188257771608844,11.156477331482654,4.0335312539033925,3.8435226685173465,1.3445104179677974,Medium,4.0335312539033925
STORE_11,SKU_029,2026-05-31,13,9,3,22.555242546123658,3.222177506589094,9.666532519767282,4.034538746985865,3.333467480232718,1.3448462489952882,Medium,4.034538746985865
STORE_01,SKU_234,2026-05-31,11,7,3,19.035882484862075,2.719411783551725,8.158235350655175,4.044992401126283,2.8417646493448245,1.3483308003754275,Medium,4.044992401126283
STORE_08,SKU_212,2026-05-31,11,8,3,19.028571428571432,2.718367346938776,8.155102040816328,4.046546546546546,2.8448979591836725,1.3488488488488486,Medium,4.046546546546546
STORE_09,SKU_051,2026-05-31,17,12,3,29.398354121126395,4.199764874446628,12.599294623339883,4.047845655226107,4.400705376660117,1.3492818850753692,Medium,4.047845655226107
STORE_03,SKU_042,2026-05-31,14,11,4,24.204930662557782,3.4578472375082545,13.831388950033018,4.048761856260742,0.16861104996698195,1.0121904640651855,Medium,4.048761856260742
STORE_12,SKU_184,2026-05-31,10,10,3,17.282564032324338,2.4689377189034767,7.40681315671043,4.050324932635918,2.59318684328957,1.3501083108786391,Medium,4.050324932635918
STORE_01,SKU_003,2026-05-31,10,7,3,17.280862533692723,2.468694647670389,7.406083943011167,4.050723733466434,2.5939160569888333,1.3502412444888112,Medium,4.050723733466434
STORE_11,SKU_199,2026-05-31,7,6,3,12.095476488467726,1.7279252126382467,5.18377563791474,4.051101256467111,1.8162243620852596,1.3503670854890366,Medium,4.051101256467111
STORE_07,SKU_206,2026-05-31,11,7,4,19.00138451856514,2.7144835026521625,10.85793401060865,4.052336287640926,0.14206598939134985,1.0130840719102314,Medium,4.052336287640926
STORE_11,SKU_023,2026-05-31,12,9,3,20.727783176762767,2.961111882394681,8.883335647184044,4.052531777453637,3.116664352815956,1.3508439258178786,Medium,4.052531777453637
STORE_01,SKU_015,2026-05-31,9,9,3,15.532319937931925,2.2189028482759894,6.656708544827968,4.056058608871807,2.3432914551720323,1.3520195362906025,Medium,4.056058608871807
STORE_17,SKU_045,2026-05-31,11,9,3,18.982119815668206,2.711731402238315,8.135194206714946,4.05644895026122,2.864805793285054,1.3521496500870733,Medium,4.05644895026122
STORE_11,SKU_094,2026-05-31,11,9,3,18.98123486682809,2.7116049809754412,8.134814942926324,4.05663807124406,2.865185057073676,1.3522126904146865,Medium,4.05663807124406
STORE_14,SKU_049,2026-05-31,10,8,3,17.248836376655923,2.4641194823794175,7.392358447138252,4.058244769179676,2.6076415528617476,1.3527482563932252,Medium,4.058244769179676
STORE_03,SKU_092,2026-05-31,10,9,3,17.236271682271564,2.462324526038795,7.386973578116384,4.0612031006681555,2.6130264218836157,1.3537343668893853,Medium,4.0612031006681555
STORE_01,SKU_176,2026-05-31,11,9,3,18.93724717352972,2.70532102478996,8.11596307436988,4.066060884901464,2.88403692563012,1.3553536283004881,Medium,4.066060884901464
STORE_09,SKU_046,2026-05-31,16,11,3,27.5015795015795,3.928797071654214,11.786391214962642,4.072493363283644,4.2136087850373585,1.3574977877612147,Medium,4.072493363283644
STORE_17,SKU_229,2026-05-31,17,11,3,29.21777029160964,4.1739671845156625,12.521901553546988,4.072863836367856,4.4780984464530125,1.3576212787892854,Medium,4.072863836367856
STORE_07,SKU_228,2026-05-31,9,6,3,15.46502036397381,2.20928862342483,6.62786587027449,4.0737094757896495,2.3721341297255103,1.3579031585965498,Medium,4.0737094757896495
STORE_09,SKU_192,2026-05-31,6,7,3,10.301453914899293,1.4716362735570419,4.414908820671125,4.0770943933704515,1.5850911793288747,1.3590314644568173,Medium,4.0770943933704515
STORE_18,SKU_219,2026-05-31,10,10,3,17.151224883016788,2.4501749832881123,7.350524949864337,4.081341156532458,2.6494750501356634,1.360447052177486,Medium,4.081341156532458
STORE_11,SKU_121,2026-05-31,14,9,3,23.9867412540703,3.426677322010043,10.280031966030128,4.085590408549991,3.719968033969872,1.3618634695166638,Medium,4.085590408549991
STORE_10,SKU_248,2026-05-31,9,6,3,15.413043478260871,2.2018633540372674,6.605590062111802,4.087447108603667,2.394409937888198,1.3624823695345556,Medium,4.087447108603667
STORE_02,SKU_116,2026-05-31,17,12,3,29.109709962168978,4.158529994595568,12.475589983786705,4.087983018540981,4.524410016213295,1.362661006180327,Medium,4.087983018540981
STORE_06,SKU_158,2026-05-31,8,7,3,13.689286414154138,1.9556123448791625,5.866837034637488,4.090790294379289,2.133162965362512,1.3635967647930962,Medium,4.090790294379289
STORE_18,SKU_143,2026-05-31,9,6,4,15.397808878052038,2.1996869825788625,8.79874793031545,4.091491230924414,0.2012520696845499,1.0228728077311036,Medium,4.091491230924414
STORE_15,SKU_231,2026-05-31,7,6,3,11.973414156842155,1.7104877366917364,5.131463210075209,4.092399992027267,1.868536789924791,1.3641333306757557,Medium,4.092399992027267
STORE_02,SKU_090,2026-05-31,16,11,3,27.364828973843057,3.9092612819775794,11.727783845932738,4.092844874238254,4.272216154067262,1.3642816247460845,Medium,4.092844874238254
STORE_03,SKU_055,2026-05-31,6,6,4,10.254715522572667,1.464959360367524,5.859837441470096,4.095676755493573,0.14016255852990422,1.0239191888733932,Medium,4.095676755493573
STORE_14,SKU_123,2026-05-31,9,7,3,15.37491919844861,2.1964170283498015,6.589251085049405,4.097582509985285,2.410748914950595,1.3658608366617615,Medium,4.097582509985285
STORE_06,SKU_012,2026-05-31,9,6,3,15.357962791925058,2.1939946845607223,6.5819840536821665,4.102106565404903,2.4180159463178335,1.367368855134968,Medium,4.102106565404903
STORE_17,SKU_003,2026-05-31,14,10,4,23.86516430351645,3.409309186216636,13.637236744866543,4.106403742024941,0.36276325513345675,1.0266009355062353,Medium,4.106403742024941
STORE_01,SKU_060,2026-05-31,8,6,3,13.635354851160322,1.9479078358800461,5.843723507640139,4.106970490411153,2.1562764923598614,1.368990163470384,Medium,4.106970490411153
STORE_09,SKU_122,2026-05-31,16,10,3,27.26579058923273,3.895112941318961,11.685338823956883,4.107711442786069,4.314661176043117,1.3692371475953564,Medium,4.107711442786069
STORE_13,SKU_032,2026-05-31,8,6,3,13.617838756308487,1.945405536615498,5.8362166098464945,4.112253126367641,2.1637833901535055,1.3707510421225468,Medium,4.112253126367641
STORE_06,SKU_209,2026-05-31,13,12,3,22.123817540484207,3.160545362926315,9.481636088778945,4.11321417894899,3.518363911221055,1.3710713929829965,Medium,4.11321417894899
STORE_15,SKU_213,2026-05-31,17,10,3,28.870084715361905,4.124297816480272,12.372893449440816,4.121913779375907,4.6271065505591835,1.373971259791969,Medium,4.121913779375907
STORE_15,SKU_019,2026-05-31,9,8,3,15.28030326863183,2.1829004669474044,6.548701400842213,4.1229548191840895,2.451298599157787,1.3743182730613632,Medium,4.1229548191840895
STORE_03,SKU_212,2026-05-31,8,7,3,13.574789915966385,1.939255702280912,5.817767106842736,4.125294044818621,2.1822328931572637,1.3750980149395404,Medium,4.125294044818621
STORE_09,SKU_170,2026-05-31,17,12,3,28.82605461364411,4.118007801949159,12.354023405847478,4.128209760057634,4.645976594152522,1.376069920019211,Medium,4.128209760057634
STORE_09,SKU_009,2026-05-31,10,6,3,16.946707193515703,2.420958170502243,7.2628745115067295,4.130595944136216,2.7371254884932705,1.3768653147120722,Medium,4.130595944136216
STORE_06,SKU_168,2026-05-31,21,11,4,35.55859380110685,5.079799114443836,20.319196457775345,4.134021745129422,0.6808035422246554,1.0335054362823555,Medium,4.134021745129422
STORE_14,SKU_142,2026-05-31,10,8,4,16.929824561403507,2.4185463659147866,9.674185463659146,4.134715025906736,0.3258145363408538,1.033678756476684,Medium,4.134715025906736
STORE_08,SKU_229,2026-05-31,12,8,3,20.314386852085967,2.9020552645837094,8.70616579375113,4.135000510309497,3.293834206248871,1.3783335034364987,Medium,4.135000510309497
STORE_03,SKU_158,2026-05-31,7,7,3,11.831972496776967,1.6902817852538523,5.070845355761557,4.141321323502706,1.9291546442384426,1.3804404411675686,Medium,4.141321323502706
STORE_13,SKU_128,2026-05-31,9,7,3,15.211861540196189,2.1731230771708843,6.519369231512653,4.14150495871444,2.480630768487347,1.3805016529048133,Medium,4.14150495871444
STORE_15,SKU_165,2026-05-31,9,7,3,15.20261658144952,2.171802368778503,6.515407106335509,4.14402347533211,2.484592893664491,1.3813411584440365,Medium,4.14402347533211
STORE_10,SKU_196,2026-05-31,8,6,3,13.51142857142857,1.930204081632653,5.790612244897959,4.144639458659336,2.209387755102041,1.3815464862197786,Medium,4.144639458659336
STORE_06,SKU_192,2026-05-31,7,7,3,11.820991253644314,1.6887130362349019,5.066139108704705,4.145168450648646,1.9338608912952946,1.3817228168828823,Medium,4.145168450648646
STORE_14,SKU_234,2026-05-31,9,10,3,15.198335067637878,2.171190723948268,6.513572171844805,4.145190885687682,2.486427828155195,1.381730295229227,Medium,4.145190885687682
STORE_04,SKU_101,2026-05-31,15,11,4,25.324292875044755,3.6177561250063937,14.471024500025575,4.1462164617228,0.5289754999744254,1.0365541154307,Medium,4.1462164617228
STORE_16,SKU_185,2026-05-31,10,6,3,16.865978643867713,2.4094255205525306,7.228276561657592,4.150366929668278,2.7717234383424083,1.3834556432227596,Medium,4.150366929668278
STORE_10,SKU_025,2026-05-31,8,7,3,13.48912789338321,1.9270182704833159,5.781054811449947,4.151491515435149,2.2189451885500526,1.3838305051450497,Medium,4.151491515435149
STORE_13,SKU_050,2026-05-31,14,11,3,23.603899721448467,3.371985674492638,10.115957023477915,4.151856310037999,3.8840429765220854,1.3839521033459998,Medium,4.151856310037999
STORE_15,SKU_052,2026-05-31,11,10,3,18.526966328132506,2.646709475447501,7.940128426342502,4.156104061304326,3.0598715736574977,1.3853680204347754,Medium,4.156104061304326
STORE_03,SKU_129,2026-05-31,16,11,4,26.940658244680854,3.8486654635258364,15.394661854103346,4.157285207465679,0.6053381458966545,1.0393213018664198,Medium,4.157285207465679
STORE_04,SKU_090,2026-05-31,14,11,3,23.56745120072093,3.366778742960133,10.1003362288804,4.158277412578335,3.8996637711196005,1.3860924708594449,Medium,4.158277412578335
STORE_04,SKU_233,2026-05-31,6,6,4,10.086697722567289,1.4409568175096126,5.76382727003845,4.1638999358563185,0.2361727299615497,1.0409749839640796,Medium,4.1638999358563185
STORE_13,SKU_168,2026-05-31,8,7,3,13.44743935309973,1.9210627647285328,5.763188294185598,4.1643615955101225,2.236811705814402,1.3881205318367076,Medium,4.1643615955101225
STORE_13,SKU_178,2026-05-31,10,7,3,16.80602286457849,2.4008604092254986,7.202581227676496,4.165173435979117,2.797418772323504,1.3883911453263724,Medium,4.165173435979117
STORE_11,SKU_018,2026-05-31,7,6,3,11.74871794871795,1.6783882783882784,5.035164835164835,4.170667830641641,1.964835164835165,1.3902226102138804,Medium,4.170667830641641
STORE_03,SKU_167,2026-05-31,17,11,4,28.516012954300102,4.073716136328586,16.294864545314343,4.173093910102719,0.7051354546856565,1.0432734775256798,Medium,4.173093910102719
STORE_08,SKU_178,2026-05-31,17,11,3,28.512189440993787,4.07316992014197,12.21950976042591,4.173653526196979,4.780490239574091,1.3912178420656598,Medium,4.173653526196979
STORE_08,SKU_089,2026-05-31,9,7,3,15.093073593073592,2.1561533704390845,6.4684601113172535,4.174100100387208,2.5315398886827465,1.3913667001290695,Medium,4.174100100387208
STORE_01,SKU_155,2026-05-31,13,11,4,21.794576391350585,3.1135109130500838,12.454043652200335,4.175350709551498,0.545956347799665,1.0438376773878746,Medium,4.175350709551498
STORE_18,SKU_199,2026-05-31,8,6,4,13.410638501547592,1.9158055002210845,7.663222000884338,4.175789243259191,0.33677799911566186,1.0439473108147979,Medium,4.175789243259191
STORE_15,SKU_198,2026-05-31,7,6,4,11.731983673469387,1.6759976676384838,6.703990670553935,4.1766167907996845,0.29600932944606484,1.0441541976999211,Medium,4.1766167907996845
STORE_15,SKU_037,2026-05-31,10,6,3,16.758857142857142,2.3941224489795916,7.182367346938775,4.176895799236225,2.8176326530612252,1.3922985997454085,Medium,4.176895799236225
STORE_01,SKU_021,2026-05-31,11,6,3,18.429667168880975,2.632809595554425,7.898428786663274,4.178046152131099,3.101571213336726,1.3926820507103665,Medium,4.178046152131099
STORE_18,SKU_099,2026-05-31,7,7,4,11.725532318190433,1.6750760454557763,6.700304181823105,4.1789147537450155,0.29969581817689495,1.0447286884362539,Medium,4.1789147537450155
STORE_08,SKU_197,2026-05-31,9,6,3,15.054125998225377,2.150589428317911,6.451768284953733,4.184899210185076,2.548231715046267,1.3949664033950253,Medium,4.184899210185076
STORE_10,SKU_145,2026-05-31,15,11,3,25.051956043956046,3.5788508634222924,10.736552590266877,4.191289487166889,4.263447409733123,1.3970964957222967,Medium,4.191289487166889
STORE_14,SKU_117,2026-05-31,15,10,4,25.039593202659827,3.5770847432371182,14.308338972948473,4.193358859713679,0.6916610270515271,1.0483397149284197,Medium,4.193358859713679
STORE_17,SKU_153,2026-05-31,9,9,3,15.02147502761075,2.145925003944393,6.437775011833178,4.193995588595703,2.5622249881668218,1.397998529531901,Medium,4.193995588595703
STORE_07,SKU_059,2026-05-31,8,5,3,13.347322800087776,1.9067604000125393,5.720281200037618,4.1955979366612555,2.2797187999623816,1.3985326455537517,Medium,4.1955979366612555
STORE_06,SKU_034,2026-05-31,13,11,3,21.67519928933773,3.0964570413339616,9.289371124001885,4.198346635030198,3.7106288759981148,1.3994488783433991,Medium,4.198346635030198
STORE_07,SKU_232,2026-05-31,8,7,4,13.338142653932126,1.9054489505617322,7.621795802246929,4.198485610250317,0.378204197753071,1.0496214025625792,Medium,4.198485610250317
STORE_15,SKU_189,2026-05-31,8,7,3,13.334490754363868,1.9049272506234096,5.714781751870229,4.199635444021238,2.2852182481297714,1.3998784813404128,Medium,4.199635444021238
STORE_17,SKU_249,2026-05-31,9,6,3,14.98876404494382,2.141252006420546,6.4237560192616385,4.203148425787106,2.5762439807383615,1.4010494752623686,Medium,4.203148425787106
STORE_17,SKU_183,2026-05-31,11,8,3,18.304567180031864,2.6149381685759807,7.844814505727943,4.206600420686153,3.1551854942720574,1.4022001402287176,Medium,4.206600420686153
STORE_04,SKU_137,2026-05-31,7,7,4,11.647388249669076,1.6639126070955823,6.655650428382329,4.206951717385413,0.34434957161767077,1.0517379293463534,Medium,4.206951717385413
STORE_03,SKU_147,2026-05-31,8,6,4,13.302177664876185,1.900311094982312,7.601244379929248,4.209837021487507,0.3987556200707516,1.0524592553718768,Medium,4.209837021487507
STORE_01,SKU_215,2026-05-31,12,7,4,19.94215674435455,2.8488795349077924,11.39551813963117,4.2121823169291694,0.6044818603688302,1.0530455792322924,Medium,4.2121823169291694
STORE_06,SKU_161,2026-05-31,10,7,3,16.611806012727673,2.3731151446753818,7.119345434026146,4.213870541611625,2.8806545659738543,1.4046235138705414,Medium,4.213870541611625
STORE_09,SKU_239,2026-05-31,15,10,3,24.91655831307592,3.5595083304394173,10.678524991318252,4.214065148190921,4.321475008681748,1.404688382730307,Medium,4.214065148190921
STORE_07,SKU_179,2026-05-31,9,8,4,14.942857142857141,2.1346938775510202,8.538775510204081,4.216061185468452,0.461224489795919,1.054015296367113,Medium,4.216061185468452
STORE_11,SKU_109,2026-05-31,18,10,3,29.88355975699932,4.269079965285617,12.807239895856853,4.216365152765587,5.192760104143147,1.4054550509218624,Medium,4.216365152765587
STORE_06,SKU_162,2026-05-31,13,11,3,21.5731043150398,3.0818720450056856,9.245616135017057,4.218215360714632,3.754383864982943,1.4060717869048773,Medium,4.218215360714632
STORE_11,SKU_019,2026-05-31,7,8,3,11.61433962264151,1.6591913746630726,4.977574123989218,4.218922607056989,2.0224258760107823,1.4063075356856631,Medium,4.218922607056989
STORE_04,SKU_205,2026-05-31,11,9,3,18.2299941773626,2.6042848824803713,7.812854647441114,4.223808260762697,3.187145352558886,1.4079360869208988,Medium,4.223808260762697
STORE_02,SKU_233,2026-05-31,10,6,3,16.568829263179957,2.366975609025708,7.100926827077124,4.2248006113236585,2.8990731729228756,1.4082668704412193,Medium,4.2248006113236585
STORE_11,SKU_202,2026-05-31,9,6,3,14.909387755102042,2.129912536443149,6.389737609329448,4.225525624178712,2.6102623906705524,1.4085085413929037,Medium,4.225525624178712
STORE_08,SKU_207,2026-05-31,12,7,3,19.864318330071757,2.8377597614388224,8.513279284316468,4.228687770918166,3.486720715683532,1.4095625903060551,Medium,4.228687770918166
STORE_04,SKU_170,2026-05-31,14,11,3,23.165943094155583,3.309420442022226,9.928261326066679,4.230347955258679,4.0717386739333215,1.4101159850862266,Medium,4.230347955258679
STORE_10,SKU_044,2026-05-31,9,7,3,14.888934468259666,2.1269906383228094,6.380971914968429,4.231330330206224,2.6190280850315713,1.4104434434020745,Medium,4.231330330206224
STORE_17,SKU_144,2026-05-31,11,6,3,18.192602040816325,2.5989431486880465,7.796829446064139,4.232489658557106,3.203170553935861,1.410829886185702,Medium,4.232489658557106
STORE_08,SKU_025,2026-05-31,9,6,3,14.876376988984088,2.1251967127120124,6.375590138136037,4.2349020898469645,2.6244098618639633,1.4116340299489882,Medium,4.2349020898469645
STORE_18,SKU_045,2026-05-31,11,9,4,18.17710475131981,2.5967292501885444,10.386917000754178,4.236098160484505,0.6130829992458224,1.0590245401211262,Medium,4.236098160484505
STORE_17,SKU_038,2026-05-31,9,6,3,14.867229802902317,2.1238899718431883,6.371669915529565,4.237507648378544,2.628330084470435,1.4125025494595145,Medium,4.237507648378544
STORE_08,SKU_153,2026-05-31,9,7,3,14.854215918045705,2.1220308454351007,6.3660925363053025,4.241220159151194,2.6339074636946975,1.4137400530503978,Medium,4.241220159151194
STORE_11,SKU_103,2026-05-31,14,10,3,23.10600266785238,3.3008575239789115,9.902572571936734,4.241322110481205,4.097427428063266,1.4137740368270684,Medium,4.241322110481205
STORE_17,SKU_190,2026-05-31,7,8,3,11.551378446115288,1.6501969208736127,4.950590762620838,4.241917986548058,2.0494092373791624,1.413972662182686,Medium,4.241917986548058
STORE_04,SKU_208,2026-05-31,16,11,4,26.384852216748765,3.769264602392681,15.077058409570723,4.244859856706108,0.9229415904292768,1.061214964176527,Medium,4.244859856706108
STORE_04,SKU_075,2026-05-31,15,11,4,24.724628312863608,3.5320897589805154,14.128359035922061,4.246777693534471,0.8716409640779386,1.0616944233836179,Medium,4.246777693534471
STORE_08,SKU_241,2026-05-31,11,9,3,18.127045769764216,2.589577967109174,7.768733901327522,4.247796413050131,3.231266098672478,1.4159321376833771,Medium,4.247796413050131
STORE_08,SKU_068,2026-05-31,10,8,3,16.473346736945064,2.3533352481350094,7.060005744405029,4.249288327247418,2.9399942555949714,1.4164294424158057,Medium,4.249288327247418
STORE_11,SKU_164,2026-05-31,10,8,3,16.472493450821624,2.353213350117375,7.059640050352124,4.2495084432107335,2.940359949647876,1.4165028144035778,Medium,4.2495084432107335
STORE_17,SKU_054,2026-05-31,7,6,3,11.526251526251526,1.6466073608930751,4.939822082679226,4.251165254237288,2.0601779173207744,1.4170550847457626,Medium,4.251165254237288
STORE_18,SKU_184,2026-05-31,18,11,3,29.62660650025704,4.232372357179577,12.697117071538731,4.252933929470013,5.302882928461269,1.417644643156671,Medium,4.252933929470013
STORE_02,SKU_150,2026-05-31,8,7,3,13.163003663003662,1.880429094714809,5.641287284144427,4.254348128565465,2.3587127158555727,1.4181160428551551,Medium,4.254348128565465
STORE_18,SKU_237,2026-05-31,9,7,4,14.8,2.1142857142857143,8.457142857142857,4.256756756756757,0.5428571428571427,1.0641891891891893,Medium,4.256756756756757
STORE_09,SKU_132,2026-05-31,14,11,3,23.019586970406642,3.288512424343806,9.865537273031418,4.257244064630097,4.134462726968582,1.4190813548766992,Medium,4.257244064630097
STORE_09,SKU_229,2026-05-31,11,7,3,18.081401617250673,2.583057373892953,7.74917212167886,4.2585194239885515,3.2508278783211404,1.4195064746628505,Medium,4.2585194239885515
STORE_18,SKU_103,2026-05-31,13,10,3,21.366750700280114,3.0523929571828736,9.15717887154862,4.258953608646119,3.84282112845138,1.41965120288204,Medium,4.258953608646119
STORE_02,SKU_164,2026-05-31,17,11,3,27.874710827091775,3.9821015467273964,11.94630464018219,4.269102583275678,5.0536953598178105,1.4230341944252258,Medium,4.269102583275678
STORE_07,SKU_189,2026-05-31,15,10,3,24.58824445309459,3.512606350442084,10.537819051326252,4.270333337554933,4.462180948673748,1.4234444458516446,Medium,4.270333337554933
STORE_14,SKU_239,2026-05-31,10,8,3,16.391255629083066,2.3416079470118665,7.0248238410356,4.270569722297464,2.9751761589644,1.4235232407658212,Medium,4.270569722297464
STORE_07,SKU_086,2026-05-31,17,11,3,27.85505842539574,3.97929406077082,11.93788218231246,4.272114535990579,5.06211781768754,1.4240381786635263,Medium,4.272114535990579
STORE_02,SKU_084,2026-05-31,9,7,3,14.722785665990534,2.1032550951415048,6.309765285424515,4.279081515499426,2.6902347145754852,1.4263605051664754,Medium,4.279081515499426
STORE_07,SKU_226,2026-05-31,15,11,4,24.53783342098269,3.5054047744260983,14.021619097704393,4.279106398620053,0.9783809022956067,1.0697765996550133,Medium,4.279106398620053
STORE_17,SKU_042,2026-05-31,12,8,3,19.626373626373628,2.8037676609105184,8.411302982731556,4.279955207166853,3.5886970172684443,1.426651735722284,Medium,4.279955207166853
STORE_08,SKU_041,2026-05-31,10,6,4,16.339801816680428,2.334257402382918,9.337029609531672,4.284017687934303,0.6629703904683275,1.0710044219835757,Medium,4.284017687934303
STORE_13,SKU_042,2026-05-31,13,8,3,21.240816326530613,3.034402332361516,9.103206997084548,4.284204458109147,3.8967930029154516,1.428068152703049,Medium,4.284204458109147
STORE_09,SKU_241,2026-05-31,11,9,4,17.965788092698862,2.5665411560998375,10.26616462439935,4.285923868337962,0.7338353756006502,1.0714809670844905,Medium,4.285923868337962
STORE_02,SKU_054,2026-05-31,8,6,3,13.065194386933516,1.8664563409905024,5.599369022971507,4.2861972307128875,2.4006309770284933,1.4287324102376293,Medium,4.2861972307128875
STORE_07,SKU_125,2026-05-31,7,6,3,11.420059811364158,1.6314371159091654,4.894311347727497,4.290695566343694,2.1056886522725033,1.430231855447898,Medium,4.290695566343694
STORE_13,SKU_201,2026-05-31,8,9,3,13.047321281647427,1.8639030402353467,5.5917091207060405,4.292068754279126,2.4082908792939595,1.4306895847597085,Medium,4.292068754279126
STORE_11,SKU_030,2026-05-31,9,6,3,14.67379679144385,2.0962566844919786,6.288770053475936,4.293367346938775,2.711229946524064,1.4311224489795917,Medium,4.293367346938775
STORE_08,SKU_224,2026-05-31,16,12,3,26.08497102544722,3.7264244322067457,11.179273296620238,4.293660126773316,4.820726703379762,1.431220042257772,Medium,4.293660126773316
STORE_13,SKU_129,2026-05-31,9,7,4,14.665651953323186,2.0950931361890266,8.380372544756106,4.295751747042137,0.6196274552438936,1.0739379367605342,Medium,4.295751747042137
STORE_13,SKU_105,2026-05-31,10,8,3,16.285168566577735,2.3264526523682476,6.979357957104742,4.298389649073816,3.0206420428952576,1.432796549691272,Medium,4.298389649073816
STORE_10,SKU_137,2026-05-31,9,6,3,14.652173913043478,2.093167701863354,6.279503105590061,4.299703264094956,2.720496894409939,1.4332344213649855,Medium,4.299703264094956
STORE_13,SKU_162,2026-05-31,7,8,4,11.392857142857142,1.6275510204081631,6.5102040816326525,4.300940438871474,0.4897959183673475,1.0752351097178685,Medium,4.300940438871474
STORE_14,SKU_242,2026-05-31,12,8,4,19.50532386867791,2.7864748383825586,11.145899353530234,4.306516547253496,0.8541006464697656,1.076629136813374,Medium,4.306516547253496
STORE_13,SKU_136,2026-05-31,10,6,4,16.245404994295853,2.320772142042265,9.28308856816906,4.308910736579276,0.7169114318309404,1.077227684144819,Medium,4.308910736579276
STORE_06,SKU_219,2026-05-31,10,7,3,16.228379092226632,2.3183398703180904,6.955019610954271,4.31343140323422,3.0449803890457288,1.4378104677447399,Medium,4.31343140323422
STORE_11,SKU_182,2026-05-31,11,11,4,17.824018496287405,2.5462883566124863,10.185153426449945,4.320013470365197,0.8148465735500547,1.0800033675912992,Medium,4.320013470365197
STORE_13,SKU_116,2026-05-31,10,8,4,16.191094619666046,2.3130135170951496,9.252054068380598,4.323364271800161,0.7479459316194017,1.0808410679500402,Medium,4.323364271800161
STORE_11,SKU_185,2026-05-31,7,6,3,11.332642828102918,1.618948975443274,4.856846926329822,4.323792847197902,2.1431530736701783,1.4412642823993007,Medium,4.323792847197902
STORE_07,SKU_082,2026-05-31,8,7,3,12.94496817339457,1.8492811676277956,5.547843502883387,4.326005228432715,2.452156497116613,1.442001742810905,Medium,4.326005228432715
STORE_18,SKU_218,2026-05-31,9,7,3,14.556623327680422,2.07951761824006,6.23855285472018,4.327926785067054,2.7614471452798197,1.442642261689018,Medium,4.327926785067054
STORE_01,SKU_165,2026-05-31,11,8,4,17.788136295492723,2.5411623279275317,10.164649311710127,4.328727794800559,0.8353506882898731,1.0821819487001398,Medium,4.328727794800559
STORE_11,SKU_142,2026-05-31,7,8,4,11.319241982507288,1.6170345689296126,6.4681382757184505,4.328911783644559,0.5318617242815495,1.0822279459111397,Medium,4.328911783644559
STORE_11,SKU_137,2026-05-31,11,9,3,17.787012987012986,2.5410018552875693,7.623005565862708,4.329001168224299,3.376994434137292,1.4430003894080998,Medium,4.329001168224299
STORE_17,SKU_233,2026-05-31,10,6,3,16.166743090583182,2.309534727226169,6.928604181678507,4.329876438796981,3.071395818321493,1.44329214626566,Medium,4.329876438796981
STORE_07,SKU_095,2026-05-31,10,8,3,16.158833903931942,2.308404843418849,6.925214530256547,4.331995762575841,3.0747854697434533,1.44399858752528,Medium,4.331995762575841
STORE_10,SKU_185,2026-05-31,8,6,3,12.924686855874425,1.8463838365534893,5.539151509660468,4.332793562000099,2.460848490339532,1.4442645206666993,Medium,4.332793562000099
STORE_11,SKU_036,2026-05-31,11,8,3,17.76627659373999,2.538039513391427,7.614118540174282,4.334053879760671,3.3858814598257183,1.4446846265868902,Medium,4.334053879760671
STORE_15,SKU_109,2026-05-31,10,10,4,16.143181025462155,2.306168717923165,9.22467487169266,4.3361961864635665,0.7753251283073403,1.0840490466158916,Medium,4.3361961864635665
STORE_18,SKU_220,2026-05-31,18,9,3,29.030612789784037,4.147230398540577,12.44169119562173,4.340245964230551,5.558308804378269,1.446748654743517,Medium,4.340245964230551
STORE_18,SKU_033,2026-05-31,12,8,3,19.35198079231693,2.7645686846167044,8.293706053850112,4.340640934975992,3.706293946149888,1.4468803116586642,Medium,4.340640934975992
STORE_17,SKU_205,2026-05-31,14,7,3,22.569489334195215,3.224212762027888,9.672638286083664,4.342145209795217,4.327361713916336,1.4473817365984056,Medium,4.342145209795217
STORE_14,SKU_217,2026-05-31,11,8,3,17.719842813479936,2.531406116211419,7.594218348634257,4.345411006773951,3.405781651365743,1.448470335591317,Medium,4.345411006773951
STORE_14,SKU_168,2026-05-31,8,7,3,12.878407472425556,1.8397724960607937,5.519317488182381,4.348363733629621,2.4806825118176192,1.4494545778765404,Medium,4.348363733629621
STORE_11,SKU_015,2026-05-31,11,7,4,17.70390548832941,2.52912935547563,10.11651742190252,4.349322811893633,0.88348257809748,1.0873307029734083,Medium,4.349322811893633
STORE_02,SKU_198,2026-05-31,6,6,3,9.653209109730849,1.3790298728186927,4.137089618456078,4.350884718498659,1.862910381543922,1.4502949061662198,Medium,4.350884718498659
STORE_08,SKU_003,2026-05-31,7,7,3,11.251994851994851,1.6074278359992644,4.822283507997794,4.3547833645971545,2.1777164920022063,1.451594454865718,Medium,4.3547833645971545
STORE_17,SKU_199,2026-05-31,7,5,3,11.248288621646623,1.6068983745209462,4.820695123562839,4.356218234452358,2.179304876437161,1.4520727448174526,Medium,4.356218234452358
STORE_14,SKU_034,2026-05-31,12,8,4,19.279983829400177,2.754283404200025,11.0171336168001,4.356850127224061,0.9828663831998998,1.0892125318060153,Medium,4.356850127224061
STORE_14,SKU_128,2026-05-31,10,6,3,16.04175824175824,2.291679748822606,6.875039246467818,4.363611453623784,3.124960753532182,1.4545371512079281,Medium,4.363611453623784
STORE_14,SKU_197,2026-05-31,10,6,3,16.026580764630992,2.2895115378044273,6.868534613413281,4.367743876752724,3.1314653865867186,1.4559146255842415,Medium,4.367743876752724
STORE_07,SKU_084,2026-05-31,8,7,4,12.81944424290793,1.8313491775582755,7.325396710233102,4.368364099011605,0.6746032897668979,1.0920910247529012,Medium,4.368364099011605
STORE_02,SKU_099,2026-05-31,16,11,3,25.625954997383566,3.660850713911938,10.982552141735814,4.3705688241252005,5.017447858264186,1.4568562747084002,Medium,4.3705688241252005
STORE_09,SKU_207,2026-05-31,9,8,3,14.401455026455025,2.0573507180650035,6.17205215419501,4.374557979334099,2.8279478458049896,1.4581859931113665,Medium,4.374557979334099
STORE_10,SKU_136,2026-05-31,9,6,3,14.398976982097185,2.056996711728169,6.170990135184507,4.3753108348135,2.829009864815493,1.4584369449378334,Medium,4.3753108348135
STORE_01,SKU_138,2026-05-31,9,7,4,14.398319327731091,2.0569027611044417,8.227611044417767,4.375510680518268,0.7723889555822332,1.093877670129567,Medium,4.375510680518268
STORE_07,SKU_166,2026-05-31,13,10,3,20.79735246371276,2.9710503519589655,8.913151055876897,4.375556944509014,4.086848944123103,1.4585189815030044,Medium,4.375556944509014
STORE_02,SKU_103,2026-05-31,8,7,3,12.797142857142857,1.8281632653061224,5.484489795918368,4.375976780531369,2.5155102040816324,1.4586589268437895,Medium,4.375976780531369
STORE_03,SKU_031,2026-05-31,12,9,3,19.19202356533675,2.7417176521909643,8.225152956572893,4.376818302355295,3.7748470434271066,1.4589394341184314,Medium,4.376818302355295
STORE_08,SKU_080,2026-05-31,11,9,3,17.58971633189727,2.5128166188424674,7.538449856527402,4.377557804065768,3.461550143472598,1.4591859346885894,Medium,4.377557804065768
STORE_07,SKU_146,2026-05-31,10,6,3,15.98845598845599,2.2840651412079986,6.852195423623996,4.378158844765342,3.1478045763760036,1.4593862815884473,Medium,4.378158844765342
STORE_02,SKU_082,2026-05-31,11,7,3,17.584548784548783,2.5120783977926835,7.536235193378051,4.378844231002303,3.463764806621949,1.4596147436674343,Medium,4.378844231002303
STORE_03,SKU_231,2026-05-31,8,6,3,12.78649605922333,1.8266422941747613,5.479926882524284,4.379620479341979,2.5200731174757163,1.459873493113993,Medium,4.379620479341979
STORE_14,SKU_191,2026-05-31,15,9,3,23.966593406593404,3.423799058084772,10.271397174254316,4.381098231971243,4.728602825745684,1.4603660773237475,Medium,4.381098231971243
STORE_11,SKU_170,2026-05-31,9,8,3,14.372417687260263,2.053202526751466,6.159607580254399,4.383396125193558,2.8403924197456014,1.4611320417311862,Medium,4.383396125193558
STORE_15,SKU_152,2026-05-31,13,9,4,20.750710866357124,2.9643872666224462,11.857549066489785,4.385391931200641,1.142450933510215,1.0963479828001603,Medium,4.385391931200641
STORE_17,SKU_192,2026-05-31,10,9,3,15.960591133004925,2.2800844475721322,6.840253342716396,4.385802469135802,3.1597466572836037,1.461934156378601,Medium,4.385802469135802
STORE_13,SKU_223,2026-05-31,13,7,3,20.745033443146653,2.9635762061638076,8.890728618491423,4.386592108872345,4.109271381508577,1.462197369624115,Medium,4.386592108872345
STORE_11,SKU_157,2026-05-31,10,9,4,15.938918788226129,2.2769883983180184,9.107953593272073,4.391765898933376,0.8920464067279266,1.097941474733344,Medium,4.391765898933376
STORE_14,SKU_104,2026-05-31,9,8,4,14.342422350193111,2.048917478599016,8.195669914396063,4.392563436060837,0.8043300856039366,1.0981408590152093,Medium,4.392563436060837
STORE_12,SKU_245,2026-05-31,12,10,3,19.121064904780415,2.7315807006829163,8.19474210204875,4.393060764047684,3.8052578979512504,1.4643535880158944,Medium,4.393060764047684
STORE_08,SKU_064,2026-05-31,16,10,3,25.492924761684865,3.6418463945264095,10.925539183579229,4.393375850241114,5.074460816420771,1.464458616747038,Medium,4.393375850241114
STORE_18,SKU_088,2026-05-31,6,5,3,9.557895602813542,1.3654136575447917,4.096240972634375,4.394272729620162,1.9037590273656253,1.464757576540054,Medium,4.394272729620162
STORE_13,SKU_014,2026-05-31,15,7,4,23.88122448979592,3.411603498542274,13.646413994169096,4.396759472901605,1.3535860058309037,1.0991898682254013,Medium,4.396759472901605
STORE_10,SKU_127,2026-05-31,8,6,3,12.72982918657659,1.8185470266537984,5.455641079961396,4.399116372987247,2.5443589200386043,1.4663721243290821,Medium,4.399116372987247
STORE_04,SKU_210,2026-05-31,14,11,3,22.26351515151515,3.1805021645021645,9.541506493506493,4.401820616962662,4.458493506493507,1.4672735389875542,Medium,4.401820616962662
STORE_01,SKU_147,2026-05-31,7,6,3,11.131034359405461,1.5901477656293517,4.770443296888055,4.402106616317841,2.229556703111945,1.467368872105947,Medium,4.402106616317841
STORE_15,SKU_187,2026-05-31,8,8,4,12.718367346938775,1.8169096209912536,7.2676384839650146,4.403080872913993,0.7323615160349854,1.1007702182284982,Medium,4.403080872913993
STORE_08,SKU_036,2026-05-31,7,6,3,11.126010781671159,1.5894301116673084,4.768290335001925,4.4040942402035,2.2317096649980748,1.468031413401167,Medium,4.4040942402035
STORE_01,SKU_156,2026-05-31,14,7,3,22.245091401489507,3.1778702002127868,9.53361060063836,4.405466277087898,4.46638939936164,1.4684887590292994,Medium,4.405466277087898
STORE_06,SKU_232,2026-05-31,9,7,3,14.299999999999997,2.0428571428571423,6.128571428571426,4.405594405594407,2.8714285714285737,1.468531468531469,Medium,4.405594405594407
STORE_16,SKU_226,2026-05-31,12,8,3,19.065725149375343,2.723675021339335,8.171025064018004,4.4058119658119645,3.8289749359819965,1.4686039886039883,Medium,4.4058119658119645
STORE_11,SKU_169,2026-05-31,13,10,3,20.652955082742317,2.9504221546774736,8.85126646403242,4.40614912662256,4.14873353596758,1.4687163755408532,Medium,4.40614912662256
STORE_02,SKU_071,2026-05-31,11,9,3,17.47380991026503,2.49625855860929,7.4887756758278705,4.406594806480421,3.5112243241721295,1.4688649354934737,Medium,4.406594806480421
STORE_18,SKU_109,2026-05-31,11,10,4,17.468982630272954,2.4955689471818507,9.982275788727403,4.4078124999999995,1.017724211272597,1.1019531249999999,Medium,4.4078124999999995
STORE_11,SKU_233,2026-05-31,10,6,3,15.876146600304388,2.268020942900627,6.8040628287018805,4.409130361561282,3.1959371712981195,1.4697101205204273,Medium,4.409130361561282
STORE_18,SKU_093,2026-05-31,16,7,3,25.395833333333332,3.6279761904761902,10.883928571428571,4.410172272354389,5.116071428571429,1.4700574241181297,Medium,4.410172272354389
STORE_14,SKU_090,2026-05-31,10,7,3,15.86501210653753,2.2664303009339326,6.799290902801798,4.412224808271969,3.200709097198202,1.4707416027573228,Medium,4.412224808271969
STORE_08,SKU_010,2026-05-31,15,10,4,23.773773666092943,3.3962533808704203,13.585013523481681,4.4166315989520415,1.4149864765183189,1.1041578997380104,Medium,4.4166315989520415
STORE_17,SKU_149,2026-05-31,11,10,4,17.422727272727272,2.488961038961039,9.955844155844156,4.419514740412209,1.0441558441558438,1.1048786851030523,Medium,4.419514740412209
STORE_06,SKU_118,2026-05-31,11,7,4,17.415873015873014,2.487981859410431,9.951927437641723,4.421254101348888,1.0480725623582767,1.105313525337222,Medium,4.421254101348888
STORE_04,SKU_179,2026-05-31,10,7,3,15.808121456008779,2.258303065144111,6.7749091954323335,4.428103629820765,3.2250908045676665,1.4760345432735886,Medium,4.428103629820765
STORE_09,SKU_077,2026-05-31,15,11,3,23.70580007459903,3.3865428677998612,10.159628603399584,4.4292957702156786,4.840371396600416,1.476431923405226,Medium,4.4292957702156786
STORE_06,SKU_154,2026-05-31,13,9,3,20.524817162359824,2.932116737479975,8.796350212439926,4.433657034805827,4.2036497875600745,1.4778856782686087,Medium,4.433657034805827
STORE_06,SKU_051,2026-05-31,20,12,3,31.573512287798003,4.510501755399715,13.531505266199144,4.434096489610528,6.468494733800856,1.4780321632035094,Medium,4.434096489610528
STORE_06,SKU_103,2026-05-31,9,8,3,14.199234199057862,2.0284620284368375,6.085386085310512,4.436858996535189,2.914613914689488,1.478952998845063,Medium,4.436858996535189
STORE_07,SKU_169,2026-05-31,11,7,3,17.346938775510203,2.4781341107871717,7.434402332361515,4.438823529411765,3.5655976676384853,1.4796078431372552,Medium,4.438823529411765
STORE_03,SKU_243,2026-05-31,15,10,3,23.64519059407657,3.3778843705823673,10.133653111747101,4.440649339756384,4.866346888252899,1.4802164465854617,Medium,4.440649339756384
STORE_13,SKU_104,2026-05-31,16,8,4,25.219967976255564,3.6028525680365093,14.411410272146037,4.440925543816997,1.5885897278539627,1.1102313859542492,Medium,4.440925543816997
STORE_02,SKU_050,2026-05-31,11,7,3,17.31953352769679,2.474219075385256,7.422657226155768,4.445847220819446,3.577342773844232,1.481949073606482,Medium,4.445847220819446
STORE_08,SKU_136,2026-05-31,8,6,3,12.593294460641399,1.799042065805914,5.397126197417743,4.446810973492303,2.6028738025822573,1.482270324497434,Medium,4.446810973492303
STORE_09,SKU_101,2026-05-31,13,10,3,20.463288108539505,2.923326872648501,8.769980617945503,4.4469881632573465,4.230019382054497,1.4823293877524488,Medium,4.4469881632573465
STORE_02,SKU_175,2026-05-31,17,10,3,26.757812500000004,3.8225446428571432,11.46763392857143,4.4472992700729925,5.532366071428569,1.4824330900243305,Medium,4.4472992700729925
STORE_06,SKU_190,2026-05-31,21,11,4,33.040112596762846,4.720016085251835,18.88006434100734,4.449137380191693,2.1199356589926595,1.1122843450479232,Medium,4.449137380191693
STORE_15,SKU_145,2026-05-31,12,8,4,18.87129819333209,2.6958997419045843,10.783598967618337,4.451204105803396,1.216401032381663,1.112801026450849,Medium,4.451204105803396
STORE_01,SKU_018,2026-05-31,6,6,3,9.432734693877553,1.3475335276967932,4.04260058309038,4.45257938053327,1.9573994169096203,1.4841931268444235,Medium,4.45257938053327
STORE_07,SKU_010,2026-05-31,10,10,4,15.719696969696969,2.2456709956709955,8.982683982683982,4.453012048192772,1.017316017316018,1.113253012048193,Medium,4.453012048192772
STORE_03,SKU_135,2026-05-31,13,9,3,20.41678819343172,2.916684027633103,8.750052082899309,4.457116326909616,4.249947917100691,1.4857054423032052,Medium,4.457116326909616
STORE_13,SKU_100,2026-05-31,13,10,3,20.41092566723035,2.91584652389005,8.747539571670151,4.458396521726601,4.252460428329849,1.4861321739088669,Medium,4.458396521726601
STORE_02,SKU_204,2026-05-31,19,11,3,29.799431677934777,4.257061668276397,12.771185004829192,4.463172366420695,6.228814995170808,1.4877241221402318,Medium,4.463172366420695
STORE_07,SKU_049,2026-05-31,12,11,3,18.81928697404888,2.688469567721268,8.065408703163804,4.463505982762949,3.934591296836196,1.4878353275876497,Medium,4.463505982762949
STORE_01,SKU_071,2026-05-31,10,8,4,15.68054187192118,2.2400774102744543,8.960309641097817,4.464131442124939,1.0396903589021829,1.1160328605312348,Medium,4.464131442124939
STORE_09,SKU_165,2026-05-31,10,9,3,15.669582880174012,2.238511840024859,6.715535520074576,4.467253566051698,3.2844644799254237,1.4890845220172328,Medium,4.467253566051698
STORE_13,SKU_182,2026-05-31,15,10,3,23.49688262401735,3.356697517716764,10.070092553150293,4.468677895708352,4.9299074468497075,1.4895592985694508,Medium,4.468677895708352
STORE_14,SKU_068,2026-05-31,11,11,3,17.21321905759946,2.45903129394278,7.37709388182834,4.473306227169943,3.6229061181716604,1.4911020757233144,Medium,4.473306227169943
STORE_06,SKU_164,2026-05-31,13,11,3,20.332792207792206,2.904684601113172,8.714053803339517,4.475528942115769,4.285946196660483,1.4918429807052562,Medium,4.475528942115769
STORE_09,SKU_074,2026-05-31,13,8,4,20.323081345214145,2.9032973350305924,11.61318934012237,4.477667458701062,1.3868106598776304,1.1194168646752656,Medium,4.477667458701062
STORE_07,SKU_009,2026-05-31,9,7,3,14.062373732777605,2.0089105332539434,6.02673159976183,4.480040226292309,2.9732684002381697,1.4933467420974365,Medium,4.480040226292309
STORE_04,SKU_032,2026-05-31,12,5,3,18.74139728884255,2.6773424698346497,8.03202740950395,4.482056417960273,3.96797259049605,1.4940188059867574,Medium,4.482056417960273
STORE_18,SKU_060,2026-05-31,8,5,4,12.477922077922077,1.782560296846011,7.130241187384044,4.487926727726895,0.8697588126159559,1.1219816819317237,Medium,4.487926727726895
STORE_02,SKU_122,2026-05-31,12,11,3,18.713886597663834,2.6734123710948334,8.0202371132845,4.488645346952472,3.9797628867155,1.496215115650824,Medium,4.488645346952472
STORE_04,SKU_175,2026-05-31,16,10,4,24.948820793614143,3.564117256230592,14.256469024922367,4.489190127521671,1.7435309750776327,1.1222975318804178,Medium,4.489190127521671
STORE_08,SKU_218,2026-05-31,13,10,3,20.250806955435237,2.892972422205034,8.678917266615102,4.4936480901851645,4.321082733384898,1.4978826967283883,Medium,4.4936480901851645
STORE_03,SKU_074,2026-05-31,10,7,4,15.569306930693068,2.224186704384724,8.896746817538896,4.496025437201909,1.1032531824611045,1.1240063593004772,Medium,4.496025437201909
STORE_17,SKU_186,2026-05-31,9,5,3,14.002267573696141,2.0003239390994487,6.000971817298346,4.49927125506073,2.999028182701654,1.4997570850202433,Medium,4.49927125506073
STORE_01,SKU_237,2026-05-31,17,9,4,26.44334975369458,3.77762139338494,15.11048557353976,4.500186289120715,1.8895144264602397,1.1250465722801788,Medium,4.500186289120715
STORE_17,SKU_218,2026-05-31,13,7,3,20.218867924528304,2.8884097035040432,8.66522911051213,4.500746547219111,4.334770889487871,1.5002488490730372,Medium,4.500746547219111
STORE_01,SKU_052,2026-05-31,10,7,4,15.551626591230551,2.2216609416043647,8.886643766417459,4.501136880400182,1.1133562335825413,1.1252842201000455,Medium,4.501136880400182
STORE_11,SKU_230,2026-05-31,12,7,4,18.646893646893645,2.663841949556235,10.65536779822494,4.5047717647058825,1.3446322017750596,1.1261929411764706,Medium,4.5047717647058825
STORE_03,SKU_219,2026-05-31,12,7,3,18.644100046033454,2.663442863719065,7.990328591157195,4.505446752194995,4.009671408842805,1.5018155840649985,Medium,4.505446752194995
STORE_14,SKU_101,2026-05-31,16,8,3,24.82971005365645,3.5471014362366353,10.641304308709906,4.510725246407248,5.3586956912900945,1.5035750821357494,Medium,4.510725246407248
STORE_16,SKU_201,2026-05-31,11,9,3,17.066625868078653,2.4380894097255217,7.314268229176565,4.51172953548015,3.685731770823435,1.5039098451600499,Medium,4.51172953548015
STORE_10,SKU_082,2026-05-31,10,7,3,15.502691511387162,2.214670215912452,6.644010647737355,4.515344961136782,3.355989352262645,1.5051149870455944,Medium,4.515344961136782
STORE_13,SKU_007,2026-05-31,8,5,3,12.378766140602583,1.7683951629432262,5.305185488829679,4.52387575336115,2.6948145111703212,1.5079585844537164,Medium,4.52387575336115
STORE_15,SKU_184,2026-05-31,11,11,3,17.015337547887533,2.4307625068410763,7.292287520523229,4.525328973538912,3.707712479476771,1.5084429911796373,Medium,4.525328973538912
STORE_18,SKU_223,2026-05-31,11,7,3,17.007764253683536,2.4296806076690767,7.28904182300723,4.527344032495239,3.7109581769927704,1.509114677498413,Medium,4.527344032495239
STORE_10,SKU_089,2026-05-31,9,8,3,13.914893617021276,1.9878419452887537,5.963525835866261,4.527522935779817,3.0364741641337387,1.5091743119266054,Medium,4.527522935779817
STORE_07,SKU_242,2026-05-31,15,12,3,23.177463503649633,3.3110662148070906,9.933198644421271,4.5302627694124595,5.066801355578729,1.5100875898041533,Medium,4.5302627694124595
STORE_15,SKU_048,2026-05-31,14,8,4,21.624966370729084,3.0892809101041547,12.357123640416619,4.5317989549639215,1.642876359583381,1.1329497387409804,Medium,4.5317989549639215
STORE_18,SKU_098,2026-05-31,6,6,3,9.262868710237132,1.3232669586053045,3.9698008758159133,4.534232462302144,2.0301991241840867,1.5114108207673815,Medium,4.534232462302144
STORE_07,SKU_203,2026-05-31,9,7,3,13.890544217687072,1.9843634596695818,5.953090379008746,4.535459447282202,3.0469096209912543,1.5118198157607339,Medium,4.535459447282202
STORE_03,SKU_187,2026-05-31,13,11,4,20.056488684582746,2.8652126692261066,11.460850676904426,4.537185019327483,1.5391493230955735,1.1342962548318707,Medium,4.537185019327483
STORE_10,SKU_208,2026-05-31,15,11,3,23.133408980385802,3.304772711483686,9.914318134451058,4.5388900567584605,5.085681865548942,1.5129633522528203,Medium,4.5388900567584605
STORE_09,SKU_090,2026-05-31,15,10,4,23.130750605326874,3.304392943618125,13.2175717744725,4.5394117031299075,1.7824282255275001,1.1348529257824769,Medium,4.5394117031299075
STORE_07,SKU_141,2026-05-31,8,6,4,12.335650528567315,1.7622357897953307,7.048943159181323,4.539687620876849,0.9510568408186773,1.1349219052192123,Medium,4.539687620876849
STORE_13,SKU_209,2026-05-31,15,8,4,23.124906897065397,3.3035581281521997,13.214232512608799,4.540558821161124,1.785767487391201,1.135139705290281,Medium,4.540558821161124
STORE_11,SKU_035,2026-05-31,13,8,3,20.021505376344088,2.860215053763441,8.580645161290324,4.545112781954887,4.419354838709676,1.5150375939849623,Medium,4.545112781954887
STORE_07,SKU_167,2026-05-31,19,11,3,29.22060889929742,4.1743726998996316,12.523118099698895,4.551582085724362,6.476881900301105,1.5171940285747871,Medium,4.551582085724362
STORE_14,SKU_098,2026-05-31,8,6,3,12.29804341999464,1.7568633457135199,5.270590037140559,4.553569871850754,2.7294099628594406,1.5178566239502516,Medium,4.553569871850754
STORE_17,SKU_044,2026-05-31,9,10,3,13.835037906942173,1.9764339867060248,5.9293019601180745,4.553655756041531,3.0706980398819255,1.5178852520138435,Medium,4.553655756041531
STORE_14,SKU_099,2026-05-31,13,8,3,19.962710929238128,2.8518158470340182,8.555447541102055,4.558499109793651,4.444552458897945,1.5194997032645505,Medium,4.558499109793651
STORE_09,SKU_075,2026-05-31,14,10,4,21.493489169789747,3.0704984528271067,12.281993811308427,4.559520291277057,1.7180061886915734,1.1398800728192642,Medium,4.559520291277057
STORE_16,SKU_149,2026-05-31,13,11,3,19.929086651053865,2.8470123787219808,8.541037136165942,4.5661901919217085,4.458962863834058,1.5220633973072362,Medium,4.5661901919217085
STORE_02,SKU_140,2026-05-31,13,9,3,19.91528938703141,2.8450413410044875,8.535124023013463,4.569353637374612,4.464875976986537,1.5231178791248707,Medium,4.569353637374612
STORE_02,SKU_052,2026-05-31,9,7,4,13.786989422634726,1.9695699175192465,7.878279670076986,4.569525519223946,1.121720329923014,1.1423813798059865,Medium,4.569525519223946
STORE_10,SKU_239,2026-05-31,19,11,3,29.072476311953352,4.153210901707622,12.459632705122866,4.574773699112659,6.540367294877134,1.5249245663708864,Medium,4.574773699112659
STORE_06,SKU_049,2026-05-31,11,11,3,16.81602879878742,2.402289828398203,7.206869485194609,4.578964565376598,3.793130514805391,1.5263215217921993,Medium,4.578964565376598
STORE_02,SKU_014,2026-05-31,10,9,3,15.27890142644241,2.182700203777487,6.548100611332461,4.581481223437609,3.451899388667539,1.5271604078125365,Medium,4.581481223437609
STORE_18,SKU_196,2026-05-31,8,6,3,12.21884498480243,1.7455492835432043,5.236647850629613,4.583084577114429,2.7633521493703874,1.527694859038143,Medium,4.583084577114429
STORE_07,SKU_133,2026-05-31,14,11,4,21.37798842378995,3.053998346255707,12.215993385022829,4.584154414217158,1.7840066149771712,1.1460386035542895,Medium,4.584154414217158
STORE_03,SKU_081,2026-05-31,14,11,4,21.363839285714285,3.0519770408163263,12.207908163265305,4.58719047121513,1.792091836734695,1.1467976178037824,Medium,4.58719047121513
STORE_11,SKU_222,2026-05-31,15,9,4,22.872208436724566,3.2674583481035095,13.069833392414038,4.590724165988608,1.9301666075859618,1.147681041497152,Medium,4.590724165988608
STORE_07,SKU_071,2026-05-31,13,9,4,19.820887112394573,2.831555301770653,11.326221207082613,4.5911164058391245,1.6737787929173873,1.1477791014597811,Medium,4.5911164058391245
STORE_16,SKU_242,2026-05-31,9,9,3,13.720829315332688,1.9601184736189554,5.8803554208568665,4.591559194574271,3.1196445791431335,1.530519731524757,Medium,4.591559194574271
STORE_15,SKU_151,2026-05-31,11,10,3,16.769676531581293,2.395668075940185,7.187004227820555,4.591621064067078,3.8129957721794447,1.5305403546890257,Medium,4.591621064067078
STORE_10,SKU_244,2026-05-31,9,6,3,13.711710092842166,1.958815727548881,5.8764471826466425,4.5946128946299325,3.1235528173533575,1.5315376315433107,Medium,4.5946128946299325
STORE_10,SKU_020,2026-05-31,13,7,3,19.801873881461212,2.82883912592303,8.48651737776909,4.595524673308593,4.51348262223091,1.5318415577695312,Medium,4.595524673308593
STORE_03,SKU_190,2026-05-31,14,12,3,21.322561136523575,3.0460801623605107,9.138240487081532,4.59607077088573,4.861759512918468,1.532023590295243,Medium,4.59607077088573
STORE_18,SKU_232,2026-05-31,14,10,3,21.317489939190818,3.045355705598688,9.136067116796065,4.597164125774179,4.863932883203935,1.5323880419247262,Medium,4.597164125774179
STORE_02,SKU_019,2026-05-31,18,11,4,27.397056637431252,3.91386523391875,15.655460935675,4.599034183396635,2.3445390643249997,1.1497585458491588,Medium,4.599034183396635
STORE_15,SKU_186,2026-05-31,7,6,3,10.653968253968253,1.5219954648526077,4.565986394557823,4.599225268176401,2.4340136054421766,1.5330750893921334,Medium,4.599225268176401
STORE_03,SKU_218,2026-05-31,17,11,3,25.86459456809491,3.6949420811564155,11.084826243469246,4.600884026490468,5.915173756530754,1.5336280088301562,Medium,4.600884026490468
STORE_02,SKU_157,2026-05-31,8,7,3,12.149825783972124,1.7356893977103034,5.20706819313091,4.6091195870375685,2.79293180686909,1.5363731956791897,Medium,4.6091195870375685
STORE_07,SKU_235,2026-05-31,11,8,3,16.704433497536947,2.386347642505278,7.159042927515834,4.609554703627248,3.8409570724841657,1.5365182345424162,Medium,4.609554703627248
STORE_01,SKU_212,2026-05-31,12,8,3,18.218627422634707,2.602661060376387,7.807983181129161,4.610665669337907,4.192016818870839,1.536888556445969,Medium,4.610665669337907
STORE_06,SKU_233,2026-05-31,11,6,3,16.698073168661402,2.385439024094486,7.156317072283457,4.611310492069948,3.843682927716543,1.5371034973566495,Medium,4.611310492069948
STORE_18,SKU_229,2026-05-31,18,10,4,27.317458813336764,3.902494116190966,15.609976464763864,4.612434884993221,2.3900235352361356,1.1531087212483053,Medium,4.612434884993221
STORE_01,SKU_065,2026-05-31,11,6,3,16.692640692640694,2.384662956091528,7.153988868274583,4.6128112033195015,3.846011131725417,1.537603734439834,Medium,4.6128112033195015
STORE_04,SKU_105,2026-05-31,19,12,3,28.80387931034483,4.114839901477833,12.344519704433498,4.617433595211373,6.655480295566502,1.5391445317371242,Medium,4.617433595211373
STORE_02,SKU_155,2026-05-31,22,12,3,33.29304875263305,4.756149821804721,14.268449465414163,4.625590198849561,7.731550534585837,1.54186339961652,Medium,4.625590198849561
STORE_02,SKU_022,2026-05-31,9,7,3,13.617265087853323,1.9453235839790461,5.835970751937138,4.626479663394109,3.164029248062862,1.5421598877980367,Medium,4.626479663394109
STORE_03,SKU_053,2026-05-31,13,9,3,19.667969924812034,2.809709989258862,8.429129967776586,4.626812037433481,4.570870032223414,1.5422706791444938,Medium,4.626812037433481
STORE_09,SKU_019,2026-05-31,13,11,4,19.662610090904266,2.8089442987006095,11.235777194802438,4.6280732608381285,1.7642228051975621,1.1570183152095321,Medium,4.6280732608381285
STORE_07,SKU_038,2026-05-31,16,9,3,24.19214453566088,3.4560206479515543,10.368061943854663,4.629601969966091,5.631938056145337,1.5432006566553635,Medium,4.629601969966091
STORE_02,SKU_113,2026-05-31,10,8,3,15.119898766213224,2.1599855380304605,6.479956614091382,4.629660626856928,3.520043385908618,1.5432202089523093,Medium,4.629660626856928
STORE_04,SKU_225,2026-05-31,7,6,3,10.583439117273704,1.5119198738962434,4.53575962168873,4.629874982700558,2.4642403783112696,1.543291660900186,Medium,4.629874982700558
STORE_07,SKU_187,2026-05-31,15,11,4,22.665885298740047,3.237983614105721,12.951934456422885,4.632512633681983,2.048065543577115,1.1581281584204957,Medium,4.632512633681983
STORE_06,SKU_092,2026-05-31,13,9,3,19.61206442783451,2.8017234896906444,8.405170469071933,4.6400010735661175,4.594829530928067,1.5466670245220393,Medium,4.6400010735661175
STORE_14,SKU_203,2026-05-31,12,10,3,18.084673432214416,2.583524776030631,7.7505743280918935,4.644817077557504,4.2494256719081065,1.5482723591858345,Medium,4.644817077557504
STORE_03,SKU_239,2026-05-31,18,11,3,27.11666666666666,3.873809523809523,11.621428571428568,4.646588813767671,6.378571428571432,1.5488629379225574,Medium,4.646588813767671
STORE_11,SKU_237,2026-05-31,10,7,3,15.061797752808989,2.151685393258427,6.45505617977528,4.647519582245431,3.54494382022472,1.5491731940818105,Medium,4.647519582245431
STORE_02,SKU_081,2026-05-31,20,11,3,30.118251928020566,4.302607418288653,12.907822254865959,4.648344144759303,7.092177745134041,1.549448048253101,Medium,4.648344144759303
STORE_13,SKU_094,2026-05-31,16,9,4,24.084881695764835,3.4406973851092624,13.76278954043705,4.650220059818456,2.2372104595629505,1.162555014954614,Medium,4.650220059818456
STORE_03,SKU_084,2026-05-31,10,7,4,15.041049671977508,2.1487213817110726,8.59488552684429,4.6539305119385865,1.4051144731557095,1.1634826279846466,Medium,4.6539305119385865
STORE_18,SKU_195,2026-05-31,9,6,3,13.513043478260867,1.9304347826086954,5.791304347826086,4.662162162162163,3.2086956521739136,1.5540540540540542,Medium,4.662162162162163
STORE_04,SKU_006,2026-05-31,10,7,3,15.008557213930349,2.14407960199005,6.432238805970149,4.664005940226471,3.567761194029851,1.554668646742157,Medium,4.664005940226471
STORE_07,SKU_093,2026-05-31,18,10,4,26.973718449128288,3.8533883498754697,15.413553399501879,4.671213582867065,2.586446600498121,1.1678033957167662,Medium,4.671213582867065
STORE_18,SKU_177,2026-05-31,12,7,3,17.97709287796751,2.56815612542393,7.70446837627179,4.672613117716564,4.29553162372821,1.5575377059055213,Medium,4.672613117716564
STORE_17,SKU_201,2026-05-31,13,9,3,19.474123764537772,2.782017680648253,8.34605304194476,4.6728674984447975,4.65394695805524,1.557622499481599,Medium,4.6728674984447975
STORE_11,SKU_172,2026-05-31,8,6,4,11.97924812030075,1.7113211600429643,6.845284640171857,4.6747508222238965,1.1547153598281428,1.1686877055559741,Medium,4.6747508222238965
STORE_18,SKU_082,2026-05-31,13,9,3,19.41840047707395,2.774057211010564,8.322171633031692,4.686276818084879,4.677828366968308,1.5620922726949598,Medium,4.686276818084879
STORE_07,SKU_069,2026-05-31,16,11,3,23.86768149882904,3.4096687855470056,10.229006356641017,4.692537899229751,5.770993643358983,1.56417929974325,Medium,4.692537899229751
STORE_03,SKU_049,2026-05-31,16,11,4,23.85907270709702,3.4084389581567174,13.63375583262687,4.694231053107313,2.3662441673731305,1.1735577632768281,Medium,4.694231053107313
STORE_10,SKU_115,2026-05-31,17,11,3,25.345338589981445,3.620762655711635,10.862287967134904,4.695143431504149,6.137712032865096,1.565047810501383,Medium,4.695143431504149
STORE_07,SKU_097,2026-05-31,7,7,3,10.435835351089588,1.4908336215842268,4.47250086475268,4.695359628770301,2.5274991352473197,1.5651198762567673,Medium,4.695359628770301
STORE_07,SKU_229,2026-05-31,11,7,3,16.38650822861349,2.3409297469447843,7.022789240834353,4.698987662639778,3.977210759165647,1.5663292208799262,Medium,4.698987662639778
STORE_09,SKU_129,2026-05-31,16,10,3,23.834696001189236,3.404956571598462,10.214869714795388,4.699032032731265,5.7851302852046125,1.5663440109104214,Medium,4.699032032731265
STORE_10,SKU_103,2026-05-31,11,7,3,16.38355795148248,2.3405082787832114,7.021524836349634,4.699833835118372,3.9784751636503657,1.5666112783727906,Medium,4.699833835118372
STORE_17,SKU_211,2026-05-31,15,9,3,22.341013824884794,3.1915734035549703,9.57472021066491,4.699876237623762,5.4252797893350895,1.5666254125412542,Medium,4.699876237623762
STORE_15,SKU_041,2026-05-31,12,9,3,17.862111668297455,2.551730238328208,7.655190714984624,4.7026914599961485,4.344809285015376,1.567563819998716,Medium,4.7026914599961485
STORE_13,SKU_120,2026-05-31,9,8,3,13.396525552369708,1.9137893646242439,5.741368093872731,4.702711890013598,3.2586319061272686,1.5675706300045327,Medium,4.702711890013598
STORE_01,SKU_072,2026-05-31,13,8,3,19.34369415969153,2.763384879955933,8.290154639867799,4.70437545428247,4.709845360132201,1.5681251514274899,Medium,4.70437545428247
STORE_07,SKU_011,2026-05-31,13,7,3,19.342653061224492,2.763236151603499,8.289708454810498,4.704628662467424,4.710291545189502,1.5682095541558077,Medium,4.704628662467424
STORE_09,SKU_125,2026-05-31,9,6,3,13.383956916099772,1.9119938451571101,5.73598153547133,4.707128123239571,3.26401846452867,1.5690427077465239,Medium,4.707128123239571
STORE_04,SKU_181,2026-05-31,13,7,3,19.321590174531355,2.7602271677901937,8.28068150337058,4.709757280741371,4.71931849662942,1.5699190935804572,Medium,4.709757280741371
STORE_04,SKU_043,2026-05-31,18,10,3,26.750916883920286,3.8215595548457553,11.464678664537265,4.710118929633301,6.535321335462735,1.5700396432111001,Medium,4.710118929633301
STORE_02,SKU_183,2026-05-31,23,12,4,34.17800933932895,4.882572762761279,19.530291051045115,4.710631283453242,3.469708948954885,1.1776578208633104,Medium,4.710631283453242
STORE_13,SKU_079,2026-05-31,10,7,3,14.859880025069389,2.122840003581341,6.368520010744023,4.710670603121046,3.6314799892559773,1.5702235343736821,Medium,4.710670603121046
STORE_08,SKU_090,2026-05-31,18,12,4,26.739591291061878,3.8199416130088397,15.279766452035359,4.71211390736991,2.720233547964641,1.1780284768424776,Medium,4.71211390736991
STORE_11,SKU_034,2026-05-31,8,7,4,11.883488248179503,1.6976411783113576,6.7905647132454305,4.712421035850222,1.2094352867545695,1.1781052589625556,Medium,4.712421035850222
STORE_06,SKU_008,2026-05-31,16,11,3,23.765238739768087,3.3950341056811553,10.185102317043466,4.712765616470847,5.814897682956534,1.570921872156949,Medium,4.712765616470847
STORE_13,SKU_065,2026-05-31,9,6,4,13.3582079296365,1.9083154185195,7.633261674078,4.716201479408649,1.3667383259220003,1.1790503698521622,Medium,4.716201479408649
STORE_02,SKU_118,2026-05-31,9,8,3,13.354904669798286,1.9078435242568978,5.723530572770693,4.717368005065031,3.2764694272293067,1.5724560016883438,Medium,4.717368005065031
STORE_04,SKU_218,2026-05-31,14,10,3,20.757695343330703,2.965385049047243,8.89615514714173,4.7211406844106465,5.10384485285827,1.5737135614702153,Medium,4.7211406844106465
STORE_17,SKU_224,2026-05-31,16,9,3,23.722582317863626,3.3889403311233752,10.166820993370125,4.721239808520404,5.833179006629875,1.5737466028401348,Medium,4.721239808520404
STORE_12,SKU_098,2026-05-31,9,5,3,13.339345040341716,1.9056207200488164,5.71686216014645,4.722870561445956,3.2831378398535502,1.5742901871486517,Medium,4.722870561445956
STORE_15,SKU_064,2026-05-31,10,8,3,14.817616140665141,2.1168023058093057,6.350406917427917,4.724106721046278,3.649593082572083,1.5747022403487594,Medium,4.724106721046278
STORE_14,SKU_145,2026-05-31,15,8,3,22.223985890652557,3.1748551272360794,9.52456538170824,4.724625029759543,5.475434618291761,1.5748750099198476,Medium,4.724625029759543
STORE_11,SKU_075,2026-05-31,12,8,4,17.777652977652977,2.5396647110932826,10.15865884437313,4.7250331697660215,1.8413411556268695,1.1812582924415054,Medium,4.7250331697660215
STORE_04,SKU_162,2026-05-31,25,12,3,37.03271921876573,5.290388459823675,15.871165379471027,4.7255509098916395,9.128834620528973,1.5751836366305465,Medium,4.7255509098916395
STORE_03,SKU_194,2026-05-31,13,11,4,19.254665173268165,2.7506664533240235,11.002665813296094,4.726127366075317,1.997334186703906,1.1815318415188292,Medium,4.726127366075317
STORE_01,SKU_134,2026-05-31,11,6,3,16.256270447110143,2.3223243495871633,6.96697304876149,4.736633796203126,4.03302695123851,1.5788779320677084,Medium,4.736633796203126
STORE_01,SKU_040,2026-05-31,16,11,3,23.641759355321255,3.3773941936173224,10.132182580851968,4.737380087357635,5.867817419148032,1.5791266957858783,Medium,4.737380087357635
STORE_12,SKU_047,2026-05-31,15,7,3,22.133944486885664,3.1619920695550947,9.485976208665285,4.743844914864243,5.514023791334715,1.5812816382880808,Medium,4.743844914864243
STORE_18,SKU_171,2026-05-31,13,8,4,19.17716396903589,2.739594852719413,10.958379410877653,4.745227195581773,2.0416205891223473,1.1863067988954432,Medium,4.745227195581773
STORE_01,SKU_144,2026-05-31,8,6,3,11.80069739566307,1.6858139136661527,5.057441740998458,4.7454822475645235,2.942558259001542,1.5818274158548413,Medium,4.7454822475645235
STORE_14,SKU_188,2026-05-31,12,8,3,17.671514910008632,2.5245021300012334,7.5735063900037005,4.753412507516536,4.4264936099962995,1.5844708358388453,Medium,4.753412507516536
STORE_04,SKU_166,2026-05-31,17,11,4,25.033692081114758,3.576241725873537,14.304966903494147,4.753593661470845,2.6950330965058527,1.1883984153677112,Medium,4.753593661470845
STORE_15,SKU_131,2026-05-31,10,6,3,14.72318339100346,2.103311913000494,6.309935739001482,4.754406580493538,3.6900642609985184,1.584802193497846,Medium,4.754406580493538
STORE_10,SKU_024,2026-05-31,20,11,3,29.435665914221218,4.2050951306030315,12.615285391809095,4.756134969325153,7.3847146081909045,1.5853783231083842,Medium,4.756134969325153
STORE_14,SKU_019,2026-05-31,16,8,3,23.544321462025195,3.3634744945750277,10.090423483725083,4.756985678293835,5.909576516274917,1.5856618927646116,Medium,4.756985678293835
STORE_03,SKU_153,2026-05-31,9,7,3,13.243081525804037,1.8918687894005768,5.675606368201731,4.7572009488309055,3.3243936317982694,1.5857336496103016,Medium,4.7572009488309055
STORE_02,SKU_101,2026-05-31,19,11,3,27.944703296703295,3.9921004709576136,11.976301412872841,4.759399253156155,7.023698587127159,1.5864664177187182,Medium,4.759399253156155
STORE_09,SKU_097,2026-05-31,12,7,3,17.61779796680668,2.516828280972383,7.5504848429171485,4.767905737042883,4.4495151570828515,1.5893019123476275,Medium,4.767905737042883
STORE_09,SKU_035,2026-05-31,19,11,3,27.889552748378286,3.984221821196898,11.952665463590694,4.768810787320125,7.047334536409306,1.5896035957733747,Medium,4.768810787320125
STORE_15,SKU_070,2026-05-31,21,10,3,30.82218675951448,4.403169537073497,13.20950861122049,4.769291716611336,7.790491388779509,1.589763905537112,Medium,4.769291716611336
STORE_04,SKU_001,2026-05-31,20,12,3,29.343698077379546,4.191956868197078,12.575870604591234,4.771041456016177,7.424129395408766,1.5903471520053922,Medium,4.771041456016177
STORE_14,SKU_206,2026-05-31,10,10,3,14.6626767282505,2.0946681040357857,6.284004312107357,4.774026004756101,3.715995687892643,1.5913420015853672,Medium,4.774026004756101
STORE_01,SKU_043,2026-05-31,19,10,3,27.856669058223126,3.9795241511747323,11.938572453524197,4.77444017883176,7.061427546475803,1.591480059610587,Medium,4.77444017883176
STORE_01,SKU_141,2026-05-31,10,6,3,14.658974358974358,2.0941391941391942,6.282417582417583,4.775231764911667,3.717582417582417,1.5917439216372222,Medium,4.775231764911667
STORE_08,SKU_151,2026-05-31,10,7,3,14.653827160493828,2.093403880070547,6.2802116402116415,4.776909078654714,3.7197883597883585,1.5923030262182378,Medium,4.776909078654714
STORE_17,SKU_208,2026-05-31,11,8,3,16.11842105263158,2.3026315789473686,6.907894736842106,4.777142857142857,4.092105263157894,1.5923809523809522,Medium,4.777142857142857
STORE_10,SKU_088,2026-05-31,12,6,3,17.567402597402598,2.5096289424860854,7.5288868274582565,4.781583363520097,4.4711131725417435,1.5938611211733655,Medium,4.781583363520097
STORE_12,SKU_218,2026-05-31,10,7,3,14.634445139944557,2.0906350199920793,6.271905059976238,4.783235669723875,3.7280949400237624,1.5944118899079585,Medium,4.783235669723875
STORE_07,SKU_149,2026-05-31,11,8,4,16.08116202455825,2.2973088606511785,9.189235442604714,4.788211192848497,1.8107645573952862,1.1970527982121242,Medium,4.788211192848497
STORE_17,SKU_020,2026-05-31,18,11,4,26.2862346567082,3.755176379529743,15.020705518118971,4.793383367588747,2.9792944818810287,1.1983458418971868,Medium,4.793383367588747
STORE_18,SKU_021,2026-05-31,8,6,3,11.673469387755102,1.6676384839650145,5.002915451895044,4.7972027972027975,2.997084548104956,1.599067599067599,Medium,4.7972027972027975
STORE_18,SKU_201,2026-05-31,10,9,3,14.587944056954932,2.083992008136419,6.251976024409257,4.7984828929081935,3.748023975590743,1.5994942976360647,Medium,4.7984828929081935
STORE_18,SKU_016,2026-05-31,11,8,3,16.010320478001088,2.287188639714441,6.861565919143323,4.809397794741306,4.138434080856677,1.603132598247102,Medium,4.809397794741306
STORE_18,SKU_104,2026-05-31,11,8,3,16.00396799823235,2.2862811426046217,6.858843427813865,4.811306796446025,4.141156572186135,1.6037689321486752,Medium,4.811306796446025
STORE_01,SKU_105,2026-05-31,19,12,3,27.643174173302818,3.9490248819004026,11.847074645701207,4.811314329034201,7.152925354298793,1.6037714430114003,Medium,4.811314329034201
STORE_14,SKU_207,2026-05-31,12,9,3,17.45826932923707,2.494038475605296,7.482115426815888,4.811473486625998,4.517884573184112,1.6038244955419991,Medium,4.811473486625998
STORE_18,SKU_221,2026-05-31,13,8,3,18.909686411149824,2.7013837730214036,8.104151319064211,4.812348445204419,4.895848680935789,1.604116148401473,Medium,4.812348445204419
STORE_11,SKU_138,2026-05-31,14,9,4,20.33371158164128,2.904815940234468,11.619263760937873,4.819582475463131,2.380736239062127,1.2048956188657827,Medium,4.819582475463131
STORE_07,SKU_207,2026-05-31,9,7,4,13.070813718061782,1.8672591025802545,7.469036410321018,4.819898849368807,1.530963589678982,1.2049747123422017,Medium,4.819898849368807
STORE_04,SKU_018,2026-05-31,10,6,3,14.519916142557651,2.074273734651093,6.222821203953279,4.820964481663298,3.777178796046721,1.6069881605544327,Medium,4.820964481663298
STORE_10,SKU_013,2026-05-31,20,12,3,29.03607503607504,4.1480107194392914,12.444032158317874,4.8215883113010625,7.555967841682126,1.607196103767021,Medium,4.8215883113010625
STORE_08,SKU_243,2026-05-31,11,10,3,15.960076246955417,2.2800108924222022,6.840032677266606,4.824538354864608,4.159967322733394,1.6081794516215364,Medium,4.824538354864608
STORE_02,SKU_219,2026-05-31,10,7,3,14.50853889943074,2.0726484142043913,6.217945242613174,4.824744964687419,3.7820547573868257,1.6082483215624728,Medium,4.824744964687419
STORE_18,SKU_222,2026-05-31,11,9,3,15.956397896581946,2.279485413797421,6.838456241392263,4.825650532097494,4.161543758607737,1.608550177365831,Medium,4.825650532097494
STORE_17,SKU_087,2026-05-31,10,6,3,14.505708448503785,2.0722440640719695,6.2167321922159084,4.825686401219532,3.7832678077840916,1.6085621337398441,Medium,4.825686401219532
STORE_07,SKU_127,2026-05-31,7,6,3,10.14687693259122,1.4495538475130314,4.348661542539094,4.829072070699374,2.6513384574609056,1.6096906902331247,Medium,4.829072070699374
STORE_01,SKU_174,2026-05-31,8,7,3,11.592023205221174,1.6560033150315963,4.9680099450947885,4.830908203735909,3.0319900549052115,1.6103027345786365,Medium,4.830908203735909
STORE_14,SKU_214,2026-05-31,10,6,3,14.480354178195904,2.0686220254565577,6.205866076369674,4.834135901551632,3.7941339236303264,1.611378633850544,Medium,4.834135901551632
STORE_02,SKU_147,2026-05-31,10,6,3,14.473372781065088,2.0676246830092984,6.202874049027895,4.836467702371219,3.797125950972105,1.612155900790406,Medium,4.836467702371219
STORE_06,SKU_124,2026-05-31,11,7,3,15.919909784538604,2.2742728263626577,6.822818479087973,4.836710825759974,4.177181520912027,1.6122369419199913,Medium,4.836710825759974
STORE_11,SKU_214,2026-05-31,8,6,3,11.557308970099667,1.6510441385856667,4.9531324157570005,4.8454186130075465,3.0468675842429995,1.615139537669182,Medium,4.8454186130075465
STORE_06,SKU_179,2026-05-31,11,7,4,15.891265597147948,2.270180799592564,9.080723198370256,4.845429052159282,1.919276801629744,1.2113572630398206,Medium,4.845429052159282
STORE_08,SKU_030,2026-05-31,8,5,3,11.557042866819339,1.651006123831334,4.953018371494002,4.845530179764055,3.046981628505998,1.6151767265880184,Medium,4.845530179764055
STORE_01,SKU_078,2026-05-31,11,7,4,15.890756302521009,2.270108043217287,9.080432172869148,4.845584346906398,1.9195678271308516,1.2113960867265996,Medium,4.845584346906398
STORE_11,SKU_186,2026-05-31,8,5,4,11.553473563338379,1.650496223334054,6.601984893336216,4.847027146684256,1.3980151066637836,1.211756786671064,Medium,4.847027146684256
STORE_10,SKU_064,2026-05-31,21,11,3,30.315283190977695,4.330754741568242,12.992264224704726,4.849039313732999,8.007735775295274,1.6163464379109997,Medium,4.849039313732999
STORE_06,SKU_220,2026-05-31,12,6,3,17.32200772200772,2.4745725317153884,7.423717595146165,4.84932239657632,4.576282404853835,1.6164407988587735,Medium,4.84932239657632
STORE_17,SKU_170,2026-05-31,13,8,4,18.752062311913612,2.6788660445590873,10.71546417823635,4.852799574059949,2.284535821763651,1.2131998935149872,Medium,4.852799574059949
STORE_08,SKU_189,2026-05-31,13,10,3,18.73133381476557,2.6759048306807958,8.027714492042387,4.858169786513887,4.972285507957613,1.6193899288379623,Medium,4.858169786513887
STORE_07,SKU_214,2026-05-31,8,6,3,11.51955090979481,1.6456501299706872,4.936950389912061,4.861300621744245,3.0630496100879387,1.6204335405814152,Medium,4.861300621744245
STORE_11,SKU_104,2026-05-31,14,8,3,20.15100577388713,2.8787151105553046,8.636145331665913,4.863280825763755,5.363854668334087,1.6210936085879184,Medium,4.863280825763755
STORE_15,SKU_240,2026-05-31,20,11,3,28.783012961717716,4.111858994531103,12.335576983593308,4.863980021348156,7.664423016406692,1.6213266737827188,Medium,4.863980021348156
STORE_04,SKU_180,2026-05-31,15,9,3,21.567427340280528,3.0810610486115038,9.24318314583451,4.868452706174007,5.756816854165489,1.622817568724669,Medium,4.868452706174007
STORE_04,SKU_133,2026-05-31,19,10,3,27.313112745098042,3.90187324929972,11.70561974789916,4.86945597307908,7.29438025210084,1.62315199102636,Medium,4.86945597307908
STORE_18,SKU_075,2026-05-31,9,7,4,12.927246574305396,1.8467495106150567,7.386998042460227,4.873427580875636,1.6130019575397734,1.218356895218909,Medium,4.873427580875636
STORE_08,SKU_223,2026-05-31,11,10,3,15.791420118343193,2.2559171597633134,6.76775147928994,4.876065573770492,4.23224852071006,1.625355191256831,Medium,4.876065573770492
STORE_18,SKU_066,2026-05-31,10,6,3,14.350090615396736,2.0500129450566766,6.1500388351700295,4.878017977454054,3.8499611648299705,1.626005992484685,Medium,4.878017977454054
STORE_17,SKU_147,2026-05-31,9,6,4,12.905263506027483,1.8436090722896403,7.374436289158561,4.8817290689628665,1.6255637108414387,1.2204322672407166,Medium,4.8817290689628665
STORE_06,SKU_066,2026-05-31,13,6,4,18.627914254420276,2.661130607774325,10.6445224310973,4.8851416619768,2.3554775689026997,1.2212854154942,Medium,4.8851416619768
STORE_04,SKU_192,2026-05-31,9,6,3,12.876414488313483,1.8394877840447832,5.51846335213435,4.892666359659223,3.48153664786565,1.6308887865530741,Medium,4.892666359659223
STORE_07,SKU_178,2026-05-31,17,11,4,24.32063747770554,3.4743767825293626,13.89750713011745,4.892963850519378,3.10249286988255,1.2232409626298446,Medium,4.892963850519378
STORE_09,SKU_029,2026-05-31,13,7,3,18.585204573632737,2.6550292248046765,7.965087674414029,4.896367949003038,5.034912325585971,1.6321226496676795,Medium,4.896367949003038
STORE_09,SKU_193,2026-05-31,8,7,4,11.435945806894185,1.6337065438420264,6.534826175368106,4.896840274132838,1.4651738246318944,1.2242100685332096,Medium,4.896840274132838
STORE_17,SKU_067,2026-05-31,9,7,3,12.865270614552912,1.8378958020789875,5.513687406236962,4.896904378267472,3.4863125937630377,1.6323014594224905,Medium,4.896904378267472
STORE_10,SKU_162,2026-05-31,19,12,3,27.14263088827549,3.87751869832507,11.632556094975211,4.900040845246529,7.367443905024789,1.6333469484155099,Medium,4.900040845246529
STORE_03,SKU_005,2026-05-31,8,6,3,11.409937888198757,1.6299911268855367,4.88997338065661,4.908002177463255,3.1100266193433903,1.6360007258210854,Medium,4.908002177463255
STORE_03,SKU_104,2026-05-31,15,10,3,21.387403993855607,3.055343427693658,9.166030283080975,4.909431739829924,5.833969716919025,1.6364772466099746,Medium,4.909431739829924
STORE_04,SKU_061,2026-05-31,7,6,4,9.980299448384555,1.4257570640549364,5.703028256219746,4.909672325305961,1.2969717437802544,1.2274180813264903,Medium,4.909672325305961
STORE_09,SKU_135,2026-05-31,13,9,3,18.5338231610587,2.6476890230083856,7.943067069025156,4.909942174866519,5.056932930974844,1.6366473916221729,Medium,4.909942174866519
STORE_14,SKU_095,2026-05-31,17,11,3,24.21923076923077,3.45989010989011,10.37967032967033,4.913450849610926,6.620329670329671,1.6378169498703088,Medium,4.913450849610926
STORE_09,SKU_057,2026-05-31,8,6,3,11.393062719593331,1.627580388513333,4.882741165539999,4.915271808667694,3.117258834460001,1.638423936222565,Medium,4.915271808667694
STORE_04,SKU_206,2026-05-31,15,7,4,21.358205430932703,3.0511722044189575,12.20468881767583,4.916143368858622,2.79531118232417,1.2290358422146554,Medium,4.916143368858622
STORE_14,SKU_163,2026-05-31,12,11,3,17.08367693427116,2.4405252763244514,7.321575828973354,4.916974274518712,4.678424171026646,1.638991424839571,Medium,4.916974274518712
STORE_04,SKU_014,2026-05-31,18,9,3,25.60103528817625,3.65729075545375,10.971872266361249,4.92167596277611,7.028127733638751,1.6405586542587034,Medium,4.92167596277611
STORE_18,SKU_241,2026-05-31,11,7,3,15.629360694554066,2.2327658135077235,6.69829744052317,4.926625055548822,4.30170255947683,1.6422083518496076,Medium,4.926625055548822
STORE_09,SKU_204,2026-05-31,16,11,3,22.727081967213113,3.246725995316159,9.740177985948478,4.928041363232427,6.259822014051522,1.6426804544108087,Medium,4.928041363232427
STORE_10,SKU_036,2026-05-31,13,7,3,18.464443602374637,2.637777657482091,7.913332972446272,4.928391126191144,5.086667027553728,1.6427970420637148,Medium,4.928391126191144
STORE_04,SKU_193,2026-05-31,10,6,4,14.200563661047239,2.028651951578177,8.114607806312709,4.929381795739068,1.8853921936872915,1.232345448934767,Medium,4.929381795739068
STORE_10,SKU_219,2026-05-31,17,8,3,24.13972431077694,3.448532044396706,10.345596133190117,4.929633763334804,6.654403866809883,1.6432112544449349,Medium,4.929633763334804
STORE_17,SKU_100,2026-05-31,17,10,4,24.132302660918683,3.447471808702669,13.789887234810676,4.931149823208369,3.210112765189324,1.2327874558020921,Medium,4.931149823208369
STORE_15,SKU_206,2026-05-31,19,11,3,26.96577667675934,3.85225381096562,11.55676143289686,4.932177611432459,7.4432385671031405,1.6440592038108197,Medium,4.932177611432459
STORE_07,SKU_007,2026-05-31,8,5,4,11.33673469387755,1.619533527696793,6.478134110787172,4.93969396939694,1.5218658892128278,1.234923492349235,Medium,4.93969396939694
STORE_09,SKU_248,2026-05-31,7,5,3,9.918996746047744,1.4169995351496778,4.250998605449033,4.9400157349103075,2.749001394550967,1.6466719116367694,Medium,4.9400157349103075
STORE_17,SKU_094,2026-05-31,16,9,3,22.666354410616705,3.2380506300881007,9.714151890264302,4.941244541183926,6.2858481097356975,1.6470815137279753,Medium,4.941244541183926
STORE_06,SKU_013,2026-05-31,21,11,3,29.737693631669536,4.248241947381362,12.744725842144085,4.943221280733435,8.255274157855915,1.6477404269111453,Medium,4.943221280733435
STORE_13,SKU_041,2026-05-31,15,9,4,21.240220226021442,3.03431717514592,12.13726870058368,4.943451568894953,2.8627312994163194,1.2358628922237382,Medium,4.943451568894953
STORE_17,SKU_123,2026-05-31,9,6,3,12.741456582633052,1.8202080832332932,5.46062424969988,4.944489634401038,3.5393757503001204,1.6481632114670126,Medium,4.944489634401038
STORE_14,SKU_067,2026-05-31,10,7,3,14.140516136224289,2.020073733746327,6.0602212012389804,4.950314353850096,3.9397787987610196,1.650104784616699,Medium,4.950314353850096
STORE_02,SKU_128,2026-05-31,14,9,3,19.794486215538853,2.827783745076979,8.483351235230938,4.950873638895922,5.516648764769062,1.6502912129653071,Medium,4.950873638895922
STORE_11,SKU_060,2026-05-31,8,6,3,11.301272182157037,1.6144674545938624,4.843402363781587,4.955194344262883,3.1565976362184127,1.6517314480876277,Medium,4.955194344262883
STORE_08,SKU_092,2026-05-31,12,9,3,16.946329645481708,2.4209042350688152,7.262712705206446,4.956825563840981,4.737287294793554,1.652275187946994,Medium,4.956825563840981
STORE_03,SKU_058,2026-05-31,21,11,4,29.652124456339912,4.23601777947713,16.94407111790852,4.957486274430161,4.055928882091479,1.2393715686075402,Medium,4.957486274430161
STORE_11,SKU_099,2026-05-31,14,8,4,19.767759562841533,2.823965651834505,11.29586260733802,4.957567380787836,2.7041373926619805,1.239391845196959,Medium,4.957567380787836
STORE_02,SKU_249,2026-05-31,13,7,4,18.336724163349555,2.6195320233356507,10.478128093342603,4.962718487192268,2.521871906657397,1.240679621798067,Medium,4.962718487192268
STORE_03,SKU_237,2026-05-31,14,9,3,19.69968253968254,2.8142403628117916,8.442721088435375,4.974699455313114,5.557278911564625,1.658233151771038,Medium,4.974699455313114
STORE_08,SKU_040,2026-05-31,17,11,4,23.892905043674276,3.413272149096325,13.6530885963853,4.9805580268484615,3.3469114036146994,1.2451395067121154,Medium,4.9805580268484615
STORE_14,SKU_248,2026-05-31,6,6,3,8.430836339233284,1.2044051913190406,3.6132155739571217,4.9817121706598755,2.3867844260428783,1.6605707235532918,Medium,4.9817121706598755
STORE_08,SKU_138,2026-05-31,13,8,3,18.264725274725272,2.609246467817896,7.8277394034536885,4.982281344572196,5.1722605965463115,1.6607604481907319,Medium,4.982281344572196
STORE_09,SKU_120,2026-05-31,19,12,3,26.684976247030882,3.8121394638615547,11.436418391584663,4.984077885952711,7.563581608415337,1.6613592953175707,Medium,4.984077885952711
STORE_09,SKU_217,2026-05-31,25,12,3,35.10779696493982,5.015399566419974,15.046198699259923,4.984647717279516,9.953801300740077,1.661549239093172,Medium,4.984647717279516
STORE_07,SKU_012,2026-05-31,8,7,3,11.234010327022375,1.6048586181460536,4.814575854438161,4.984862784512239,3.1854241455618393,1.6616209281707461,Medium,4.984862784512239
STORE_15,SKU_043,2026-05-31,11,8,3,15.410518053375196,2.2015025790535994,6.604507737160798,4.996587378393522,4.395492262839202,1.6655291261311738,Medium,4.996587378393522
STORE_08,SKU_238,2026-05-31,22,10,3,30.795931068205732,4.39941872402939,13.19825617208817,5.000660628150072,8.80174382791183,1.6668868760500242,Medium,5.000660628150072
STORE_15,SKU_141,2026-05-31,9,6,3,12.596273291925465,1.7994676131322094,5.398402839396628,5.0014792899408285,3.6015971606033723,1.6671597633136097,Medium,5.0014792899408285
STORE_04,SKU_228,2026-05-31,10,7,4,13.979591836734691,1.997084548104956,7.988338192419824,5.007299270072994,2.011661807580176,1.2518248175182485,Medium,5.007299270072994
STORE_04,SKU_200,2026-05-31,10,7,3,13.978227654698241,1.9968896649568915,5.990668994870674,5.007787949173386,4.009331005129326,1.6692626497244618,Medium,5.007787949173386
STORE_08,SKU_195,2026-05-31,9,6,3,12.577932636469221,1.796847519495603,5.390542558486809,5.008772253822856,3.6094574415131913,1.6695907512742856,Medium,5.008772253822856
STORE_11,SKU_044,2026-05-31,12,10,4,16.760436971490275,2.394348138784325,9.5773925551373,5.011802505082959,2.4226074448627006,1.2529506262707397,Medium,5.011802505082959
STORE_07,SKU_170,2026-05-31,21,12,3,29.327876984126988,4.189696712018141,12.569090136054424,5.0122959830866805,8.430909863945576,1.67076532769556,Medium,5.0122959830866805
STORE_14,SKU_193,2026-05-31,11,10,3,15.351962457337883,2.193137493905412,6.579412481716235,5.01564540780881,4.420587518283765,1.6718818026029365,Medium,5.01564540780881
STORE_03,SKU_161,2026-05-31,8,7,5,11.163080778870253,1.5947258255528933,7.973629127764466,5.016536304744667,0.026370872235533582,1.0033072609489335,Medium,5.016536304744667
STORE_07,SKU_030,2026-05-31,8,6,5,11.15952380952381,1.59421768707483,7.971088435374149,5.0181352677618944,0.028911564625850872,1.003627053552379,Medium,5.0181352677618944
STORE_06,SKU_041,2026-05-31,10,7,3,13.938701298701297,1.991243042671614,5.973729128014842,5.021988670244485,4.026270871985158,1.6739962234148282,Medium,5.021988670244485
STORE_03,SKU_193,2026-05-31,11,7,3,15.331116252168885,2.190159464595555,6.570478393786665,5.022465339998114,4.429521606213335,1.6741551133327044,Medium,5.022465339998114
STORE_02,SKU_015,2026-05-31,18,11,3,25.077661529479666,3.582523075639952,10.747569226919857,5.024391921546696,7.2524307730801425,1.674797307182232,Medium,5.024391921546696
STORE_04,SKU_125,2026-05-31,7,6,3,9.747041673812383,1.3924345248303405,4.177303574491021,5.027166358757807,2.822696425508979,1.6757221195859358,Medium,5.027166358757807
STORE_04,SKU_091,2026-05-31,9,6,3,12.521739130434781,1.7888198757763973,5.366459627329192,5.031250000000001,3.633540372670808,1.6770833333333335,Medium,5.031250000000001
STORE_11,SKU_178,2026-05-31,7,7,3,9.733163265306123,1.390451895043732,4.1713556851311955,5.034334538973633,2.8286443148688045,1.678111512991211,Medium,5.034334538973633
STORE_02,SKU_046,2026-05-31,20,11,3,27.80195065978198,3.9717072371117115,11.915121711335134,5.035617885709098,8.084878288664866,1.678539295236366,Medium,5.035617885709098
STORE_13,SKU_110,2026-05-31,13,11,4,18.069786646537764,2.5813980923625377,10.32559236945015,5.036030683706823,2.674407630549849,1.2590076709267057,Medium,5.036030683706823
STORE_02,SKU_130,2026-05-31,16,11,4,22.22012882857652,3.1743041183680742,12.697216473472297,5.040474826408782,3.302783526527703,1.2601187066021955,Medium,5.040474826408782
STORE_02,SKU_172,2026-05-31,7,6,4,9.709395953503353,1.3870565647861934,5.548226259144774,5.046657921322054,1.4517737408552263,1.2616644803305135,Medium,5.046657921322054
STORE_03,SKU_211,2026-05-31,10,7,3,13.868945763423335,1.9812779662033335,5.94383389861,5.047247367900989,4.05616610139,1.6824157893003298,Medium,5.047247367900989
STORE_17,SKU_078,2026-05-31,17,8,3,23.577020843924757,3.368145834846394,10.104437504539181,5.047287390029326,6.895562495460819,1.6824291300097753,Medium,5.047287390029326
STORE_14,SKU_245,2026-05-31,18,10,3,24.961170142988326,3.5658814489983324,10.697644346994997,5.047840276646398,7.302355653005003,1.6826134255487994,Medium,5.047840276646398
STORE_10,SKU_203,2026-05-31,11,7,3,15.25397546569741,2.1791393522424873,6.5374180567274625,5.047864418895574,4.4625819432725375,1.6826214729651912,Medium,5.047864418895574
STORE_04,SKU_049,2026-05-31,24,12,3,33.23880997051729,4.748401424359613,14.245204273078837,5.054332575354396,9.754795726921163,1.6847775251181318,Medium,5.054332575354396
STORE_12,SKU_233,2026-05-31,9,6,3,12.461606225223901,1.7802294607462716,5.340688382238815,5.055528064470522,3.659311617761185,1.685176021490174,Medium,5.055528064470522
STORE_10,SKU_001,2026-05-31,16,11,3,22.153333333333336,3.1647619047619053,9.494285714285716,5.055672585013541,6.505714285714284,1.6852241950045137,Medium,5.055672585013541
STORE_03,SKU_201,2026-05-31,6,7,4,8.306878306878307,1.1866969009826154,4.7467876039304615,5.056050955414012,1.2532123960695385,1.264012738853503,Medium,5.056050955414012
STORE_03,SKU_141,2026-05-31,8,6,5,11.064690026954178,1.580670003850597,7.903350019252985,5.0611449451887935,0.09664998074701536,1.0122289890377587,Medium,5.0611449451887935
STORE_03,SKU_066,2026-05-31,11,6,4,15.212268743914313,2.173181249130616,8.692724996522465,5.061703898098957,2.3072750034775353,1.2654259745247391,Medium,5.061703898098957
STORE_01,SKU_024,2026-05-31,18,12,3,24.887731940190957,3.5553902771701367,10.66617083151041,5.062735338953239,7.33382916848959,1.6875784463177461,Medium,5.062735338953239
STORE_06,SKU_039,2026-05-31,17,8,3,23.5013094534088,3.357329921915543,10.071989765746629,5.063547639160991,6.928010234253371,1.6878492130536635,Medium,5.063547639160991
STORE_13,SKU_145,2026-05-31,9,8,4,12.438193061523949,1.77688472307485,7.1075388922994,5.065044390964062,1.8924611077006004,1.2662610977410156,Medium,5.065044390964062
STORE_07,SKU_114,2026-05-31,20,12,5,27.628158406219626,3.9468797723170894,19.734398861585447,5.067293952118188,0.2656011384145529,1.0134587904236376,Medium,5.067293952118188
STORE_11,SKU_238,2026-05-31,12,7,3,16.565052115266706,2.3664360164666722,7.099308049400017,5.070916735757433,4.900691950599983,1.6903055785858108,Medium,5.070916735757433
STORE_03,SKU_226,2026-05-31,18,11,5,24.84633274121167,3.5494761058873814,17.747380529436906,5.071170917348643,0.25261947056309353,1.0142341834697286,Medium,5.071170917348643
STORE_03,SKU_037,2026-05-31,10,6,4,13.795332702617468,1.9707618146596384,7.883047258638554,5.0741799062750035,2.1169527413614464,1.2685449765687509,Medium,5.0741799062750035
STORE_10,SKU_174,2026-05-31,8,7,3,11.036134453781512,1.5765906362545017,4.729771908763505,5.074240462955913,3.270228091236495,1.691413487651971,Medium,5.074240462955913
STORE_01,SKU_049,2026-05-31,17,11,4,23.44779913579637,3.3496855908280527,13.398742363312211,5.075103181787741,3.601257636687789,1.2687757954469352,Medium,5.075103181787741
STORE_08,SKU_100,2026-05-31,10,7,3,13.792481203007517,1.9703544575725025,5.911063372717507,5.07522895769734,4.088936627282493,1.6917429858991135,Medium,5.07522895769734
STORE_03,SKU_150,2026-05-31,10,7,5,13.789709432159958,1.9699584903085654,9.849792451542827,5.076249093164215,0.150207548457173,1.015249818632843,Medium,5.076249093164215
STORE_10,SKU_175,2026-05-31,21,11,3,28.929717341482043,4.132816763068863,12.39845028920659,5.081280202804406,8.60154971079341,1.6937600676014686,Medium,5.081280202804406
STORE_15,SKU_226,2026-05-31,11,7,3,15.147982062780269,2.1639974375400386,6.491992312620116,5.083185316755476,4.508007687379884,1.6943951055851587,Medium,5.083185316755476
STORE_02,SKU_132,2026-05-31,22,11,4,30.282753515914138,4.326107645130591,17.304430580522364,5.085402815799766,4.695569419477636,1.2713507039499414,Medium,5.085402815799766
STORE_07,SKU_050,2026-05-31,11,7,3,15.132806891600861,2.16182955594298,6.485488667828941,5.088282732447818,4.514511332171059,1.6960942441492726,Medium,5.088282732447818
STORE_17,SKU_101,2026-05-31,12,8,3,16.504164976757245,2.3577378538224636,7.073213561467391,5.089624353506942,4.926786438532609,1.6965414511689805,Medium,5.089624353506942
STORE_06,SKU_043,2026-05-31,17,11,4,23.368623500320545,3.338374785760078,13.353499143040311,5.092298226224908,3.6465008569596886,1.273074556556227,Medium,5.092298226224908
STORE_10,SKU_179,2026-05-31,12,7,4,16.486539741712157,2.3552199631017365,9.420879852406946,5.095065508954183,2.579120147593054,1.2737663772385457,Medium,5.095065508954183
STORE_08,SKU_107,2026-05-31,9,6,3,12.356571428571428,1.7652244897959182,5.295673469387754,5.098501664816871,3.7043265306122457,1.699500554938957,Medium,5.098501664816871
STORE_01,SKU_198,2026-05-31,10,6,4,13.723798417326112,1.9605426310465874,7.84217052418635,5.1006286941395125,2.1578294758136503,1.2751571735348781,Medium,5.1006286941395125
STORE_03,SKU_189,2026-05-31,14,10,5,19.206935612594293,2.7438479446563275,13.719239723281637,5.102323555233863,0.2807602767183628,1.0204647110467726,Medium,5.102323555233863
STORE_12,SKU_108,2026-05-31,16,10,3,21.942621297460008,3.1346601853514295,9.40398055605429,5.104221527669745,6.5960194439457105,1.701407175889915,Medium,5.104221527669745
STORE_13,SKU_049,2026-05-31,13,8,4,17.824489795918367,2.5463556851311955,10.185422740524782,5.105335470574765,2.814577259475218,1.2763338676436913,Medium,5.105335470574765
STORE_11,SKU_113,2026-05-31,15,11,5,20.557287157287156,2.9367553081838795,14.683776540919398,5.1076778368968565,0.3162234590806019,1.0215355673793713,Medium,5.1076778368968565
STORE_06,SKU_122,2026-05-31,13,10,4,17.81354220848759,2.5447917440696557,10.179166976278623,5.108473033321883,2.8208330237213772,1.2771182583304708,Medium,5.108473033321883
STORE_11,SKU_063,2026-05-31,10,6,5,13.701879995497015,1.957411427928145,9.787057139640725,5.108787992815935,0.21294286035927534,1.0217575985631868,Medium,5.108787992815935
STORE_16,SKU_173,2026-05-31,7,6,3,9.591226096737909,1.370175156676844,4.110525470030533,5.108835878310229,2.8894745299694673,1.7029452927700761,Medium,5.108835878310229
STORE_10,SKU_235,2026-05-31,10,7,4,13.686868686868685,1.955266955266955,7.82106782106782,5.11439114391144,2.17893217893218,1.27859778597786,Medium,5.11439114391144
STORE_10,SKU_128,2026-05-31,13,8,3,17.76737188901679,2.5381959841452555,7.614587952435766,5.121747919074809,5.385412047564234,1.7072493063582699,Medium,5.121747919074809
STORE_10,SKU_080,2026-05-31,14,9,4,19.121020754259877,2.7315743934656966,10.926297573862787,5.125249392251566,3.0737024261372135,1.2813123480628914,Medium,5.125249392251566
STORE_10,SKU_130,2026-05-31,16,11,4,21.846732215153267,3.120961745021895,12.48384698008758,5.12662483784714,3.5161530199124194,1.281656209461785,Medium,5.12662483784714
STORE_02,SKU_152,2026-05-31,11,7,3,15.008210180623974,2.144030025803425,6.432090077410275,5.130525164113785,4.567909922589725,1.710175054704595,Medium,5.130525164113785
STORE_17,SKU_132,2026-05-31,11,8,3,14.977203647416413,2.1396005210594877,6.418801563178463,5.141146626078132,4.581198436821537,1.7137155420260441,Medium,5.141146626078132
STORE_07,SKU_056,2026-05-31,7,5,5,9.528713811105838,1.361244830157977,6.806224150789885,5.142351945011704,0.19377584921011515,1.0284703890023408,Medium,5.142351945011704
STORE_14,SKU_110,2026-05-31,14,10,3,19.055767153658124,2.722252450522589,8.166757351567767,5.142800035798454,5.833242648432233,1.7142666785994847,Medium,5.142800035798454
STORE_10,SKU_016,2026-05-31,20,11,3,27.208271329365083,3.8868959041950117,11.660687712585036,5.14549411483199,8.339312287414964,1.7151647049439966,Medium,5.14549411483199
STORE_13,SKU_206,2026-05-31,18,11,3,24.4816832704372,3.497383324348171,10.492149973044514,5.14670493070838,7.507850026955486,1.7155683102361268,Medium,5.14670493070838
STORE_07,SKU_032,2026-05-31,7,5,4,9.509211718514045,1.3584588169305778,5.433835267722311,5.1528982054946795,1.5661647322776888,1.2882245513736699,Medium,5.1528982054946795
STORE_17,SKU_166,2026-05-31,9,7,3,12.224998804342627,1.7464284006203754,5.239285201861126,5.153374737150961,3.760714798138874,1.7177915790503204,Medium,5.153374737150961
STORE_03,SKU_083,2026-05-31,12,8,3,16.277833955158826,2.3254048507369753,6.9762145522109265,5.160391746923946,5.0237854477890735,1.7201305823079822,Medium,5.160391746923946
STORE_17,SKU_121,2026-05-31,14,9,3,18.975608051439757,2.7108011502056795,8.132403450617039,5.164524885544542,5.867596549382961,1.721508295181514,Medium,5.164524885544542
STORE_03,SKU_177,2026-05-31,14,8,5,18.975013105014856,2.7107161578592653,13.553580789296326,5.164686815109489,0.44641921070367374,1.0329373630218979,Medium,5.164686815109489
STORE_11,SKU_189,2026-05-31,13,8,4,17.61111111111111,2.515873015873016,10.063492063492063,5.167192429022082,2.9365079365079367,1.2917981072555205,Medium,5.167192429022082
STORE_10,SKU_237,2026-05-31,12,9,3,16.2489406779661,2.3212772397094428,6.963831719128328,5.169567768433406,5.036168280871672,1.7231892561444686,Medium,5.169567768433406
STORE_10,SKU_062,2026-05-31,11,7,4,14.89333333333333,2.127619047619047,8.510476190476188,5.17009847806625,2.4895238095238117,1.2925246195165625,Medium,5.17009847806625
STORE_08,SKU_130,2026-05-31,18,11,3,24.315030774214446,3.473575824887778,10.420727474663334,5.1819798695718795,7.579272525336666,1.7273266231906264,Medium,5.1819798695718795
STORE_01,SKU_218,2026-05-31,19,11,3,25.645408163265305,3.6636297376093294,10.990889212827987,5.186113597930966,8.009110787172013,1.7287045326436554,Medium,5.186113597930966
STORE_08,SKU_214,2026-05-31,10,5,3,13.494714587737842,1.9278163696768347,5.783449109030504,5.1872160426131915,4.216550890969496,1.7290720142043974,Medium,5.1872160426131915
STORE_11,SKU_073,2026-05-31,17,9,4,22.930693069306933,3.275813295615276,13.103253182461104,5.189550949913643,3.8967468175388955,1.2973877374784109,Medium,5.189550949913643
STORE_06,SKU_002,2026-05-31,12,7,3,16.184571016582552,2.3120815737975073,6.936244721392522,5.190128296507484,5.063755278607478,1.7300427655024948,Medium,5.190128296507484
STORE_18,SKU_041,2026-05-31,16,9,3,21.534696760738676,3.0763852515340964,9.229155754602289,5.200909083809092,6.770844245397711,1.7336363612696974,Medium,5.200909083809092
STORE_14,SKU_036,2026-05-31,16,9,3,21.525990800831707,3.0751415429759583,9.225424628927875,5.203012536624916,6.774575371072125,1.7343375122083053,Medium,5.203012536624916
STORE_14,SKU_083,2026-05-31,20,10,4,26.893437258285235,3.8419196083264624,15.36767843330585,5.205730998809729,4.63232156669415,1.3014327497024323,Medium,5.205730998809729
STORE_08,SKU_166,2026-05-31,21,11,3,28.23756019261637,4.033937170373767,12.101811511121301,5.205832196452933,8.898188488878699,1.7352773988176446,Medium,5.205832196452933
STORE_05,SKU_044,2026-05-31,11,7,3,14.788,2.1125714285714285,6.337714285714286,5.206924533405464,4.662285714285714,1.7356415111351546,Medium,5.206924533405464
STORE_14,SKU_227,2026-05-31,16,8,4,21.461131461131462,3.06587592301878,12.26350369207512,5.218736961881282,3.736496307924879,1.3046842404703205,Medium,5.218736961881282
STORE_14,SKU_085,2026-05-31,16,11,3,21.459590340946274,3.065655762992325,9.196967288976975,5.2191117454044225,6.803032711023025,1.7397039151348075,Medium,5.2191117454044225
STORE_02,SKU_191,2026-05-31,18,11,3,24.133037785880013,3.4475768265542874,10.342730479662862,5.2210584145242285,7.657269520337138,1.7403528048414096,Medium,5.2210584145242285
STORE_10,SKU_051,2026-05-31,21,11,4,28.131747770301985,4.018821110043141,16.075284440172563,5.225412981812115,4.924715559827437,1.3063532454530287,Medium,5.225412981812115
STORE_17,SKU_093,2026-05-31,15,8,4,20.091974009334677,2.8702820013335253,11.481128005334101,5.225967341547291,3.518871994665899,1.3064918353868227,Medium,5.225967341547291
STORE_10,SKU_047,2026-05-31,20,10,3,26.729551236940402,3.8185073195629147,11.455521958688744,5.237648726646752,8.544478041311256,1.7458829088822505,Medium,5.237648726646752
STORE_11,SKU_234,2026-05-31,15,9,5,20.045274476513864,2.8636106395019807,14.318053197509904,5.238142292490119,0.6819468024900956,1.0476284584980238,Medium,5.238142292490119
STORE_08,SKU_150,2026-05-31,13,7,3,17.370540052755796,2.4815057218222565,7.4445171654667694,5.23875479539642,5.5554828345332306,1.7462515984654732,Medium,5.23875479539642
STORE_17,SKU_023,2026-05-31,13,10,3,17.365235749472202,2.4807479642103147,7.442243892630945,5.240355000810504,5.557756107369055,1.746785000270168,Medium,5.240355000810504
STORE_11,SKU_006,2026-05-31,10,10,3,13.346031746031747,1.9065759637188209,5.719727891156463,5.24500475737393,4.280272108843537,1.7483349191246431,Medium,5.24500475737393
STORE_01,SKU_004,2026-05-31,20,9,4,26.689290862148166,3.812755837449738,15.251023349798952,5.245549637234973,4.7489766502010475,1.3113874093087432,Medium,5.245549637234973
STORE_03,SKU_002,2026-05-31,14,7,5,18.680103620395528,2.6685862314850755,13.342931157425378,5.246223575173347,0.6570688425746223,1.0492447150346693,Medium,5.246223575173347
STORE_11,SKU_242,2026-05-31,10,9,4,13.340847460446852,1.9058353514924076,7.62334140596963,5.24704297890648,2.3766585940303697,1.31176074472662,Medium,5.24704297890648
STORE_11,SKU_133,2026-05-31,13,8,4,17.313269831724313,2.4733242616749016,9.893297046699606,5.256083968220397,3.1067029533003936,1.3140209920550991,Medium,5.256083968220397
STORE_13,SKU_181,2026-05-31,15,9,3,19.976253254941785,2.8537504649916836,8.56125139497505,5.256240930667255,6.43874860502495,1.7520803102224185,Medium,5.256240930667255
STORE_02,SKU_041,2026-05-31,11,7,3,14.64271186440678,2.0918159806295398,6.275447941888619,5.258588758218354,4.724552058111381,1.752862919406118,Medium,5.258588758218354
STORE_08,SKU_248,2026-05-31,9,6,3,11.978326945949519,1.7111895637070742,5.133568691121223,5.259499117387466,3.866431308878777,1.7531663724624886,Medium,5.259499117387466
STORE_13,SKU_019,2026-05-31,13,7,3,17.291324017291643,2.4701891453273777,7.4105674359821325,5.262754888463042,5.5894325640178675,1.7542516294876807,Medium,5.262754888463042
STORE_11,SKU_110,2026-05-31,16,10,5,21.27176434676435,3.038823478109193,15.194117390545966,5.265195597986978,0.8058826094540343,1.0530391195973956,Medium,5.265195597986978
STORE_04,SKU_067,2026-05-31,20,11,3,26.58832565284178,3.7983322361202547,11.394996708360765,5.265468831243862,8.605003291639235,1.755156277081287,Medium,5.265468831243862
STORE_18,SKU_170,2026-05-31,12,8,3,15.952380952380953,2.2789115646258504,6.836734693877551,5.2656716417910445,5.163265306122449,1.755223880597015,Medium,5.2656716417910445
STORE_07,SKU_215,2026-05-31,11,7,5,14.622222222222224,2.088888888888889,10.444444444444445,5.26595744680851,0.5555555555555554,1.053191489361702,Medium,5.26595744680851
STORE_02,SKU_089,2026-05-31,11,7,3,14.616571052384089,2.088081578912013,6.264244736736039,5.267993411316578,4.735755263263961,1.7559978037721924,Medium,5.267993411316578
STORE_06,SKU_062,2026-05-31,11,7,3,14.615757575757577,2.087965367965368,6.263896103896104,5.268286614695637,4.736103896103896,1.7560955382318792,Medium,5.268286614695637
STORE_15,SKU_193,2026-05-31,14,9,3,18.599086757990865,2.657012393998695,7.971037181996085,5.26907591083178,6.028962818003915,1.7563586369439264,Medium,5.26907591083178
STORE_07,SKU_066,2026-05-31,10,7,5,13.284081978114987,1.8977259968735696,9.488629984367847,5.269464620537746,0.5113700156321528,1.0538929241075492,Medium,5.269464620537746
STORE_02,SKU_244,2026-05-31,10,6,3,13.279399032340207,1.8970570046200295,5.691171013860089,5.271322883627816,4.308828986139911,1.7571076278759383,Medium,5.271322883627816
STORE_08,SKU_183,2026-05-31,18,12,3,23.896979006656423,3.4138541438080603,10.241562431424182,5.272632995363269,7.758437568575818,1.7575443317877562,Medium,5.272632995363269
STORE_06,SKU_231,2026-05-31,9,6,3,11.947162426614481,1.7067374895163545,5.120212468549063,5.273218673218673,3.879787531450937,1.7577395577395578,Medium,5.273218673218673
STORE_10,SKU_217,2026-05-31,19,12,3,25.196268405080364,3.5994669150114804,10.798400745034442,5.27855942244142,8.201599254965558,1.7595198074804732,Medium,5.27855942244142
STORE_09,SKU_100,2026-05-31,14,8,3,18.55384801062075,2.6505497158029643,7.951649147408893,5.281923186171516,6.048350852591107,1.7606410620571722,Medium,5.281923186171516
STORE_15,SKU_091,2026-05-31,14,6,4,18.55296404275996,2.650423434679994,10.601693738719977,5.282174846786444,3.398306261280023,1.320543711696611,Medium,5.282174846786444
STORE_14,SKU_176,2026-05-31,8,7,3,10.600712488152434,1.5143874983074905,4.543162494922472,5.282663789116695,3.4568375050775284,1.7608879297055648,Medium,5.282663789116695
STORE_13,SKU_240,2026-05-31,15,11,3,19.872277992277994,2.8388968560397134,8.51669056811914,5.2837425100837,6.48330943188086,1.7612475033612334,Medium,5.2837425100837
STORE_06,SKU_248,2026-05-31,7,6,3,9.27359366599873,1.3247990951426758,3.9743972854280276,5.283820034045333,3.0256027145719724,1.7612733446817777,Medium,5.283820034045333
STORE_15,SKU_245,2026-05-31,16,10,4,21.178934917075335,3.025562131010762,12.102248524043048,5.288273486770147,3.8977514759569516,1.3220683716925368,Medium,5.288273486770147
STORE_08,SKU_065,2026-05-31,11,6,4,14.560224089635854,2.080032012805122,8.320128051220488,5.2883801462100815,2.679871948779512,1.3220950365525204,Medium,5.2883801462100815
STORE_17,SKU_085,2026-05-31,17,10,3,22.49958840208543,3.214226914583633,9.642680743750898,5.288985641576012,7.357319256249102,1.7629952138586706,Medium,5.288985641576012
STORE_03,SKU_044,2026-05-31,10,6,3,13.232142857142854,1.8903061224489792,5.670918367346937,5.290148448043186,4.329081632653063,1.7633828160143954,Medium,5.290148448043186
STORE_08,SKU_228,2026-05-31,10,7,3,13.22915254237288,1.8898789346246971,5.669636803874091,5.291344232050428,4.330363196125909,1.7637814106834762,Medium,5.291344232050428
STORE_07,SKU_177,2026-05-31,12,9,5,15.873123486682807,2.267589069526115,11.337945347630576,5.291964122277138,0.6620546523694237,1.0583928244554275,Medium,5.291964122277138
STORE_12,SKU_127,2026-05-31,11,6,3,14.550181554103123,2.0785973648718747,6.235792094615624,5.292030186268442,4.764207905384376,1.7640100620894807,Medium,5.292030186268442
STORE_04,SKU_213,2026-05-31,13,7,3,17.195543792700192,2.4565062561000275,7.3695187683000825,5.292068753221464,5.6304812316999175,1.7640229177404882,Medium,5.292068753221464
STORE_09,SKU_136,2026-05-31,9,6,4,11.903407688656857,1.7004868126652652,6.801947250661061,5.292602055463054,2.198052749338939,1.3231505138657635,Medium,5.292602055463054
STORE_15,SKU_201,2026-05-31,9,9,3,11.900726392251816,1.700103770321688,5.100311310965064,5.293794506612412,3.899688689034936,1.7645981688708037,Medium,5.293794506612412
STORE_06,SKU_017,2026-05-31,14,8,3,18.512170256148845,2.6445957508784064,7.933787252635219,5.293814752349156,6.066212747364781,1.7646049174497185,Medium,5.293814752349156
STORE_03,SKU_056,2026-05-31,9,6,5,11.897219242943468,1.6996027489919239,8.49801374495962,5.295355050077508,0.5019862550403804,1.0590710100155016,Medium,5.295355050077508
STORE_06,SKU_244,2026-05-31,9,6,3,11.896741854636591,1.6995345506623702,5.09860365198711,5.295567540237633,3.9013963480128897,1.7651891800792114,Medium,5.295567540237633
STORE_14,SKU_220,2026-05-31,15,9,3,19.81929727583442,2.8313281822620597,8.49398454678618,5.297866949502091,6.50601545321382,1.7659556498340303,Medium,5.297866949502091
STORE_04,SKU_097,2026-05-31,8,8,3,10.565916865096153,1.509416695013736,4.528250085041208,5.300060630326604,3.4717499149587923,1.7666868767755346,Medium,5.300060630326604
STORE_04,SKU_171,2026-05-31,21,12,3,27.727781336749942,3.961111619535706,11.883334858607117,5.301542096524277,9.116665141392883,1.7671806988414256,Medium,5.301542096524277
STORE_11,SKU_212,2026-05-31,17,11,5,22.44047619047619,3.20578231292517,16.02891156462585,5.30291777188329,0.9710884353741491,1.0605835543766577,Medium,5.30291777188329
STORE_03,SKU_213,2026-05-31,8,7,3,10.553338119167265,1.5076197313096091,4.522859193928827,5.306377884196779,3.477140806071173,1.768792628065593,Medium,5.306377884196779
STORE_03,SKU_156,2026-05-31,8,7,3,10.54700568752091,1.5067150982172728,4.520145294651819,5.3095638382236325,3.479854705348181,1.7698546127412107,Medium,5.3095638382236325
STORE_08,SKU_006,2026-05-31,9,7,3,11.864690026954177,1.694955718136311,5.084867154408933,5.309873233677132,3.9151328455910672,1.7699577445590442,Medium,5.309873233677132
STORE_17,SKU_028,2026-05-31,17,9,4,22.40970803796708,3.2013868625667254,12.805547450266902,5.3101985888610095,4.194452549733098,1.3275496472152524,Medium,5.3101985888610095
STORE_11,SKU_058,2026-05-31,14,8,4,18.45464835971072,2.6363783371015317,10.545513348406127,5.310315216514706,3.4544866515938732,1.3275788041286765,Medium,5.310315216514706
STORE_13,SKU_217,2026-05-31,16,9,3,21.08596614689433,3.0122808781277612,9.036842634383284,5.311589671526436,6.963157365616716,1.770529890508812,Medium,5.311589671526436
STORE_10,SKU_160,2026-05-31,19,12,4,25.03336572724328,3.576195103891897,14.304780415567588,5.31290923678149,4.695219584432412,1.3282273091953725,Medium,5.31290923678149
STORE_11,SKU_111,2026-05-31,12,7,4,15.80740536059685,2.25820076579955,9.0328030631982,5.313965074204206,2.9671969368018,1.3284912685510515,Medium,5.313965074204206
STORE_07,SKU_094,2026-05-31,8,7,5,10.53159725428633,1.5045138934694757,7.522569467347378,5.31733208628047,0.4774305326526216,1.063466417256094,Medium,5.31733208628047
STORE_01,SKU_005,2026-05-31,7,6,3,9.205336260799008,1.3150480372570013,3.945144111771004,5.322999465936606,3.054855888228996,1.774333155312202,Medium,5.322999465936606
STORE_15,SKU_236,2026-05-31,13,6,3,17.07914258408046,2.4398775120114946,7.319632536034484,5.328136324877425,5.680367463965516,1.7760454416258082,Medium,5.328136324877425
STORE_01,SKU_243,2026-05-31,18,10,3,23.62567709596572,3.375096727995103,10.125290183985308,5.333180483598311,7.8747098160146916,1.7777268278661038,Medium,5.333180483598311
STORE_07,SKU_159,2026-05-31,15,12,3,19.68797122160351,2.81256731737193,8.437701952115791,5.333205682705592,6.562298047884209,1.7777352275685305,Medium,5.333205682705592
STORE_01,SKU_069,2026-05-31,21,10,3,27.543318051858428,3.934759721694061,11.804279165082184,5.337047617982304,9.195720834917816,1.7790158726607677,Medium,5.337047617982304
STORE_07,SKU_157,2026-05-31,11,7,3,14.425531914893618,2.0607902735562313,6.1823708206686945,5.337758112094394,4.8176291793313055,1.7792527040314647,Medium,5.337758112094394
STORE_18,SKU_169,2026-05-31,11,8,3,14.425432495095414,2.060776070727916,6.182328212183748,5.3377948998187525,4.817671787816252,1.779264966606251,Medium,5.3377948998187525
STORE_04,SKU_033,2026-05-31,26,12,4,34.058294930875576,4.8654707044107965,19.461882817643186,5.343778963961221,6.538117182356814,1.3359447409903054,Medium,5.343778963961221
STORE_09,SKU_238,2026-05-31,16,10,3,20.954661474094152,2.993523067727736,8.980569203183208,5.344872793028103,7.019430796816792,1.7816242643427012,Medium,5.344872793028103
STORE_13,SKU_090,2026-05-31,11,8,3,14.39940387481371,2.0570576964019587,6.171173089205876,5.3474435934589115,4.828826910794124,1.782481197819637,Medium,5.3474435934589115
STORE_04,SKU_187,2026-05-31,14,11,3,18.32512315270936,2.6178747361013373,7.853624208304012,5.347849462365591,6.146375791695988,1.7826164874551969,Medium,5.347849462365591
STORE_13,SKU_077,2026-05-31,12,7,3,15.685034013605442,2.2407191448007775,6.722157434402332,5.355423515635165,5.277842565597668,1.7851411718783885,Medium,5.355423515635165
STORE_10,SKU_027,2026-05-31,10,6,3,13.0689990281827,1.866999861168957,5.600999583506871,5.356186793575254,4.399000416493129,1.785395597858418,Medium,5.356186793575254
STORE_11,SKU_150,2026-05-31,17,9,4,22.205594405594407,3.1722277722277723,12.68891108891109,5.359009888517982,4.311088911088911,1.3397524721294956,Medium,5.359009888517982
STORE_01,SKU_086,2026-05-31,26,11,3,33.9582066869301,4.851172383847157,14.55351715154147,5.359529190628566,11.44648284845853,1.7865097302095219,Medium,5.359529190628566
STORE_06,SKU_123,2026-05-31,9,6,3,11.736712749615975,1.6766732499451393,5.030019749835418,5.3677721644897,3.969980250164582,1.7892573881632332,Medium,5.3677721644897
STORE_03,SKU_107,2026-05-31,8,5,5,10.416870748299319,1.4881243926141885,7.440621963070942,5.375894676349199,0.5593780369290577,1.0751789352698398,Medium,5.375894676349199
STORE_09,SKU_013,2026-05-31,15,12,3,19.52922528234595,2.7898893260494217,8.369667978148264,5.376557363743354,6.630332021851736,1.7921857879144514,Medium,5.376557363743354
STORE_15,SKU_160,2026-05-31,18,9,3,23.413859910581223,3.344837130083032,10.034511390249095,5.381427944012679,7.965488609750905,1.793809314670893,Medium,5.381427944012679
STORE_08,SKU_132,2026-05-31,21,11,3,27.30375939849624,3.900537056928034,11.701611170784103,5.383873987993612,9.298388829215897,1.794624662664537,Medium,5.383873987993612
STORE_07,SKU_183,2026-05-31,17,12,3,22.101961288112367,3.1574230411589097,9.472269123476728,5.384137563574715,7.527730876523272,1.794712521191572,Medium,5.384137563574715
STORE_09,SKU_053,2026-05-31,15,9,3,19.486926866237216,2.783846695176745,8.351540085530235,5.388227744720568,6.648459914469765,1.796075914906856,Medium,5.388227744720568
STORE_14,SKU_137,2026-05-31,22,9,3,28.57716120155928,4.082451600222755,12.247354800668266,5.388918756268804,9.752645199331734,1.7963062520896014,Medium,5.388918756268804
STORE_04,SKU_038,2026-05-31,15,8,4,19.48418211407931,2.7834545877256156,11.133818350902462,5.388986788628237,3.8661816490975376,1.3472466971570594,Medium,5.388986788628237
STORE_08,SKU_206,2026-05-31,12,7,3,15.585561497326204,2.2265087853323147,6.679526355996944,5.389603705609882,5.320473644003056,1.7965345685366272,Medium,5.389603705609882
STORE_18,SKU_168,2026-05-31,14,7,3,18.180661425482516,2.597237346497502,7.791712039492506,5.390342942234242,6.208287960507494,1.7967809807447475,Medium,5.390342942234242
STORE_15,SKU_021,2026-05-31,8,6,4,10.388863795014988,1.4841233992878553,5.936493597151421,5.3903873517786565,2.063506402848579,1.3475968379446641,Medium,5.3903873517786565
STORE_15,SKU_157,2026-05-31,19,9,3,24.635301846850137,3.519328835264305,10.557986505792915,5.398756663377573,8.442013494207085,1.799585554459191,Medium,5.398756663377573
STORE_11,SKU_016,2026-05-31,10,8,5,12.964648910411622,1.8520927014873745,9.260463507436873,5.399297773793516,0.7395364925631274,1.079859554758703,Medium,5.399297773793516
STORE_04,SKU_230,2026-05-31,10,8,3,12.962168266516093,1.8517383237880132,5.555214971364039,5.4003310681303365,4.444785028635961,1.8001103560434455,Medium,5.4003310681303365
STORE_01,SKU_245,2026-05-31,18,7,3,23.326216640502356,3.332316662928908,9.996949988786724,5.401647508547123,8.003050011213276,1.8005491695157076,Medium,5.401647508547123
STORE_14,SKU_185,2026-05-31,9,6,4,11.659963130551366,1.6657090186501953,6.662836074600781,5.403104563420769,2.337163925399219,1.3507761408551922,Medium,5.403104563420769
STORE_02,SKU_239,2026-05-31,16,11,3,20.71142857142857,2.9587755102040814,8.876326530612245,5.407642433439095,7.1236734693877555,1.8025474778130317,Medium,5.407642433439095
STORE_08,SKU_018,2026-05-31,7,6,3,9.060982495765105,1.2944260708235864,3.883278212470759,5.407802081385928,3.116721787529241,1.8026006937953096,Medium,5.407802081385928
STORE_11,SKU_056,2026-05-31,9,6,3,11.649310603057133,1.6641872290081619,4.9925616870244856,5.408045346775017,4.0074383129755144,1.8026817822583392,Medium,5.408045346775017
STORE_16,SKU_014,2026-05-31,8,6,3,10.348313238338815,1.4783304626198306,4.434991387859492,5.41150994468636,3.565008612140508,1.8038366482287864,Medium,5.41150994468636
STORE_02,SKU_163,2026-05-31,12,8,3,15.519480519480519,2.217068645640074,6.651205936920222,5.41255230125523,5.348794063079778,1.80418410041841,Medium,5.41255230125523
STORE_11,SKU_139,2026-05-31,18,10,4,23.271293375394322,3.324470482199189,13.297881928796755,5.414396095973973,4.702118071203245,1.3535990239934932,Medium,5.414396095973973
STORE_03,SKU_057,2026-05-31,10,6,3,12.925609190665087,1.846515598666441,5.539546795999323,5.415605482684267,4.460453204000677,1.8052018275614223,Medium,5.415605482684267
STORE_04,SKU_152,2026-05-31,13,7,4,16.791550058680148,2.3987928655257353,9.595171462102941,5.41939247311828,3.4048285378970586,1.35484811827957,Medium,5.41939247311828
STORE_10,SKU_120,2026-05-31,16,12,3,20.645387398251433,2.949341056893062,8.848023170679186,5.424940585493004,7.151976829320814,1.8083135284976677,Medium,5.424940585493004
STORE_04,SKU_167,2026-05-31,19,12,3,24.503188614664023,3.500455516380575,10.501366549141725,5.427865005308153,8.498633450858275,1.8092883351027174,Medium,5.427865005308153
STORE_14,SKU_150,2026-05-31,22,9,3,28.303101503759393,4.043300214822771,12.12990064446831,5.441099802420761,9.87009935553169,1.813699934140254,Medium,5.441099802420761
STORE_03,SKU_051,2026-05-31,22,12,5,28.30298361923226,4.0432833741760374,20.216416870880188,5.441122465101344,1.7835831291198119,1.0882244930202687,Medium,5.441122465101344
STORE_11,SKU_213,2026-05-31,13,9,4,16.70678303475731,2.386683290679616,9.546733162718464,5.4468894347092895,3.453266837281536,1.3617223586773224,Medium,5.4468894347092895
STORE_02,SKU_201,2026-05-31,13,7,3,16.689293899377933,2.3841848427682764,7.1525545283048295,5.452597368627553,5.8474454716951705,1.8175324562091841,Medium,5.452597368627553
STORE_11,SKU_171,2026-05-31,12,8,5,15.405172413793103,2.2007389162561575,11.003694581280786,5.452714045886962,0.9963054187192135,1.0905428091773925,Medium,5.452714045886962
STORE_18,SKU_164,2026-05-31,9,7,4,11.549899653347929,1.64998566476399,6.59994265905596,5.454592844167127,2.4000573409440404,1.3636482110417818,Medium,5.454592844167127
STORE_01,SKU_056,2026-05-31,12,6,4,15.399769585253456,2.1999670836076364,8.799868334430546,5.454627066656692,3.2001316655694545,1.363656766664173,Medium,5.454627066656692
STORE_17,SKU_024,2026-05-31,15,8,3,19.242999525391557,2.7489999321987937,8.24699979659638,5.45652978172401,6.753000203403619,1.8188432605746698,Medium,5.45652978172401
STORE_15,SKU_025,2026-05-31,11,6,3,14.106007620439478,2.0151439457770683,6.045431837331205,5.45866712055562,4.954568162668795,1.8195557068518733,Medium,5.45866712055562
STORE_08,SKU_172,2026-05-31,13,6,3,16.65167195381975,2.3788102791171073,7.136430837351321,5.464916691391184,5.863569162648679,1.8216388971303947,Medium,5.464916691391184
STORE_04,SKU_238,2026-05-31,16,10,3,20.487331164349797,2.9267615949071137,8.780284784721342,5.466793068435009,7.219715215278658,1.8222643561450027,Medium,5.466793068435009
STORE_15,SKU_017,2026-05-31,21,10,3,26.883682830930535,3.840526118704362,11.521578356113086,5.468000828773051,9.478421643886914,1.8226669429243503,Medium,5.468000828773051
STORE_09,SKU_164,2026-05-31,20,11,3,25.598320478186995,3.656902925455285,10.970708776365855,5.469108808107067,9.029291223634145,1.8230362693690223,Medium,5.469108808107067
STORE_09,SKU_201,2026-05-31,14,7,3,17.89871504157218,2.5569592916531687,7.670877874959507,5.47525337837838,6.329122125040493,1.8250844594594597,Medium,5.47525337837838
STORE_15,SKU_224,2026-05-31,9,8,3,11.501818749207649,1.6431169641725212,4.929350892517563,5.477394608077963,4.070649107482437,1.8257982026926547,Medium,5.477394608077963
STORE_12,SKU_058,2026-05-31,14,8,3,17.872545244512896,2.553220749216128,7.6596622476483835,5.483270494452226,6.3403377523516165,1.8277568314840753,Medium,5.483270494452226
STORE_01,SKU_173,2026-05-31,9,6,4,11.485799215647091,1.640828459378156,6.563313837512624,5.485034068345472,2.4366861624873764,1.371258517086368,Medium,5.485034068345472
STORE_02,SKU_182,2026-05-31,13,8,3,16.588332302618017,2.3697617575168595,7.109285272550578,5.4857835218093705,5.890714727449422,1.82859450726979,Medium,5.4857835218093705
STORE_11,SKU_040,2026-05-31,11,8,5,14.030979939475241,2.00442570563932,10.022128528196601,5.4878561819738305,0.9778714718033985,1.097571236394766,Medium,5.4878561819738305
STORE_10,SKU_098,2026-05-31,8,6,3,10.204081632653061,1.4577259475218658,4.373177842565598,5.488,3.626822157434402,1.8293333333333333,Medium,5.488
STORE_06,SKU_250,2026-05-31,9,8,3,11.472819216182048,1.6389741737402925,4.916922521220878,5.491239669421487,4.083077478779122,1.830413223140496,Medium,5.491239669421487
STORE_17,SKU_129,2026-05-31,15,7,3,19.109290523732135,2.729898646247448,8.189695938742343,5.494709490632256,6.810304061257657,1.8315698302107521,Medium,5.494709490632256
STORE_18,SKU_115,2026-05-31,17,8,3,21.656757191065402,3.093822455866486,9.281467367599458,5.4948208058173185,7.718532632400542,1.8316069352724396,Medium,5.4948208058173185
STORE_10,SKU_232,2026-05-31,10,7,3,12.737865606424437,1.8196950866320625,5.459085259896187,5.495426169726189,4.540914740103813,1.831808723242063,Medium,5.495426169726189
STORE_17,SKU_175,2026-05-31,18,8,3,22.92767052767053,3.2753815039529326,9.826144511858798,5.4955430316366165,8.173855488141202,1.8318476772122054,Medium,5.4955430316366165
STORE_01,SKU_027,2026-05-31,8,6,3,10.187396179401993,1.4553423113431418,4.366026934029426,5.496988535031847,3.633973065970574,1.8323295116772822,Medium,5.496988535031847
STORE_03,SKU_018,2026-05-31,9,6,5,11.459977254833348,1.6371396078333353,8.185698039166677,5.4973931098710676,0.8143019608333226,1.0994786219742134,Medium,5.4973931098710676
STORE_18,SKU_191,2026-05-31,15,8,3,19.086488293636727,2.7266411848052465,8.17992355441574,5.501273905635439,6.8200764455842595,1.8337579685451462,Medium,5.501273905635439
STORE_07,SKU_184,2026-05-31,12,7,4,15.264668367346939,2.1806669096209914,8.722667638483966,5.502903697514101,3.2773323615160344,1.3757259243785251,Medium,5.502903697514101
STORE_09,SKU_031,2026-05-31,17,9,3,21.61230083431222,3.0874715477588883,9.262414643276665,5.506123615079089,7.737585356723335,1.8353745383596962,Medium,5.506123615079089
STORE_01,SKU_070,2026-05-31,11,7,4,13.972204266321912,1.9960291809031303,7.984116723612521,5.510941475826972,3.0158832763874788,1.377735368956743,Medium,5.510941475826972
STORE_03,SKU_023,2026-05-31,14,7,5,17.781252195910334,2.5401788851300475,12.700894425650237,5.511422869450099,1.2991055743497633,1.10228457389002,Medium,5.511422869450099
STORE_01,SKU_123,2026-05-31,9,6,3,11.421472937000887,1.6316389910001268,4.89491697300038,5.5159260410192665,4.10508302699962,1.838642013673089,Medium,5.5159260410192665
STORE_13,SKU_186,2026-05-31,9,6,4,11.420765027322405,1.6315378610460578,6.526151444184231,5.516267942583732,2.473848555815769,1.379066985645933,Medium,5.516267942583732
STORE_03,SKU_071,2026-05-31,15,10,3,19.032142857142862,2.718877551020409,8.156632653061227,5.516982548320509,6.8433673469387735,1.838994182773503,Medium,5.516982548320509
STORE_08,SKU_205,2026-05-31,17,9,4,21.53957528957529,3.0770821842250413,12.308328736900165,5.524714317723505,4.691671263099835,1.3811785794308762,Medium,5.524714317723505
STORE_18,SKU_087,2026-05-31,10,6,3,12.667419536984752,1.809631362426393,5.428894087279179,5.525987340643667,4.571105912720821,1.8419957802145557,Medium,5.525987340643667
STORE_06,SKU_176,2026-05-31,14,9,3,17.728571428571428,2.5326530612244897,7.597959183673469,5.527800161160354,6.402040816326531,1.8426000537201184,Medium,5.527800161160354
STORE_13,SKU_067,2026-05-31,11,7,3,13.92489986648865,1.9892714094983786,5.967814228495135,5.529662743594047,5.032185771504865,1.843220914531349,Medium,5.529662743594047
STORE_05,SKU_149,2026-05-31,13,8,3,16.456651833665795,2.3509502619522564,7.052850785856769,5.529678875130539,5.947149214143231,1.8432262917101798,Medium,5.529678875130539
STORE_01,SKU_067,2026-05-31,17,10,4,21.517620496711498,3.0739457852445,12.295783140978,5.530351277372262,4.704216859022001,1.3825878193430654,Medium,5.530351277372262
STORE_10,SKU_003,2026-05-31,9,7,4,11.385124716553287,1.626446388079041,6.505785552316164,5.533536221030745,2.494214447683836,1.3833840552576862,Medium,5.533536221030745
STORE_11,SKU_026,2026-05-31,15,8,4,18.96667745066322,2.709525350094746,10.838101400378983,5.53602497185549,4.161898599621017,1.3840062429638724,Medium,5.53602497185549
STORE_02,SKU_063,2026-05-31,13,6,4,16.434615658109934,2.3478022368728477,9.391208947491391,5.5370932848736585,3.608791052508609,1.3842733212184146,Medium,5.5370932848736585
STORE_11,SKU_205,2026-05-31,11,6,5,13.905845090699682,1.986549298671383,9.932746493356916,5.537239879904753,1.067253506643084,1.1074479759809506,Medium,5.537239879904753
STORE_08,SKU_131,2026-05-31,11,6,3,13.900763358778622,1.9858233369683747,5.957470010905124,5.539264140582099,5.042529989094876,1.846421380194033,Medium,5.539264140582099
STORE_17,SKU_226,2026-05-31,15,8,3,18.954187484122286,2.7077410691603268,8.12322320748098,5.539672966090334,6.876776792519021,1.8465576553634448,Medium,5.539672966090334
STORE_07,SKU_035,2026-05-31,18,11,4,22.738903394255875,3.2484147706079822,12.993659082431929,5.541164312779883,5.006340917568071,1.3852910781949708,Medium,5.541164312779883
STORE_01,SKU_051,2026-05-31,13,12,3,16.42202983974949,2.346004262821356,7.0380127884640675,5.5413369046337175,5.9619872115359325,1.8471123015445727,Medium,5.5413369046337175
STORE_04,SKU_023,2026-05-31,18,7,3,22.718367346938777,3.2454810495626822,9.736443148688046,5.546173194394538,8.263556851311954,1.848724398131513,Medium,5.546173194394538
STORE_13,SKU_009,2026-05-31,12,9,3,15.141435185185184,2.163062169312169,6.489186507936507,5.547690755377536,5.510813492063493,1.849230251792512,Medium,5.547690755377536
STORE_07,SKU_227,2026-05-31,15,11,3,18.919944061962138,2.7028491517088766,8.10854745512663,5.549699283260499,6.891452544873371,1.849899761086833,Medium,5.549699283260499
STORE_17,SKU_026,2026-05-31,12,8,3,15.133239831697054,2.1618914045281508,6.485674213584453,5.550695088044486,5.514325786415547,1.8502316960148284,Medium,5.550695088044486
STORE_07,SKU_076,2026-05-31,14,7,5,17.650103519668736,2.5214433599526767,12.607216799763384,5.552375366568915,1.3927832002366163,1.110475073313783,Medium,5.552375366568915
STORE_11,SKU_074,2026-05-31,15,10,5,18.899384980578333,2.699912140082619,13.499560700413095,5.555736343161518,1.5004392995869047,1.1111472686323038,Medium,5.555736343161518
STORE_15,SKU_238,2026-05-31,10,8,3,12.593678887484197,1.7990969839263138,5.397290951778942,5.558344041117893,4.602709048221058,1.8527813470392975,Medium,5.558344041117893
STORE_10,SKU_153,2026-05-31,14,7,4,17.62964460288875,2.5185206575555354,10.074082630222142,5.558818808176199,3.925917369777858,1.3897047020440498,Medium,5.558818808176199
STORE_06,SKU_152,2026-05-31,10,7,3,12.586383792713676,1.798054827530525,5.3941644825915755,5.5615656691259785,4.6058355174084245,1.8538552230419927,Medium,5.5615656691259785
STORE_04,SKU_224,2026-05-31,25,11,3,31.463774536532174,4.49482493379031,13.484474801370931,5.5619518820543865,11.515525198629069,1.8539839606847954,Medium,5.5619518820543865
STORE_17,SKU_019,2026-05-31,17,7,3,21.38998450109561,3.0557120715850874,9.167136214755262,5.563351389707867,7.832863785244738,1.8544504632359555,Medium,5.563351389707867
STORE_14,SKU_182,2026-05-31,21,10,3,26.41290849322132,3.77327264188876,11.31981792566628,5.565460541300345,9.68018207433372,1.8551535137667816,Medium,5.565460541300345
STORE_14,SKU_205,2026-05-31,16,7,3,20.11059153612345,2.872941648017636,8.618824944052907,5.569204655110274,7.381175055947093,1.8564015517034247,Medium,5.569204655110274
STORE_06,SKU_084,2026-05-31,17,7,3,21.36730764421995,3.05247252060285,9.15741756180855,5.569255705090696,7.8425824381914495,1.8564185683635652,Medium,5.569255705090696
STORE_13,SKU_038,2026-05-31,10,7,4,12.564981240433974,1.7949973200619964,7.179989280247986,5.5710389582390105,2.8200107197520143,1.3927597395597526,Medium,5.5710389582390105
STORE_18,SKU_163,2026-05-31,20,10,3,25.126087346426328,3.5894410494894755,10.768323148468426,5.571898165828518,9.231676851531574,1.8572993886095062,Medium,5.571898165828518
STORE_14,SKU_179,2026-05-31,17,10,3,21.353734857638564,3.0505335510912235,9.15160065327367,5.572795616005874,7.84839934672633,1.8575985386686247,Medium,5.572795616005874
STORE_04,SKU_110,2026-05-31,9,7,3,11.296495956873315,1.613785136696188,4.841355410088564,5.576950608446671,4.158644589911436,1.8589835361488904,Medium,5.576950608446671
STORE_03,SKU_068,2026-05-31,14,8,3,17.572262156448204,2.5103231652068865,7.53096949562066,5.576971201971201,6.46903050437934,1.858990400657067,Medium,5.576971201971201
STORE_14,SKU_195,2026-05-31,8,5,3,10.039254658385094,1.4341792369121562,4.302537710736469,5.578103345872105,3.697462289263531,1.859367781957368,Medium,5.578103345872105
STORE_18,SKU_192,2026-05-31,12,9,3,15.042095835199284,2.1488708335998976,6.446612500799693,5.584328202685403,5.553387499200307,1.8614427342284676,Medium,5.584328202685403
STORE_15,SKU_085,2026-05-31,20,11,3,25.06800963609644,3.5811442337280632,10.74343270118419,5.584807171862912,9.25656729881581,1.8616023906209707,Medium,5.584807171862912
STORE_11,SKU_154,2026-05-31,10,7,3,12.530191458026508,1.790027351146644,5.370082053439932,5.586506817113306,4.629917946560068,1.8621689390377687,Medium,5.586506817113306
STORE_06,SKU_215,2026-05-31,14,7,3,17.51127819548872,2.501611170784103,7.504833512352309,5.596393301846287,6.495166487647691,1.865464433948762,Medium,5.596393301846287
STORE_13,SKU_012,2026-05-31,10,6,3,12.494764262425173,1.7849663232035962,5.3548989696107885,5.6023465933252705,4.6451010303892115,1.8674488644417566,Medium,5.6023465933252705
STORE_07,SKU_073,2026-05-31,9,7,4,11.24465934065934,1.6063799058084771,6.4255196232339085,5.602659724176752,2.5744803767660915,1.400664931044188,Medium,5.602659724176752
STORE_14,SKU_189,2026-05-31,17,7,3,21.233541233541235,3.0333630333630337,9.1000891000891,5.604340731070495,7.8999108999109,1.8681135770234987,Medium,5.604340731070495
STORE_02,SKU_062,2026-05-31,11,8,3,13.736576949620426,1.9623681356600609,5.887104406980183,5.605472184402366,5.112895593019817,1.8684907281341219,Medium,5.605472184402366
STORE_10,SKU_032,2026-05-31,9,6,3,11.238095238095239,1.6054421768707485,4.816326530612246,5.60593220338983,4.183673469387754,1.8686440677966099,Medium,5.60593220338983
STORE_10,SKU_221,2026-05-31,19,11,4,23.70989132436913,3.387127332052733,13.548509328210931,5.609473201730875,5.4514906717890685,1.4023683004327188,Medium,5.609473201730875
STORE_11,SKU_031,2026-05-31,9,7,5,11.230300961483756,1.6043287087833937,8.02164354391697,5.609822943843563,0.9783564560830307,1.1219645887687124,Medium,5.609822943843563
STORE_06,SKU_125,2026-05-31,11,6,4,13.722222222222221,1.9603174603174602,7.841269841269841,5.611336032388664,3.158730158730159,1.402834008097166,Medium,5.611336032388664
STORE_09,SKU_011,2026-05-31,11,7,4,13.721464870533191,1.9602092672190274,7.84083706887611,5.611645748214339,3.1591629311238902,1.4029114370535847,Medium,5.611645748214339
STORE_09,SKU_106,2026-05-31,11,7,3,13.719415943172848,1.9599165633104068,5.87974968993122,5.612483819933843,5.12025031006878,1.8708279399779475,Medium,5.612483819933843
STORE_15,SKU_001,2026-05-31,12,7,3,14.96078431372549,2.1372549019607843,6.411764705882353,5.614678899082569,5.588235294117647,1.8715596330275228,Medium,5.614678899082569
STORE_11,SKU_087,2026-05-31,8,6,4,9.973059198865652,1.4247227426950932,5.698890970780373,5.615127603611287,2.301109029219627,1.4037819009028218,Medium,5.615127603611287
STORE_03,SKU_192,2026-05-31,10,7,4,12.465589788038766,1.780798541148395,7.12319416459358,5.615458328908578,2.8768058354064197,1.4038645822271445,Medium,5.615458328908578
STORE_07,SKU_221,2026-05-31,17,10,4,21.171014650618158,3.0244306643740226,12.09772265749609,5.620892619642365,4.9022773425039095,1.4052231549105914,Medium,5.620892619642365
STORE_03,SKU_127,2026-05-31,8,6,5,9.961727014707147,1.4231038592438783,7.115519296219391,5.62151521692208,0.8844807037806088,1.1243030433844161,Medium,5.62151521692208
STORE_06,SKU_007,2026-05-31,14,6,4,17.422176693363134,2.488882384766162,9.955529539064647,5.625014699646139,4.044470460935353,1.4062536749115349,Medium,5.625014699646139
STORE_03,SKU_188,2026-05-31,22,12,4,27.366260883039402,3.9094658404342004,15.637863361736802,5.62736724093146,6.362136638263198,1.406841810232865,Medium,5.62736724093146
STORE_17,SKU_006,2026-05-31,19,10,3,23.590897597977246,3.370128228282464,10.110384684847391,5.6377676791494284,8.889615315152609,1.8792558930498093,Medium,5.6377676791494284
STORE_06,SKU_101,2026-05-31,19,11,3,23.59016154145582,3.3700230773508317,10.110069232052496,5.637943587892538,8.889930767947504,1.8793145292975126,Medium,5.637943587892538
STORE_07,SKU_160,2026-05-31,21,12,3,26.04870833224055,3.721244047462936,11.163732142388808,5.643274058931273,9.836267857611192,1.881091352977091,Medium,5.643274058931273
STORE_08,SKU_063,2026-05-31,10,6,3,12.395179086742488,1.770739869534641,5.3122196086039235,5.647356888523693,4.6877803913960765,1.882452296174564,Medium,5.647356888523693
STORE_02,SKU_048,2026-05-31,21,12,3,26.02491241728299,3.7178446310404274,11.153533893121281,5.648433994435968,9.846466106878719,1.8828113314786563,Medium,5.648433994435968
STORE_02,SKU_109,2026-05-31,10,7,3,12.391218045112781,1.7701740064446831,5.31052201933405,5.649162152191219,4.68947798066595,1.8830540507304065,Medium,5.649162152191219
STORE_17,SKU_243,2026-05-31,12,7,3,14.863731656184486,2.1233902365977837,6.370170709793351,5.651339915373766,5.629829290206649,1.8837799717912553,Medium,5.651339915373766
STORE_01,SKU_034,2026-05-31,26,10,3,32.19954648526077,4.599935212180109,13.799805636540327,5.652253521126761,12.200194363459673,1.884084507042254,Medium,5.652253521126761
STORE_15,SKU_068,2026-05-31,19,10,3,23.518021362883417,3.3597173375547738,10.079152012664322,5.65523765574527,8.920847987335678,1.8850792185817566,Medium,5.65523765574527
STORE_03,SKU_136,2026-05-31,11,6,4,13.610567514677102,1.9443667878110147,7.777467151244059,5.657368799424875,3.2225328487559413,1.4143421998562187,Medium,5.657368799424875
STORE_07,SKU_070,2026-05-31,12,7,4,14.827138937390872,2.118162705341553,8.472650821366212,5.665287170687392,3.527349178633788,1.416321792671848,Medium,5.665287170687392
STORE_08,SKU_128,2026-05-31,16,9,3,19.7567478604345,2.822392551490643,8.467177654471929,5.668949201112942,7.532822345528071,1.8896497337043143,Medium,5.668949201112942
STORE_13,SKU_095,2026-05-31,23,10,3,28.381317277868998,4.054473896838428,12.163421690515285,5.672745856850822,10.836578309484715,1.8909152856169404,Medium,5.672745856850822
STORE_03,SKU_128,2026-05-31,16,9,5,19.73682003982811,2.8195457199754443,14.097728599877222,5.674673010849189,1.9022714001227783,1.1349346021698379,Medium,5.674673010849189
STORE_06,SKU_113,2026-05-31,17,7,3,20.968145062484687,2.9954492946406694,8.986347883922008,5.675275502214535,8.013652116077992,1.8917585007381785,Medium,5.675275502214535
STORE_02,SKU_167,2026-05-31,21,11,3,25.89255129504701,3.69893589929243,11.09680769787729,5.677308439980561,9.90319230212271,1.8924361466601871,Medium,5.677308439980561
STORE_04,SKU_120,2026-05-31,27,12,3,33.28333828333828,4.754762611905469,14.264287835716406,5.678516932137599,12.735712164283594,1.8928389773791998,Medium,5.678516932137599
STORE_02,SKU_151,2026-05-31,11,7,3,13.555667337357477,1.9365239053367824,5.809571716010347,5.680281028127552,5.190428283989653,1.8934270093758507,Medium,5.680281028127552
STORE_03,SKU_045,2026-05-31,11,6,3,13.546695937644758,1.935242276806394,5.805726830419182,5.6840428363070865,5.194273169580818,1.8946809454356954,Medium,5.6840428363070865
STORE_08,SKU_078,2026-05-31,10,6,4,12.314904909332153,1.7592721299045933,7.037088519618373,5.684168941244074,2.962911480381627,1.4210422353110186,Medium,5.684168941244074
STORE_17,SKU_136,2026-05-31,12,6,3,14.77546653987876,2.1107809342683943,6.332342802805183,5.685099673386643,5.667657197194817,1.8950332244622141,Medium,5.685099673386643
STORE_16,SKU_222,2026-05-31,19,9,3,23.375659316604008,3.339379902372001,10.018139707116003,5.689679088774558,8.981860292883997,1.896559696258186,Medium,5.689679088774558
STORE_13,SKU_242,2026-05-31,12,8,4,14.748031496062993,2.1068616422947133,8.427446569178853,5.695675387079551,3.572553430821147,1.4239188467698878,Medium,5.695675387079551
STORE_01,SKU_087,2026-05-31,8,6,3,9.830464109533878,1.404352015647697,4.213056046943091,5.696577432767342,3.786943953056909,1.8988591442557807,Medium,5.696577432767342
STORE_14,SKU_046,2026-05-31,11,8,3,13.502108616309213,1.9288726594727448,5.786617978418234,5.7028129596729515,5.213382021581766,1.9009376532243172,Medium,5.7028129596729515
STORE_17,SKU_143,2026-05-31,12,7,3,14.720578040846796,2.102939720120971,6.308819160362913,5.706297658075384,5.691180839637087,1.9020992193584614,Medium,5.706297658075384
STORE_02,SKU_070,2026-05-31,12,8,4,14.720542422576507,2.1029346317966437,8.411738527186575,5.706311465206025,3.588261472813425,1.4265778663015063,Medium,5.706311465206025
STORE_07,SKU_024,2026-05-31,18,12,3,22.079473059064895,3.154210437009271,9.462631311027813,5.706657928970354,8.537368688972187,1.9022193096567845,Medium,5.706657928970354
STORE_15,SKU_014,2026-05-31,15,7,3,18.390926640926644,2.627275234418092,7.881825703254276,5.709337112265784,7.118174296745724,1.9031123707552613,Medium,5.709337112265784
STORE_16,SKU_183,2026-05-31,11,8,3,13.480051141277777,1.925721591611111,5.777164774833333,5.712144501011229,5.222835225166667,1.9040481670037432,Medium,5.712144501011229
STORE_02,SKU_209,2026-05-31,28,12,3,34.2966640838465,4.8995234405495,14.6985703216485,5.7148415228032245,13.3014296783515,1.9049471742677415,Medium,5.7148415228032245
STORE_11,SKU_090,2026-05-31,14,8,5,17.147112009360704,2.449587429908672,12.24793714954336,5.715248138957818,1.7520628504566407,1.1430496277915634,Medium,5.715248138957818
STORE_11,SKU_038,2026-05-31,13,7,3,15.919933350872578,2.2742761929817967,6.822828578945391,5.716104332497865,6.177171421054609,1.9053681108326217,Medium,5.716104332497865
STORE_05,SKU_041,2026-05-31,12,7,3,14.693561872909697,2.099080267558528,6.297240802675584,5.716789484166502,5.702759197324416,1.9055964947221673,Medium,5.716789484166502
STORE_14,SKU_241,2026-05-31,13,7,4,15.915447154471543,2.273635307781649,9.094541231126597,5.7177155700858195,3.9054587688734035,1.4294288925214549,Medium,5.7177155700858195
STORE_04,SKU_135,2026-05-31,14,9,4,17.132012513034407,2.4474303590049153,9.789721436019661,5.720285338657059,4.210278563980339,1.4300713346642648,Medium,5.720285338657059
STORE_01,SKU_016,2026-05-31,21,12,3,25.683141160973676,3.6690201658533823,11.007060497560147,5.7235989585016585,9.992939502439853,1.9078663195005527,Medium,5.7235989585016585
STORE_18,SKU_122,2026-05-31,12,7,3,14.668030207677784,2.095432886811112,6.286298660433335,5.726740319639601,5.713701339566665,1.9089134398798673,Medium,5.726740319639601
STORE_08,SKU_122,2026-05-31,11,9,3,13.442901925660546,1.9204145608086496,5.761243682425949,5.727929908721434,5.238756317574051,1.9093099695738112,Medium,5.727929908721434
STORE_03,SKU_222,2026-05-31,13,7,4,15.880503144654087,2.2686433063791553,9.074573225516621,5.730297029702971,3.9254267744833786,1.4325742574257427,Medium,5.730297029702971
STORE_02,SKU_040,2026-05-31,17,11,3,20.75740045406916,2.96534292200988,8.89602876602964,5.732895131224003,8.10397123397036,1.9109650437413341,Medium,5.732895131224003
STORE_13,SKU_228,2026-05-31,13,9,3,15.869680586420776,2.2670972266315395,6.801291679894618,5.734204888652015,6.198708320105382,1.911401629550672,Medium,5.734204888652015
STORE_11,SKU_022,2026-05-31,12,6,4,14.64011180992313,2.091444544274733,8.365778177098932,5.737661097852029,3.6342218229010683,1.4344152744630072,Medium,5.737661097852029
STORE_03,SKU_208,2026-05-31,15,12,3,18.294815643152237,2.613545091878891,7.840635275636673,5.739330860068086,7.159364724363327,1.913110286689362,Medium,5.739330860068086
STORE_02,SKU_094,2026-05-31,10,6,3,12.193686123097887,1.7419551604425554,5.225865481327666,5.740675895158767,4.774134518672334,1.913558631719589,Medium,5.740675895158767
STORE_12,SKU_200,2026-05-31,14,8,3,17.069526115530955,2.4385037307901363,7.315511192370408,5.741225581583855,6.684488807629592,1.9137418605279517,Medium,5.741225581583855
STORE_03,SKU_227,2026-05-31,21,12,5,25.60144733315465,3.6573496190220927,18.286748095110465,5.741862875448864,2.7132519048895354,1.1483725750897726,Medium,5.741862875448864
STORE_13,SKU_133,2026-05-31,11,8,3,13.405194805194803,1.9150278293135432,5.745083487940629,5.744041852354196,5.254916512059371,1.9146806174513988,Medium,5.744041852354196
STORE_09,SKU_245,2026-05-31,12,7,3,14.619718309859154,2.088531187122736,6.265593561368208,5.745664739884394,5.734406438631792,1.9152215799614647,Medium,5.745664739884394
STORE_03,SKU_172,2026-05-31,10,6,3,12.182977127859017,1.7404253039798596,5.221275911939578,5.745722023882802,4.778724088060422,1.915240674627601,Medium,5.745722023882802
STORE_15,SKU_026,2026-05-31,11,8,4,13.400449943757028,1.9143499919652898,7.657399967861159,5.746075715604802,3.342600032138841,1.4365189289012006,Medium,5.746075715604802
STORE_08,SKU_173,2026-05-31,10,5,3,12.180451127819548,1.740064446831364,5.220193340494092,5.746913580246914,4.779806659505908,1.9156378600823047,Medium,5.746913580246914
STORE_08,SKU_140,2026-05-31,21,8,3,25.568786831944724,3.6526838331349607,10.958051499404881,5.749197291454731,10.041948500595119,1.9163990971515772,Medium,5.749197291454731
STORE_03,SKU_241,2026-05-31,14,9,3,17.020025701434996,2.4314322430621425,7.294296729186428,5.757923150006606,6.705703270813572,1.9193077166688688,Medium,5.757923150006606
STORE_01,SKU_125,2026-05-31,6,5,3,7.290971822886716,1.0415674032695308,3.1247022098085924,5.760548939190788,2.8752977901914076,1.920182979730263,Medium,5.760548939190788
STORE_10,SKU_164,2026-05-31,23,11,4,27.94606174892045,3.992294535560064,15.969178142240256,5.7610979839125065,7.030821857759744,1.4402744959781266,Medium,5.7610979839125065
STORE_08,SKU_250,2026-05-31,11,8,3,13.354090354090353,1.907727193441479,5.723181580324437,5.766023589649813,5.276818419675563,1.9220078632166044,Medium,5.766023589649813
STORE_18,SKU_126,2026-05-31,9,8,4,10.923963133640553,1.5605661619486504,6.2422646477946016,5.767137734655136,2.7577353522053984,1.441784433663784,Medium,5.767137734655136
STORE_15,SKU_210,2026-05-31,15,7,4,18.183309037900873,2.597615576842982,10.390462307371928,5.77452650566189,4.609537692628072,1.4436316264154725,Medium,5.77452650566189
STORE_09,SKU_203,2026-05-31,16,8,3,19.392656124363448,2.7703794463376354,8.311138339012906,5.77538214887912,7.688861660987094,1.9251273829597066,Medium,5.77538214887912
STORE_07,SKU_088,2026-05-31,11,6,3,13.32892544773011,1.9041322068185873,5.7123966204557615,5.776909796814337,5.2876033795442385,1.9256365989381123,Medium,5.776909796814337
STORE_06,SKU_053,2026-05-31,18,9,3,21.784180790960452,3.1120258272800645,9.336077481840194,5.78401369365631,8.663922518159806,1.9280045645521033,Medium,5.78401369365631
STORE_09,SKU_157,2026-05-31,10,7,3,12.097210481825867,1.7281729259751237,5.184518777925371,5.7864579693941725,4.815481222074629,1.9288193231313908,Medium,5.7864579693941725
STORE_17,SKU_107,2026-05-31,10,6,3,12.096608427543678,1.7280869182205254,5.184260754661576,5.786745964316059,4.815739245338424,1.9289153214386863,Medium,5.786745964316059
STORE_02,SKU_035,2026-05-31,14,11,3,16.9277231654053,2.4182461664864716,7.254738499459415,5.7893196292505404,6.745261500540585,1.92977320975018,Medium,5.7893196292505404
STORE_11,SKU_020,2026-05-31,14,10,3,16.9247619047619,2.4178231292517003,7.253469387755101,5.790332564290137,6.746530612244899,1.930110854763379,Medium,5.790332564290137
STORE_10,SKU_075,2026-05-31,25,11,4,30.219598583234948,4.317085511890707,17.26834204756283,5.790943897483981,7.731657952437171,1.4477359743709952,Medium,5.790943897483981
STORE_04,SKU_115,2026-05-31,18,12,3,21.757263653124802,3.1081805218749716,9.324541565624916,5.791169423178072,8.675458434375084,1.930389807726024,Medium,5.791169423178072
STORE_15,SKU_108,2026-05-31,21,10,3,25.345611015490533,3.6208015736415047,10.862404720924514,5.799820722813022,10.137595279075486,1.9332735742710074,Medium,5.799820722813022
STORE_17,SKU_230,2026-05-31,8,6,3,9.646917293233084,1.3781310418904407,4.134393125671322,5.804963212370619,3.8656068743286784,1.9349877374568731,Medium,5.804963212370619
STORE_18,SKU_240,2026-05-31,19,9,3,22.879053461875547,3.268436208839364,9.80530862651809,5.813177552193067,9.19469137348191,1.9377258507310224,Medium,5.813177552193067
STORE_10,SKU_028,2026-05-31,12,7,3,14.448776637726912,2.0641109482467015,6.192332844740104,5.8136409819409405,5.807667155259896,1.9378803273136471,Medium,5.8136409819409405
STORE_07,SKU_249,2026-05-31,12,6,4,14.44487380751117,2.0635534010730243,8.254213604292097,5.815211757427812,3.7457863957079027,1.453802939356953,Medium,5.815211757427812
STORE_18,SKU_105,2026-05-31,12,8,3,14.4435736677116,2.063367666815943,6.190103000447829,5.81573521432447,5.809896999552171,1.9385784047748233,Medium,5.81573521432447
STORE_15,SKU_156,2026-05-31,13,10,3,15.628318584070797,2.2326169405815426,6.697850821744628,5.822763306908267,6.302149178255372,1.9409211023027555,Medium,5.822763306908267
STORE_06,SKU_086,2026-05-31,24,11,3,28.792981212336052,4.113283030333721,12.339849091001163,5.8347553093259465,11.660150908998837,1.9449184364419825,Medium,5.8347553093259465
STORE_09,SKU_133,2026-05-31,14,11,4,16.788850354191265,2.398407193455895,9.59362877382358,5.8372073091672245,4.40637122617642,1.4593018272918061,Medium,5.8372073091672245
STORE_15,SKU_063,2026-05-31,10,7,3,11.991217871898979,1.713031124556997,5.139093373670991,5.837605549978596,4.860906626329009,1.9458685166595318,Medium,5.837605549978596
STORE_07,SKU_245,2026-05-31,13,7,3,15.587642276422764,2.226806039488966,6.680418118466898,5.837957940415589,6.319581881533102,1.9459859801385297,Medium,5.837957940415589
STORE_02,SKU_097,2026-05-31,14,7,3,16.784286530146037,2.397755218592291,7.193265655776873,5.838794507230527,6.806734344223127,1.946264835743509,Medium,5.838794507230527
STORE_07,SKU_224,2026-05-31,22,12,3,26.36863279918172,3.766947542740246,11.300842628220739,5.840272462089083,10.699157371779261,1.9467574873630278,Medium,5.840272462089083
STORE_02,SKU_208,2026-05-31,15,11,4,17.972349138660437,2.5674784483800623,10.26991379352025,5.842308047206463,4.730086206479751,1.4605770118016157,Medium,5.842308047206463
STORE_17,SKU_138,2026-05-31,18,10,3,21.554665479899125,3.079237925699875,9.237713777099625,5.845602202339986,8.762286222900375,1.948534067446662,Medium,5.845602202339986
STORE_18,SKU_101,2026-05-31,16,8,4,19.148464381292218,2.735494911613174,10.941979646452696,5.849032996579216,5.058020353547304,1.462258249144804,Medium,5.849032996579216
STORE_11,SKU_053,2026-05-31,11,7,3,13.164565043894653,1.8806521491278076,5.641956447383423,5.849034870750279,5.358043552616577,1.9496782902500929,Medium,5.849034870750279
STORE_01,SKU_111,2026-05-31,17,11,4,20.338873994638075,2.9055534278054393,11.622213711221757,5.850864705262047,5.377786288778243,1.4627161763155117,Medium,5.850864705262047
STORE_02,SKU_018,2026-05-31,11,6,4,13.159928122192273,1.8799897317417533,7.519958926967013,5.851095787533283,3.4800410730329867,1.4627739468833207,Medium,5.851095787533283
STORE_03,SKU_235,2026-05-31,11,7,5,13.15527950310559,1.8793256433007985,9.396628216503993,5.853163361661945,1.6033717834960068,1.170632672332389,Medium,5.853163361661945
STORE_06,SKU_135,2026-05-31,13,9,3,15.545751633986928,2.2208216619981327,6.662464985994398,5.853689299978978,6.337535014005602,1.9512297666596594,Medium,5.853689299978978
STORE_08,SKU_169,2026-05-31,15,7,4,17.933949706802895,2.5619928152575566,10.247971261030226,5.854817355720044,4.7520287389697735,1.463704338930011,Medium,5.854817355720044
STORE_08,SKU_044,2026-05-31,15,7,3,17.92603335750544,2.5608619082150628,7.682585724645188,5.857402912621359,7.317414275354812,1.952467637540453,Medium,5.857402912621359
STORE_08,SKU_242,2026-05-31,21,12,3,25.07561976101302,3.582231394430431,10.746694183291293,5.86226786819252,10.253305816708707,1.9540892893975066,Medium,5.86226786819252
STORE_13,SKU_002,2026-05-31,17,10,3,20.29554043839758,2.899362919771083,8.698088759313249,5.8633570444303755,8.301911240686751,1.9544523481434584,Medium,5.8633570444303755
STORE_11,SKU_232,2026-05-31,14,10,3,16.712095007494522,2.387442143927789,7.162326431783367,5.864016447731538,6.837673568216633,1.9546721492438461,Medium,5.864016447731538
STORE_17,SKU_110,2026-05-31,23,11,4,27.4090821812596,3.9155831687513714,15.662332675005485,5.873965386191606,7.337667324994515,1.4684913465479015,Medium,5.873965386191606
STORE_08,SKU_051,2026-05-31,21,12,3,25.024543738200123,3.5749348197428747,10.724804459228624,5.8742329745498445,10.275195540771376,1.9580776581832817,Medium,5.8742329745498445
STORE_06,SKU_107,2026-05-31,11,6,3,13.104627766599595,1.8720896809427994,5.616269042828398,5.875786887762937,5.383730957171602,1.9585956292543123,Medium,5.875786887762937
STORE_03,SKU_125,2026-05-31,10,5,4,11.89795918367347,1.6997084548104957,6.798833819241983,5.8833619210977695,3.201166180758017,1.4708404802744424,Medium,5.8833619210977695
STORE_10,SKU_086,2026-05-31,25,11,3,29.732906799083267,4.247558114154752,12.742674342464255,5.885734656975942,12.257325657535745,1.9619115523253143,Medium,5.885734656975942
STORE_17,SKU_109,2026-05-31,24,11,3,28.53506493506493,4.076437847866418,12.229313543599254,5.887493173129439,11.770686456400746,1.9624977243764798,Medium,5.887493173129439
STORE_11,SKU_197,2026-05-31,8,6,5,9.510638297872342,1.3586626139817632,6.793313069908816,5.888143176733779,1.206686930091184,1.177628635346756,Medium,5.888143176733779
STORE_16,SKU_049,2026-05-31,16,7,3,19.007263922518163,2.715323417502595,8.145970252507784,5.89248407643312,7.854029747492216,1.96416135881104,Medium,5.89248407643312
STORE_09,SKU_018,2026-05-31,8,6,3,9.502751992113694,1.3575359988733848,4.072607996620155,5.893029729332539,3.927392003379845,1.9643432431108458,Medium,5.893029729332539
STORE_11,SKU_117,2026-05-31,16,10,4,19.002831774873897,2.714690253553414,10.858761014213655,5.89385841683289,5.1412389857863445,1.4734646042082225,Medium,5.89385841683289
STORE_15,SKU_088,2026-05-31,11,6,3,13.06394213381555,1.8662774476879356,5.5988323430638065,5.8940861197393275,5.4011676569361935,1.9646953732464425,Medium,5.8940861197393275
STORE_12,SKU_040,2026-05-31,11,8,3,13.05628086953786,1.8651829813625513,5.595548944087654,5.897544696641127,5.404451055912346,1.9658482322137087,Medium,5.897544696641127
STORE_01,SKU_232,2026-05-31,12,7,3,14.23651603498542,2.033788004997917,6.101364014993751,5.900319979521312,5.898635985006249,1.966773326507104,Medium,5.900319979521312
STORE_09,SKU_071,2026-05-31,15,9,4,17.789417116944684,2.541345302420669,10.165381209682677,5.902385632409841,4.8346187903173234,1.4755964081024602,Medium,5.902385632409841
STORE_18,SKU_226,2026-05-31,12,7,3,14.225717186820052,2.0322453124028645,6.096735937208594,5.904798956486,5.903264062791406,1.9682663188286667,Medium,5.904798956486
STORE_04,SKU_246,2026-05-31,15,7,3,17.7751386962552,2.5393055280364574,7.617916584109372,5.907126903157217,7.382083415890628,1.9690423010524059,Medium,5.907126903157217
STORE_17,SKU_247,2026-05-31,22,9,4,26.057866184448464,3.7225523120640664,14.890209248256266,5.909923664122137,7.109790751743734,1.4774809160305342,Medium,5.909923664122137
STORE_08,SKU_075,2026-05-31,17,10,4,20.129701007988523,2.875671572569789,11.502686290279156,5.911662570287286,5.497313709720844,1.4779156425718214,Medium,5.911662570287286
STORE_17,SKU_184,2026-05-31,22,11,3,26.04655737704918,3.720936768149883,11.162810304449648,5.912489615065079,10.837189695550352,1.9708298716883597,Medium,5.912489615065079
STORE_11,SKU_042,2026-05-31,15,8,3,17.755394726339034,2.536484960905576,7.6094548827167285,5.913695618618885,7.3905451172832715,1.9712318728729616,Medium,5.913695618618885
STORE_03,SKU_050,2026-05-31,12,7,4,14.187416902244767,2.026773843177824,8.107095372711296,5.920739524240619,3.8929046272887042,1.4801848810601548,Medium,5.920739524240619
STORE_10,SKU_040,2026-05-31,19,11,3,22.46267134926929,3.2089530498956127,9.626859149686839,5.920934243839457,9.373140850313161,1.9736447479464856,Medium,5.920934243839457
STORE_10,SKU_076,2026-05-31,11,7,3,13.003357546408392,1.8576225066297702,5.572867519889311,5.921547548407441,5.427132480110689,1.97384918280248,Medium,5.921547548407441
STORE_13,SKU_040,2026-05-31,13,8,3,15.356479433878814,2.193782776268402,6.581348328805206,5.92583738947611,6.418651671194794,1.9752791298253698,Medium,5.92583738947611
STORE_07,SKU_138,2026-05-31,9,7,3,10.630036630036631,1.5185766614338045,4.555729984301413,5.926602343211577,4.444270015698587,1.9755341144038592,Medium,5.926602343211577
STORE_15,SKU_018,2026-05-31,13,6,3,15.353702532822552,2.1933860761175077,6.5801582283525235,5.9269091481656435,6.4198417716474765,1.975636382721881,Medium,5.9269091481656435
STORE_10,SKU_132,2026-05-31,20,11,3,23.597049689440993,3.3710070984915705,10.113021295474711,5.932945086039549,9.886978704525289,1.9776483620131828,Medium,5.932945086039549
STORE_11,SKU_064,2026-05-31,12,7,4,14.156805627742255,2.0224008039631793,8.089603215852717,5.933541945040918,3.9103967841472826,1.4833854862602296,Medium,5.933541945040918
STORE_17,SKU_052,2026-05-31,20,10,4,23.59123442155512,3.370176345936446,13.480705383745784,5.9344075641960945,6.519294616254216,1.4836018910490236,Medium,5.9344075641960945
STORE_02,SKU_205,2026-05-31,19,9,3,22.389162561576356,3.198451794510908,9.595355383532723,5.94037403740374,9.404644616467277,1.9801246791345801,Medium,5.94037403740374
STORE_13,SKU_102,2026-05-31,13,6,3,15.31578947368421,2.18796992481203,6.563909774436089,5.941580756013746,6.436090225563911,1.9805269186712489,Medium,5.941580756013746
STORE_18,SKU_182,2026-05-31,17,11,3,20.022655122655124,2.860379303236446,8.581137909709339,5.943267727033591,8.418862090290661,1.98108924234453,Medium,5.943267727033591
STORE_13,SKU_055,2026-05-31,14,7,3,16.487619047619045,2.3553741496598635,7.06612244897959,5.943853974121997,6.93387755102041,1.9812846580406658,Medium,5.943853974121997
STORE_07,SKU_163,2026-05-31,11,7,3,12.927170868347337,1.846738695478191,5.540216086434573,5.9564463705308786,5.459783913565427,1.9854821235102926,Medium,5.9564463705308786
STORE_07,SKU_185,2026-05-31,8,6,3,9.395649617871841,1.3422356596959772,4.0267069790879315,5.960205230884745,3.9732930209120685,1.9867350769615817,Medium,5.960205230884745
STORE_04,SKU_074,2026-05-31,10,7,4,11.739591836734693,1.677084548104956,6.708338192419824,5.9627286002364235,3.2916618075801756,1.4906821500591059,Medium,5.9627286002364235
STORE_14,SKU_056,2026-05-31,7,6,3,8.216959511077157,1.173851358725308,3.5215540761759243,5.963276310896245,3.4784459238240757,1.9877587702987483,Medium,5.963276310896245
STORE_10,SKU_186,2026-05-31,10,5,3,11.737888198757764,1.676841171251109,5.0305235137533275,5.963594031114404,4.9694764862466725,1.9878646770381345,Medium,5.963594031114404
STORE_01,SKU_226,2026-05-31,21,10,3,24.64860229806208,3.5212288997231544,10.563686699169462,5.963827004160695,10.436313300830538,1.9879423347202319,Medium,5.963827004160695
STORE_14,SKU_054,2026-05-31,9,6,3,10.561669435215947,1.5088099193165638,4.526429757949692,5.964966086700088,4.473570242050308,1.9883220289000294,Medium,5.964966086700088
STORE_10,SKU_152,2026-05-31,12,7,3,14.079907161803714,2.011415308829102,6.034245926487305,5.965948428117273,5.965754073512695,1.9886494760390914,Medium,5.965948428117273
STORE_10,SKU_126,2026-05-31,20,11,3,23.42399049881235,3.346284356973193,10.03885307091958,5.976778380570907,9.96114692908042,1.9922594601903023,Medium,5.976778380570907
STORE_04,SKU_053,2026-05-31,19,9,3,22.25198125759241,3.178854465370344,9.536563396111031,5.976995866586946,9.463436603888969,1.992331955528982,Medium,5.976995866586946
STORE_01,SKU_239,2026-05-31,22,11,3,25.75980253399608,3.6799717905708684,11.039915371712606,5.978306696907362,10.960084628287394,1.9927688989691206,Medium,5.978306696907362
STORE_09,SKU_098,2026-05-31,8,5,3,9.365911989795919,1.3379874271137027,4.013962281341108,5.979129428187188,3.986037718658892,1.9930431427290627,Medium,5.979129428187188
STORE_04,SKU_012,2026-05-31,17,7,3,19.899446659130124,2.8427780941614462,8.52833428248434,5.980065779638212,8.47166571751566,1.993355259879404,Medium,5.980065779638212
STORE_13,SKU_197,2026-05-31,12,6,3,14.044733044733043,2.006390434961863,6.019171304885589,5.980889756498511,5.980828695114411,1.9936299188328372,Medium,5.980889756498511
STORE_06,SKU_222,2026-05-31,13,7,3,15.212707182320443,2.173243883188635,6.519731649565905,5.9818412928999445,6.480268350434095,1.9939470976333147,Medium,5.9818412928999445
STORE_15,SKU_230,2026-05-31,16,7,3,18.70071428571429,2.6715306122448985,8.014591836734695,5.989076047515373,7.985408163265305,1.9963586825051243,Medium,5.989076047515373
STORE_06,SKU_065,2026-05-31,13,6,3,15.191769547325105,2.170252792475015,6.510758377425045,5.990085599739949,6.489241622574955,1.9966951999133165,Medium,5.990085599739949
STORE_15,SKU_032,2026-05-31,11,5,3,12.851865689067386,1.8359808127239123,5.507942438171737,5.991348016148433,5.492057561828263,1.997116005382811,Medium,5.991348016148433
STORE_03,SKU_171,2026-05-31,17,11,3,19.855541069100394,2.836505867014342,8.509517601043026,5.993289207574922,8.490482398956974,1.9977630691916404,Medium,5.993289207574922
STORE_15,SKU_167,2026-05-31,12,8,4,14.014348554671134,2.002049793524448,8.008199174097792,5.993856915454117,3.9918008259022084,1.4984642288635293,Medium,5.993856915454117
STORE_05,SKU_155,2026-05-31,21,12,3,24.516619519094768,3.5023742170135383,10.507122651040614,5.995932672753234,10.492877348959386,1.9986442242510782,Medium,5.995932672753234
STORE_04,SKU_084,2026-05-31,12,7,3,14.006957328385898,2.0009939040551283,6.002981712165385,5.99701976886652,5.997018287834615,1.9990065896221734,Medium,5.99701976886652
STORE_07,SKU_196,2026-05-31,11,6,4,12.838095238095237,1.8340136054421767,7.336054421768707,5.997774480712167,3.663945578231293,1.4994436201780417,Medium,5.997774480712167
STORE_09,SKU_076,2026-05-31,10,7,4,11.662729091636654,1.6661041559480936,6.664416623792374,6.002025722281161,3.3355833762076257,1.5005064305702902,Medium,6.002025722281161
STORE_11,SKU_091,2026-05-31,9,7,4,10.480234684823353,1.4971763835461933,5.988705534184773,6.011315766738661,3.0112944658152268,1.5028289416846652,Medium,6.011315766738661
STORE_07,SKU_107,2026-05-31,10,6,6,11.627079995069641,1.6610114278670915,9.96606856720255,6.020428175404562,0.033931432797450256,1.0034046959007603,Medium,6.020428175404562
STORE_02,SKU_194,2026-05-31,23,10,4,26.67279223016928,3.8103988900241825,15.24159556009673,6.036113452640134,7.75840443990327,1.5090283631600334,Medium,6.036113452640134
STORE_07,SKU_020,2026-05-31,15,8,4,17.36698120108258,2.4809973144403688,9.923989257761475,6.045955758474292,5.076010742238525,1.511488939618573,Medium,6.045955758474292
STORE_11,SKU_209,2026-05-31,10,8,5,11.574223766714512,1.6534605381020733,8.267302690510366,6.047921779541538,1.7326973094896339,1.2095843559083077,Medium,6.047921779541538
STORE_03,SKU_131,2026-05-31,7,5,4,8.09596510359869,1.1565664433712415,4.626265773484966,6.052397629310345,2.373734226515034,1.5130994073275863,Medium,6.052397629310345
STORE_10,SKU_242,2026-05-31,25,12,4,28.91406008876023,4.130580012680033,16.522320050720133,6.05241877006501,8.477679949279867,1.5131046925162526,Medium,6.05241877006501
STORE_03,SKU_028,2026-05-31,12,7,4,13.876004057351206,1.9822862939073151,7.929145175629261,6.053615987197598,4.070854824370739,1.5134039967993995,Medium,6.053615987197598
STORE_10,SKU_222,2026-05-31,14,7,4,16.169671752196024,2.309953107456575,9.2398124298263,6.06072909220872,4.7601875701737,1.51518227305218,Medium,6.06072909220872
STORE_13,SKU_008,2026-05-31,12,7,4,13.826279602750189,1.9751828003928842,7.900731201571537,6.075387046511886,4.099268798428463,1.5188467616279715,Medium,6.075387046511886
STORE_10,SKU_207,2026-05-31,18,8,4,20.727361647361647,2.961051663908807,11.844206655635228,6.078921289822641,6.155793344364772,1.5197303224556602,Medium,6.078921289822641
STORE_08,SKU_097,2026-05-31,15,7,4,17.270409794874137,2.4672013992677337,9.868805597070935,6.079763088839041,5.131194402929065,1.5199407722097602,Medium,6.079763088839041
STORE_02,SKU_127,2026-05-31,12,6,4,13.813605442176868,1.973372206025267,7.893488824101068,6.080961292228899,4.106511175898932,1.5202403230572248,Medium,6.080961292228899
STORE_15,SKU_207,2026-05-31,17,10,4,19.545161290322582,2.7921658986175117,11.168663594470047,6.088463442812345,5.831336405529953,1.5221158607030862,Medium,6.088463442812345
STORE_01,SKU_180,2026-05-31,17,8,4,19.5381850853549,2.791169297907843,11.164677191631371,6.090637358594683,5.835322808368629,1.5226593396486707,Medium,6.090637358594683
STORE_07,SKU_034,2026-05-31,17,11,4,19.488089053803343,2.784012721971906,11.136050887887624,6.106293935308946,5.863949112112376,1.5265734838272365,Medium,6.106293935308946
STORE_03,SKU_082,2026-05-31,11,7,6,12.604310776942356,1.8006158252774793,10.803694951664877,6.109021061338764,0.1963050483351232,1.0181701768897937,Medium,6.109021061338764
STORE_17,SKU_106,2026-05-31,11,6,4,12.603522504892366,1.8005032149846236,7.2020128599384945,6.1094031426619475,3.7979871400615055,1.5273507856654869,Medium,6.1094031426619475
STORE_08,SKU_196,2026-05-31,9,6,4,10.291858678955453,1.4702655255650647,5.881062102260259,6.12134328358209,3.118937897739741,1.5303358208955224,Medium,6.12134328358209
STORE_17,SKU_050,2026-05-31,19,10,4,21.713250517598343,3.1018929310854775,12.40757172434191,6.125292014302742,6.59242827565809,1.5313230035756855,Medium,6.125292014302742
STORE_11,SKU_081,2026-05-31,15,8,6,17.131031804864275,2.4472902578377536,14.683741547026521,6.129228011250656,0.31625845297347865,1.0215380018751095,Medium,6.129228011250656
STORE_18,SKU_172,2026-05-31,10,6,4,11.39985791249778,1.6285511303568256,6.5142045214273026,6.14042741035029,3.4857954785726974,1.5351068525875724,Medium,6.14042741035029
STORE_06,SKU_227,2026-05-31,20,12,4,22.75892034233048,3.25127433461864,13.00509733847456,6.151434158307011,6.99490266152544,1.5378585395767528,Medium,6.151434158307011
STORE_03,SKU_098,2026-05-31,9,5,6,10.23044624548384,1.4614923207834056,8.768953924700433,6.158089147656772,0.23104607529956667,1.0263481912761288,Medium,6.158089147656772
STORE_13,SKU_226,2026-05-31,10,8,4,11.356059640626992,1.6222942343752844,6.489176937501138,6.164109930311634,3.5108230624988623,1.5410274825779084,Medium,6.164109930311634
STORE_03,SKU_145,2026-05-31,17,11,6,19.28484102726948,2.7549772896099256,16.529863737659554,6.1706497778088805,0.47013626234044636,1.0284416296348136,Medium,6.1706497778088805
STORE_06,SKU_064,2026-05-31,15,11,4,16.999333185152256,2.4284761693074652,9.713904677229861,6.176712866108787,5.286095322770139,1.5441782165271967,Medium,6.176712866108787
STORE_11,SKU_050,2026-05-31,17,10,5,19.24219647644581,2.7488852109208297,13.744426054604148,6.184325170240663,3.2555739453958523,1.2368650340481326,Medium,6.184325170240663
STORE_11,SKU_220,2026-05-31,20,10,4,22.626623376623378,3.232374768089054,12.929499072356217,6.187401348830535,7.070500927643783,1.5468503372076337,Medium,6.187401348830535
STORE_14,SKU_222,2026-05-31,18,10,4,20.3333882342372,2.9047697477481718,11.619078990992687,6.196704580097584,6.380921009007313,1.549176145024396,Medium,6.196704580097584
STORE_14,SKU_005,2026-05-31,13,6,4,14.674504298999825,2.096357756999975,8.3854310279999,6.201231615449002,4.6145689720001,1.5503079038622505,Medium,6.201231615449002
STORE_03,SKU_182,2026-05-31,14,7,5,15.791373926619828,2.2559105609456895,11.279552804728448,6.205919792374715,2.720447195271552,1.241183958474943,Medium,6.205919792374715
STORE_06,SKU_093,2026-05-31,21,11,4,23.680391454827543,3.382913064975363,13.531652259901453,6.207667651120363,7.468347740098547,1.5519169127800907,Medium,6.207667651120363
STORE_08,SKU_055,2026-05-31,15,6,4,16.80643299603709,2.4009189994338698,9.603675997735479,6.247607688363064,5.396324002264521,1.561901922090766,Medium,6.247607688363064
STORE_17,SKU_187,2026-05-31,14,8,4,15.680124223602485,2.2400177462289266,8.960070984915706,6.249950485244602,5.039929015084294,1.5624876213111505,Medium,6.249950485244602
STORE_10,SKU_043,2026-05-31,15,11,4,16.797619047619047,2.3996598639455784,9.598639455782314,6.2508858965272855,5.401360544217686,1.5627214741318214,Medium,6.2508858965272855
STORE_03,SKU_160,2026-05-31,20,13,4,22.382022471910112,3.1974317817014444,12.789727126805778,6.255020080321286,7.2102728731942225,1.5637550200803214,Medium,6.255020080321286
STORE_07,SKU_172,2026-05-31,9,5,5,10.064102564102564,1.4377289377289377,7.188644688644689,6.259872611464968,1.8113553113553111,1.2519745222929937,Medium,6.259872611464968
STORE_11,SKU_059,2026-05-31,11,5,6,12.290408119723246,1.7557725885318922,10.534635531191354,6.265048259579999,0.46536446880864624,1.0441747099299996,Medium,6.265048259579999
STORE_03,SKU_163,2026-05-31,13,7,4,14.51784138191905,2.07397734027415,8.2959093610966,6.268149486282038,4.7040906389034,1.5670373715705095,Medium,6.268149486282038
STORE_09,SKU_001,2026-05-31,18,11,4,20.095753351507827,2.8708219073582613,11.483287629433045,6.269981413289288,6.516712370566955,1.567495353322322,Medium,6.269981413289288
STORE_14,SKU_250,2026-05-31,18,10,4,20.073295135992563,2.8676135908560805,11.470454363424322,6.276996335000067,6.529545636575678,1.5692490837500168,Medium,6.276996335000067
STORE_17,SKU_197,2026-05-31,14,6,4,15.57775694363061,2.225393849090087,8.901575396360348,6.291021252586045,5.098424603639652,1.5727553131465113,Medium,6.291021252586045
STORE_08,SKU_179,2026-05-31,13,7,4,14.464213749247637,2.0663162498925196,8.265264999570078,6.291389326622292,4.734735000429922,1.572847331655573,Medium,6.291389326622292
STORE_03,SKU_022,2026-05-31,12,7,5,13.34295936621518,1.9061370523164543,9.53068526158227,6.295454980751183,2.4693147384177294,1.2590909961502366,Medium,6.295454980751183
STORE_11,SKU_188,2026-05-31,13,8,5,14.44746130871572,2.063923044102246,10.31961522051123,6.298684457808682,2.6803847794887705,1.2597368915617364,Medium,6.298684457808682
STORE_11,SKU_125,2026-05-31,9,6,4,9.989795918367347,1.4271137026239067,5.708454810495627,6.306435137895813,3.2915451895043732,1.5766087844739531,Medium,6.306435137895813
STORE_09,SKU_052,2026-05-31,11,7,4,12.205714285714285,1.743673469387755,6.97469387755102,6.308520599250937,4.02530612244898,1.5771301498127344,Medium,6.308520599250937
STORE_11,SKU_191,2026-05-31,16,8,4,17.692480950783533,2.527497278683362,10.109989114733448,6.330372790088545,5.890010885266552,1.5825931975221363,Medium,6.330372790088545
STORE_03,SKU_247,2026-05-31,13,7,6,14.374410774410773,2.0534872534872535,12.320923520923522,6.330694275274056,0.6790764790764783,1.055115712545676,Medium,6.330694275274056
STORE_01,SKU_102,2026-05-31,14,7,4,15.475694651038259,2.210813521576894,8.843254086307576,6.332510572856593,5.156745913692424,1.5831276432141483,Medium,6.332510572856593
STORE_13,SKU_036,2026-05-31,16,8,4,17.676978194219572,2.5252825991742247,10.101130396696899,6.335924543744945,5.898869603303101,1.5839811359362364,Medium,6.335924543744945
STORE_03,SKU_146,2026-05-31,10,5,6,11.045784386209919,1.5779691980299884,9.46781518817993,6.337259315634598,0.5321848118200698,1.0562098859390998,Medium,6.337259315634598
STORE_11,SKU_196,2026-05-31,11,6,5,12.134634596173058,1.7335192280247225,8.667596140123612,6.345473313574994,2.332403859876388,1.2690946627149988,Medium,6.345473313574994
STORE_07,SKU_037,2026-05-31,12,7,6,13.206571985519354,1.886653140788479,11.319918844730875,6.360469627705336,0.680081155269125,1.0600782712842225,Medium,6.360469627705336
STORE_08,SKU_027,2026-05-31,14,6,4,15.402930402930401,2.2004186289900574,8.80167451596023,6.36242568370987,5.198325484039771,1.5906064209274675,Medium,6.36242568370987
STORE_11,SKU_158,2026-05-31,14,9,5,15.399515738498788,2.1999308197855414,10.999654098927707,6.363836477987421,3.0003459010722935,1.2727672955974842,Medium,6.363836477987421
STORE_09,SKU_179,2026-05-31,17,7,4,18.690689626985638,2.6700985181408052,10.680394072563221,6.366806274937425,6.319605927436779,1.5917015687343563,Medium,6.366806274937425
STORE_09,SKU_024,2026-05-31,20,11,4,21.945288753799392,3.1350412505427703,12.540165002171081,6.379501385041551,7.459834997828919,1.5948753462603877,Medium,6.379501385041551
STORE_04,SKU_035,2026-05-31,23,11,4,25.195281105990784,3.5993258722843975,14.39730348913759,6.39008548159117,8.60269651086241,1.5975213703977924,Medium,6.39008548159117
STORE_06,SKU_003,2026-05-31,16,7,4,17.507984626211226,2.501140660887318,10.004562643549272,6.39708123985468,5.9954373564507275,1.59927030996367,Medium,6.39708123985468
STORE_11,SKU_173,2026-05-31,12,6,6,13.097878865320725,1.871125552188675,11.22675331313205,6.4132521657691415,0.7732466868679495,1.0688753609615236,Medium,6.4132521657691415
STORE_09,SKU_138,2026-05-31,12,7,4,13.079236182131789,1.8684623117331127,7.473849246932451,6.422393389818641,4.526150753067549,1.6055983474546602,Medium,6.422393389818641
STORE_10,SKU_163,2026-05-31,16,8,4,17.421862310055438,2.4888374728650624,9.95534989146025,6.428704234182621,6.04465010853975,1.6071760585456552,Medium,6.428704234182621
STORE_07,SKU_117,2026-05-31,11,8,4,11.958061343110078,1.708294477587154,6.833177910348616,6.43917084807107,4.166822089651384,1.6097927120177675,Medium,6.43917084807107
STORE_15,SKU_214,2026-05-31,14,6,4,15.169779286926994,2.167111326703856,8.668445306815425,6.460212646894237,5.331554693184575,1.6150531617235593,Medium,6.460212646894237
STORE_01,SKU_154,2026-05-31,10,9,4,10.835421888053467,1.5479174125790667,6.191669650316267,6.46029298380879,3.8083303496837333,1.6150732459521975,Medium,6.46029298380879
STORE_15,SKU_128,2026-05-31,11,6,4,11.91637508161591,1.7023392973737015,6.809357189494806,6.461696570695597,4.190642810505194,1.6154241426738993,Medium,6.461696570695597
STORE_04,SKU_106,2026-05-31,14,6,4,15.157881024750326,2.1654115749643323,8.66164629985733,6.465283626384329,5.338353700142671,1.6163209065960822,Medium,6.465283626384329
STORE_14,SKU_113,2026-05-31,22,11,4,23.699126186698898,3.3855894552426995,13.542357820970798,6.498129879844781,8.457642179029202,1.6245324699611952,Medium,6.498129879844781
STORE_18,SKU_132,2026-05-31,18,8,4,19.298701298701303,2.7569573283859006,11.027829313543602,6.528936742934049,6.972170686456398,1.6322341857335123,Medium,6.528936742934049
STORE_04,SKU_068,2026-05-31,14,8,4,14.987012987012985,2.1410018552875694,8.564007421150277,6.538994800693241,5.4359925788497225,1.6347487001733103,Medium,6.538994800693241
STORE_15,SKU_229,2026-05-31,23,10,4,24.621126228269084,3.5173037468955832,14.069214987582333,6.539099735216241,8.930785012417667,1.6347749338040602,Medium,6.539099735216241
STORE_06,SKU_151,2026-05-31,13,8,4,13.871083104541725,1.981583300648818,7.926333202595272,6.560410554400357,5.073666797404728,1.6401026386000892,Medium,6.560410554400357
STORE_11,SKU_231,2026-05-31,9,6,5,9.576445503574565,1.368063643367795,6.840318216838975,6.578641310753997,2.159681783161025,1.3157282621507995,Medium,6.578641310753997
STORE_07,SKU_048,2026-05-31,18,12,4,19.149445253541643,2.7356350362202346,10.942540144880939,6.579825072305769,7.0574598551190615,1.6449562680764422,Medium,6.579825072305769
STORE_17,SKU_225,2026-05-31,16,6,4,17.014938215540525,2.4307054593629323,9.722821837451729,6.582451172094486,6.277178162548271,1.6456127930236215,Medium,6.582451172094486
STORE_18,SKU_130,2026-05-31,13,8,4,13.791960890820205,1.9702801272600292,7.881120509040117,6.598046551927849,5.118879490959883,1.6495116379819623,Medium,6.598046551927849
STORE_07,SKU_042,2026-05-31,20,11,5,21.199399240215566,3.028485605745081,15.142428028725405,6.603960726133124,4.857571971274595,1.320792145226625,Medium,6.603960726133124
STORE_18,SKU_139,2026-05-31,19,9,4,20.0943093961134,2.8706156280162,11.4824625120648,6.618789298910895,7.517537487935201,1.6546973247277237,Medium,6.618789298910895
STORE_01,SKU_196,2026-05-31,12,6,4,12.688750098822041,1.812678585546006,7.250714342184024,6.62003738317757,4.749285657815976,1.6550093457943924,Medium,6.62003738317757
STORE_07,SKU_219,2026-05-31,11,7,5,11.62202380952381,1.6602891156462587,8.301445578231293,6.6253521126760555,2.6985544217687067,1.3250704225352112,Medium,6.6253521126760555
STORE_18,SKU_065,2026-05-31,7,6,4,7.382034632034632,1.0545763760049474,4.218305504019789,6.6377364022870555,2.7816944959802106,1.6594341005717639,Medium,6.6377364022870555
STORE_02,SKU_179,2026-05-31,17,7,4,17.921611721611722,2.5602302459445316,10.240920983778127,6.640027797081307,6.7590790162218735,1.6600069492703267,Medium,6.640027797081307
STORE_03,SKU_060,2026-05-31,11,6,5,11.592701863354037,1.6561002661934339,8.28050133096717,6.6421099160159125,2.7194986690328307,1.3284219832031825,Medium,6.6421099160159125
STORE_08,SKU_103,2026-05-31,14,8,4,14.74736842105263,2.106766917293233,8.427067669172931,6.645253390435404,5.572932330827069,1.661313347608851,Medium,6.645253390435404
STORE_11,SKU_055,2026-05-31,11,6,6,11.578947368421051,1.6541353383458646,9.924812030075188,6.65,1.0751879699248121,1.1083333333333334,Medium,6.65
STORE_06,SKU_221,2026-05-31,23,10,4,24.124092777749585,3.4462989682499408,13.785195872999763,6.6738260992137866,9.214804127000237,1.6684565248034466,Medium,6.6738260992137866
STORE_07,SKU_033,2026-05-31,22,12,5,23.074125071715432,3.2963035816736332,16.481517908368165,6.674142552376785,5.518482091631835,1.334828510475357,Medium,6.674142552376785
STORE_17,SKU_148,2026-05-31,17,9,4,17.816609783845276,2.545229969120754,10.180919876483015,6.679160706988149,6.819080123516985,1.6697901767470373,Medium,6.679160706988149
STORE_03,SKU_099,2026-05-31,22,11,4,22.99536251555254,3.285051787936077,13.140207151744308,6.697002488908127,8.859792848255692,1.6742506222270317,Medium,6.697002488908127
STORE_10,SKU_069,2026-05-31,26,11,4,27.101866387580678,3.871695198225811,15.486780792903245,6.715404666130328,10.513219207096755,1.678851166532582,Medium,6.715404666130328
STORE_15,SKU_029,2026-05-31,17,8,4,17.718809608210528,2.5312585154586467,10.125034061834587,6.716026789116684,6.874965938165413,1.679006697279171,Medium,6.716026789116684
STORE_04,SKU_231,2026-05-31,13,6,4,13.540844436948332,1.9344063481354759,7.737625392541903,6.720408053111676,5.262374607458097,1.680102013277919,Medium,6.720408053111676
STORE_07,SKU_124,2026-05-31,9,7,5,9.372139071690642,1.3388770102415202,6.6943850512076,6.722051339410547,2.3056149487923996,1.3444102678821095,Medium,6.722051339410547
STORE_02,SKU_210,2026-05-31,21,11,4,21.839974084872043,3.1199962978388633,12.479985191355453,6.7307772174428955,8.520014808644547,1.6826943043607239,Medium,6.7307772174428955
STORE_04,SKU_107,2026-05-31,11,6,4,11.427264239028945,1.6324663198612779,6.5298652794451115,6.738270717238899,4.4701347205548885,1.6845676793097248,Medium,6.738270717238899
STORE_10,SKU_171,2026-05-31,24,12,4,24.925294987639127,3.5607564268055896,14.243025707222358,6.740140892347073,9.756974292777642,1.6850352230867682,Medium,6.740140892347073
STORE_15,SKU_105,2026-05-31,18,8,4,18.691964285714285,2.670280612244898,10.681122448979592,6.740864580845474,7.3188775510204085,1.6852161452113685,Medium,6.740864580845474
STORE_03,SKU_094,2026-05-31,15,7,5,15.562281409739036,2.223183058534148,11.115915292670739,6.747082721064916,3.8840847073292615,1.3494165442129833,Medium,6.747082721064916
STORE_09,SKU_191,2026-05-31,23,11,4,23.819867171006333,3.402838167286619,13.611352669146475,6.759063719547943,9.388647330853525,1.6897659298869858,Medium,6.759063719547943
STORE_17,SKU_009,2026-05-31,18,9,4,18.57911111111111,2.65415873015873,10.61663492063492,6.781809917948473,7.383365079365079,1.6954524794871182,Medium,6.781809917948473
STORE_03,SKU_165,2026-05-31,14,9,4,14.446643868101145,2.063806266871592,8.255225067486368,6.783582463494412,5.744774932513632,1.695895615873603,Medium,6.783582463494412
STORE_07,SKU_135,2026-05-31,16,9,6,16.500391978352678,2.3571988540503823,14.143193124302293,6.787717537070387,1.856806875697707,1.1312862561783978,Medium,6.787717537070387
STORE_06,SKU_201,2026-05-31,15,7,4,15.4369918699187,2.2052845528455287,8.821138211382115,6.80184331797235,6.178861788617885,1.7004608294930874,Medium,6.80184331797235
STORE_06,SKU_063,2026-05-31,8,6,4,8.228961906240986,1.1755659866058552,4.702263946423421,6.805232620839894,3.297736053576579,1.7013081552099736,Medium,6.805232620839894
STORE_03,SKU_143,2026-05-31,17,9,6,17.40030816640986,2.485758309487123,14.91454985692274,6.838959336922641,2.08545014307726,1.1398265561537733,Medium,6.838959336922641
STORE_11,SKU_106,2026-05-31,14,7,5,14.311631764461952,2.0445188234945646,10.222594117472823,6.847576964867802,3.7774058825271766,1.3695153929735604,Medium,6.847576964867802
STORE_18,SKU_001,2026-05-31,16,8,4,16.27627019030055,2.3251814557572215,9.300725823028886,6.881183384799282,6.699274176971114,1.7202958461998206,Medium,6.881183384799282
STORE_14,SKU_042,2026-05-31,15,7,4,15.233777675228378,2.176253953604054,8.705015814416216,6.892577943469685,6.294984185583784,1.7231444858674212,Medium,6.892577943469685
STORE_17,SKU_117,2026-05-31,22,10,4,22.305434782608696,3.1864906832298137,12.745962732919255,6.904146971395156,9.254037267080745,1.726036742848789,Medium,6.904146971395156
STORE_14,SKU_173,2026-05-31,10,6,4,10.122063009601003,1.4460090013715718,5.784036005486287,6.915586272640611,4.215963994513713,1.7288965681601527,Medium,6.915586272640611
STORE_07,SKU_208,2026-05-31,20,12,5,20.230739274355813,2.890105610622259,14.450528053111295,6.920162338183159,5.549471946888705,1.3840324676366318,Medium,6.920162338183159
STORE_03,SKU_142,2026-05-31,16,11,5,16.17196985026305,2.310281407180436,11.55140703590218,6.925563245356794,4.44859296409782,1.3851126490713588,Medium,6.925563245356794
STORE_03,SKU_069,2026-05-31,19,11,5,19.200067571372266,2.7428667959103237,13.714333979551618,6.927058954641701,5.285666020448382,1.3854117909283403,Medium,6.927058954641701
STORE_07,SKU_128,2026-05-31,16,9,5,16.154744102298043,2.3078205860425776,11.539102930212888,6.932947949578959,4.460897069787112,1.3865895899157918,Medium,6.932947949578959
STORE_15,SKU_116,2026-05-31,18,8,4,18.156776556776556,2.5938252223966507,10.375300889586603,6.939557779212396,7.624699110413397,1.734889444803099,Medium,6.939557779212396
STORE_15,SKU_243,2026-05-31,10,7,4,10.080245456691054,1.4400350652415792,5.760140260966317,6.944275345352377,4.239859739033683,1.7360688363380943,Medium,6.944275345352377
STORE_11,SKU_248,2026-05-31,12,6,5,12.068095838587642,1.724013691226806,8.62006845613403,6.9605015673981185,3.37993154386597,1.3921003134796237,Medium,6.9605015673981185
STORE_04,SKU_064,2026-05-31,23,10,4,23.107588856868396,3.301084122409771,13.204336489639084,6.967408023279983,9.795663510360916,1.7418520058199958,Medium,6.967408023279983
STORE_11,SKU_115,2026-05-31,14,8,4,14.056165686613628,2.008023669516233,8.032094678064931,6.9720293702378715,5.967905321935069,1.7430073425594679,Medium,6.9720293702378715
STORE_11,SKU_195,2026-05-31,7,6,6,7.006578947368421,1.0009398496240602,6.005639097744361,6.993427230046947,0.9943609022556386,1.1655712050078246,Medium,6.993427230046947
STORE_09,SKU_015,2026-05-31,25,10,4,25.004827223629498,3.572118174804214,14.288472699216856,6.998648638316743,10.711527300783144,1.7496621595791857,Medium,6.998648638316743
STORE_01,SKU_177,2026-05-31,21,9,4,20.853479853479854,2.979068550497122,11.916274201988488,7.049183207447743,9.083725798011512,1.7622958018619357,Medium,7.049183207447743
STORE_17,SKU_222,2026-05-31,21,10,4,20.83805701179555,2.976865287399364,11.907461149597456,7.054400509451984,9.092538850402544,1.763600127362996,Medium,7.054400509451984
STORE_03,SKU_228,2026-05-31,13,7,5,12.885525070955532,1.8407892958507903,9.203946479253952,7.062187958883995,3.7960535207460477,1.412437591776799,Medium,7.062187958883995
STORE_07,SKU_204,2026-05-31,18,11,5,17.78004033405193,2.5400057620074183,12.700028810037091,7.086598097231966,5.299971189962909,1.4173196194463933,Medium,7.086598097231966
STORE_11,SKU_001,2026-05-31,13,8,5,12.819306330341984,1.8313294757631406,9.156647378815704,7.0986680289098265,3.8433526211842963,1.4197336057819654,Medium,7.0986680289098265
STORE_02,SKU_148,2026-05-31,13,7,4,12.803265306122448,1.8290379008746354,7.316151603498541,7.107561846467739,5.683848396501459,1.7768904616169348,Medium,7.107561846467739
STORE_08,SKU_208,2026-05-31,26,11,4,25.59991947707465,3.657131353867807,14.628525415471229,7.109397362088791,11.371474584528771,1.7773493405221978,Medium,7.109397362088791
STORE_09,SKU_149,2026-05-31,16,8,4,15.726262559052499,2.2466089370074998,8.986435748029999,7.121844721810874,7.013564251970001,1.7804611804527184,Medium,7.121844721810874
STORE_13,SKU_023,2026-05-31,23,9,4,22.48819159552057,3.212598799360081,12.850395197440324,7.159312891663092,10.149604802559676,1.789828222915773,Medium,7.159312891663092
STORE_01,SKU_022,2026-05-31,16,7,4,15.614128728414443,2.2305898183449204,8.922359273379682,7.172990689911725,7.077640726620318,1.7932476724779312,Medium,7.172990689911725
STORE_11,SKU_095,2026-05-31,13,11,5,12.679443956957465,1.8113491367082093,9.056745683541047,7.176970875766715,3.943254316458953,1.435394175153343,Medium,7.176970875766715
STORE_01,SKU_214,2026-05-31,12,6,4,11.672395273899033,1.6674850391284333,6.669940156513733,7.196466366062391,5.330059843486267,1.7991165915155978,Medium,7.196466366062391
STORE_10,SKU_192,2026-05-31,15,6,4,14.581175753883642,2.083025107697663,8.332100430790652,7.201065385418844,6.667899569209348,1.800266346354711,Medium,7.201065385418844
STORE_08,SKU_157,2026-05-31,12,7,4,11.65194572452637,1.6645636749323385,6.658254699729354,7.209096402087339,5.341745300270646,1.8022741005218348,Medium,7.209096402087339
STORE_07,SKU_153,2026-05-31,9,7,5,8.726256983240223,1.246608140462889,6.233040702314446,7.219590268886043,2.7669592976855544,1.4439180537772087,Medium,7.219590268886043
STORE_09,SKU_032,2026-05-31,15,6,4,14.525347426110784,2.0750496323015404,8.300198529206162,7.228742757040831,6.6998014707938385,1.8071856892602078,Medium,7.228742757040831
STORE_04,SKU_089,2026-05-31,13,7,4,12.565047582375268,1.795006797482181,7.180027189928724,7.242312406969618,5.819972810071276,1.8105781017424045,Medium,7.242312406969618
STORE_09,SKU_085,2026-05-31,11,7,4,10.589198944884076,1.512742706412011,6.050970825648044,7.27156042688203,4.949029174351956,1.8178901067205075,Medium,7.27156042688203
STORE_11,SKU_201,2026-05-31,11,8,5,10.56931543033238,1.5099022043331973,7.549511021665987,7.285240042985312,3.450488978334013,1.4570480085970623,Medium,7.285240042985312
STORE_08,SKU_037,2026-05-31,11,7,4,10.5570530098832,1.5081504299833142,6.032601719933257,7.293702127659574,4.967398280066743,1.8234255319148935,Medium,7.293702127659574
STORE_03,SKU_029,2026-05-31,11,6,6,10.552913008778932,1.5075590012541331,9.045354007524798,7.296563511510421,1.9546459924752018,1.21609391858507,Medium,7.296563511510421
STORE_03,SKU_244,2026-05-31,13,6,5,12.460207991242473,1.780029713034639,8.900148565173195,7.3032488754568465,4.099851434826805,1.4606497750913692,Medium,7.3032488754568465
STORE_11,SKU_093,2026-05-31,11,7,5,10.527955686342393,1.5039936694774847,7.519968347387423,7.313860572180204,3.4800316526125767,1.4627721144360408,Medium,7.313860572180204
STORE_13,SKU_230,2026-05-31,13,7,4,12.408318264014467,1.7726168948592096,7.090467579436838,7.333789967646973,5.909532420563162,1.8334474919117432,Medium,7.333789967646973
STORE_01,SKU_118,2026-05-31,14,7,4,13.35288704853922,1.90755529264846,7.63022117059384,7.339236799035232,6.36977882940616,1.834809199758808,Medium,7.339236799035232
STORE_04,SKU_031,2026-05-31,16,9,4,15.229499742135122,2.1756428203050175,8.70257128122007,7.3541483237385705,7.29742871877993,1.8385370809346426,Medium,7.3541483237385705
STORE_11,SKU_080,2026-05-31,13,7,4,12.369636560682611,1.7670909372403731,7.0683637489614926,7.356723825601082,5.9316362510385074,1.8391809564002706,Medium,7.356723825601082
STORE_18,SKU_036,2026-05-31,21,8,4,19.94790547798067,2.849700782568667,11.398803130274668,7.369194733866407,9.601196869725332,1.8422986834666017,Medium,7.369194733866407
STORE_09,SKU_227,2026-05-31,21,11,4,19.93161819876765,2.847374028395379,11.389496113581515,7.375216529538421,9.610503886418485,1.8438041323846053,Medium,7.375216529538421
STORE_01,SKU_033,2026-05-31,27,12,4,25.5738364074152,3.6534052010593143,14.613620804237257,7.3903655669432124,12.386379195762743,1.8475913917358031,Medium,7.3903655669432124
STORE_08,SKU_156,2026-05-31,16,7,4,15.079931972789115,2.1542759961127307,8.617103984450923,7.4270892071726635,7.382896015549077,1.8567723017931659,Medium,7.4270892071726635
STORE_06,SKU_071,2026-05-31,15,8,4,14.136001544923477,2.0194287921319254,8.077715168527702,7.427842991267047,6.9222848314722984,1.8569607478167618,Medium,7.427842991267047
STORE_02,SKU_017,2026-05-31,13,7,4,12.238671739882394,1.7483816771260563,6.993526708504225,7.435447402634107,6.006473291495775,1.8588618506585268,Medium,7.435447402634107
STORE_14,SKU_157,2026-05-31,21,9,4,19.679887018947866,2.8114124312782667,11.245649725113067,7.469555077143881,9.754350274886933,1.8673887692859703,Medium,7.469555077143881
STORE_07,SKU_055,2026-05-31,11,6,5,10.307017543859649,1.4724310776942355,7.3621553884711775,7.470638297872341,3.6378446115288225,1.4941276595744681,Medium,7.470638297872341
STORE_04,SKU_062,2026-05-31,17,7,4,15.906194319253746,2.2723134741791067,9.089253896716427,7.4813621417887335,7.910746103283573,1.8703405354471834,Medium,7.4813621417887335
STORE_13,SKU_103,2026-05-31,22,10,4,20.56846929668575,2.9383527566693926,11.75341102667757,7.4871881703328516,10.24658897332243,1.8717970425832129,Medium,7.4871881703328516
STORE_17,SKU_212,2026-05-31,24,10,4,22.382204610951007,3.1974578015644295,12.789831206257718,7.505963014823042,11.210168793742282,1.8764907537057605,Medium,7.505963014823042
STORE_15,SKU_166,2026-05-31,16,8,4,14.865142857142857,2.1235918367346938,8.494367346938775,7.5344045513954025,7.505632653061225,1.8836011378488506,Medium,7.5344045513954025
STORE_13,SKU_232,2026-05-31,24,11,4,22.212514757969302,3.1732163939956144,12.692865575982458,7.563303922610823,11.307134424017542,1.8908259806527057,Medium,7.563303922610823
STORE_11,SKU_193,2026-05-31,16,9,4,14.763183125599234,2.1090261607998904,8.436104643199561,7.586439797376283,7.563895356800439,1.8966099493440707,Medium,7.586439797376283
STORE_06,SKU_070,2026-05-31,12,7,4,11.058024101502362,1.5797177287860518,6.318870915144207,7.596293807009121,5.681129084855793,1.8990734517522803,Medium,7.596293807009121
STORE_04,SKU_131,2026-05-31,14,6,4,12.895933263816474,1.8422761805452106,7.369104722180842,7.599294909114432,6.630895277819158,1.899823727278608,Medium,7.599294909114432
STORE_09,SKU_194,2026-05-31,26,11,4,23.895412354635653,3.4136303363765217,13.654521345506087,7.616524766298601,12.345478654493913,1.9041311915746502,Medium,7.616524766298601
STORE_10,SKU_124,2026-05-31,18,7,4,16.529897380730784,2.3614139115329693,9.445655646131877,7.622551858481626,8.554344353868123,1.9056379646204065,Medium,7.622551858481626
STORE_07,SKU_057,2026-05-31,10,6,6,9.161576354679804,1.3087966220971148,7.852779732582689,7.6406065168297665,2.1472202674173113,1.2734344194716276,Medium,7.6406065168297665
STORE_03,SKU_174,2026-05-31,11,6,4,10.077026421854008,1.439575203122001,5.758300812488004,7.641143009510266,5.241699187511996,1.9102857523775665,Medium,7.641143009510266
STORE_17,SKU_029,2026-05-31,16,10,4,14.656394129979034,2.0937705899970047,8.375082359988019,7.64171589592482,7.624917640011981,1.910428973981205,Medium,7.64171589592482
STORE_07,SKU_003,2026-05-31,11,7,6,10.07608306480487,1.4394404378292671,8.636642626975602,7.641858399218264,2.3633573730243977,1.2736430665363774,Medium,7.641858399218264
STORE_13,SKU_081,2026-05-31,18,7,4,16.473214285714285,2.3533163265306123,9.41326530612245,7.648780487804878,8.58673469387755,1.9121951219512194,Medium,7.648780487804878
STORE_13,SKU_034,2026-05-31,16,8,4,14.562415094339624,2.080345013477089,8.321380053908356,7.691031966499439,7.6786199460916436,1.9227579916248598,Medium,7.691031966499439
STORE_14,SKU_004,2026-05-31,17,7,4,15.457570311361538,2.2082243301945055,8.832897320778022,7.698493204493676,8.167102679221978,1.924623301123419,Medium,7.698493204493676
STORE_10,SKU_042,2026-05-31,19,11,4,17.267841519810023,2.4668345028300034,9.867338011320014,7.702178633468442,9.132661988679986,1.9255446583671105,Medium,7.702178633468442
STORE_11,SKU_217,2026-05-31,17,8,5,15.43859649122807,2.2055137844611528,11.027568922305765,7.7079545454545455,5.972431077694235,1.541590909090909,Medium,7.7079545454545455
STORE_07,SKU_156,2026-05-31,13,7,6,11.797708217638055,1.685386888234008,10.112321329404047,7.713362487127058,2.887678670595953,1.2855604145211763,Medium,7.713362487127058
STORE_02,SKU_218,2026-05-31,21,11,4,19.014739229024944,2.7163913184321347,10.865565273728539,7.730844910858029,10.134434726271461,1.9327112277145073,Medium,7.730844910858029
STORE_07,SKU_248,2026-05-31,14,6,5,12.668677905944985,1.8098111294207122,9.049055647103561,7.735613828654676,4.950944352896439,1.5471227657309354,Medium,7.735613828654676
STORE_11,SKU_135,2026-05-31,10,7,5,9.045613604272821,1.2922305148961173,6.461152574480586,7.738557389510262,3.538847425519414,1.5477114779020527,Medium,7.738557389510262
STORE_07,SKU_052,2026-05-31,14,8,6,12.613685474189674,1.801955067741382,10.811730406448293,7.769339119841633,3.1882695935517074,1.2948898533069388,Medium,7.769339119841633
STORE_01,SKU_135,2026-05-31,18,9,4,16.207342415146616,2.3153346307352307,9.261338522940923,7.774254209761519,8.738661477059077,1.9435635524403798,Medium,7.774254209761519
STORE_07,SKU_108,2026-05-31,12,7,5,10.797276209391402,1.5424680299130575,7.7123401495652875,7.779739850216791,4.2876598504347125,1.5559479700433583,Medium,7.779739850216791
STORE_17,SKU_097,2026-05-31,21,9,4,18.85925937044987,2.694179910064267,10.776719640257069,7.794579686959014,10.223280359742931,1.9486449217397535,Medium,7.794579686959014
STORE_13,SKU_018,2026-05-31,13,6,4,11.648782431780523,1.6641117759686461,6.6564471038745845,7.811975245733094,6.3435528961254155,1.9529938114332734,Medium,7.811975245733094
STORE_09,SKU_049,2026-05-31,29,12,4,25.973032940774875,3.7104332772535535,14.841733109014214,7.815798811902009,14.158266890985786,1.9539497029755022,Medium,7.815798811902009
STORE_18,SKU_134,2026-05-31,12,6,4,10.746592722421326,1.5352275317744752,6.140910127097901,7.816430953482144,5.859089872902099,1.954107738370536,Medium,7.816430953482144
STORE_18,SKU_176,2026-05-31,14,7,4,12.484338314252952,1.783476902036136,7.133907608144544,7.849835332331283,6.866092391855456,1.9624588330828208,Medium,7.849835332331283
STORE_13,SKU_121,2026-05-31,20,9,4,17.799603174603174,2.5428004535147393,10.171201814058957,7.865343885854419,9.828798185941043,1.9663359714636048,Medium,7.865343885854419
STORE_01,SKU_131,2026-05-31,11,6,4,9.747695053038564,1.392527864719795,5.57011145887918,7.899303330790745,5.42988854112082,1.9748258326976862,Medium,7.899303330790745
STORE_03,SKU_080,2026-05-31,17,9,5,15.041353383458645,2.148764769065521,10.743823845327604,7.911522119470132,6.256176154672396,1.5823044238940265,Medium,7.911522119470132
STORE_18,SKU_019,2026-05-31,13,7,4,11.49546679735359,1.6422095424790843,6.568838169916337,7.916163963080596,6.431161830083663,1.979040990770149,Medium,7.916163963080596
STORE_09,SKU_104,2026-05-31,28,11,4,24.75037397157816,3.535767710225451,14.143070840901805,7.91907226230499,13.856929159098195,1.9797680655762475,Medium,7.91907226230499
STORE_15,SKU_248,2026-05-31,14,5,4,12.365918227277184,1.7665597467538834,7.0662389870155335,7.92500792895655,6.9337610129844665,1.9812519822391375,Medium,7.92500792895655
STORE_08,SKU_158,2026-05-31,12,7,4,10.58791332625004,1.5125590466071486,6.050236186428594,7.933574578075111,5.949763813571406,1.9833936445187776,Medium,7.933574578075111
STORE_15,SKU_148,2026-05-31,25,8,4,21.993034055727556,3.1418620079610795,12.567448031844318,7.9570649304944565,12.432551968155682,1.9892662326236141,Medium,7.9570649304944565
STORE_06,SKU_193,2026-05-31,15,7,4,13.171207942636514,1.8816011346623591,7.5264045386494365,7.9719339681901555,7.4735954613505635,1.9929834920475389,Medium,7.9719339681901555
STORE_07,SKU_023,2026-05-31,14,7,6,12.27792752321054,1.7539896461729343,10.523937877037605,7.981803102741733,3.4760621229623947,1.3303005171236222,Medium,7.981803102741733
STORE_01,SKU_030,2026-05-31,13,6,4,11.386813186813187,1.6266875981161697,6.506750392464679,7.9917004439297425,6.493249607535321,1.9979251109824356,Medium,7.9917004439297425
STORE_11,SKU_010,2026-05-31,16,7,4,14.004417044595616,2.0006310063708024,8.00252402548321,7.997476770603702,7.9974759745167905,1.9993691926509256,Medium,7.997476770603702
STORE_11,SKU_092,2026-05-31,11,7,6,9.422921711057304,1.3461316730081863,8.076790038049118,8.171563169164882,2.9232099619508816,1.3619271948608136,Medium,8.171563169164882
STORE_07,SKU_148,2026-05-31,10,6,5,8.537072287478527,1.2195817553540753,6.097908776770376,8.19953230367631,3.9020912232296237,1.6399064607352623,Medium,8.19953230367631
STORE_11,SKU_066,2026-05-31,11,6,5,9.384566326530614,1.3406523323615163,6.7032616618075815,8.204960924226977,4.2967383381924185,1.6409921848453954,Medium,8.204960924226977
STORE_03,SKU_065,2026-05-31,10,6,5,8.48,1.2114285714285715,6.057142857142858,8.254716981132075,3.942857142857142,1.6509433962264148,Medium,8.254716981132075
STORE_07,SKU_091,2026-05-31,13,6,5,10.875613747954175,1.5536591068505963,7.768295534252982,8.3673438675696,5.231704465747018,1.6734687735139202,Medium,8.3673438675696
STORE_03,SKU_040,2026-05-31,20,10,5,16.249742692466036,2.3213918132094338,11.60695906604717,8.61552103621364,8.39304093395283,1.7231042072427278,Medium,8.61552103621364
STORE_11,SKU_072,2026-05-31,16,10,6,12.93008375988832,1.8471548228411885,11.08292893704713,8.661970183630688,4.9170710629528696,1.4436616972717813,Medium,8.661970183630688
STORE_03,SKU_149,2026-05-31,12,7,5,9.346821990598816,1.3352602843712593,6.676301421856296,8.987011851139195,5.323698578143704,1.7974023702278392,Medium,8.987011851139195
STORE_07,SKU_053,2026-05-31,11,9,6,8.449099287808965,1.2070141839727093,7.242085103836256,9.11339746132487,3.7579148961637436,1.5188995768874785,Medium,9.11339746132487
STORE_11,SKU_180,2026-05-31,13,6,5,9.309299191374663,1.3298998844820946,6.649499422410473,9.775171914585597,6.350500577589527,1.955034382917119,Medium,9.775171914585597
STORE_07,SKU_222,2026-05-31,13,7,6,9.15807321102513,1.30829617300359,7.84977703802154,9.93658795940262,5.15022296197846,1.65609799323377,Medium,9.93658795940262
STORE_08,SKU_144,2026-05-31,5,7,1,17.44155844155844,2.4916512059369196,2.4916512059369196,2.006701414743113,2.5083487940630804,2.006701414743113,Low,2.006701414743113
STORE_04,SKU_051,2026-05-31,9,11,1,28.97802197802198,4.139717425431711,4.139717425431711,2.174061433447099,4.860282574568289,2.174061433447099,Low,2.174061433447099
STORE_12,SKU_067,2026-05-31,8,8,1,25.479687920365883,3.639955417195126,3.639955417195126,2.197829116864468,4.360044582804874,2.197829116864468,Low,2.197829116864468
STORE_04,SKU_079,2026-05-31,9,11,1,28.52592295345104,4.075131850493006,4.075131850493006,2.2085174983752216,4.924868149506994,2.2085174983752216,Low,2.2085174983752216
STORE_09,SKU_058,2026-05-31,9,11,1,28.50691244239631,4.072416063199473,4.072416063199473,2.2099903006789527,4.927583936800527,2.2099903006789527,Low,2.2099903006789527
STORE_01,SKU_114,2026-05-31,8,11,1,24.92540877796902,3.560772682567003,3.560772682567003,2.2467033740083364,4.439227317432997,2.2467033740083364,Low,2.2467033740083364
STORE_12,SKU_013,2026-05-31,6,8,1,18.29749567058781,2.6139279529411157,2.6139279529411157,2.295396088958372,3.3860720470588843,2.295396088958372,Low,2.295396088958372
STORE_02,SKU_072,2026-05-31,7,7,1,21.329402872260015,3.0470575531800024,3.0470575531800024,2.2972982550639998,3.9529424468199976,2.2972982550639998,Low,2.2972982550639998
STORE_04,SKU_094,2026-05-31,6,6,1,17.95819141120684,2.5654559158866914,2.5654559158866914,2.338765582696141,3.4345440841133086,2.338765582696141,Low,2.338765582696141
STORE_17,SKU_151,2026-05-31,9,10,1,26.627551020408163,3.803935860058309,3.803935860058309,2.3659704924315004,5.196064139941691,2.3659704924315004,Low,2.3659704924315004
STORE_04,SKU_071,2026-05-31,11,9,1,30.70572869753198,4.386532671075997,4.386532671075997,2.5076753839158683,6.613467328924003,2.5076753839158683,Low,2.5076753839158683
STORE_13,SKU_204,2026-05-31,6,8,1,16.64493467551938,2.377847810788483,2.377847810788483,2.5232901671745043,3.622152189211517,2.5232901671745043,Low,2.5232901671745043
STORE_06,SKU_132,2026-05-31,10,12,1,26.96023239056026,3.851461770080037,3.851461770080037,2.596416788473585,6.1485382299199625,2.596416788473585,Low,2.596416788473585
STORE_14,SKU_200,2026-05-31,7,9,1,18.320605661619485,2.617229380231355,2.617229380231355,2.674584066980488,4.382770619768645,2.674584066980488,Low,2.674584066980488
STORE_15,SKU_111,2026-05-31,7,8,1,18.15831952763264,2.5940456468046627,2.5940456468046627,2.6984875954756533,4.405954353195337,2.6984875954756533,Low,2.6984875954756533
STORE_18,SKU_149,2026-05-31,11,11,1,28.42847890451517,4.061211272073596,4.061211272073596,2.708551528860393,6.938788727926404,2.708551528860393,Low,2.708551528860393
STORE_05,SKU_111,2026-05-31,10,11,1,25.799501529398437,3.6856430756283483,3.6856430756283483,2.7132307157266298,6.314356924371651,2.7132307157266298,Low,2.7132307157266298
STORE_12,SKU_128,2026-05-31,5,7,1,12.790783410138248,1.8272547728768926,1.8272547728768926,2.7363452947110534,3.1727452271231074,2.7363452947110534,Low,2.7363452947110534
STORE_09,SKU_159,2026-05-31,10,12,1,25.231690725070514,3.604527246438645,3.604527246438645,2.7742889195470024,6.395472753561355,2.7742889195470024,Low,2.7742889195470024
STORE_10,SKU_012,2026-05-31,7,6,1,17.04463500132676,2.434947857332394,2.434947857332394,2.8748048870618716,4.565052142667605,2.8748048870618716,Low,2.8748048870618716
STORE_13,SKU_224,2026-05-31,9,8,1,21.698841698841697,3.0998345284059567,3.0998345284059567,2.9033807829181497,5.900165471594043,2.9033807829181497,Low,2.9033807829181497
STORE_15,SKU_053,2026-05-31,9,7,1,21.6515094101301,3.0930727728757286,3.0930727728757286,2.909727853455065,5.906927227124271,2.909727853455065,Low,2.909727853455065
STORE_06,SKU_130,2026-05-31,9,11,1,21.64458525345622,3.092083607636603,3.092083607636603,2.9106586826347307,5.907916392363397,2.9106586826347307,Low,2.9106586826347307
STORE_17,SKU_173,2026-05-31,5,6,1,11.899298355253812,1.6998997650362588,1.6998997650362588,2.941349897706086,3.3001002349637414,2.941349897706086,Low,2.941349897706086
STORE_02,SKU_093,2026-05-31,9,10,1,21.386893677396472,3.0552705253423533,3.0552705253423533,2.9457293307902805,5.944729474657647,2.9457293307902805,Low,2.9457293307902805
STORE_10,SKU_007,2026-05-31,5,6,1,11.806870295059271,1.6866957564370388,1.6866957564370388,2.964375751179902,3.3133042435629614,2.964375751179902,Low,2.964375751179902
STORE_13,SKU_072,2026-05-31,12,11,1,28.17871891592327,4.025531273703324,4.025531273703324,2.980972990668258,7.974468726296676,2.980972990668258,Low,2.980972990668258
STORE_02,SKU_124,2026-05-31,8,7,1,18.691413916729907,2.6702019881042722,2.6702019881042722,2.9960280292052563,5.329798011895727,2.9960280292052563,Low,2.9960280292052563
STORE_04,SKU_214,2026-05-31,5,5,1,11.68095238095238,1.6687074829931972,1.6687074829931972,2.996331023236853,3.331292517006803,2.996331023236853,Low,2.996331023236853
STORE_05,SKU_025,2026-05-31,6,7,1,13.791282642089092,1.970183234584156,1.970183234584156,3.0454020187956843,4.029816765415844,3.0454020187956843,Low,3.0454020187956843
STORE_15,SKU_250,2026-05-31,9,10,1,20.66851851851852,2.952645502645503,2.952645502645503,3.0481139682824114,6.0473544973544975,3.0481139682824114,Low,3.0481139682824114
STORE_05,SKU_101,2026-05-31,12,11,1,27.44608070500928,3.920868672144183,3.920868672144183,3.0605462726293324,8.079131327855817,3.0605462726293324,Low,3.0605462726293324
STORE_14,SKU_184,2026-05-31,10,11,1,22.65045045045045,3.235778635778636,3.235778635778636,3.0904462652135867,6.764221364221364,3.0904462652135867,Low,3.0904462652135867
STORE_01,SKU_127,2026-05-31,7,6,1,15.741291465307997,2.248755923615428,2.248755923615428,3.112832267161204,4.751244076384571,3.112832267161204,Low,3.112832267161204
STORE_05,SKU_170,2026-05-31,16,12,1,35.882174874839905,5.126024982119986,5.126024982119986,3.1213269650088264,10.873975017880014,3.1213269650088264,Low,3.1213269650088264
STORE_04,SKU_174,2026-05-31,7,7,1,15.573207812728214,2.2247439732468877,2.2247439732468877,3.146429469717316,4.775256026753112,3.146429469717316,Low,3.146429469717316
STORE_10,SKU_055,2026-05-31,7,6,1,15.553682342502219,2.22195462035746,2.22195462035746,3.150379371327514,4.77804537964254,3.150379371327514,Low,3.150379371327514
STORE_02,SKU_106,2026-05-31,6,6,1,12.942355889724311,1.84890798424633,1.84890798424633,3.245158791634392,4.15109201575367,3.245158791634392,Low,3.245158791634392
STORE_02,SKU_136,2026-05-31,7,6,1,15.042781921895568,2.148968845985081,2.148968845985081,3.2573762123532415,4.851031154014919,3.2573762123532415,Low,3.2573762123532415
STORE_18,SKU_238,2026-05-31,8,7,1,17.037470725995316,2.433924389427902,2.433924389427902,3.286872852233677,5.566075610572097,3.286872852233677,Low,3.286872852233677
STORE_15,SKU_075,2026-05-31,9,8,1,19.012812913227854,2.716116130461122,2.716116130461122,3.3135549320094966,6.283883869538878,3.3135549320094966,Low,3.3135549320094966
STORE_05,SKU_016,2026-05-31,11,11,1,23.20506612032036,3.3150094457600514,3.3150094457600514,3.3182409220791724,7.684990554239949,3.3182409220791724,Low,3.3182409220791724
STORE_06,SKU_217,2026-05-31,13,12,1,27.339264606551847,3.9056092295074065,3.9056092295074065,3.3285460055202756,9.094390770492593,3.3285460055202756,Low,3.3285460055202756
STORE_08,SKU_180,2026-05-31,11,9,1,22.648046760537316,3.2354352515053306,3.2354352515053306,3.399851687615167,7.764564748494669,3.399851687615167,Low,3.399851687615167
STORE_17,SKU_105,2026-05-31,10,8,1,20.307173113624728,2.9010247305178183,2.9010247305178183,3.4470578257411306,7.098975269482182,3.4470578257411306,Low,3.4470578257411306
STORE_16,SKU_178,2026-05-31,9,8,1,18.17934852033213,2.5970497886188757,2.5970497886188757,3.4654707196762082,6.402950211381125,3.4654707196762082,Low,3.4654707196762082
STORE_05,SKU_010,2026-05-31,8,10,1,16.11762737882038,2.30251819697434,2.30251819697434,3.474456797133037,5.69748180302566,3.474456797133037,Low,3.474456797133037
STORE_15,SKU_059,2026-05-31,8,6,1,16.099509571270367,2.2999299387529097,2.2999299387529097,3.478366825529406,5.70007006124709,3.478366825529406,Low,3.478366825529406
STORE_01,SKU_230,2026-05-31,10,9,1,20.041610738255038,2.8630872483221483,2.8630872483221483,3.4927332395686816,7.136912751677851,3.4927332395686816,Low,3.4927332395686816
STORE_05,SKU_201,2026-05-31,6,7,1,12.003455945252352,1.714779420750336,1.714779420750336,3.498992306179287,4.285220579249664,3.498992306179287,Low,3.498992306179287
STORE_02,SKU_123,2026-05-31,7,6,1,13.867426234297398,1.981060890613914,1.981060890613914,3.533460295524162,5.018939109386086,3.533460295524162,Low,3.533460295524162
STORE_10,SKU_238,2026-05-31,13,10,1,25.360438493027125,3.6229197847181607,3.6229197847181607,3.5882660319544764,9.37708021528184,3.5882660319544764,Low,3.5882660319544764
STORE_17,SKU_071,2026-05-31,7,7,1,13.498870126135008,1.928410018019287,1.928410018019287,3.629933434586622,5.071589981980713,3.629933434586622,Low,3.629933434586622
STORE_12,SKU_109,2026-05-31,13,11,1,25.050727340544572,3.5786753343635103,3.5786753343635103,3.6326290555530742,9.42132466563649,3.6326290555530742,Low,3.6326290555530742
STORE_01,SKU_227,2026-05-31,8,12,1,15.29967008161139,2.185667154515913,2.185667154515913,3.6602096451286337,5.814332845484087,3.6602096451286337,Low,3.6602096451286337
STORE_10,SKU_053,2026-05-31,10,9,1,19.06987201660325,2.7242674309433212,2.7242674309433212,3.670711577878145,7.275732569056679,3.670711577878145,Low,3.670711577878145
STORE_15,SKU_009,2026-05-31,9,9,1,17.11228891901886,2.44461270271698,2.44461270271698,3.6815647689293534,6.55538729728302,3.6815647689293534,Low,3.6815647689293534
STORE_15,SKU_007,2026-05-31,5,5,1,9.47004608294931,1.3528637261356156,1.3528637261356156,3.6958637469586373,3.647136273864384,3.6958637469586373,Low,3.6958637469586373
STORE_08,SKU_239,2026-05-31,13,10,1,24.522902494331067,3.503271784904438,3.503271784904438,3.7108168586910284,9.496728215095562,3.7108168586910284,Low,3.7108168586910284
STORE_02,SKU_024,2026-05-31,11,12,1,20.730593607305934,2.961513372472276,2.961513372472276,3.7143171806167405,8.038486627527725,3.7143171806167405,Low,3.7143171806167405
STORE_06,SKU_203,2026-05-31,7,8,1,13.126491063795136,1.8752130091135908,1.8752130091135908,3.732909256697662,5.12478699088641,3.732909256697662,Low,3.732909256697662
STORE_17,SKU_010,2026-05-31,8,7,1,14.97069597069597,2.1386708529565674,2.1386708529565674,3.7406410570100315,5.861329147043433,3.7406410570100315,Low,3.7406410570100315
STORE_08,SKU_199,2026-05-31,7,6,1,13.076120959332638,1.8680172799046626,1.8680172799046626,3.7472886762360447,5.131982720095337,3.7472886762360447,Low,3.7472886762360447
STORE_04,SKU_182,2026-05-31,8,8,1,14.915966386554622,2.1308523409363747,2.1308523409363747,3.7543661971830984,5.869147659063625,3.7543661971830984,Low,3.7543661971830984
STORE_13,SKU_135,2026-05-31,10,7,1,18.48352028462717,2.640502897803881,2.640502897803881,3.7871573662415017,7.359497102196119,3.7871573662415017,Low,3.7871573662415017
STORE_01,SKU_129,2026-05-31,10,10,1,18.42213642213642,2.631733774590917,2.631733774590917,3.7997764426435667,7.368266225409084,3.7997764426435667,Low,3.7997764426435667
STORE_13,SKU_115,2026-05-31,8,8,1,14.73560606060606,2.10508658008658,2.10508658008658,3.80031874967868,5.89491341991342,3.80031874967868,Low,3.80031874967868
STORE_02,SKU_180,2026-05-31,10,9,1,18.385235092776075,2.626462156110868,2.626462156110868,3.807403040905601,7.373537843889132,3.807403040905601,Low,3.807403040905601
STORE_16,SKU_164,2026-05-31,10,7,1,18.294977588782896,2.6135682269689853,2.6135682269689853,3.8261867039902104,7.386431773031015,3.8261867039902104,Low,3.8261867039902104
STORE_09,SKU_080,2026-05-31,16,9,1,29.254945054945054,4.179277864992151,4.179277864992151,3.8284125910900757,11.820722135007848,3.8284125910900757,Low,3.8284125910900757
STORE_09,SKU_130,2026-05-31,8,11,1,14.585910652920962,2.083701521845852,2.083701521845852,3.8393214748498052,5.9162984781541486,3.8393214748498052,Low,3.8393214748498052
STORE_04,SKU_124,2026-05-31,7,7,1,12.669090909090908,1.8098701298701296,1.8098701298701296,3.867680826636051,5.19012987012987,3.867680826636051,Low,3.867680826636051
STORE_04,SKU_178,2026-05-31,11,11,1,19.71735014201007,2.8167643060014385,2.8167643060014385,3.905190070948869,8.183235693998562,3.905190070948869,Low,3.905190070948869
STORE_16,SKU_011,2026-05-31,7,7,1,12.506312292358803,1.7866160417655432,1.7866160417655432,3.9180214642439704,5.2133839582344565,3.9180214642439704,Low,3.9180214642439704
STORE_08,SKU_054,2026-05-31,9,6,1,16.071739189152687,2.2959627413075268,2.2959627413075268,3.9199242383500503,6.704037258692473,3.9199242383500503,Low,3.9199242383500503
STORE_06,SKU_245,2026-05-31,8,7,1,14.239294306335204,2.034184900905029,2.034184900905029,3.9327791669482557,5.965815099094971,3.9327791669482557,Low,3.9327791669482557
STORE_04,SKU_003,2026-05-31,9,7,1,16.012203876525483,2.2874576966464977,2.2874576966464977,3.934498991257566,6.712542303353502,3.934498991257566,Low,3.934498991257566
STORE_05,SKU_080,2026-05-31,11,9,1,19.54725327072594,2.7924647529608486,2.7924647529608486,3.939172370335814,8.207535247039152,3.939172370335814,Low,3.939172370335814
STORE_18,SKU_129,2026-05-31,9,8,1,15.968367731853208,2.281195390264744,2.281195390264744,3.945299924069856,6.7188046097352565,3.945299924069856,Low,3.945299924069856
STORE_16,SKU_203,2026-05-31,13,10,1,22.9726411519515,3.2818058788502142,3.2818058788502142,3.9612336865441202,9.718194121149786,3.9612336865441202,Low,3.9612336865441202
STORE_12,SKU_113,2026-05-31,18,10,1,31.771907422186754,4.53884391745525,4.53884391745525,3.9657675671059174,13.46115608254475,3.9657675671059174,Low,3.9657675671059174
STORE_08,SKU_118,2026-05-31,11,8,2,19.195643293255163,2.742234756179309,5.484469512358618,4.011326884108946,5.515530487641382,2.005663442054473,Low,4.011326884108946
STORE_10,SKU_014,2026-05-31,11,9,2,19.162227602905574,2.737461086129368,5.474922172258736,4.018321961081626,5.525077827741264,2.009160980540813,Low,4.018321961081626
STORE_04,SKU_077,2026-05-31,16,11,2,27.84692862395185,3.97813266056455,7.9562653211291,4.021987541694848,8.0437346788709,2.010993770847424,Low,4.021987541694848
STORE_05,SKU_148,2026-05-31,5,6,1,8.697525583753128,1.2425036548218755,1.2425036548218755,4.024133032201661,3.7574963451781245,4.024133032201661,Low,4.024133032201661
STORE_12,SKU_209,2026-05-31,12,8,2,20.83025799448944,2.97575114206992,5.95150228413984,4.032595276651008,6.04849771586016,2.016297638325504,Low,4.032595276651008
STORE_18,SKU_024,2026-05-31,10,8,2,17.34635275143313,2.4780503930618756,4.956100786123751,4.035430444836117,5.043899213876249,2.0177152224180586,Low,4.035430444836117
STORE_15,SKU_162,2026-05-31,14,8,1,24.26024123935288,3.465748748478983,3.465748748478983,4.03953114204952,10.534251251521017,4.03953114204952,Low,4.03953114204952
STORE_05,SKU_035,2026-05-31,14,11,1,24.25582573454914,3.4651179620784487,3.4651179620784487,4.040266494016415,10.534882037921552,4.040266494016415,Low,4.040266494016415
STORE_17,SKU_118,2026-05-31,15,10,2,25.89827315541601,3.699753307916573,7.399506615833146,4.054324370196155,7.600493384166854,2.0271621850980774,Low,4.054324370196155
STORE_13,SKU_117,2026-05-31,10,10,2,17.236688558402083,2.4623840797717262,4.9247681595434525,4.061104878864813,5.0752318404565475,2.0305524394324066,Low,4.061104878864813
STORE_10,SKU_009,2026-05-31,9,6,1,15.468423981082209,2.2097748544403157,2.2097748544403157,4.072813111216025,6.790225145559685,4.072813111216025,Low,4.072813111216025
STORE_02,SKU_074,2026-05-31,8,8,2,13.727003108169026,1.9610004440241464,3.922000888048293,4.079550325640565,4.077999111951707,2.0397751628202827,Low,4.079550325640565
STORE_02,SKU_059,2026-05-31,9,6,1,15.43381037567084,2.204830053667263,2.204830053667263,4.081947261663286,6.795169946332737,4.081947261663286,Low,4.081947261663286
STORE_08,SKU_008,2026-05-31,15,10,2,25.70485387690748,3.6721219824153546,7.344243964830709,4.084831623739711,7.655756035169291,2.0424158118698554,Low,4.084831623739711
STORE_12,SKU_135,2026-05-31,9,7,1,15.416666666666666,2.202380952380952,2.202380952380952,4.086486486486487,6.7976190476190474,4.086486486486487,Low,4.086486486486487
STORE_01,SKU_204,2026-05-31,16,10,2,27.360944377751103,3.908706339678729,7.817412679357458,4.093425959780621,8.182587320642542,2.0467129798903105,Low,4.093425959780621
STORE_12,SKU_249,2026-05-31,7,6,2,11.966162522430146,1.7094517889185923,3.4189035778371846,4.0948800342759215,3.5810964221628154,2.0474400171379608,Low,4.0948800342759215
STORE_05,SKU_212,2026-05-31,8,7,1,13.673656618610746,1.9533795169443924,1.9533795169443924,4.095466308827758,6.046620483055608,4.095466308827758,Low,4.095466308827758
STORE_02,SKU_009,2026-05-31,8,7,2,13.671977124183007,1.953139589169001,3.906279178338002,4.095969404523589,4.093720821661998,2.0479847022617945,Low,4.095969404523589
STORE_10,SKU_139,2026-05-31,9,7,2,15.378872510285822,2.196981787183689,4.393963574367378,4.096529180397576,4.606036425632622,2.048264590198788,Low,4.096529180397576
STORE_05,SKU_139,2026-05-31,13,7,2,22.167487684729064,3.166783954961295,6.33356790992259,4.1051111111111105,6.66643209007741,2.0525555555555552,Low,4.1051111111111105
STORE_01,SKU_205,2026-05-31,12,10,2,20.423100039377424,2.9175857199110604,5.835171439822121,4.11298969490631,6.164828560177879,2.056494847453155,Low,4.11298969490631
STORE_16,SKU_041,2026-05-31,13,10,2,22.11254770132506,3.15893538590358,6.31787077180716,4.115310511893072,6.68212922819284,2.057655255946536,Low,4.115310511893072
STORE_14,SKU_008,2026-05-31,7,7,2,11.89094387755102,1.6987062682215743,3.3974125364431487,4.120783051756503,3.6025874635568513,2.0603915258782517,Low,4.120783051756503
STORE_15,SKU_127,2026-05-31,6,6,2,10.181940700808626,1.4545629572583751,2.9091259145167503,4.124950363997352,3.0908740854832497,2.062475181998676,Low,4.124950363997352
STORE_06,SKU_206,2026-05-31,10,7,2,16.951471516988757,2.421638788141251,4.843277576282502,4.129435012756623,5.156722423717498,2.0647175063783116,Low,4.129435012756623
STORE_08,SKU_240,2026-05-31,16,7,1,27.119717282624553,3.874245326089222,3.874245326089222,4.1298365625573,12.125754673910778,4.1298365625573,Low,4.1298365625573
STORE_05,SKU_211,2026-05-31,8,7,1,13.532467532467532,1.9332096474953617,1.9332096474953617,4.138195777351248,6.066790352504638,4.138195777351248,Low,4.138195777351248
STORE_06,SKU_237,2026-05-31,12,9,2,20.293619424054206,2.899088489150601,5.798176978301202,4.139232053422371,6.201823021698798,2.0696160267111856,Low,4.139232053422371
STORE_10,SKU_189,2026-05-31,9,10,2,15.211460320092876,2.173065760013268,4.346131520026536,4.141614195764167,4.653868479973464,2.0708070978820836,Low,4.141614195764167
STORE_17,SKU_156,2026-05-31,14,10,2,23.656151419558363,3.3794502027940516,6.758900405588103,4.142685691425523,7.241099594411897,2.0713428457127616,Low,4.142685691425523
STORE_01,SKU_057,2026-05-31,6,6,2,10.104948646125116,1.443564092303588,2.887128184607176,4.15637936132466,3.112871815392824,2.07818968066233,Low,4.15637936132466
STORE_16,SKU_150,2026-05-31,10,8,1,16.832064435069853,2.4045806335814075,2.4045806335814075,4.158729326995325,7.595419366418593,4.158729326995325,Low,4.158729326995325
STORE_17,SKU_008,2026-05-31,11,7,2,18.514940056740183,2.644991436677169,5.289982873354338,4.158803634471876,5.710017126645662,2.079401817235938,Low,4.158803634471876
STORE_18,SKU_141,2026-05-31,7,6,2,11.777173913043478,1.6824534161490683,3.3649068322981366,4.160590678357176,3.6350931677018634,2.080295339178588,Low,4.160590678357176
STORE_08,SKU_145,2026-05-31,16,11,2,26.912354387665353,3.8446220553807646,7.689244110761529,4.161657445003495,8.310755889238472,2.0808287225017477,Low,4.161657445003495
STORE_01,SKU_031,2026-05-31,12,9,2,20.16262730788084,2.8803753296972627,5.7607506593945255,4.166123725709469,6.2392493406054745,2.0830618628547346,Low,4.166123725709469
STORE_15,SKU_190,2026-05-31,12,8,1,20.154805833772624,2.879257976253232,2.879257976253232,4.167740473056033,9.120742023746768,4.167740473056033,Low,4.167740473056033
STORE_09,SKU_208,2026-05-31,11,11,2,18.473974191677538,2.6391391702396483,5.278278340479297,4.168025742651965,5.721721659520703,2.0840128713259825,Low,4.168025742651965
STORE_17,SKU_126,2026-05-31,8,7,2,13.368686276807686,1.9098123252582409,3.8196246505164817,4.188893271970196,4.180375349483518,2.094446635985098,Low,4.188893271970196
STORE_01,SKU_221,2026-05-31,11,10,2,18.326834455866713,2.618119207980959,5.236238415961918,4.201489361702127,5.763761584038082,2.1007446808510637,Low,4.201489361702127
STORE_09,SKU_043,2026-05-31,18,11,2,29.974825900774256,4.282117985824894,8.564235971649788,4.203527333806646,9.435764028350212,2.101763666903323,Low,4.203527333806646
STORE_06,SKU_054,2026-05-31,5,6,2,8.308970099667773,1.1869957285239676,2.3739914570479352,4.212315073970412,2.6260085429520648,2.106157536985206,Low,4.212315073970412
STORE_12,SKU_139,2026-05-31,12,9,2,19.88018405383747,2.840026293405353,5.680052586810706,4.225312993708702,6.319947413189294,2.112656496854351,Low,4.225312993708702
STORE_13,SKU_025,2026-05-31,7,6,1,11.58712715855573,1.6553038797936757,1.6553038797936757,4.228830781736892,5.344696120206324,4.228830781736892,Low,4.228830781736892
STORE_12,SKU_130,2026-05-31,11,8,2,18.203051784212423,2.6004359691732035,5.200871938346407,4.2300599324110255,5.799128061653593,2.1150299662055128,Low,4.2300599324110255
STORE_12,SKU_152,2026-05-31,15,10,1,24.749829322409965,3.5356899032014235,3.5356899032014235,4.242453498656121,11.464310096798577,4.242453498656121,Low,4.242453498656121
STORE_10,SKU_057,2026-05-31,7,6,2,11.548002075765437,1.6497145822522052,3.2994291645044105,4.243158225857188,3.7005708354955895,2.121579112928594,Low,4.243158225857188
STORE_10,SKU_150,2026-05-31,9,7,1,14.819301331992964,2.117043047427566,2.117043047427566,4.251212563171998,6.8829569525724335,4.251212563171998,Low,4.251212563171998
STORE_16,SKU_110,2026-05-31,13,11,2,21.37749474789916,3.0539278211284513,6.107855642256903,4.256813114592995,6.892144357743097,2.1284065572964974,Low,4.256813114592995
STORE_08,SKU_034,2026-05-31,18,11,2,29.583482142857143,4.2262117346938775,8.452423469387755,4.2591335053646615,9.547576530612245,2.1295667526823308,Low,4.2591335053646615
STORE_18,SKU_203,2026-05-31,17,11,2,27.93669696815804,3.990956709736863,7.981913419473726,4.259630268232318,9.018086580526274,2.129815134116159,Low,4.259630268232318
STORE_16,SKU_076,2026-05-31,15,9,2,24.648785440912285,3.521255062987469,7.042510125974938,4.259844780251121,7.957489874025062,2.1299223901255604,Low,4.259844780251121
STORE_13,SKU_101,2026-05-31,9,8,2,14.787446080618771,2.112492297231253,4.224984594462506,4.260370564094311,4.775015405537494,2.1301852820471554,Low,4.260370564094311
STORE_18,SKU_160,2026-05-31,8,8,1,13.135244066278547,1.8764634380397924,1.8764634380397924,4.2633391292489184,6.123536561960208,4.2633391292489184,Low,4.2633391292489184
STORE_01,SKU_216,2026-05-31,12,10,2,19.688557227783427,2.8126510325404896,5.625302065080979,4.26643755701224,6.374697934919021,2.13321877850612,Low,4.26643755701224
STORE_12,SKU_158,2026-05-31,11,8,2,18.046798029556648,2.5781140042223782,5.1562280084447565,4.266684864200902,5.8437719915552435,2.133342432100451,Low,4.266684864200902
STORE_13,SKU_212,2026-05-31,14,10,2,22.96793948126801,3.2811342116097157,6.5622684232194315,4.266817233645447,7.4377315767805685,2.1334086168227233,Low,4.266817233645447
STORE_13,SKU_194,2026-05-31,11,7,2,18.046081387042484,2.5780116267203548,5.1560232534407096,4.266854301969835,5.8439767465592904,2.1334271509849176,Low,4.266854301969835
STORE_14,SKU_219,2026-05-31,15,10,2,24.57016434892541,3.510023478417916,7.020046956835832,4.273475688191407,7.979953043164168,2.1367378440957037,Low,4.273475688191407
STORE_12,SKU_187,2026-05-31,10,8,1,16.37466307277628,2.339237581825183,2.339237581825183,4.2748971193415635,7.6607624181748175,4.2748971193415635,Low,4.2748971193415635
STORE_14,SKU_077,2026-05-31,10,8,2,16.319950223319797,2.3314214604742567,4.662842920948513,4.289228768601025,5.337157079051487,2.1446143843005125,Low,4.289228768601025
STORE_09,SKU_178,2026-05-31,15,10,2,24.43080357142857,3.490114795918367,6.980229591836734,4.2978529008679764,8.019770408163266,2.1489264504339882,Low,4.2978529008679764
STORE_14,SKU_096,2026-05-31,12,8,2,19.517062248096735,2.788151749728105,5.57630349945621,4.303926427666721,6.42369650054379,2.1519632138333606,Low,4.303926427666721
STORE_17,SKU_163,2026-05-31,19,11,1,30.892045454545457,4.413149350649351,4.413149350649351,4.305315431304027,14.586850649350648,4.305315431304027,Low,4.305315431304027
STORE_13,SKU_166,2026-05-31,16,8,2,25.996243658753823,3.713749094107689,7.427498188215378,4.308314750015269,8.572501811784623,2.1541573750076344,Low,4.308314750015269
STORE_08,SKU_165,2026-05-31,11,9,2,17.832155657962108,2.5474508082803013,5.094901616560603,4.318042163658395,5.905098383439397,2.1590210818291977,Low,4.318042163658395
STORE_05,SKU_027,2026-05-31,9,5,2,14.549509366636933,2.0785013380909905,4.157002676181981,4.330042918454935,4.842997323818019,2.1650214592274675,Low,4.330042918454935
STORE_16,SKU_228,2026-05-31,10,9,2,16.15523402771725,2.3078905753881784,4.615781150776357,4.332961062643985,5.384218849223643,2.1664805313219926,Low,4.332961062643985
STORE_13,SKU_111,2026-05-31,13,8,2,20.963602920684465,2.9948004172406377,5.9896008344812754,4.340856881534028,7.0103991655187246,2.170428440767014,Low,4.340856881534028
STORE_10,SKU_234,2026-05-31,10,7,2,16.075313374080597,2.296473339154371,4.592946678308742,4.35450298050588,5.407053321691258,2.17725149025294,Low,4.35450298050588
STORE_16,SKU_180,2026-05-31,8,6,2,12.857709375885184,1.836815625126455,3.67363125025291,4.355363647045001,4.32636874974709,2.1776818235225006,Low,4.355363647045001
STORE_16,SKU_143,2026-05-31,7,7,1,11.248362931531247,1.6069089902187497,1.6069089902187497,4.356189456035768,5.3930910097812506,4.356189456035768,Low,4.356189456035768
STORE_17,SKU_188,2026-05-31,10,8,1,16.04633656741385,2.2923337953448355,2.2923337953448355,4.362366432108419,7.7076662046551645,4.362366432108419,Low,4.362366432108419
STORE_05,SKU_223,2026-05-31,14,11,2,22.45715039114002,3.208164341591431,6.416328683182862,4.363866220473982,7.583671316817138,2.181933110236991,Low,4.363866220473982
STORE_01,SKU_167,2026-05-31,14,11,1,22.400379506641364,3.2000542152344806,3.2000542152344806,4.374925878864888,10.79994578476552,4.374925878864888,Low,4.374925878864888
STORE_17,SKU_089,2026-05-31,16,9,2,25.589553290431677,3.6556504700616683,7.311300940123337,4.376786055185985,8.688699059876663,2.1883930275929924,Low,4.376786055185985
STORE_05,SKU_030,2026-05-31,8,5,2,12.787755102040814,1.826822157434402,3.653644314868804,4.379189275454837,4.346355685131196,2.1895946377274185,Low,4.379189275454837
STORE_17,SKU_237,2026-05-31,7,7,2,11.186666666666667,1.5980952380952382,3.1961904761904765,4.380214541120381,3.8038095238095235,2.1901072705601905,Low,4.380214541120381
STORE_17,SKU_196,2026-05-31,8,6,2,12.764339826839826,1.8234771181199751,3.6469542362399503,4.387222587277699,4.35304576376005,2.1936112936388494,Low,4.387222587277699
STORE_14,SKU_135,2026-05-31,8,7,1,12.763682919022724,1.8233832741461033,1.8233832741461033,4.387448384238595,6.176616725853897,4.387448384238595,Low,4.387448384238595
STORE_06,SKU_023,2026-05-31,10,7,1,15.869215291750502,2.2670307559643574,2.2670307559643574,4.4110561683783445,7.732969244035642,4.4110561683783445,Low,4.4110561683783445
STORE_01,SKU_010,2026-05-31,9,10,1,14.245822053311118,2.0351174361873023,2.0351174361873023,4.4223492167906935,6.964882563812697,4.4223492167906935,Low,4.4223492167906935
STORE_15,SKU_069,2026-05-31,10,8,2,15.798765432098765,2.2569664902998237,4.513932980599647,4.430725951394858,5.486067019400353,2.215362975697429,Low,4.430725951394858
STORE_16,SKU_013,2026-05-31,11,8,1,17.35386866654472,2.479124095220674,2.479124095220674,4.437050981516461,8.520875904779325,4.437050981516461,Low,4.437050981516461
STORE_17,SKU_215,2026-05-31,17,10,2,26.785390786749485,3.8264843981070693,7.652968796214139,4.442720322709211,9.34703120378586,2.2213601613546055,Low,4.442720322709211
STORE_14,SKU_061,2026-05-31,9,5,1,14.148701408928876,2.0212430584184107,2.0212430584184107,4.452705458908218,6.978756941581589,4.452705458908218,Low,4.452705458908218
STORE_16,SKU_146,2026-05-31,7,6,2,10.998486351062164,1.5712123358660235,3.142424671732047,4.455158504176158,3.857575328267953,2.227579252088079,Low,4.455158504176158
STORE_10,SKU_058,2026-05-31,16,11,1,25.120352093279468,3.588621727611353,3.588621727611353,4.458536233254618,12.411378272388648,4.458536233254618,Low,4.458536233254618
STORE_12,SKU_075,2026-05-31,11,7,2,17.253748231966053,2.4648211759951506,4.929642351990301,4.462798399790136,6.070357648009699,2.231399199895068,Low,4.462798399790136
STORE_06,SKU_160,2026-05-31,15,11,2,23.493784615384616,3.3562549450549453,6.7125098901098905,4.46926715805686,8.28749010989011,2.23463357902843,Low,4.46926715805686
STORE_09,SKU_012,2026-05-31,8,6,2,12.516113910699636,1.7880162729570908,3.5760325459141815,4.474232209737829,4.423967454085819,2.2371161048689143,Low,4.474232209737829
STORE_16,SKU_050,2026-05-31,17,11,2,26.588432949801447,3.7983475642573494,7.596695128514699,4.475630445189085,9.4033048714853,2.2378152225945427,Low,4.475630445189085
STORE_08,SKU_182,2026-05-31,9,7,2,14.067875103619782,2.0096964433742546,4.019392886748509,4.478288265708982,4.980607113251491,2.239144132854491,Low,4.478288265708982
STORE_10,SKU_154,2026-05-31,11,9,1,17.19134500921985,2.4559064298885502,2.4559064298885502,4.478998005025454,8.54409357011145,4.478998005025454,Low,4.478998005025454
STORE_05,SKU_162,2026-05-31,15,12,2,23.401859678782756,3.3431228112546796,6.686245622509359,4.486822903873661,8.31375437749064,2.2434114519368307,Low,4.486822903873661
STORE_01,SKU_109,2026-05-31,9,7,2,14.039942977766811,2.005706139680973,4.011412279361946,4.487197711540903,4.988587720638054,2.2435988557704514,Low,4.487197711540903
STORE_01,SKU_032,2026-05-31,12,6,2,18.716226708074537,2.6737466725820767,5.347493345164153,4.488084126687823,6.652506654835847,2.2440420633439113,Low,4.488084126687823
STORE_09,SKU_185,2026-05-31,10,6,1,15.569196428571429,2.224170918367347,2.224170918367347,4.49605734767025,7.7758290816326525,4.49605734767025,Low,4.49605734767025
STORE_09,SKU_081,2026-05-31,20,10,2,31.12666666666667,4.446666666666667,8.893333333333334,4.49775112443778,11.106666666666666,2.24887556221889,Low,4.49775112443778
STORE_15,SKU_044,2026-05-31,18,10,2,28.006162948354486,4.000880421193498,8.001760842386997,4.499009744117881,9.998239157613003,2.2495048720589406,Low,4.499009744117881
STORE_05,SKU_153,2026-05-31,7,7,2,10.887812752219533,1.5554018217456476,3.110803643491295,4.500444773906597,3.889196356508705,2.2502223869532987,Low,4.500444773906597
STORE_14,SKU_116,2026-05-31,12,8,2,18.644171420783117,2.6634530601118738,5.3269061202237475,4.505429504170034,6.6730938797762525,2.252714752085017,Low,4.505429504170034
STORE_17,SKU_134,2026-05-31,6,6,1,9.312635692574903,1.3303765275107005,1.3303765275107005,4.510001398797034,4.6696234724893,4.510001398797034,Low,4.510001398797034
STORE_17,SKU_182,2026-05-31,20,10,2,31.01321512211442,4.4304593031592026,8.860918606318405,4.514204652718221,11.139081393681595,2.2571023263591106,Low,4.514204652718221
STORE_13,SKU_235,2026-05-31,17,10,1,26.35821706383504,3.7654595805478626,3.7654595805478626,4.514721147936623,13.234540419452138,4.514721147936623,Low,4.514721147936623
STORE_17,SKU_244,2026-05-31,9,6,2,13.906832298136646,1.986690328305235,3.97338065661047,4.530147387226441,5.02661934338953,2.2650736936132203,Low,4.530147387226441
STORE_02,SKU_176,2026-05-31,21,9,2,32.44885334275993,4.635550477537133,9.271100955074266,4.530206304895486,11.728899044925734,2.265103152447743,Low,4.530206304895486
STORE_18,SKU_046,2026-05-31,6,7,1,9.260429835651076,1.3229185479501537,1.3229185479501537,4.535426621160409,4.677081452049846,4.535426621160409,Low,4.535426621160409
STORE_06,SKU_138,2026-05-31,6,7,2,9.256440281030445,1.3223486115757779,2.6446972231515558,4.537381404174573,3.3553027768484442,2.2686907020872864,Low,4.537381404174573
STORE_17,SKU_049,2026-05-31,12,8,1,18.488696340605205,2.6412423343721723,2.6412423343721723,4.543316546095124,9.358757665627827,4.543316546095124,Low,4.543316546095124
STORE_15,SKU_179,2026-05-31,18,9,1,27.70746958673522,3.958209940962174,3.958209940962174,4.547510179721418,14.041790059037826,4.547510179721418,Low,4.547510179721418
STORE_04,SKU_076,2026-05-31,10,7,2,15.336927223719677,2.1909896033885254,4.381979206777051,4.56414762741652,5.618020793222949,2.28207381370826,Low,4.56414762741652
STORE_10,SKU_039,2026-05-31,12,8,1,18.391620965566847,2.6273744236524066,2.6273744236524066,4.567297257662413,9.372625576347593,4.567297257662413,Low,4.567297257662413
STORE_05,SKU_074,2026-05-31,12,7,2,18.386025596679353,2.6265750852399075,5.253150170479815,4.568687210746133,6.746849829520185,2.2843436053730666,Low,4.568687210746133
STORE_15,SKU_076,2026-05-31,16,9,2,24.508510690406798,3.5012158129152566,7.002431625830513,4.569841122326515,8.997568374169486,2.2849205611632577,Low,4.569841122326515
STORE_05,SKU_246,2026-05-31,9,7,1,13.749943220531453,1.9642776029330646,1.9642776029330646,4.581837102129136,7.035722397066936,4.581837102129136,Low,4.581837102129136
STORE_16,SKU_046,2026-05-31,13,8,2,19.860987624654577,2.8372839463792254,5.674567892758451,4.581846669449434,7.325432107241549,2.290923334724717,Low,4.581846669449434
STORE_13,SKU_001,2026-05-31,10,8,2,15.266965322714452,2.1809950461020646,4.361990092204129,4.585063142565262,5.638009907795871,2.292531571282631,Low,4.585063142565262
STORE_15,SKU_119,2026-05-31,12,6,1,18.315552676096893,2.616507525156699,2.616507525156699,4.586266190570706,9.383492474843301,4.586266190570706,Low,4.586266190570706
STORE_05,SKU_129,2026-05-31,20,10,1,30.51510204081633,4.35930029154519,4.35930029154519,4.587892244723255,15.640699708454811,4.587892244723255,Low,4.587892244723255
STORE_04,SKU_148,2026-05-31,10,7,1,15.218898872339143,2.174128410334163,2.174128410334163,4.599544328875681,7.825871589665837,4.599544328875681,Low,4.599544328875681
STORE_08,SKU_111,2026-05-31,20,11,1,30.361003609166413,4.337286229880916,4.337286229880916,4.611178266772843,15.662713770119083,4.611178266772843,Low,4.611178266772843
STORE_06,SKU_167,2026-05-31,17,11,2,25.740365342565596,3.6771950489379424,7.354390097875885,4.62308900500396,9.645609902124114,2.31154450250198,Low,4.62308900500396
STORE_01,SKU_162,2026-05-31,15,11,1,22.701224729117683,3.2430321041596692,3.2430321041596692,4.625301112733444,11.756967895840331,4.625301112733444,Low,4.625301112733444
STORE_05,SKU_234,2026-05-31,14,7,1,21.186005251579022,3.0265721787970032,3.0265721787970032,4.625695067865421,10.973427821202996,4.625695067865421,Low,4.625695067865421
STORE_09,SKU_230,2026-05-31,18,9,1,27.228281463663777,3.889754494809111,3.889754494809111,4.627541410138109,14.110245505190889,4.627541410138109,Low,4.627541410138109
STORE_05,SKU_063,2026-05-31,10,6,2,15.114942528735632,2.1592775041050905,4.318555008210181,4.6311787072243344,5.681444991789819,2.3155893536121672,Low,4.6311787072243344
STORE_15,SKU_153,2026-05-31,13,10,2,19.611148197596798,2.8015925996566855,5.603185199313371,4.640217853799676,7.396814800686629,2.320108926899838,Low,4.640217853799676
STORE_16,SKU_214,2026-05-31,7,6,2,10.551670551670552,1.5073815073815076,3.014763014763015,4.64381443298969,3.985236985236985,2.321907216494845,Low,4.64381443298969
STORE_05,SKU_197,2026-05-31,7,6,2,10.54968287526427,1.5070975536091815,3.014195107218363,4.644689378757515,3.985804892781637,2.3223446893787574,Low,4.644689378757515
STORE_15,SKU_078,2026-05-31,13,9,2,19.579081632653065,2.7970116618075807,5.594023323615161,4.647817589576547,7.405976676384839,2.3239087947882733,Low,4.647817589576547
STORE_06,SKU_165,2026-05-31,14,9,2,21.074940961946613,3.010705851706659,6.021411703413318,4.650072338373379,7.978588296586682,2.3250361691866894,Low,4.650072338373379
STORE_13,SKU_124,2026-05-31,17,10,1,25.557904843619127,3.651129263374161,3.651129263374161,4.656093710659148,13.34887073662584,4.656093710659148,Low,4.656093710659148
STORE_12,SKU_242,2026-05-31,14,8,2,21.043697478991596,3.0062424969987993,6.012484993997599,4.656976279849853,7.987515006002401,2.3284881399249264,Low,4.656976279849853
STORE_13,SKU_231,2026-05-31,10,6,2,15.006717420510522,2.1438167743586463,4.2876335487172925,4.66457773798866,5.7123664512827075,2.33228886899433,Low,4.66457773798866
STORE_01,SKU_200,2026-05-31,12,7,2,18.005876393110434,2.5722680561586335,5.144536112317267,4.665143654553844,6.855463887682733,2.332571827276922,Low,4.665143654553844
STORE_13,SKU_222,2026-05-31,17,10,2,25.500040377937495,3.642862911133928,7.285725822267856,4.666659277251898,9.714274177732143,2.333329638625949,Low,4.666659277251898
STORE_15,SKU_074,2026-05-31,16,11,2,23.967687074829932,3.423955296404276,6.847910592808552,4.672958206201661,9.152089407191447,2.3364791031008303,Low,4.672958206201661
STORE_10,SKU_230,2026-05-31,14,9,2,20.921951061205945,2.9888501516008494,5.977700303201699,4.684075577526528,8.022299696798301,2.342037788763264,Low,4.684075577526528
STORE_09,SKU_091,2026-05-31,8,6,2,11.935374149659864,1.7050534499514092,3.4101068999028183,4.691935024223425,4.589893100097182,2.3459675121117125,Low,4.691935024223425
STORE_05,SKU_206,2026-05-31,10,7,2,14.912612612612612,2.1303732303732303,4.260746460746461,4.6940131698181595,5.739253539253539,2.3470065849090798,Low,4.6940131698181595
STORE_15,SKU_118,2026-05-31,10,10,1,14.871656777727065,2.124522396818152,2.124522396818152,4.706940258656142,7.875477603181848,4.706940258656142,Low,4.706940258656142
STORE_05,SKU_250,2026-05-31,10,8,2,14.851771956856703,2.121681708122386,4.243363416244772,4.713242312321036,5.756636583755228,2.356621156160518,Low,4.713242312321036
STORE_04,SKU_046,2026-05-31,18,11,2,26.730253992069443,3.8186077131527774,7.637215426305555,4.713759923021411,10.362784573694444,2.3568799615107054,Low,4.713759923021411
STORE_14,SKU_040,2026-05-31,11,8,1,16.331651181436587,2.3330930259195126,2.3330930259195126,4.714771283354511,8.666906974080486,4.714771283354511,Low,4.714771283354511
STORE_05,SKU_133,2026-05-31,22,11,1,32.64684554024656,4.66383507717808,4.66383507717808,4.717147934251443,17.336164922821922,4.717147934251443,Low,4.717147934251443
STORE_09,SKU_121,2026-05-31,11,7,1,16.30639097744361,2.329484425349087,2.329484425349087,4.722074927953891,8.670515574650913,4.722074927953891,Low,4.722074927953891
STORE_10,SKU_146,2026-05-31,10,6,2,14.77310924369748,2.1104441776710687,4.2208883553421375,4.738339021615471,5.7791116446578625,2.3691695108077355,Low,4.738339021615471
STORE_06,SKU_157,2026-05-31,10,7,1,14.768512882937717,2.109787554705388,2.109787554705388,4.739813720911064,7.890212445294612,4.739813720911064,Low,4.739813720911064
STORE_18,SKU_049,2026-05-31,10,7,2,14.76847290640394,2.1097818437719913,4.219563687543983,4.739826551034024,5.780436312456017,2.369913275517012,Low,4.739826551034024
STORE_06,SKU_032,2026-05-31,9,6,2,13.283018388056663,1.897574055436666,3.795148110873332,4.74289789861663,5.204851889126668,2.371448949308315,Low,4.74289789861663
STORE_08,SKU_191,2026-05-31,11,11,2,16.18731579403606,2.312473684862294,4.624947369724588,4.7568108869766625,6.375052630275412,2.3784054434883313,Low,4.7568108869766625
STORE_12,SKU_182,2026-05-31,16,10,2,23.544766708701136,3.3635381012430194,6.727076202486039,4.7568957206362805,9.272923797513961,2.3784478603181403,Low,4.7568957206362805
STORE_02,SKU_055,2026-05-31,10,6,2,14.714749536178108,2.1021070765968726,4.204214153193745,4.757131599684791,5.795785846806255,2.3785657998423955,Low,4.757131599684791
STORE_13,SKU_076,2026-05-31,14,9,2,20.578328332343833,2.9397611903348335,5.879522380669667,4.762291592265502,8.120477619330334,2.381145796132751,Low,4.762291592265502
STORE_06,SKU_047,2026-05-31,14,10,2,20.568860013598247,2.938408573371178,5.876817146742356,4.764483784478643,8.123182853257644,2.3822418922393216,Low,4.764483784478643
STORE_16,SKU_070,2026-05-31,12,10,1,17.61180153430694,2.5159716477581346,2.5159716477581346,4.769529104468503,9.484028352241864,4.769529104468503,Low,4.769529104468503
STORE_16,SKU_168,2026-05-31,10,7,2,14.660673002825584,2.094381857546512,4.188763715093024,4.774678487577531,5.811236284906976,2.3873392437887655,Low,4.774678487577531
STORE_14,SKU_177,2026-05-31,9,6,2,13.1887140398328,1.8841020056903999,3.7682040113807997,4.776811432087028,5.231795988619201,2.388405716043514,Low,4.776811432087028
STORE_08,SKU_096,2026-05-31,16,11,2,23.43797588832487,3.3482822697606958,6.6965645395213915,4.778569639871949,9.303435460478608,2.3892848199359746,Low,4.778569639871949
STORE_15,SKU_191,2026-05-31,13,8,2,19.02651485304547,2.7180735504350673,5.4361471008701345,4.782799199057421,7.5638528991298655,2.3913995995287105,Low,4.782799199057421
STORE_02,SKU_217,2026-05-31,14,12,2,20.462976381942113,2.923282340277445,5.84656468055489,4.789137130924986,8.15343531944511,2.394568565462493,Low,4.789137130924986
STORE_15,SKU_169,2026-05-31,13,9,2,19.000102040816326,2.7143002915451895,5.428600583090379,4.789447962148431,7.571399416909621,2.3947239810742156,Low,4.789447962148431
STORE_18,SKU_054,2026-05-31,8,6,2,11.688506981740064,1.6697867116771519,3.3395734233543037,4.7910310604668265,4.660426576645696,2.3955155302334132,Low,4.7910310604668265
STORE_15,SKU_013,2026-05-31,12,8,2,17.52987012987013,2.5042671614100187,5.008534322820037,4.791821010520077,6.991465677179963,2.3959105052600385,Low,4.791821010520077
STORE_01,SKU_225,2026-05-31,8,6,1,11.6737887189015,1.6676841027002143,1.6676841027002143,4.7970715719163355,6.332315897299786,4.7970715719163355,Low,4.7970715719163355
STORE_14,SKU_033,2026-05-31,17,8,2,24.779017857142858,3.5398596938775513,7.079719387755103,4.802450229709035,9.920280612244898,2.4012251148545176,Low,4.802450229709035
STORE_18,SKU_006,2026-05-31,13,10,1,18.931034482758626,2.7044334975369466,2.7044334975369466,4.8069216757741335,10.295566502463053,4.8069216757741335,Low,4.8069216757741335
STORE_04,SKU_189,2026-05-31,21,11,2,30.547746371275785,4.363963767325112,8.727927534650224,4.812138945157176,12.272072465349776,2.406069472578588,Low,4.812138945157176
STORE_12,SKU_204,2026-05-31,12,7,1,17.444525018129077,2.492075002589868,2.492075002589868,4.815264383106086,9.507924997410132,4.815264383106086,Low,4.815264383106086
STORE_09,SKU_150,2026-05-31,8,7,1,11.62113390287359,1.6601619861247985,1.6601619861247985,4.818806879606879,6.339838013875202,4.818806879606879,Low,4.818806879606879
STORE_05,SKU_070,2026-05-31,14,8,2,20.326241134751776,2.9037487335359677,5.8074974670719355,4.821353803210049,8.192502532928064,2.4106769016050245,Low,4.821353803210049
STORE_05,SKU_015,2026-05-31,12,10,2,17.417892271662765,2.4882703245232523,4.9765406490465045,4.822627140521469,7.0234593509534955,2.4113135702607345,Low,4.822627140521469
STORE_12,SKU_092,2026-05-31,15,7,2,21.743716433941998,3.106245204848857,6.212490409697714,4.8289812976081095,8.787509590302285,2.4144906488040547,Low,4.8289812976081095
STORE_08,SKU_071,2026-05-31,12,9,2,17.368266978922716,2.4811809969889596,4.962361993977919,4.836406539693241,7.037638006022081,2.4182032698466207,Low,4.836406539693241
STORE_16,SKU_184,2026-05-31,22,10,1,31.77432077125329,4.539188681607613,4.539188681607613,4.846681101656345,17.460811318392388,4.846681101656345,Low,4.846681101656345
STORE_12,SKU_033,2026-05-31,12,9,2,17.32749784910036,2.475356835585766,4.950713671171532,4.847785914130773,7.049286328828468,2.4238929570653864,Low,4.847785914130773
STORE_08,SKU_093,2026-05-31,17,10,2,24.53764677103718,3.5053781101481687,7.010756220296337,4.849690808185434,9.989243779703664,2.424845404092717,Low,4.849690808185434
STORE_15,SKU_030,2026-05-31,7,5,1,10.096894409937889,1.4424134871339842,1.4424134871339842,4.852977362204724,5.557586512866016,4.852977362204724,Low,4.852977362204724
STORE_02,SKU_107,2026-05-31,7,6,2,10.094607379375592,1.4420867684822274,2.8841735369644548,4.854076850984067,4.115826463035545,2.4270384254920336,Low,4.854076850984067
STORE_09,SKU_082,2026-05-31,10,7,2,14.411889973380653,2.058841424768665,4.11768284953733,4.8571006390759885,5.88231715046267,2.4285503195379943,Low,4.8571006390759885
STORE_01,SKU_185,2026-05-31,9,6,2,12.967205750224618,1.8524579643178025,3.704915928635605,4.858409838905248,5.2950840713643945,2.429204919452624,Low,4.858409838905248
STORE_18,SKU_084,2026-05-31,15,10,1,21.610244097639058,3.0871777282341513,3.0871777282341513,4.858806755055181,11.91282227176585,4.858806755055181,Low,4.858806755055181
STORE_05,SKU_177,2026-05-31,18,9,1,25.913019184205623,3.701859883457946,3.701859883457946,4.862420666010192,14.298140116542054,4.862420666010192,Low,4.862420666010192
STORE_15,SKU_066,2026-05-31,7,6,2,10.074664514176169,1.4392377877394527,2.8784755754789053,4.8636855282924385,4.121524424521095,2.4318427641462192,Low,4.8636855282924385
STORE_12,SKU_185,2026-05-31,9,6,1,12.937698464281072,1.8482426377544388,1.8482426377544388,4.869490518265902,7.1517573622455615,4.869490518265902,Low,4.869490518265902
STORE_09,SKU_044,2026-05-31,15,7,2,21.532417582417583,3.0760596546310834,6.152119309262167,4.876368368674883,8.847880690737833,2.4381841843374414,Low,4.876368368674883
STORE_05,SKU_099,2026-05-31,14,10,1,20.070153061224495,2.867164723032071,2.867164723032071,4.882872577057514,11.13283527696793,4.882872577057514,Low,4.882872577057514
STORE_04,SKU_028,2026-05-31,15,8,2,21.48294611962432,3.068992302803474,6.137984605606948,4.887597791072251,8.862015394393051,2.4437988955361254,Low,4.887597791072251
STORE_04,SKU_011,2026-05-31,9,6,2,12.876155785934433,1.839450826562062,3.678901653124124,4.892764661081493,5.321098346875877,2.4463823305407466,Low,4.892764661081493
STORE_12,SKU_186,2026-05-31,9,5,1,12.857858933046902,1.8368369904352717,1.8368369904352717,4.899727110715082,7.1631630095647285,4.899727110715082,Low,4.899727110715082
STORE_06,SKU_121,2026-05-31,12,7,2,17.101983344731863,2.4431404778188375,4.886280955637675,4.911711016598292,7.113719044362325,2.455855508299146,Low,4.911711016598292
STORE_17,SKU_063,2026-05-31,10,6,2,14.209009009009009,2.0298584298584297,4.059716859716859,4.926451940147096,5.940283140283141,2.463225970073548,Low,4.926451940147096
STORE_05,SKU_007,2026-05-31,7,6,1,9.926739926739927,1.4181057038199896,1.4181057038199896,4.936162361623616,5.58189429618001,4.936162361623616,Low,4.936162361623616
STORE_04,SKU_063,2026-05-31,10,6,1,14.169292913133898,2.0241847018762713,2.0241847018762713,4.940260634679597,7.975815298123729,4.940260634679597,Low,4.940260634679597
STORE_12,SKU_191,2026-05-31,11,8,2,15.566970724306506,2.2238529606152153,4.447705921230431,4.946370193898484,6.552294078769569,2.473185096949242,Low,4.946370193898484
STORE_10,SKU_119,2026-05-31,8,6,2,11.320920634920634,1.6172743764172335,3.234548752834467,4.946594168963768,4.765451247165533,2.473297084481884,Low,4.946594168963768
STORE_09,SKU_079,2026-05-31,16,11,2,22.630336514314415,3.232905216330631,6.465810432661262,4.949108906496216,9.53418956733874,2.474554453248108,Low,4.949108906496216
STORE_15,SKU_115,2026-05-31,10,8,2,14.085456885456885,2.012208126493841,4.024416252987682,4.969664851430868,5.975583747012318,2.484832425715434,Low,4.969664851430868
STORE_18,SKU_159,2026-05-31,14,8,2,19.69023962594974,2.812891375135677,5.625782750271354,4.977085188483229,8.374217249728645,2.4885425942416144,Low,4.977085188483229
STORE_12,SKU_096,2026-05-31,15,8,1,21.074000921719666,3.0105715602456664,3.0105715602456664,4.982442602618614,11.989428439754334,4.982442602618614,Low,4.982442602618614
STORE_14,SKU_158,2026-05-31,12,9,2,16.85230024213075,2.4074714631615355,4.814942926323071,4.984482758620691,7.185057073676929,2.4922413793103453,Low,4.984482758620691
STORE_14,SKU_146,2026-05-31,10,5,2,14.035837438423645,2.0051196340605206,4.010239268121041,4.987233594510885,5.989760731878959,2.4936167972554424,Low,4.987233594510885
STORE_05,SKU_069,2026-05-31,18,11,1,25.261136712749614,3.6087338161070877,3.6087338161070877,4.987899057464276,14.391266183892913,4.987899057464276,Low,4.987899057464276
STORE_12,SKU_049,2026-05-31,11,8,2,15.431236372446095,2.204462338920871,4.408924677841742,4.989878849726561,6.591075322158258,2.4949394248632806,Low,4.989878849726561
STORE_06,SKU_095,2026-05-31,10,8,1,14.011699327288682,2.0016713324698117,2.0016713324698117,4.995825157600301,7.998328667530188,4.995825157600301,Low,4.995825157600301
STORE_16,SKU_083,2026-05-31,14,10,2,19.566904761904766,2.795272108843538,5.590544217687076,5.008456942602304,8.409455782312925,2.504228471301152,Low,5.008456942602304
STORE_09,SKU_232,2026-05-31,15,7,2,20.937183383991893,2.991026197713128,5.982052395426256,5.015001209774982,9.017947604573745,2.507500604887491,Low,5.015001209774982
STORE_17,SKU_002,2026-05-31,23,11,1,32.08893655638973,4.584133793769962,4.584133793769962,5.017305566268158,18.41586620623004,5.017305566268158,Low,5.017305566268158
STORE_09,SKU_108,2026-05-31,9,6,2,12.543970315398886,1.7919957593426978,3.5839915186853957,5.022333313612969,5.416008481314604,2.5111666568064845,Low,5.022333313612969
STORE_01,SKU_146,2026-05-31,7,5,2,9.748996458087367,1.3927137797267668,2.7854275594535336,5.026158354930123,4.214572440546466,2.5130791774650616,Low,5.026158354930123
STORE_05,SKU_214,2026-05-31,9,6,2,12.529204785362419,1.789886397908917,3.579772795817834,5.0282520781846785,5.420227204182166,2.5141260390923392,Low,5.0282520781846785
STORE_05,SKU_135,2026-05-31,15,10,2,20.876942729401748,2.982420389914535,5.96484077982907,5.029472052539798,9.035159220170929,2.514736026269899,Low,5.029472052539798
STORE_12,SKU_134,2026-05-31,8,6,2,11.121816168327797,1.5888308811896852,3.1776617623793704,5.03514885990242,4.822338237620629,2.51757442995121,Low,5.03514885990242
STORE_02,SKU_133,2026-05-31,13,11,1,18.06415477440269,2.5805935392003847,2.5805935392003847,5.037600769948507,10.419406460799616,5.037600769948507,Low,5.037600769948507
STORE_13,SKU_058,2026-05-31,17,7,2,23.617574633159048,3.3739392333084353,6.7478784666168705,5.03862068177501,10.252121533383129,2.519310340887505,Low,5.03862068177501
STORE_02,SKU_166,2026-05-31,15,11,1,20.785880450194966,2.969411492884995,2.969411492884995,5.051506009167638,12.030588507115006,5.051506009167638,Low,5.051506009167638
STORE_05,SKU_175,2026-05-31,21,10,2,29.065771927560547,4.152253132508649,8.304506265017299,5.057495130917637,12.695493734982701,2.5287475654588185,Low,5.057495130917637
STORE_09,SKU_140,2026-05-31,13,9,1,17.991222570532912,2.570174652933273,2.570174652933273,5.058022023975468,10.429825347066727,5.058022023975468,Low,5.058022023975468
STORE_10,SKU_010,2026-05-31,19,11,2,26.28798185941043,3.7554259799157754,7.510851959831551,5.059346157163806,11.489148040168448,2.529673078581903,Low,5.059346157163806
STORE_06,SKU_028,2026-05-31,9,7,2,12.443685525183104,1.7776693607404435,3.555338721480887,5.062808753283162,5.4446612785191135,2.531404376641581,Low,5.062808753283162
STORE_15,SKU_242,2026-05-31,16,8,2,22.091836734693878,3.1559766763848396,6.311953352769679,5.069745958429562,9.68804664723032,2.534872979214781,Low,5.069745958429562
STORE_12,SKU_094,2026-05-31,10,9,1,13.805679446171402,1.9722399208816288,1.9722399208816288,5.070377033809259,8.027760079118371,5.070377033809259,Low,5.070377033809259
STORE_01,SKU_047,2026-05-31,23,11,2,31.737275985663082,4.53389656938044,9.06779313876088,5.072899138310728,13.93220686123912,2.536449569155364,Low,5.072899138310728
STORE_01,SKU_108,2026-05-31,9,7,1,12.414736284124038,1.7735337548748624,1.7735337548748624,5.074614438694472,7.226466245125137,5.074614438694472,Low,5.074614438694472
STORE_10,SKU_030,2026-05-31,9,6,2,12.409661835748791,1.7728088336783987,3.5456176673567974,5.076689504827157,5.454382332643203,2.5383447524135785,Low,5.076689504827157
STORE_04,SKU_066,2026-05-31,10,6,2,13.783284742468414,1.9690406774954876,3.9380813549909752,5.0786152436014955,6.061918645009024,2.5393076218007478,Low,5.0786152436014955
STORE_05,SKU_112,2026-05-31,7,6,1,9.631975446428573,1.375996492346939,1.375996492346939,5.0872222705020125,5.624003507653061,5.0872222705020125,Low,5.0872222705020125
STORE_02,SKU_197,2026-05-31,6,6,1,8.251384978657706,1.1787692826653866,1.1787692826653866,5.090054591881659,4.821230717334613,5.090054591881659,Low,5.090054591881659
STORE_12,SKU_215,2026-05-31,23,10,2,31.586080586080588,4.512297226582941,9.024594453165882,5.097181955235997,13.975405546834118,2.5485909776179985,Low,5.097181955235997
STORE_12,SKU_099,2026-05-31,10,8,2,13.713134600881196,1.9590192286973136,3.918038457394627,5.104595122657212,6.081961542605373,2.552297561328606,Low,5.104595122657212
STORE_14,SKU_013,2026-05-31,14,9,1,19.196553541890104,2.7423647916985865,2.7423647916985865,5.105083044523983,11.257635208301414,5.105083044523983,Low,5.105083044523983
STORE_15,SKU_022,2026-05-31,9,6,2,12.325948310698033,1.7608497586711476,3.521699517342295,5.111168602363889,5.478300482657705,2.5555843011819444,Low,5.111168602363889
STORE_17,SKU_035,2026-05-31,12,7,1,16.429749923397836,2.3471071319139765,2.3471071319139765,5.1126767231176435,9.652892868086024,5.1126767231176435,Low,5.1126767231176435
STORE_02,SKU_189,2026-05-31,20,11,2,27.37451468392235,3.91064495484605,7.8212899096921,5.114245918749568,12.1787100903079,2.557122959374784,Low,5.114245918749568
STORE_06,SKU_182,2026-05-31,9,7,2,12.30159586770488,1.7573708382435542,3.5147416764871084,5.121286756411221,5.485258323512891,2.5606433782056106,Low,5.121286756411221
STORE_09,SKU_054,2026-05-31,7,6,2,9.529411764705882,1.361344537815126,2.722689075630252,5.1419753086419755,4.277310924369748,2.5709876543209877,Low,5.1419753086419755
STORE_01,SKU_190,2026-05-31,21,11,1,28.545587679516245,4.077941097073749,4.077941097073749,5.149657511009463,16.922058902926253,5.149657511009463,Low,5.149657511009463
STORE_16,SKU_034,2026-05-31,12,8,2,16.290391156462583,2.327198736637512,4.654397473275024,5.156413937100353,7.345602526724976,2.5782069685501763,Low,5.156413937100353
STORE_06,SKU_025,2026-05-31,6,6,1,8.126984126984127,1.1609977324263039,1.1609977324263039,5.16796875,4.839002267573696,5.16796875,Low,5.16796875
STORE_04,SKU_164,2026-05-31,15,11,2,20.316835238494228,2.902405034070604,5.804810068141208,5.168127750578836,9.195189931858792,2.584063875289418,Low,5.168127750578836
STORE_06,SKU_200,2026-05-31,13,7,2,17.603750997605744,2.514821571086535,5.02964314217307,5.169352827836337,7.97035685782693,2.5846764139181686,Low,5.169352827836337
STORE_05,SKU_081,2026-05-31,18,12,2,24.359266409266407,3.4798952013237723,6.959790402647545,5.172569562770941,11.040209597352455,2.5862847813854706,Low,5.172569562770941
STORE_04,SKU_034,2026-05-31,14,11,2,18.94437895188083,2.70633985026869,5.41267970053738,5.173038411495162,8.58732029946262,2.586519205747581,Low,5.173038411495162
STORE_16,SKU_104,2026-05-31,12,7,2,16.2268920163657,2.3181274309093856,4.636254861818771,5.176592037173936,7.363745138181229,2.588296018586968,Low,5.176592037173936
STORE_04,SKU_039,2026-05-31,7,8,1,9.451852351710643,1.350264621672949,1.350264621672949,5.1841690048334,5.649735378327051,5.1841690048334,Low,5.1841690048334
STORE_01,SKU_247,2026-05-31,9,7,2,12.149012189995796,1.7355731699993995,3.471146339998799,5.185606781420293,5.528853660001201,2.5928033907101464,Low,5.185606781420293
STORE_08,SKU_209,2026-05-31,22,12,2,29.69167523124358,4.241667890177654,8.483335780355308,5.186638975424022,13.516664219644692,2.593319487712011,Low,5.186638975424022
STORE_05,SKU_224,2026-05-31,18,11,2,24.256321396483123,3.4651887709261606,6.930377541852321,5.194522200644508,11.069622458147679,2.597261100322254,Low,5.194522200644508
STORE_12,SKU_192,2026-05-31,17,9,2,22.820308950477056,3.2600441357824366,6.520088271564873,5.21465332736051,10.479911728435127,2.607326663680255,Low,5.21465332736051
STORE_14,SKU_115,2026-05-31,12,8,2,16.10048886474742,2.30006983782106,4.60013967564212,5.2172328868796605,7.39986032435788,2.6086164434398302,Low,5.2172328868796605
STORE_17,SKU_022,2026-05-31,13,7,1,17.44187160357373,2.491695943367676,2.491695943367676,5.217330001520861,10.508304056632324,5.217330001520861,Low,5.217330001520861
STORE_02,SKU_216,2026-05-31,13,10,1,17.43238915151748,2.49034130735964,2.49034130735964,5.220167999294492,10.509658692640361,5.220167999294492,Low,5.220167999294492
STORE_12,SKU_051,2026-05-31,13,8,2,17.352029247072977,2.478861321010425,4.95772264202085,5.244343396628975,8.042277357979149,2.6221716983144874,Low,5.244343396628975
STORE_15,SKU_175,2026-05-31,11,7,1,14.675604104601126,2.096514872085875,2.096514872085875,5.246802751776249,8.903485127914125,5.246802751776249,Low,5.246802751776249
STORE_13,SKU_207,2026-05-31,17,10,1,22.658916025426564,3.236988003632366,3.236988003632366,5.251795799342956,13.763011996367634,5.251795799342956,Low,5.251795799342956
STORE_04,SKU_219,2026-05-31,9,7,1,11.98495953788725,1.7121370768410356,1.7121370768410356,5.256588459964535,7.287862923158965,5.256588459964535,Low,5.256588459964535
STORE_04,SKU_070,2026-05-31,8,7,1,10.633004926108374,1.5190007037297677,1.5190007037297677,5.266620338197823,6.480999296270232,5.266620338197823,Low,5.266620338197823
STORE_12,SKU_082,2026-05-31,20,9,2,26.521879449454197,3.7888399213505997,7.577679842701199,5.278660596690146,12.4223201572988,2.639330298345073,Low,5.278660596690146
STORE_02,SKU_057,2026-05-31,10,6,2,13.253637566137563,1.893376795162509,3.786753590325018,5.281568901419698,6.213246409674982,2.640784450709849,Low,5.281568901419698
STORE_15,SKU_170,2026-05-31,15,8,1,19.8680626668836,2.838294666697657,2.838294666697657,5.284863540068034,12.161705333302343,5.284863540068034,Low,5.284863540068034
STORE_17,SKU_142,2026-05-31,12,8,2,15.88444796201029,2.2692068517157558,4.5384137034315115,5.288191330343796,7.4615862965684885,2.644095665171898,Low,5.288191330343796
STORE_12,SKU_045,2026-05-31,11,9,2,14.550603779715168,2.0786576828164525,4.157315365632905,5.291876623521619,6.842684634367095,2.6459383117608093,Low,5.291876623521619
STORE_10,SKU_148,2026-05-31,8,6,1,10.576093294460641,1.5108704706372345,1.5108704706372345,5.294960855662146,6.489129529362765,5.294960855662146,Low,5.294960855662146
STORE_09,SKU_123,2026-05-31,9,6,2,11.88328664799253,1.6976123782846473,3.3952247565692946,5.301563604934391,5.604775243430705,2.6507818024671956,Low,5.301563604934391
STORE_05,SKU_193,2026-05-31,15,7,1,19.784977908689253,2.8264254155270363,2.8264254155270363,5.30705672175078,12.173574584472963,5.30705672175078,Low,5.30705672175078
STORE_18,SKU_015,2026-05-31,14,8,2,18.44650289469567,2.6352146992422383,5.270429398484477,5.312660104706357,8.729570601515523,2.6563300523531783,Low,5.312660104706357
STORE_18,SKU_068,2026-05-31,20,11,2,26.350491613649506,3.7643559448070723,7.5287118896141445,5.312993854258122,12.471288110385856,2.656496927129061,Low,5.312993854258122
STORE_02,SKU_092,2026-05-31,15,10,2,19.760455001672803,2.8229221430961147,5.645844286192229,5.313642828118651,9.35415571380777,2.6568214140593254,Low,5.313642828118651
STORE_12,SKU_176,2026-05-31,12,6,2,15.803571428571429,2.25765306122449,4.51530612244898,5.315254237288135,7.48469387755102,2.6576271186440676,Low,5.315254237288135
STORE_14,SKU_221,2026-05-31,15,7,2,19.74705111402359,2.82100730200337,5.64201460400674,5.317249618371275,9.35798539599326,2.6586248091856377,Low,5.317249618371275
STORE_02,SKU_242,2026-05-31,21,12,2,27.643283565976834,3.949040509425262,7.898081018850524,5.317747424945082,13.101918981149476,2.658873712472541,Low,5.317747424945082
STORE_05,SKU_219,2026-05-31,12,7,1,15.780916442048515,2.254416634578359,2.254416634578359,5.322884783559249,9.745583365421641,5.322884783559249,Low,5.322884783559249
STORE_12,SKU_062,2026-05-31,18,10,2,23.64275069193102,3.377535813133003,6.755071626266006,5.329329131022062,11.244928373733995,2.664664565511031,Low,5.329329131022062
STORE_01,SKU_082,2026-05-31,12,6,1,15.737276042492468,2.248182291784638,2.248182291784638,5.33764545866707,9.751817708215363,5.33764545866707,Low,5.33764545866707
STORE_08,SKU_084,2026-05-31,12,7,2,15.73399814471243,2.2477140206732042,4.4954280413464085,5.338757461861596,7.5045719586535915,2.669378730930798,Low,5.338757461861596
STORE_04,SKU_184,2026-05-31,11,7,2,14.400625978090765,2.057232282584395,4.11446456516879,5.346989784829386,6.88553543483121,2.673494892414693,Low,5.346989784829386
STORE_06,SKU_069,2026-05-31,21,11,1,27.478357825634863,3.925479689376409,3.925479689376409,5.3496646682016085,17.07452031062359,5.3496646682016085,Low,5.3496646682016085
STORE_04,SKU_013,2026-05-31,14,11,2,18.318339691396684,2.616905670199526,5.233811340399052,5.349829823607119,8.766188659600948,2.6749149118035596,Low,5.349829823607119
STORE_18,SKU_208,2026-05-31,12,8,1,15.683907150646517,2.240558164378074,2.240558164378074,5.355808294015397,9.759441835621926,5.355808294015397,Low,5.355808294015397
STORE_13,SKU_199,2026-05-31,11,6,2,14.370298224917006,2.052899746416715,4.10579949283343,5.35827432352711,6.89420050716657,2.679137161763555,Low,5.35827432352711
STORE_05,SKU_147,2026-05-31,9,7,2,11.744887955182072,1.6778411364545818,3.3556822729091635,5.364035846097892,5.6443177270908365,2.682017923048946,Low,5.364035846097892
STORE_12,SKU_193,2026-05-31,15,9,2,19.56159629843841,2.794513756919773,5.589027513839546,5.367660102891607,9.410972486160453,2.6838300514458036,Low,5.367660102891607
STORE_13,SKU_151,2026-05-31,14,10,2,18.253814520158343,2.607687788594049,5.215375577188098,5.368740867382819,8.784624422811902,2.6843704336914094,Low,5.368740867382819
STORE_09,SKU_213,2026-05-31,12,7,2,15.629966210482467,2.2328523157832096,4.465704631566419,5.374291848671058,7.534295368433581,2.687145924335529,Low,5.374291848671058
STORE_15,SKU_121,2026-05-31,12,9,2,15.624164222873901,2.232023460410557,4.464046920821114,5.37628757620349,7.535953079178886,2.688143788101745,Low,5.37628757620349
STORE_12,SKU_015,2026-05-31,11,7,2,14.285728235244882,2.0408183193206972,4.0816366386413945,5.389994736847246,6.9183633613586055,2.694997368423623,Low,5.389994736847246
STORE_16,SKU_119,2026-05-31,13,6,2,16.87553263063467,2.410790375804953,4.821580751609906,5.392422389963853,8.178419248390094,2.6962111949819265,Low,5.392422389963853
STORE_15,SKU_223,2026-05-31,10,7,1,12.923661917597226,1.8462374167996036,1.8462374167996036,5.416421479169616,8.153762583200397,5.416421479169616,Low,5.416421479169616
STORE_17,SKU_043,2026-05-31,10,7,2,12.922139471902504,1.8460199245575006,3.6920398491150013,5.4170596248559155,6.307960150884998,2.7085298124279578,Low,5.4170596248559155
STORE_16,SKU_037,2026-05-31,8,7,1,10.335116778265466,1.4764452540379236,1.4764452540379236,5.418419665829692,6.523554745962077,5.418419665829692,Low,5.418419665829692
STORE_14,SKU_094,2026-05-31,12,9,2,15.4984550735385,2.2140650105054998,4.4281300210109995,5.419895054147594,7.5718699789890005,2.709947527073797,Low,5.419895054147594
STORE_12,SKU_156,2026-05-31,16,11,2,20.66192860394044,2.9517040862772057,5.903408172554411,5.420597570869568,10.09659182744559,2.710298785434784,Low,5.420597570869568
STORE_15,SKU_107,2026-05-31,8,5,1,10.32967032967033,1.4756671899529044,1.4756671899529044,5.42127659574468,6.524332810047095,5.42127659574468,Low,5.42127659574468
STORE_06,SKU_191,2026-05-31,28,11,2,36.11306058221873,5.159008654602675,10.31801730920535,5.427399307620747,17.681982690794648,2.7136996538103735,Low,5.427399307620747
STORE_02,SKU_069,2026-05-31,20,11,2,25.735662232504335,3.676523176072048,7.353046352144096,5.439922187942727,12.646953647855904,2.7199610939713637,Low,5.439922187942727
STORE_01,SKU_159,2026-05-31,22,12,2,28.30234833659491,4.043192619513559,8.086385239027118,5.441244598098531,13.913614760972882,2.7206222990492654,Low,5.441244598098531
STORE_05,SKU_225,2026-05-31,10,6,2,12.852752880921894,1.8361075544174135,3.672215108834827,5.446304044630405,6.327784891165173,2.7231520223152024,Low,5.446304044630405
STORE_16,SKU_128,2026-05-31,11,7,2,14.127375087966222,2.0181964411380315,4.036392882276063,5.45041095890411,6.963607117723937,2.725205479452055,Low,5.45041095890411
STORE_18,SKU_086,2026-05-31,11,8,2,14.115936507936507,2.016562358276644,4.033124716553288,5.454827595512896,6.966875283446712,2.727413797756448,Low,5.454827595512896
STORE_15,SKU_050,2026-05-31,18,10,2,23.0840281030445,3.2977183004349286,6.595436600869857,5.458319468229297,11.404563399130144,2.7291597341146483,Low,5.458319468229297
STORE_10,SKU_194,2026-05-31,24,11,1,30.77190213101815,4.395986018716878,4.395986018716878,5.459526008002463,19.60401398128312,5.459526008002463,Low,5.459526008002463
STORE_04,SKU_241,2026-05-31,21,9,1,26.922519657213535,3.8460742367447907,3.8460742367447907,5.460113015856348,17.15392576325521,5.460113015856348,Low,5.460113015856348
STORE_16,SKU_012,2026-05-31,12,7,1,15.375068164467226,2.196438309209604,2.196438309209604,5.463390412416474,9.803561690790396,5.463390412416474,Low,5.463390412416474
STORE_13,SKU_164,2026-05-31,14,8,1,17.92766250861907,2.5610946440884383,2.5610946440884383,5.466412587412587,11.438905355911562,5.466412587412587,Low,5.466412587412587
STORE_14,SKU_162,2026-05-31,16,8,2,20.48166125254967,2.9259516075070957,5.851903215014191,5.468306433691145,10.148096784985809,2.7341532168455727,Low,5.468306433691145
STORE_02,SKU_058,2026-05-31,22,11,2,28.156402142886936,4.0223431632695625,8.044686326539125,5.469448803099459,13.955313673460875,2.7347244015497294,Low,5.469448803099459
STORE_05,SKU_024,2026-05-31,22,12,2,28.14327146171694,4.020467351673848,8.040934703347697,5.47200065953544,13.959065296652303,2.73600032976772,Low,5.47200065953544
STORE_17,SKU_079,2026-05-31,10,7,1,12.791783380018673,1.8273976257169533,1.8273976257169533,5.472262773722628,8.172602374283047,5.472262773722628,Low,5.472262773722628
STORE_16,SKU_044,2026-05-31,21,10,2,26.7766127857871,3.825230397969586,7.650460795939172,5.4898653976886465,13.349539204060829,2.7449326988443232,Low,5.4898653976886465
STORE_08,SKU_176,2026-05-31,19,9,2,24.218165427090373,3.4597379181557675,6.919475836311535,5.491745458606315,12.080524163688466,2.7458727293031573,Low,5.491745458606315
STORE_05,SKU_195,2026-05-31,7,6,1,8.900076773164827,1.2714395390235467,1.2714395390235467,5.5055704853853555,5.728560460976453,5.5055704853853555,Low,5.5055704853853555
STORE_09,SKU_118,2026-05-31,10,7,1,12.710117468738158,1.815731066962594,1.815731066962594,5.507423528710274,8.184268933037407,5.507423528710274,Low,5.507423528710274
STORE_04,SKU_112,2026-05-31,6,6,2,7.619476268412438,1.0884966097732054,2.176993219546411,5.512189882934164,3.823006780453589,2.756094941467082,Low,5.512189882934164
STORE_18,SKU_014,2026-05-31,9,6,2,11.421957671957673,1.6317082388510962,3.2634164777021923,5.515691951360741,5.736583522297808,2.7578459756803704,Low,5.515691951360741
STORE_13,SKU_195,2026-05-31,9,6,2,11.413178604775243,1.6304540863964634,3.2609081727929268,5.519934645869904,5.739091827207073,2.759967322934952,Low,5.519934645869904
STORE_13,SKU_248,2026-05-31,9,6,2,11.405467372134039,1.6293524817334342,3.2587049634668683,5.52366667182112,5.741295036533131,2.76183333591056,Low,5.52366667182112
STORE_08,SKU_001,2026-05-31,15,11,2,19.008400193850623,2.7154857419786604,5.430971483957321,5.523873599524087,9.569028516042678,2.7619367997620436,Low,5.523873599524087
STORE_01,SKU_055,2026-05-31,8,6,2,10.129032258064516,1.4470046082949308,2.8940092165898617,5.528662420382166,5.105990783410139,2.764331210191083,Low,5.528662420382166
STORE_17,SKU_221,2026-05-31,16,7,2,20.254850564078843,2.893550080582692,5.787100161165384,5.529539684613988,10.212899838834616,2.764769842306994,Low,5.529539684613988
STORE_06,SKU_202,2026-05-31,11,6,2,13.902439024390244,1.9860627177700347,3.9721254355400695,5.538596491228071,7.02787456445993,2.7692982456140354,Low,5.538596491228071
STORE_01,SKU_099,2026-05-31,26,11,1,32.84431636460555,4.69204519494365,4.69204519494365,5.541293597942901,21.30795480505635,5.541293597942901,Low,5.541293597942901
STORE_16,SKU_167,2026-05-31,18,8,2,22.73491454482037,3.2478449349743386,6.495689869948677,5.542136512173793,11.504310130051323,2.7710682560868967,Low,5.542136512173793
STORE_17,SKU_070,2026-05-31,20,10,1,25.2552309287058,3.607890132672257,3.607890132672257,5.543406052996019,16.392109867327743,5.543406052996019,Low,5.543406052996019
STORE_04,SKU_111,2026-05-31,24,12,1,30.298218651763886,4.328316950251984,4.328316950251984,5.544880441022873,19.671683049748015,5.544880441022873,Low,5.544880441022873
STORE_05,SKU_229,2026-05-31,15,8,1,18.933805418719214,2.704829345531316,2.704829345531316,5.545636372505975,12.295170654468684,5.545636372505975,Low,5.545636372505975
STORE_14,SKU_069,2026-05-31,12,8,2,15.145901639344261,2.1637002341920373,4.3274004683840745,5.546054767832017,7.6725995316159255,2.7730273839160087,Low,5.546054767832017
STORE_02,SKU_143,2026-05-31,18,9,1,22.702425876010782,3.243203696572969,3.243203696572969,5.550067675064707,14.75679630342703,5.550067675064707,Low,5.550067675064707
STORE_02,SKU_171,2026-05-31,21,12,2,26.457365398948173,3.7796236284211675,7.559247256842335,5.556108772865346,13.440752743157665,2.778054386432673,Low,5.556108772865346
STORE_12,SKU_164,2026-05-31,9,8,2,11.336278413804546,1.6194683448292209,3.2389366896584417,5.557379388572787,5.761063310341559,2.7786896942863937,Low,5.557379388572787
STORE_04,SKU_177,2026-05-31,20,9,1,25.187403012323138,3.5982004303318766,3.5982004303318766,5.5583340581601,16.401799569668125,5.5583340581601,Low,5.5583340581601
STORE_05,SKU_166,2026-05-31,27,11,2,33.9966800117176,4.856668573102515,9.71333714620503,5.559366383272059,17.286662853794972,2.7796831916360296,Low,5.559366383272059
STORE_12,SKU_234,2026-05-31,19,10,2,23.904006046863188,3.414858006694741,6.829716013389482,5.563920948616602,12.170283986610517,2.781960474308301,Low,5.563920948616602
STORE_16,SKU_096,2026-05-31,18,8,1,22.62912600650563,3.232732286643661,3.232732286643661,5.568045357287611,14.76726771335634,5.568045357287611,Low,5.568045357287611
STORE_12,SKU_011,2026-05-31,12,6,1,15.071895424836601,2.1531279178338,2.1531279178338,5.573287077189939,9.8468720821662,5.573287077189939,Low,5.573287077189939
STORE_09,SKU_037,2026-05-31,11,6,2,13.815842542550616,1.973691791792945,3.94738358358589,5.573311925266385,7.05261641641411,2.7866559626331924,Low,5.573311925266385
STORE_13,SKU_157,2026-05-31,13,9,1,16.325455614344502,2.3322079449063575,2.3322079449063575,5.5741170200507035,10.667792055093642,5.5741170200507035,Low,5.5741170200507035
STORE_08,SKU_123,2026-05-31,10,6,2,12.557941437444542,1.793991633920649,3.587983267841298,5.574162003278503,6.412016732158702,2.7870810016392515,Low,5.574162003278503
STORE_06,SKU_131,2026-05-31,9,6,2,11.288540901124993,1.6126487001607133,3.2252974003214265,5.580880695903006,5.774702599678573,2.790440347951503,Low,5.580880695903006
STORE_06,SKU_184,2026-05-31,13,7,2,16.28363636363636,2.326233766233766,4.652467532467532,5.588432335864225,8.347532467532467,2.7942161679321127,Low,5.588432335864225
STORE_06,SKU_097,2026-05-31,12,7,2,15.02331550802139,2.1461879297173416,4.292375859434683,5.591309052595609,7.707624140565317,2.7956545262978043,Low,5.591309052595609
STORE_17,SKU_131,2026-05-31,9,6,2,11.261180679785332,1.6087400971121901,3.2174801942243803,5.5944400317712475,5.782519805775619,2.7972200158856237,Low,5.5944400317712475
STORE_09,SKU_223,2026-05-31,18,10,2,22.499441132637855,3.214205876091122,6.428411752182244,5.600139099331826,11.571588247817756,2.800069549665913,Low,5.600139099331826
STORE_06,SKU_052,2026-05-31,10,7,2,12.498657357679914,1.7855224796685591,3.5710449593371183,5.6006015683746915,6.428955040662881,2.8003007841873457,Low,5.6006015683746915
STORE_14,SKU_201,2026-05-31,15,9,2,18.746588693957115,2.6780840991367305,5.356168198273461,5.601019028803162,9.643831801726538,2.800509514401581,Low,5.601019028803162
STORE_13,SKU_219,2026-05-31,13,10,1,16.21077621800165,2.315825174000236,2.315825174000236,5.6135498248965305,10.684174825999765,5.6135498248965305,Low,5.6135498248965305
STORE_16,SKU_008,2026-05-31,10,7,2,12.461969403145872,1.7802813433065532,3.5605626866131064,5.617089701915763,6.439437313386893,2.8085448509578814,Low,5.617089701915763
STORE_12,SKU_166,2026-05-31,13,7,2,16.169127225358228,2.3098753179083182,4.6197506358166365,5.628009399127224,8.380249364183364,2.814004699563612,Low,5.628009399127224
STORE_08,SKU_204,2026-05-31,19,11,1,23.58302631111322,3.36900375873046,3.36900375873046,5.639649392127648,15.63099624126954,5.639649392127648,Low,5.639649392127648
STORE_15,SKU_092,2026-05-31,11,7,1,13.651576994434135,1.9502252849191621,1.9502252849191621,5.640374004511974,9.049774715080838,5.640374004511974,Low,5.640374004511974
STORE_02,SKU_032,2026-05-31,12,6,2,14.889929742388759,2.1271328203412514,4.254265640682503,5.641396665618118,7.745734359317497,2.820698332809059,Low,5.641396665618118
STORE_15,SKU_159,2026-05-31,14,8,2,17.34775184974388,2.4782502642491258,4.9565005284982515,5.649146981627297,9.043499471501748,2.8245734908136484,Low,5.649146981627297
STORE_16,SKU_210,2026-05-31,11,7,1,13.622863358541384,1.9461233369344835,1.9461233369344835,5.652262521720285,9.053876663065516,5.652262521720285,Low,5.652262521720285
STORE_15,SKU_036,2026-05-31,12,9,1,14.841734536649792,2.1202477909499704,2.1202477909499704,5.6597158366208875,9.879752209050029,5.6597158366208875,Low,5.6597158366208875
STORE_18,SKU_247,2026-05-31,18,10,2,22.24986246964269,3.1785517813775273,6.3571035627550545,5.662956351838674,11.642896437244946,2.831478175919337,Low,5.662956351838674
STORE_04,SKU_024,2026-05-31,19,11,2,23.433479473893982,3.3476399248419972,6.6952798496839945,5.67564027988965,12.304720150316005,2.837820139944825,Low,5.67564027988965
STORE_10,SKU_224,2026-05-31,23,12,2,28.32025316455696,4.045750452079566,8.091500904159131,5.6849774281500025,14.908499095840869,2.8424887140750013,Low,5.6849774281500025
STORE_01,SKU_217,2026-05-31,24,12,1,29.512621753246755,4.216088821892393,4.216088821892393,5.692479692405434,19.78391117810761,5.692479692405434,Low,5.692479692405434
STORE_12,SKU_148,2026-05-31,19,9,2,23.363636363636363,3.3376623376623376,6.675324675324675,5.692607003891051,12.324675324675326,2.8463035019455254,Low,5.692607003891051
STORE_05,SKU_128,2026-05-31,19,9,2,23.359375,3.3370535714285716,6.674107142857143,5.693645484949832,12.325892857142858,2.846822742474916,Low,5.693645484949832
STORE_18,SKU_040,2026-05-31,11,8,2,13.507150802478943,1.929592971782706,3.859185943565412,5.700684113622862,7.140814056434587,2.850342056811431,Low,5.700684113622862
STORE_12,SKU_080,2026-05-31,12,6,2,14.728826338275947,2.104118048325135,4.20823609665027,5.703102071460261,7.79176390334973,2.8515510357301306,Low,5.703102071460261
STORE_18,SKU_234,2026-05-31,15,9,2,18.409027619553935,2.629861088507705,5.25972217701541,5.70372331282016,9.74027782298459,2.85186165641008,Low,5.70372331282016
STORE_16,SKU_181,2026-05-31,18,8,2,22.08315565031983,3.1547365214742618,6.3094730429485235,5.705706285603939,11.690526957051476,2.8528531428019694,Low,5.705706285603939
STORE_14,SKU_071,2026-05-31,14,7,1,17.17360432545111,2.4533720464930155,2.4533720464930155,5.7064316926625,11.546627953506984,5.7064316926625,Low,5.7064316926625
STORE_05,SKU_226,2026-05-31,16,11,2,19.599489795918366,2.7999271137026236,5.599854227405247,5.714434465703502,10.400145772594753,2.857217232851751,Low,5.714434465703502
STORE_17,SKU_220,2026-05-31,15,9,1,18.35261886175235,2.62180269453605,2.62180269453605,5.721254322936141,12.37819730546395,5.721254322936141,Low,5.721254322936141
STORE_16,SKU_078,2026-05-31,15,10,2,18.34667211106574,2.620953158723677,5.241906317447354,5.723108766775724,9.758093682552646,2.861554383387862,Low,5.723108766775724
STORE_12,SKU_136,2026-05-31,13,6,2,15.855454786177678,2.2650649694539537,4.5301299389079075,5.739349720787016,8.469870061092092,2.869674860393508,Low,5.739349720787016
STORE_12,SKU_147,2026-05-31,10,6,2,12.196419437340152,1.742345633905736,3.484691267811472,5.739389364200639,6.515308732188528,2.8696946821003193,Low,5.739389364200639
STORE_18,SKU_131,2026-05-31,10,6,2,12.192273135669362,1.741753305095623,3.483506610191246,5.741341193809875,6.516493389808754,2.8706705969049375,Low,5.741341193809875
STORE_12,SKU_146,2026-05-31,13,6,2,15.834951456310678,2.262135922330097,4.524271844660194,5.746781115879829,8.475728155339805,2.8733905579399144,Low,5.746781115879829
STORE_16,SKU_045,2026-05-31,19,9,1,23.132138464241784,3.304591209177398,3.304591209177398,5.7495765125906795,15.695408790822603,5.7495765125906795,Low,5.7495765125906795
STORE_15,SKU_042,2026-05-31,20,8,2,24.34959542603913,3.478513632291304,6.957027264582608,5.749582181980974,13.042972735417392,2.874791090990487,Low,5.749582181980974
STORE_01,SKU_224,2026-05-31,20,12,2,24.349154135338345,3.4784505907626206,6.956901181525241,5.749686384251665,13.043098818474759,2.8748431921258324,Low,5.749686384251665
STORE_02,SKU_203,2026-05-31,8,7,2,9.736846869272025,1.3909781241817178,2.7819562483634357,5.751348537351172,5.218043751636564,2.875674268675586,Low,5.751348537351172
STORE_10,SKU_177,2026-05-31,16,9,2,19.47204519618313,2.781720742311876,5.563441484623752,5.75183545804187,10.436558515376248,2.875917729020935,Low,5.75183545804187
STORE_15,SKU_217,2026-05-31,10,8,2,12.162035349854227,1.7374336214077466,3.474867242815493,5.755615568149045,6.525132757184506,2.8778077840745224,Low,5.755615568149045
STORE_01,SKU_041,2026-05-31,12,7,2,14.559139784946236,2.0798771121351765,4.159754224270353,5.769571639586411,7.840245775729647,2.8847858197932057,Low,5.769571639586411
STORE_04,SKU_041,2026-05-31,16,6,1,19.366241077711877,2.766605868244554,2.766605868244554,5.783259619178138,13.233394131755446,5.783259619178138,Low,5.783259619178138
STORE_08,SKU_163,2026-05-31,11,7,2,13.309523809523807,1.9013605442176866,3.8027210884353733,5.785330948121647,7.197278911564627,2.8926654740608235,Low,5.785330948121647
STORE_02,SKU_028,2026-05-31,8,7,1,9.671442347430776,1.3816346210615396,1.3816346210615396,5.790242860195142,6.61836537893846,5.790242860195142,Low,5.790242860195142
STORE_09,SKU_234,2026-05-31,12,7,1,14.47958549222798,2.0685122131754254,2.0685122131754254,5.801271040879423,9.931487786824574,5.801271040879423,Low,5.801271040879423
STORE_16,SKU_147,2026-05-31,14,6,2,16.886153846153846,2.4123076923076923,4.8246153846153845,5.803571428571429,9.175384615384615,2.9017857142857144,Low,5.803571428571429
STORE_06,SKU_001,2026-05-31,21,11,1,25.31770950138297,3.6168156430547103,3.6168156430547103,5.806212445559902,17.38318435694529,5.806212445559902,Low,5.806212445559902
STORE_10,SKU_114,2026-05-31,22,11,1,26.512114251040227,3.787444893005747,3.787444893005747,5.808665372432817,18.21255510699425,5.808665372432817,Low,5.808665372432817
STORE_18,SKU_058,2026-05-31,18,7,1,21.679079214624238,3.0970113163748914,3.0970113163748914,5.812054965646471,14.902988683625109,5.812054965646471,Low,5.812054965646471
STORE_15,SKU_093,2026-05-31,15,7,1,18.0649548803348,2.5807078400478285,2.5807078400478285,5.81235882932103,12.419292159952171,5.81235882932103,Low,5.81235882932103
STORE_09,SKU_006,2026-05-31,14,7,1,16.84309836504958,2.4061569092927972,2.4061569092927972,5.818406915164478,11.593843090707203,5.818406915164478,Low,5.818406915164478
STORE_06,SKU_144,2026-05-31,8,7,1,9.62022402946141,1.374317718494487,1.374317718494487,5.821070260786346,6.625682281505513,5.821070260786346,Low,5.821070260786346
STORE_16,SKU_155,2026-05-31,16,8,2,19.208625336927227,2.744089333846747,5.488178667693494,5.830713964975302,10.511821332306507,2.915356982487651,Low,5.830713964975302
STORE_09,SKU_047,2026-05-31,21,10,2,25.209022556390977,3.6012889366272822,7.2025778732545644,5.831245526127416,13.797422126745435,2.915622763063708,Low,5.831245526127416
STORE_18,SKU_189,2026-05-31,14,7,2,16.789864569681082,2.398552081383012,4.797104162766024,5.836854704412989,9.202895837233976,2.9184273522064945,Low,5.836854704412989
STORE_09,SKU_171,2026-05-31,15,11,2,17.930781740305548,2.5615402486150782,5.1230804972301565,5.855851770476726,9.876919502769844,2.927925885238363,Low,5.855851770476726
STORE_16,SKU_246,2026-05-31,25,10,2,29.834482758620688,4.2620689655172415,8.524137931034483,5.865695792880259,16.47586206896552,2.9328478964401294,Low,5.865695792880259
STORE_14,SKU_030,2026-05-31,8,5,2,9.545644599303136,1.3636635141861624,2.7273270283723248,5.866549861293619,5.272672971627675,2.9332749306468093,Low,5.866549861293619
STORE_05,SKU_117,2026-05-31,15,7,2,17.88007863695937,2.554296948137053,5.108593896274106,5.8724573941726215,9.891406103725894,2.9362286970863107,Low,5.8724573941726215
STORE_09,SKU_086,2026-05-31,19,11,1,22.624460169327364,3.2320657384753377,3.2320657384753377,5.878593301435406,15.767934261524662,5.878593301435406,Low,5.878593301435406
STORE_16,SKU_033,2026-05-31,13,8,2,15.457590685176891,2.208227240739556,4.416454481479112,5.887075279284291,8.58354551852089,2.9435376396421455,Low,5.887075279284291
STORE_14,SKU_064,2026-05-31,13,8,2,15.425029515938606,2.2035756451340864,4.407151290268173,5.89950248756219,8.592848709731827,2.949751243781095,Low,5.89950248756219
STORE_08,SKU_159,2026-05-31,17,12,1,20.167582804792108,2.881083257827444,2.881083257827444,5.900558393726981,14.118916742172555,5.900558393726981,Low,5.900558393726981
STORE_15,SKU_113,2026-05-31,19,10,1,22.527389903329755,3.2181985576185363,3.2181985576185363,5.903924092881323,15.781801442381465,5.903924092881323,Low,5.903924092881323
STORE_10,SKU_191,2026-05-31,23,11,2,27.265117081871015,3.8950167259815736,7.790033451963147,5.90498106120554,15.209966548036853,2.95249053060277,Low,5.90498106120554
STORE_04,SKU_083,2026-05-31,18,8,2,21.27169028689941,3.038812898128487,6.077625796256974,5.923365670550384,11.922374203743026,2.961682835275192,Low,5.923365670550384
STORE_10,SKU_083,2026-05-31,15,7,2,17.725697379543533,2.532242482791933,5.064484965583866,5.923603328643983,9.935515034416134,2.9618016643219915,Low,5.923603328643983
STORE_05,SKU_095,2026-05-31,15,8,2,17.715369333574138,2.5307670476534483,5.061534095306897,5.927056784585584,9.938465904693103,2.963528392292792,Low,5.927056784585584
STORE_10,SKU_052,2026-05-31,11,8,2,12.989376882828601,1.8556252689755144,3.7112505379510288,5.9279209999511755,7.288749462048971,2.9639604999755877,Low,5.9279209999511755
STORE_09,SKU_226,2026-05-31,17,12,1,20.062521566597653,2.8660745095139504,2.8660745095139504,5.931457798312083,14.13392549048605,5.931457798312083,Low,5.931457798312083
STORE_09,SKU_161,2026-05-31,11,8,1,12.98017771701982,1.854311102431403,1.854311102431403,5.932122169562929,9.145688897568597,5.932122169562929,Low,5.932122169562929
STORE_02,SKU_228,2026-05-31,11,6,2,12.965701415701414,1.8522430593859163,3.7044861187718325,5.938745427744719,7.2955138812281675,2.9693727138723593,Low,5.938745427744719
STORE_08,SKU_053,2026-05-31,21,10,2,24.727886809675944,3.532555258525135,7.06511051705027,5.944705309087688,13.93488948294973,2.972352654543844,Low,5.944705309087688
STORE_16,SKU_134,2026-05-31,13,6,2,15.305084745762711,2.1864406779661016,4.372881355932203,5.945736434108527,8.627118644067796,2.9728682170542635,Low,5.945736434108527
STORE_14,SKU_080,2026-05-31,11,6,2,12.943003288271829,1.8490004697531184,3.6980009395062368,5.949160197600565,7.301999060493763,2.9745800988002826,Low,5.949160197600565
STORE_13,SKU_125,2026-05-31,10,6,2,11.764063979271514,1.6805805684673591,3.3611611369347183,5.950324660197464,6.638838863065281,2.975162330098732,Low,5.950324660197464
STORE_02,SKU_161,2026-05-31,6,7,2,7.053908355795148,1.007701193685021,2.015402387370042,5.954145968666412,3.984597612629958,2.977072984333206,Low,5.954145968666412
STORE_06,SKU_239,2026-05-31,23,11,2,27.009176390619693,3.8584537700885275,7.716907540177055,5.9609370412314915,15.283092459822946,2.9804685206157457,Low,5.9609370412314915
STORE_05,SKU_097,2026-05-31,12,7,2,14.065364365641543,2.0093377665202206,4.018675533040441,5.9721168834554135,7.981324466959559,2.9860584417277067,Low,5.9721168834554135
STORE_14,SKU_108,2026-05-31,21,10,1,24.607157080275357,3.515308154325051,3.515308154325051,5.973871728474984,17.48469184567495,5.973871728474984,Low,5.973871728474984
STORE_12,SKU_112,2026-05-31,8,6,2,9.36060740085508,1.337229628693583,2.674459257387166,5.982517757863071,5.325540742612834,2.9912588789315353,Low,5.982517757863071
STORE_02,SKU_196,2026-05-31,10,6,2,11.694017652827721,1.6705739504039603,3.3411479008079206,5.985966677848596,6.65885209919208,2.992983338924298,Low,5.985966677848596
STORE_01,SKU_050,2026-05-31,15,8,2,17.533980582524272,2.504854368932039,5.009708737864078,5.988372093023255,9.990291262135923,2.9941860465116275,Low,5.988372093023255
STORE_05,SKU_013,2026-05-31,21,12,2,24.54552713104021,3.506503875862887,7.013007751725774,5.988871178655772,13.986992248274227,2.994435589327886,Low,5.988871178655772
STORE_14,SKU_233,2026-05-31,13,6,3,15.166475315729048,2.1666393308184353,6.499917992455305,6.000075700227101,6.500082007544695,2.000025233409034,Low,6.000075700227101
STORE_18,SKU_095,2026-05-31,19,10,1,22.165880229280805,3.1665543184686866,3.1665543184686866,6.000212877822417,15.833445681531312,6.000212877822417,Low,6.000212877822417
STORE_15,SKU_028,2026-05-31,16,9,1,18.664354548342686,2.6663363640489552,2.6663363640489552,6.000743272954226,13.333663635951044,6.000743272954226,Low,6.000743272954226
STORE_02,SKU_139,2026-05-31,11,7,1,12.83010866684336,1.8328726666919086,1.8328726666919086,6.001508015204099,9.167127333308091,6.001508015204099,Low,6.001508015204099
STORE_17,SKU_160,2026-05-31,16,7,3,18.620137026460654,2.660019575208665,7.9800587256259945,6.014993329041529,8.019941274374006,2.0049977763471762,Low,6.014993329041529
STORE_18,SKU_071,2026-05-31,11,6,3,12.80058458165875,1.8286549402369643,5.485964820710893,6.015350276293557,5.514035179289107,2.005116758764519,Low,6.015350276293557
STORE_17,SKU_119,2026-05-31,10,6,2,11.63206349206349,1.66172335600907,3.32344671201814,6.01784885783685,6.67655328798186,3.008924428918425,Low,6.01784885783685
STORE_17,SKU_077,2026-05-31,13,8,3,15.121580547112462,2.1602257924446375,6.480677377333913,6.017889447236181,6.519322622666087,2.005963149078727,Low,6.017889447236181
STORE_14,SKU_111,2026-05-31,17,8,2,19.768194070080863,2.8240277242972662,5.6480554485945325,6.019770929915462,11.351944551405467,3.009885464957731,Low,6.019770929915462
STORE_02,SKU_020,2026-05-31,15,8,3,17.435897435897438,2.4908424908424913,7.472527472527474,6.02205882352941,7.527472527472526,2.00735294117647,Low,6.02205882352941
STORE_09,SKU_116,2026-05-31,26,12,2,30.222106360792495,4.317443765827499,8.634887531654998,6.022081910085222,17.365112468345004,3.011040955042611,Low,6.022081910085222
STORE_14,SKU_051,2026-05-31,10,7,3,11.618101360941806,1.6597287658488293,4.979186297546488,6.025080848005749,5.020813702453512,2.008360282668583,Low,6.025080848005749
STORE_12,SKU_162,2026-05-31,14,8,2,16.26412698412698,2.32344671201814,4.64689342403628,6.025530918176141,9.35310657596372,3.0127654590880706,Low,6.025530918176141
STORE_17,SKU_141,2026-05-31,11,6,3,12.775768535262205,1.8251097907517437,5.475329372255231,6.027034677990092,5.524670627744769,2.0090115593300304,Low,6.027034677990092
STORE_04,SKU_093,2026-05-31,25,10,3,29.016526299062452,4.145218042723207,12.43565412816962,6.031045832169594,12.56434587183038,2.0103486107231983,Low,6.031045832169594
STORE_17,SKU_202,2026-05-31,9,6,1,10.442546583850932,1.4917923691215618,1.4917923691215618,6.033011152416356,7.508207630878438,6.033011152416356,Low,6.033011152416356
STORE_06,SKU_011,2026-05-31,12,6,3,13.919155354449472,1.9884507649213532,5.96535229476406,6.034848944562437,6.03464770523594,2.011616314854146,Low,6.034848944562437
STORE_02,SKU_126,2026-05-31,19,11,3,22.03429294813107,3.147756135447296,9.443268406341888,6.036045736211424,9.556731593658112,2.012015245403808,Low,6.036045736211424
STORE_11,SKU_082,2026-05-31,11,9,3,12.748290398126462,1.8211843425894947,5.463553027768484,6.040025571688908,5.536446972231516,2.013341857229636,Low,6.040025571688908
STORE_09,SKU_073,2026-05-31,15,8,3,17.378684807256235,2.4826692581794623,7.448007774538387,6.041884133611691,7.551992225461613,2.013961377870564,Low,6.041884133611691
STORE_17,SKU_204,2026-05-31,11,8,3,12.743935309973045,1.8205621871390065,5.46168656141702,6.042089678510998,5.53831343858298,2.0140298928369993,Low,6.042089678510998
STORE_09,SKU_008,2026-05-31,19,10,2,21.993715846994537,3.141959406713505,6.28391881342701,6.0471818825546295,12.716081186572989,3.0235909412773148,Low,6.0471818825546295
STORE_16,SKU_090,2026-05-31,16,8,2,18.51315465945414,2.64473637992202,5.28947275984404,6.049752301010719,10.71052724015596,3.0248761505053596,Low,6.049752301010719
STORE_04,SKU_173,2026-05-31,13,5,3,15.037715517241377,2.1482450738916254,6.444735221674876,6.05145109279828,6.555264778325124,2.0171503642660937,Low,6.05145109279828
STORE_14,SKU_002,2026-05-31,22,10,3,25.43491608677855,3.6335594409683645,10.900678322905094,6.054669080667874,11.099321677094906,2.018223026889291,Low,6.054669080667874
STORE_04,SKU_153,2026-05-31,14,7,1,16.178607274291448,2.311229610613064,2.311229610613064,6.05738172257426,11.688770389386935,6.05738172257426,Low,6.05738172257426
STORE_12,SKU_236,2026-05-31,12,6,3,13.867323481116586,1.9810462115880836,5.943138634764251,6.057405390044049,6.056861365235749,2.0191351300146825,Low,6.057405390044049
STORE_10,SKU_149,2026-05-31,16,7,1,18.486750721230898,2.640964388747271,2.640964388747271,6.058392937130638,13.359035611252729,6.058392937130638,Low,6.058392937130638
STORE_16,SKU_231,2026-05-31,10,6,2,11.55281690140845,1.6504024144869214,3.3008048289738428,6.059128314538251,6.699195171026157,3.0295641572691254,Low,6.059128314538251
STORE_10,SKU_041,2026-05-31,9,6,3,10.389356836057344,1.4841938337224776,4.452581501167433,6.063897986577182,4.547418498832567,2.0212993288590604,Low,6.063897986577182
STORE_01,SKU_191,2026-05-31,19,11,2,21.912859322931265,3.1304084747044665,6.260816949408933,6.069495451961342,12.739183050591066,3.034747725980671,Low,6.069495451961342
STORE_01,SKU_092,2026-05-31,20,9,2,23.05400192864031,3.2934288469486157,6.586857693897231,6.072698372861504,13.413142306102769,3.036349186430752,Low,6.072698372861504
STORE_09,SKU_186,2026-05-31,10,6,3,11.524916943521594,1.6464167062173707,4.939250118652112,6.07379648313635,5.060749881347888,2.024598827712117,Low,6.07379648313635
STORE_16,SKU_108,2026-05-31,18,10,2,20.743145743145746,2.9633065347351066,5.926613069470213,6.074295652173912,12.073386930529786,3.037147826086956,Low,6.074295652173912
STORE_06,SKU_096,2026-05-31,20,11,3,23.046051838456904,3.2922931197795577,9.876879359338673,6.074793243603759,10.123120640661327,2.0249310812012533,Low,6.074793243603759
STORE_04,SKU_212,2026-05-31,11,7,3,12.674668158470222,1.8106668797814602,5.4320006393443805,6.075109741515598,5.5679993606556195,2.025036580505199,Low,6.075109741515598
STORE_17,SKU_111,2026-05-31,15,8,1,17.28333333333333,2.4690476190476187,2.4690476190476187,6.075216972034716,12.530952380952382,6.075216972034716,Low,6.075216972034716
STORE_18,SKU_155,2026-05-31,17,7,3,19.582349365776864,2.797478480825266,8.392435442475799,6.076901079498184,8.607564557524201,2.0256336931660615,Low,6.076901079498184
STORE_06,SKU_099,2026-05-31,17,11,3,19.57530209254347,2.79647172750621,8.38941518251863,6.079088814947531,8.61058481748137,2.026362938315844,Low,6.079088814947531
STORE_04,SKU_119,2026-05-31,12,6,3,13.81533101045296,1.9736187157789942,5.920856147336982,6.0802017654476685,6.079143852663018,2.0267339218158895,Low,6.0802017654476685
STORE_06,SKU_068,2026-05-31,14,7,1,16.113414377064156,2.3019163395805937,2.3019163395805937,6.081889145697963,11.698083660419407,6.081889145697963,Low,6.081889145697963
STORE_10,SKU_199,2026-05-31,11,6,1,12.658687258687259,1.8083838940981798,1.8083838940981798,6.082779235039346,9.19161610590182,6.082779235039346,Low,6.082779235039346
STORE_17,SKU_242,2026-05-31,14,9,2,16.10901813044502,2.3012883043492884,4.602576608698577,6.083548929328364,9.397423391301423,3.041774464664182,Low,6.083548929328364
STORE_10,SKU_021,2026-05-31,9,6,3,10.355685131195335,1.4793835901707622,4.438150770512286,6.083614864864865,4.561849229487714,2.027871621621622,Low,6.083614864864865
STORE_13,SKU_137,2026-05-31,21,9,1,24.127815736739176,3.446830819534168,3.446830819534168,6.09255315955371,17.553169180465833,6.09255315955371,Low,6.09255315955371
STORE_14,SKU_097,2026-05-31,22,10,2,25.256879972327912,3.608125710332559,7.216251420665118,6.097348531122069,14.783748579334883,3.0486742655610346,Low,6.097348531122069
STORE_05,SKU_239,2026-05-31,17,11,1,19.513677811550156,2.7876682587928796,2.7876682587928796,6.098286604361369,14.21233174120712,6.098286604361369,Low,6.098286604361369
STORE_14,SKU_076,2026-05-31,13,9,3,14.921335063097064,2.1316192947281523,6.394857884184457,6.0986499944671895,6.605142115815543,2.032883331489063,Low,6.0986499944671895
STORE_13,SKU_234,2026-05-31,17,9,3,19.49744897959184,2.7853498542274058,8.356049562682218,6.103362553970952,8.643950437317782,2.034454184656984,Low,6.103362553970952
STORE_18,SKU_055,2026-05-31,12,7,2,13.754576107899807,1.9649394439856867,3.9298788879713733,6.107058432121032,8.070121112028627,3.053529216060516,Low,6.107058432121032
STORE_01,SKU_143,2026-05-31,14,8,3,16.045812807881774,2.292258972554539,6.8767769176636175,6.107512356859976,7.1232230823363825,2.0358374522866587,Low,6.107512356859976
STORE_01,SKU_242,2026-05-31,23,13,2,26.359372334982094,3.765624619283156,7.531249238566312,6.10788443495422,15.468750761433688,3.05394221747711,Low,6.10788443495422
STORE_08,SKU_210,2026-05-31,18,11,3,20.60906481121059,2.9441521158872273,8.832456347661681,6.113814535216587,9.167543652338319,2.037938178405529,Low,6.113814535216587
STORE_12,SKU_005,2026-05-31,11,6,2,12.592910848549947,1.7989872640785638,3.5979745281571276,6.114551347662913,7.402025471842872,3.0572756738314566,Low,6.114551347662913
STORE_06,SKU_102,2026-05-31,11,6,3,12.589422492401214,1.7984889274858877,5.395466782457663,6.116245605902577,5.604533217542337,2.038748535300859,Low,6.116245605902577
STORE_08,SKU_057,2026-05-31,12,6,3,13.733602278120548,1.9619431825886497,5.885829547765949,6.116385075008554,6.114170452234051,2.0387950250028513,Low,6.116385075008554
STORE_06,SKU_241,2026-05-31,13,9,3,14.862379555927944,2.123197079418278,6.369591238254834,6.12284188124533,6.630408761745166,2.0409472937484434,Low,6.12284188124533
STORE_11,SKU_244,2026-05-31,9,6,3,10.288356729975227,1.469765247139318,4.409295741417955,6.123426865288301,4.590704258582045,2.0411422884294335,Low,6.123426865288301
STORE_11,SKU_227,2026-05-31,15,8,3,17.13279424977538,2.447542035682197,7.342626107046591,6.128597499580468,7.657373892953409,2.0428658331934892,Low,6.128597499580468
STORE_17,SKU_011,2026-05-31,10,6,3,11.415442452284557,1.6307774931835082,4.892332479550524,6.132044403236511,5.107667520449476,2.0440148010788373,Low,6.132044403236511
STORE_16,SKU_025,2026-05-31,11,6,1,12.548922177566677,1.792703168223811,1.792703168223811,6.135985139636178,9.207296831776189,6.135985139636178,Low,6.135985139636178
STORE_14,SKU_093,2026-05-31,13,7,2,14.829658536585367,2.1185226480836237,4.237045296167247,6.136351674955923,8.762954703832753,3.0681758374779613,Low,6.136351674955923
STORE_02,SKU_075,2026-05-31,23,11,3,26.233766233766232,3.747680890538033,11.243042671614099,6.137128712871288,11.756957328385901,2.045709570957096,Low,6.137128712871288
STORE_02,SKU_231,2026-05-31,10,6,3,11.402930402930403,1.6289900575614862,4.8869701726844585,6.138772887889496,5.1130298273155415,2.0462576292964987,Low,6.138772887889496
STORE_17,SKU_016,2026-05-31,16,8,2,18.24267161410019,2.6060959448714556,5.212191889742911,6.139451631274915,10.787808110257089,3.0697258156374576,Low,6.139451631274915
STORE_13,SKU_189,2026-05-31,11,8,3,12.525204223948995,1.7893148891355708,5.367944667406713,6.147604352252481,5.632055332593287,2.049201450750827,Low,6.147604352252481
STORE_15,SKU_172,2026-05-31,7,6,2,7.964847182892295,1.1378353118417563,2.2756706236835127,6.152032659866616,4.724329376316487,3.076016329933308,Low,6.152032659866616
STORE_18,SKU_162,2026-05-31,17,9,2,19.335084335371608,2.762154905053087,5.524309810106174,6.154614996030888,11.475690189893825,3.077307498015444,Low,6.154614996030888
STORE_18,SKU_020,2026-05-31,17,10,3,19.3264591807776,2.7609227401110856,8.282768220333256,6.157361722956437,8.717231779666744,2.0524539076521457,Low,6.157361722956437
STORE_14,SKU_070,2026-05-31,19,10,3,21.587889125799574,3.0839841608285106,9.251952482485532,6.160861732472601,9.748047517514468,2.053620577490867,Low,6.160861732472601
STORE_14,SKU_181,2026-05-31,17,9,3,19.301898101898107,2.7574140145568724,8.272242043670618,6.16519677866799,8.727757956329382,2.05506559288933,Low,6.16519677866799
STORE_01,SKU_011,2026-05-31,12,7,3,13.618201925578973,1.9454574179398532,5.83637225381956,6.168215191626979,6.16362774618044,2.0560717305423264,Low,6.168215191626979
STORE_17,SKU_248,2026-05-31,13,5,3,14.744285714285715,2.106326530612245,6.318979591836735,6.171882569518457,6.681020408163265,2.0572941898394856,Low,6.171882569518457
STORE_04,SKU_059,2026-05-31,9,5,3,10.202569916855632,1.457509988122233,4.3725299643666995,6.174914802192917,4.6274700356333005,2.0583049340643056,Low,6.174914802192917
STORE_15,SKU_080,2026-05-31,10,7,3,11.331453121346739,1.6187790173352483,4.856337052005745,6.177495441262571,5.143662947994255,2.059165147087523,Low,6.177495441262571
STORE_02,SKU_121,2026-05-31,10,7,2,11.328774062816615,1.6183962946880879,3.2367925893761758,6.17895631176497,6.763207410623824,3.089478155882485,Low,6.17895631176497
STORE_16,SKU_218,2026-05-31,11,7,2,12.4612987012987,1.7801855287569572,3.5603710575139145,6.179131232282808,7.4396289424860855,3.089565616141404,Low,6.179131232282808
STORE_12,SKU_031,2026-05-31,14,7,1,15.851071006915163,2.2644387152735947,2.2644387152735947,6.182547536204126,11.735561284726405,6.182547536204126,Low,6.182547536204126
STORE_13,SKU_108,2026-05-31,17,9,1,19.24675324675325,2.7495361781076073,2.7495361781076073,6.182860998650471,14.250463821892392,6.182860998650471,Low,6.182860998650471
STORE_10,SKU_111,2026-05-31,20,11,2,22.633527234267582,3.2333610334667973,6.4667220669335945,6.185514018691589,13.533277933066405,3.0927570093457946,Low,6.185514018691589
STORE_16,SKU_116,2026-05-31,19,8,2,21.50132625994695,3.0716180371352784,6.143236074270557,6.18566493955095,12.856763925729442,3.092832469775475,Low,6.18566493955095
STORE_10,SKU_101,2026-05-31,17,12,3,19.22857142857143,2.7469387755102046,8.240816326530613,6.1887072808320935,8.759183673469387,2.0629024269440315,Low,6.1887072808320935
STORE_13,SKU_027,2026-05-31,9,5,1,10.178571428571429,1.4540816326530612,1.4540816326530612,6.189473684210526,7.545918367346939,6.189473684210526,Low,6.189473684210526
STORE_14,SKU_058,2026-05-31,15,7,3,16.957807428777496,2.422543918396785,7.267631755190354,6.191838210275605,7.732368244809646,2.0639460700918684,Low,6.191838210275605
STORE_09,SKU_034,2026-05-31,24,11,3,27.131679795614225,3.875954256516318,11.627862769548955,6.192023540951446,12.372137230451045,2.0640078469838152,Low,6.192023540951446
STORE_13,SKU_039,2026-05-31,20,10,3,22.576119402985075,3.2251599147121537,9.67547974413646,6.201242893031865,10.32452025586354,2.067080964343955,Low,6.201242893031865
STORE_14,SKU_089,2026-05-31,15,9,2,16.93021645021645,2.418602350030921,4.837204700061842,6.201928977621406,10.162795299938157,3.100964488810703,Low,6.201928977621406
STORE_04,SKU_037,2026-05-31,9,6,3,10.155279503105591,1.4507542147293702,4.3522626441881105,6.203669724770641,4.6477373558118895,2.0678899082568805,Low,6.203669724770641
STORE_08,SKU_085,2026-05-31,10,7,3,11.280004358722895,1.6114291941032708,4.834287582309813,6.205671360921823,5.165712417690187,2.068557120307274,Low,6.205671360921823
STORE_01,SKU_149,2026-05-31,13,7,3,14.659813999021047,2.0942591427172923,6.282777428151877,6.207445742904842,6.717222571848123,2.069148580968281,Low,6.207445742904842
STORE_04,SKU_004,2026-05-31,19,9,1,21.41927875519848,3.0598969650283543,3.0598969650283543,6.209359405611208,15.940103034971646,6.209359405611208,Low,6.209359405611208
STORE_13,SKU_159,2026-05-31,17,8,3,19.157596679725383,2.7367995256750546,8.210398577025163,6.211635101700336,8.789601422974837,2.070545033900112,Low,6.211635101700336
STORE_01,SKU_107,2026-05-31,12,5,3,13.517720131530872,1.9311028759329818,5.793308627798945,6.214065625168928,6.206691372201055,2.071355208389643,Low,6.214065625168928
STORE_02,SKU_111,2026-05-31,23,11,3,25.906593406593405,3.7009419152276295,11.102825745682889,6.214634146341464,11.897174254317111,2.0715447154471542,Low,6.214634146341464
STORE_15,SKU_097,2026-05-31,19,10,1,21.38892366762656,3.0555605239466517,3.0555605239466517,6.218171707317072,15.944439476053349,6.218171707317072,Low,6.218171707317072
STORE_13,SKU_099,2026-05-31,12,8,3,13.508699732871271,1.9298142475530387,5.789442742659116,6.2182150511199366,6.210557257340884,2.0727383503733123,Low,6.2182150511199366
STORE_14,SKU_202,2026-05-31,13,6,3,14.631328171530674,2.0901897387900963,6.270569216370289,6.219531059187495,6.729430783629711,2.073177019729165,Low,6.219531059187495
STORE_12,SKU_170,2026-05-31,16,8,3,17.998242196778943,2.571177456682706,7.713532370048117,6.22282991724848,8.286467629951883,2.074276639082827,Low,6.22282991724848
STORE_02,SKU_023,2026-05-31,12,7,3,13.49655722258462,1.9280796032263743,5.784238809679123,6.223809421519558,6.215761190320877,2.0746031405065195,Low,6.223809421519558
STORE_02,SKU_108,2026-05-31,17,7,3,19.119750195160037,2.7313928850228626,8.194178655068587,6.223930688703432,8.805821344931413,2.0746435629011444,Low,6.223930688703432
STORE_16,SKU_133,2026-05-31,13,8,2,14.616315136476427,2.0880450194966325,4.176090038993265,6.225919402414957,8.823909961006734,3.1129597012074783,Low,6.225919402414957
STORE_13,SKU_056,2026-05-31,11,6,3,12.366502463054188,1.766643209007741,5.299929627023223,6.226497769279796,5.700070372976777,2.075499256426599,Low,6.226497769279796
STORE_05,SKU_164,2026-05-31,18,11,3,20.230813069908812,2.890116152844116,8.670348458532349,6.228123386074465,9.329651541467651,2.076041128691488,Low,6.228123386074465
STORE_03,SKU_166,2026-05-31,15,11,3,16.858164145727315,2.4083091636753307,7.224927491025992,6.228436210037269,7.775072508974008,2.076145403345756,Low,6.228436210037269
STORE_09,SKU_166,2026-05-31,20,10,3,22.47531020511522,3.210758600730746,9.632275802192238,6.229057517886316,10.367724197807762,2.076352505962105,Low,6.229057517886316
STORE_07,SKU_103,2026-05-31,11,8,3,12.360902255639097,1.7658431793770137,5.297529538131041,6.229318734793188,5.702470461868959,2.076439578264396,Low,6.229318734793188
STORE_09,SKU_174,2026-05-31,11,7,3,12.347428571428571,1.7639183673469387,5.291755102040816,6.236116253239541,5.708244897959184,2.0787054177465136,Low,6.236116253239541
STORE_06,SKU_155,2026-05-31,29,11,2,32.51967011091099,4.64566715870157,9.29133431740314,6.242375746975659,19.70866568259686,3.1211878734878296,Low,6.242375746975659
STORE_02,SKU_110,2026-05-31,13,8,2,14.57614906832298,2.082307009760426,4.164614019520852,6.243075559494793,8.835385980479149,3.1215377797473964,Low,6.243075559494793
STORE_16,SKU_077,2026-05-31,18,8,2,20.181751981152285,2.883107425878898,5.766214851757796,6.243263722479162,12.233785148242205,3.121631861239581,Low,6.243263722479162
STORE_16,SKU_213,2026-05-31,24,10,2,26.895784785109583,3.842254969301369,7.684509938602738,6.246331956560364,16.315490061397263,3.123165978280182,Low,6.246331956560364
STORE_09,SKU_219,2026-05-31,12,7,3,13.44784053156146,1.9211200759373515,5.763360227812054,6.246356045259154,6.236639772187946,2.0821186817530513,Low,6.246356045259154
STORE_06,SKU_045,2026-05-31,11,7,3,12.324799687316785,1.7606856696166837,5.282057008850051,6.247566041924334,5.717942991149949,2.0825220139747778,Low,6.247566041924334
STORE_09,SKU_142,2026-05-31,24,11,1,26.88123833736177,3.8401769053373953,3.8401769053373953,6.2497120813999,20.159823094662606,6.2497120813999,Low,6.2497120813999
STORE_08,SKU_147,2026-05-31,14,6,3,15.679878887971372,2.2399826982816244,6.719948094844874,6.250048275256738,7.280051905155126,2.083349425085579,Low,6.250048275256738
STORE_14,SKU_186,2026-05-31,12,5,2,13.438750438750438,1.9198214912500624,3.839642982500125,6.2505811372006175,8.160357017499875,3.1252905686003087,Low,6.2505811372006175
STORE_17,SKU_207,2026-05-31,24,10,3,26.847290640394093,3.8353272343420133,11.50598170302604,6.257614678899081,12.49401829697396,2.085871559633027,Low,6.257614678899081
STORE_15,SKU_139,2026-05-31,14,9,2,15.659160215810461,2.237022887972923,4.474045775945846,6.258317729009064,9.525954224054153,3.129158864504532,Low,6.258317729009064
STORE_10,SKU_158,2026-05-31,12,7,1,13.419472247497724,1.9170674639282463,1.9170674639282463,6.259560618388934,10.082932536071754,6.259560618388934,Low,6.259560618388934
STORE_14,SKU_161,2026-05-31,22,11,3,24.58590476190476,3.512272108843537,10.536816326530612,6.263751588211597,11.463183673469388,2.0879171960705323,Low,6.263751588211597
STORE_02,SKU_079,2026-05-31,20,11,3,22.345336294416242,3.1921908992023202,9.576572697606961,6.265289461541192,10.423427302393039,2.088429820513731,Low,6.265289461541192
STORE_10,SKU_063,2026-05-31,16,6,3,17.875032408607726,2.553576058372532,7.660728175117597,6.26572290554653,8.339271824882402,2.0885743018488436,Low,6.26572290554653
STORE_02,SKU_045,2026-05-31,12,7,3,13.404255319148934,1.9148936170212763,5.744680851063829,6.2666666666666675,6.255319148936171,2.088888888888889,Low,6.2666666666666675
STORE_13,SKU_174,2026-05-31,21,10,3,23.44673503001966,3.349533575717094,10.048600727151282,6.269529630108024,10.951399272848718,2.0898432100360083,Low,6.269529630108024
STORE_08,SKU_081,2026-05-31,25,11,3,27.889546810891463,3.984220972984495,11.952662918953484,6.2747523717975495,13.047337081046516,2.091584123932517,Low,6.2747523717975495
STORE_01,SKU_220,2026-05-31,15,7,2,16.733153638814017,2.3904505198305737,4.780901039661147,6.274967783505155,10.219098960338853,3.1374838917525776,Low,6.274967783505155
STORE_18,SKU_073,2026-05-31,15,10,3,16.72785017047312,2.3896928814961598,7.169078644488479,6.276957225820864,7.830921355511521,2.092319075273621,Low,6.276957225820864
STORE_02,SKU_223,2026-05-31,18,10,2,20.073270568972575,2.8676100812817964,5.735220162563593,6.277004017210792,12.264779837436407,3.138502008605396,Low,6.277004017210792
STORE_17,SKU_219,2026-05-31,19,9,2,21.184502474825056,3.0263574964035795,6.052714992807159,6.278174347405736,12.947285007192841,3.139087173702868,Low,6.278174347405736
STORE_04,SKU_217,2026-05-31,20,11,1,22.29144729144729,3.184492470206756,3.184492470206756,6.280435638367669,16.815507529793244,6.280435638367669,Low,6.280435638367669
STORE_04,SKU_209,2026-05-31,23,13,3,25.630544509024165,3.6615063584320238,10.98451907529607,6.281567679661042,12.01548092470393,2.0938558932203475,Low,6.281567679661042
STORE_10,SKU_054,2026-05-31,9,6,2,10.028476506881821,1.4326395009831174,2.865279001966235,6.282110743019404,6.134720998033766,3.141055371509702,Low,6.282110743019404
STORE_13,SKU_068,2026-05-31,22,11,3,24.488594790957983,3.498370684422569,10.495112053267707,6.288641766283054,11.504887946732293,2.096213922094351,Low,6.288641766283054
STORE_06,SKU_036,2026-05-31,14,7,2,15.581367126122558,2.2259095894460796,4.451819178892159,6.289563631146366,9.548180821107842,3.144781815573183,Low,6.289563631146366
STORE_13,SKU_066,2026-05-31,10,6,2,11.128799298860649,1.589828471265807,3.179656942531614,6.28998673802721,6.820343057468386,3.144993369013605,Low,6.28998673802721
STORE_09,SKU_243,2026-05-31,19,10,3,21.135858973601845,3.0194084248002637,9.05822527440079,6.292623364213096,9.94177472559921,2.0975411214043653,Low,6.292623364213096
STORE_10,SKU_245,2026-05-31,17,7,3,18.910256410256412,2.7014652014652016,8.104395604395606,6.292881355932203,8.895604395604394,2.0976271186440676,Low,6.292881355932203
STORE_04,SKU_055,2026-05-31,12,6,3,13.345774345774345,1.9065391922534778,5.719617576760434,6.2941271014818865,6.280382423239566,2.098042367160629,Low,6.2941271014818865
STORE_04,SKU_021,2026-05-31,15,6,3,16.680851063829788,2.3829787234042556,7.148936170212767,6.294642857142856,7.851063829787233,2.098214285714285,Low,6.294642857142856
STORE_16,SKU_082,2026-05-31,15,9,2,16.676928398478037,2.3824183426397196,4.764836685279439,6.296123452180947,10.23516331472056,3.1480617260904733,Low,6.296123452180947
STORE_02,SKU_220,2026-05-31,17,7,2,18.900184464029515,2.7000263520042163,5.4000527040084325,6.296234845034377,11.599947295991567,3.1481174225171884,Low,6.296234845034377
STORE_14,SKU_028,2026-05-31,26,9,2,28.868056360671194,4.124008051524457,8.248016103048913,6.304546372160693,17.75198389695109,3.1522731860803463,Low,6.304546372160693
STORE_02,SKU_001,2026-05-31,15,11,3,16.64888497365373,2.3784121390933897,7.1352364172801686,6.306728658775575,7.8647635827198314,2.102242886258525,Low,6.306728658775575
STORE_08,SKU_186,2026-05-31,10,5,3,11.094344679710533,1.5849063828157903,4.754719148447371,6.309520933491171,5.245280851552629,2.1031736444970566,Low,6.309520933491171
STORE_01,SKU_179,2026-05-31,17,7,3,18.821340821340826,2.6887629744772608,8.066288923431783,6.3226101227108265,8.933711076568217,2.1075367075702753,Low,6.3226101227108265
STORE_16,SKU_212,2026-05-31,31,10,2,34.26999861168957,4.895714087384225,9.79142817476845,6.332069121414578,21.20857182523155,3.166034560707289,Low,6.332069121414578
STORE_16,SKU_059,2026-05-31,12,6,2,13.256747860434494,1.8938211229192135,3.787642245838427,6.336395689526743,8.212357754161573,3.1681978447633714,Low,6.336395689526743
STORE_10,SKU_187,2026-05-31,24,11,3,26.464569912845775,3.7806528446922534,11.34195853407676,6.348109965635739,12.65804146592324,2.116036655211913,Low,6.348109965635739
STORE_09,SKU_022,2026-05-31,14,7,3,15.427101200686106,2.203871600098015,6.611614800294046,6.352457193684678,7.388385199705954,2.1174857312282263,Low,6.352457193684678
STORE_06,SKU_104,2026-05-31,18,11,3,19.826823679863594,2.8324033828376565,8.49721014851297,6.355027009594451,9.50278985148703,2.1183423365314837,Low,6.355027009594451
STORE_05,SKU_228,2026-05-31,14,7,2,15.41628959276018,2.2023270846800256,4.404654169360051,6.356912239506898,9.59534583063995,3.178456119753449,Low,6.356912239506898
STORE_01,SKU_035,2026-05-31,23,11,3,25.323821428571428,3.617688775510204,10.853066326530612,6.357650264361478,12.146933673469388,2.119216754787159,Low,6.357650264361478
STORE_09,SKU_146,2026-05-31,11,6,1,12.102443011533921,1.7289204302191317,1.7289204302191317,6.362351793486417,9.271079569780868,6.362351793486417,Low,6.362351793486417
STORE_03,SKU_035,2026-05-31,18,11,3,19.803688969258594,2.8290984241797994,8.487295272539399,6.362450965352499,9.512704727460601,2.120816988450833,Low,6.362450965352499
STORE_18,SKU_230,2026-05-31,16,7,3,17.595115815952205,2.513587973707458,7.540763921122374,6.365402829486225,8.459236078877627,2.121800943162075,Low,6.365402829486225
STORE_14,SKU_120,2026-05-31,15,8,3,16.487119437939107,2.355302776848444,7.065908330545332,6.368607954545456,7.934091669454668,2.1228693181818183,Low,6.368607954545456
STORE_15,SKU_144,2026-05-31,16,7,1,17.573203194321206,2.5104575991887437,2.5104575991887437,6.37334006563999,13.489542400811256,6.37334006563999,Low,6.37334006563999
STORE_01,SKU_054,2026-05-31,11,6,3,12.073170731707318,1.7247386759581882,5.174216027874564,6.377777777777777,5.825783972125436,2.1259259259259258,Low,6.377777777777777
STORE_12,SKU_064,2026-05-31,20,8,2,21.942848285559283,3.1346926122227545,6.269385224445509,6.380210908723952,13.730614775554491,3.190105454361976,Low,6.380210908723952
STORE_10,SKU_005,2026-05-31,13,6,2,14.2625,2.0375,4.075,6.380368098159509,8.925,3.1901840490797544,Low,6.380368098159509
STORE_13,SKU_233,2026-05-31,10,6,3,10.967379077615298,1.5667684396593284,4.7003053189779855,6.382564102564102,5.2996946810220145,2.1275213675213673,Low,6.382564102564102
STORE_01,SKU_113,2026-05-31,11,8,3,12.058914131690411,1.7227020188129158,5.168106056438748,6.385317878468564,5.831893943561252,2.1284392928228546,Low,6.385317878468564
STORE_17,SKU_096,2026-05-31,14,8,2,15.344387755102042,2.192055393586006,4.384110787172012,6.3866999168744805,9.615889212827987,3.1933499584372402,Low,6.3866999168744805
STORE_18,SKU_106,2026-05-31,12,7,3,13.143034605146406,1.8775763721637724,5.632729116491317,6.391218049985822,6.367270883508683,2.1304060166619405,Low,6.391218049985822
STORE_04,SKU_234,2026-05-31,12,6,3,13.12669921669184,1.8752427452416913,5.625728235725074,6.39917153683129,6.374271764274926,2.1330571789437633,Low,6.39917153683129
STORE_04,SKU_022,2026-05-31,15,6,2,16.40665362035225,2.3438076600503215,4.687615320100643,6.399842553496028,10.312384679899356,3.199921276748014,Low,6.399842553496028
STORE_09,SKU_200,2026-05-31,15,7,1,16.402714932126695,2.3432449903038135,2.3432449903038135,6.401379310344828,12.656755009696187,6.401379310344828,Low,6.401379310344828
STORE_04,SKU_188,2026-05-31,21,11,3,22.954545454545453,3.279220779220779,9.837662337662337,6.403960396039604,11.162337662337663,2.1346534653465348,Low,6.403960396039604
STORE_03,SKU_070,2026-05-31,12,8,3,13.095521518839904,1.8707887884057006,5.612366365217102,6.414406625895211,6.387633634782898,2.1381355419650703,Low,6.414406625895211
STORE_05,SKU_107,2026-05-31,11,6,2,12.003571428571428,1.714795918367347,3.429591836734694,6.414757512645046,7.570408163265306,3.207378756322523,Low,6.414757512645046
STORE_05,SKU_157,2026-05-31,16,6,3,17.44664472583254,2.4923778179760774,7.477133453928232,6.419572459922115,8.522866546071768,2.1398574866407047,Low,6.419572459922115
STORE_18,SKU_003,2026-05-31,17,10,2,18.53039051344136,2.6471986447773372,5.2943972895546745,6.42188300962579,11.705602710445326,3.210941504812895,Low,6.42188300962579
STORE_01,SKU_160,2026-05-31,23,11,1,25.067085825566835,3.581012260795262,3.581012260795262,6.422764940461896,19.418987739204738,6.422764940461896,Low,6.422764940461896
STORE_01,SKU_028,2026-05-31,18,7,3,19.608031081461036,2.8011472973515765,8.40344189205473,6.425938406387485,9.59655810794527,2.1419794687958285,Low,6.425938406387485
STORE_14,SKU_106,2026-05-31,11,6,3,11.98018166804294,1.7114545240061343,5.134363572018403,6.427281499862145,5.865636427981597,2.142427166620715,Low,6.427281499862145
STORE_14,SKU_124,2026-05-31,21,10,3,22.862581244196846,3.2660830348852636,9.798249104655792,6.429720180319213,11.201750895344208,2.1432400601064043,Low,6.429720180319213
STORE_08,SKU_047,2026-05-31,24,10,3,26.12663526949241,3.7323764670703445,11.197129401211033,6.430219516103189,12.802870598788967,2.1434065053677296,Low,6.430219516103189
STORE_09,SKU_003,2026-05-31,16,7,3,17.4019412643106,2.4859916091872285,7.457974827561685,6.4360635574434015,8.542025172438315,2.1453545191478005,Low,6.4360635574434015
STORE_17,SKU_176,2026-05-31,11,6,3,11.955933592949375,1.707990513278482,5.123971539835447,6.4403168018102965,5.876028460164553,2.1467722672700984,Low,6.4403168018102965
STORE_09,SKU_084,2026-05-31,11,7,1,11.955874894336432,1.7079821277623475,1.7079821277623475,6.440348421216363,9.292017872237652,6.440348421216363,Low,6.440348421216363
STORE_06,SKU_198,2026-05-31,8,6,3,8.690191795781857,1.2414559708259796,3.7243679124779385,6.444046497015395,4.2756320875220615,2.148015499005132,Low,6.444046497015395
STORE_09,SKU_173,2026-05-31,7,6,1,7.602959830866808,1.0861371186952582,1.0861371186952582,6.4448584617095825,5.913862881304742,6.4448584617095825,Low,6.4448584617095825
STORE_12,SKU_181,2026-05-31,15,9,2,16.290646999664766,2.327235285666395,4.65447057133279,6.445416195081799,10.34552942866721,3.2227080975408997,Low,6.445416195081799
STORE_04,SKU_161,2026-05-31,19,7,2,20.63348416289593,2.9476405946994184,5.895281189398837,6.445833333333333,13.104718810601163,3.2229166666666664,Low,6.445833333333333
STORE_08,SKU_020,2026-05-31,9,7,2,9.769047619047619,1.395578231292517,2.791156462585034,6.448939800146235,6.208843537414966,3.2244699000731174,Low,6.448939800146235
STORE_14,SKU_136,2026-05-31,17,6,3,18.452067985940584,2.636009712277226,7.908029136831678,6.44914164042053,9.09197086316832,2.149713880140177,Low,6.44914164042053
STORE_15,SKU_004,2026-05-31,10,6,2,10.847701149425287,1.549671592775041,3.099343185550082,6.452980132450331,6.900656814449918,3.2264900662251654,Low,6.452980132450331
STORE_13,SKU_033,2026-05-31,16,8,3,17.346938775510203,2.4781341107871717,7.434402332361515,6.456470588235295,8.565597667638485,2.152156862745098,Low,6.456470588235295
STORE_05,SKU_042,2026-05-31,26,11,3,28.177759076139044,4.025394153734149,12.076182461202448,6.4589948231233825,13.923817538797552,2.1529982743744607,Low,6.4589948231233825
STORE_16,SKU_182,2026-05-31,17,10,2,18.42211860016014,2.6317312285943055,5.263462457188611,6.459626201677236,11.736537542811389,3.229813100838618,Low,6.459626201677236
STORE_16,SKU_022,2026-05-31,15,6,3,16.2456121689182,2.3208017384168858,6.962405215250657,6.463283679816664,8.037594784749343,2.1544278932722216,Low,6.463283679816664
STORE_02,SKU_160,2026-05-31,18,11,3,19.49238347859038,2.7846262112271973,8.353878633681592,6.464063265448945,9.646121366318408,2.154687755149648,Low,6.464063265448945
STORE_08,SKU_174,2026-05-31,14,8,2,15.159128978224455,2.165589854032065,4.33117970806413,6.46475138121547,9.66882029193587,3.232375690607735,Low,6.46475138121547
STORE_04,SKU_221,2026-05-31,17,9,2,18.39733904611569,2.6281912923022412,5.2563825846044825,6.468326734736402,11.743617415395518,3.234163367368201,Low,6.468326734736402
STORE_01,SKU_121,2026-05-31,16,7,2,17.307891112246004,2.4725558731780004,4.945111746356001,6.471036781642084,11.054888253643998,3.235518390821042,Low,6.471036781642084
STORE_02,SKU_034,2026-05-31,26,10,3,28.124167283493705,4.0177381833562436,12.05321455006873,6.4713027114874695,13.94678544993127,2.1571009038291566,Low,6.4713027114874695
STORE_02,SKU_141,2026-05-31,14,6,3,15.143408714837285,2.1633441021196123,6.490032306358836,6.471462393006738,7.509967693641164,2.157154131002246,Low,6.471462393006738
STORE_04,SKU_157,2026-05-31,12,6,3,12.978312253783951,1.8540446076834216,5.562133823050265,6.47233618342855,6.437866176949735,2.1574453944761833,Low,6.47233618342855
STORE_13,SKU_031,2026-05-31,15,7,3,16.21978021978022,2.317111459968603,6.951334379905809,6.473577235772358,8.04866562009419,2.1578590785907856,Low,6.473577235772358
STORE_09,SKU_041,2026-05-31,10,6,3,10.811287477954144,1.5444696397077349,4.633408919123204,6.474714518760196,5.366591080876796,2.1582381729200653,Low,6.474714518760196
STORE_09,SKU_066,2026-05-31,12,6,3,12.971366661507506,1.853052380215358,5.559157140646074,6.475801832760596,6.440842859353926,2.1586006109201987,Low,6.475801832760596
STORE_16,SKU_152,2026-05-31,26,10,2,28.093358395989974,4.013336913712854,8.026673827425707,6.478399536097419,17.973326172574293,3.2391997680487097,Low,6.478399536097419
STORE_01,SKU_137,2026-05-31,12,7,3,12.965863234812957,1.852266176401851,5.556798529205553,6.47855051983446,6.443201470794447,2.1595168399448204,Low,6.47855051983446
STORE_11,SKU_200,2026-05-31,17,9,3,18.36035379812695,2.6229076854467075,7.868723056340123,6.481356585412852,9.131276943659877,2.1604521951376174,Low,6.481356585412852
STORE_06,SKU_112,2026-05-31,14,6,3,15.10379746835443,2.157685352622061,6.4730560578661835,6.488434461951057,7.5269439421338165,2.1628114873170188,Low,6.488434461951057
STORE_17,SKU_158,2026-05-31,13,8,3,14.02463054187192,2.003518648838846,6.010555946516538,6.488584474885845,6.989444053483462,2.1628614916286146,Low,6.488584474885845
STORE_04,SKU_243,2026-05-31,22,10,2,23.710761724044456,3.3872516748634935,6.774503349726987,6.494941064834399,15.225496650273012,3.2474705324171995,Low,6.494941064834399
STORE_16,SKU_129,2026-05-31,10,8,1,10.774818401937047,1.5392597717052925,1.5392597717052925,6.496629213483145,8.460740228294707,6.496629213483145,Low,6.496629213483145
STORE_01,SKU_199,2026-05-31,10,6,1,10.773171768707483,1.5390245383867833,1.5390245383867833,6.497622195473292,8.460975461613216,6.497622195473292,Low,6.497622195473292
STORE_14,SKU_044,2026-05-31,22,9,3,23.697310110275172,3.385330015753596,10.155990047260788,6.498627873094571,11.844009952739212,2.1662092910315236,Low,6.498627873094571
STORE_08,SKU_216,2026-05-31,18,10,1,19.38775510204082,2.769679300291546,2.769679300291546,6.498947368421051,15.230320699708454,6.498947368421051,Low,6.498947368421051
STORE_03,SKU_119,2026-05-31,10,7,3,10.769394865960322,1.5384849808514747,4.615454942554424,6.499900957411686,5.384545057445576,2.1666336524705625,Low,6.499900957411686
STORE_12,SKU_124,2026-05-31,26,10,2,27.99021036456126,3.9986014806516086,7.997202961303217,6.502273388785687,18.002797038696784,3.2511366943928435,Low,6.502273388785687
STORE_06,SKU_010,2026-05-31,20,11,2,21.517948107278478,3.0739925867540685,6.147985173508137,6.506196562145476,13.852014826491864,3.253098281072738,Low,6.506196562145476
STORE_16,SKU_193,2026-05-31,26,9,3,27.964285714285715,3.9948979591836737,11.98469387755102,6.508301404853128,14.01530612244898,2.1694338016177097,Low,6.508301404853128
STORE_15,SKU_020,2026-05-31,25,10,3,26.887414965986398,3.8410592808551995,11.523177842565598,6.508621234930232,13.476822157434402,2.169540411643411,Low,6.508621234930232
STORE_14,SKU_075,2026-05-31,10,8,3,10.750661927820051,1.535808846831436,4.607426540494307,6.51122698025294,5.392573459505693,2.170408993417647,Low,6.51122698025294
STORE_14,SKU_192,2026-05-31,17,9,3,18.268374612636908,2.6097678018052726,7.829303405415818,6.51398947762344,9.170696594584182,2.17132982587448,Low,6.51398947762344
STORE_13,SKU_241,2026-05-31,13,7,2,13.968627450980392,1.9955182072829132,3.9910364145658264,6.514598540145985,9.008963585434174,3.2572992700729926,Low,6.514598540145985
STORE_18,SKU_114,2026-05-31,15,8,3,16.113789778206364,2.301969968315195,6.9059099049455845,6.516157989228008,8.094090095054415,2.1720526630760024,Low,6.516157989228008
STORE_16,SKU_101,2026-05-31,12,8,2,12.88948988488159,1.841355697840227,3.682711395680454,6.5169375010353,8.317288604319547,3.25846875051765,Low,6.5169375010353
STORE_01,SKU_219,2026-05-31,10,7,3,10.740414764288465,1.5343449663269235,4.603034898980771,6.517439180537772,5.396965101019229,2.172479726845924,Low,6.517439180537772
STORE_18,SKU_185,2026-05-31,13,6,3,13.959053685168332,1.994150526452619,5.982451579357857,6.519066553679683,7.017548420642143,2.173022184559894,Low,6.519066553679683
STORE_17,SKU_004,2026-05-31,10,6,3,10.73674752920036,1.5338210756000514,4.6014632268001545,6.5196652719665265,5.3985367731998455,2.1732217573221755,Low,6.5196652719665265
STORE_17,SKU_209,2026-05-31,18,8,2,19.316256157635472,2.759465165376496,5.518930330752992,6.523003162297254,12.481069669247008,3.261501581148627,Low,6.523003162297254
STORE_04,SKU_226,2026-05-31,18,10,3,19.300899887514063,2.7572714125020092,8.271814237506028,6.528193023865721,9.728185762493972,2.1760643412885736,Low,6.528193023865721
STORE_16,SKU_004,2026-05-31,12,7,3,12.866536468841293,1.838076638405899,5.5142299152176975,6.528563471873071,6.4857700847823025,2.17618782395769,Low,6.528563471873071
STORE_13,SKU_003,2026-05-31,25,10,3,26.802074455022172,3.8288677792888817,11.486603337866645,6.529345342043422,13.513396662133355,2.1764484473478074,Low,6.529345342043422
STORE_01,SKU_148,2026-05-31,11,6,3,11.792698412698412,1.6846712018140588,5.054013605442177,6.529464021320699,5.945986394557823,2.1764880071068995,Low,6.529464021320699
STORE_18,SKU_064,2026-05-31,16,8,3,17.146414982457873,2.449487854636839,7.348463563910517,6.5319776824825935,8.651536436089483,2.1773258941608646,Low,6.5319776824825935
STORE_15,SKU_114,2026-05-31,19,8,3,20.35756955111794,2.908224221588277,8.724672664764832,6.533196394885768,10.275327335235168,2.177732131628589,Low,6.533196394885768
STORE_02,SKU_200,2026-05-31,13,7,3,13.928571428571427,1.9897959183673468,5.969387755102041,6.533333333333334,7.030612244897959,2.177777777777778,Low,6.533333333333334
STORE_02,SKU_033,2026-05-31,24,11,3,25.702359252122285,3.6717656074460407,11.015296822338122,6.53636494424643,12.984703177661878,2.17878831474881,Low,6.53636494424643
STORE_02,SKU_215,2026-05-31,12,8,3,12.850939494740627,1.835848499248661,5.5075454977459835,6.536487082082818,6.4924545022540165,2.178829027360939,Low,6.536487082082818
STORE_02,SKU_190,2026-05-31,22,12,2,23.559861191440138,3.36569445592002,6.73138891184004,6.536541058058181,15.268611088159961,3.2682705290290905,Low,6.536541058058181
STORE_04,SKU_130,2026-05-31,24,11,1,25.694726844197415,3.6706752634567734,3.6706752634567734,6.538306517858122,20.329324736543228,6.538306517858122,Low,6.538306517858122
STORE_16,SKU_006,2026-05-31,21,10,1,22.478035714285717,3.211147959183674,3.211147959183674,6.539717343120665,17.788852040816327,6.539717343120665,Low,6.539717343120665
STORE_12,SKU_228,2026-05-31,15,9,2,16.05228835841293,2.2931840512018473,4.586368102403695,6.5411234619997325,10.413631897596305,3.2705617309998662,Low,6.5411234619997325
STORE_10,SKU_190,2026-05-31,13,12,1,13.905302392183287,1.9864717703118981,1.9864717703118981,6.544266167929915,11.013528229688102,6.544266167929915,Low,6.544266167929915
STORE_16,SKU_092,2026-05-31,12,7,2,12.833406593406593,1.8333437990580848,3.6666875981161695,6.545417180435676,8.33331240188383,3.272708590217838,Low,6.545417180435676
STORE_18,SKU_051,2026-05-31,17,8,2,18.17091836734694,2.5958454810495626,5.191690962099125,6.548926014319809,11.808309037900875,3.2744630071599046,Low,6.548926014319809
STORE_03,SKU_132,2026-05-31,16,11,3,17.09816934904043,2.4425956212914897,7.3277868638744685,6.550408860366423,8.672213136125531,2.183469620122141,Low,6.550408860366423
STORE_09,SKU_005,2026-05-31,9,6,3,9.610362153702535,1.3729088791003623,4.118726637301087,6.555424134118432,4.881273362698913,2.1851413780394773,Low,6.555424134118432
STORE_05,SKU_171,2026-05-31,27,11,2,28.80281809693574,4.114688299562249,8.229376599124498,6.561857918344011,18.7706234008755,3.2809289591720057,Low,6.561857918344011
STORE_06,SKU_235,2026-05-31,18,7,3,19.200268696820423,2.742895528117203,8.22868658435161,6.562408161551702,9.77131341564839,2.1874693871839006,Low,6.562408161551702
STORE_09,SKU_153,2026-05-31,11,7,3,11.724897959183673,1.6749854227405248,5.024956268221574,6.567221332590685,5.975043731778426,2.1890737775302282,Low,6.567221332590685
STORE_16,SKU_097,2026-05-31,21,10,2,22.379555927943024,3.197079418277575,6.39415883655515,6.5684949457132165,14.60584116344485,3.2842474728566082,Low,6.5684949457132165
STORE_13,SKU_216,2026-05-31,13,7,3,13.85156794425087,1.9787954206072673,5.936386261821802,6.569653368214519,7.063613738178198,2.1898844560715065,Low,6.569653368214519
STORE_08,SKU_108,2026-05-31,12,7,2,12.78450363196126,1.8263576617087514,3.6527153234175027,6.570454545454545,8.347284676582497,3.2852272727272727,Low,6.570454545454545
STORE_14,SKU_023,2026-05-31,19,10,3,20.233007369614512,2.8904296242306446,8.671288872691933,6.573417266665779,10.328711127308067,2.191139088888593,Low,6.573417266665779
STORE_13,SKU_236,2026-05-31,8,6,3,8.517291355437132,1.2167559079195904,3.6502677237587715,6.574860206496472,4.3497322762412285,2.191620068832157,Low,6.574860206496472
STORE_15,SKU_027,2026-05-31,15,6,3,15.964691046658258,2.2806701495226083,6.842010448567825,6.577014218009479,8.157989551432175,2.1923380726698265,Low,6.577014218009479
STORE_10,SKU_099,2026-05-31,26,11,3,27.670861090550215,3.9529801557928876,11.858940467378662,6.577316094516272,14.141059532621338,2.192438698172091,Low,6.577316094516272
STORE_17,SKU_025,2026-05-31,14,6,2,14.898701993844508,2.128385999120644,4.256771998241288,6.577754225870771,9.743228001758713,3.2888771129353853,Low,6.577754225870771
STORE_14,SKU_215,2026-05-31,20,11,3,21.282152109548484,3.040307444221212,9.120922332663636,6.578282087232492,10.879077667336364,2.1927606957441643,Low,6.578282087232492
STORE_07,SKU_241,2026-05-31,13,9,3,13.833302833186377,1.9761861190266252,5.928558357079876,6.578327757105782,7.071441642920124,2.192775919035261,Low,6.578327757105782
STORE_18,SKU_092,2026-05-31,11,6,3,11.7032006245121,1.6718858035017286,5.015657410505185,6.579396736882829,5.984342589494815,2.1931322456276097,Low,6.579396736882829
STORE_06,SKU_210,2026-05-31,18,10,3,19.13490870032224,2.7335583857603196,8.200675157280958,6.584823683944629,9.799324842719042,2.194941227981543,Low,6.584823683944629
STORE_02,SKU_004,2026-05-31,18,9,3,19.130910812570278,2.732987258938611,8.198961776815834,6.58619974942383,9.801038223184166,2.19539991647461,Low,6.58619974942383
STORE_16,SKU_156,2026-05-31,16,9,2,16.998840693833806,2.4284058134048294,4.856811626809659,6.5886846060406405,11.143188373190341,3.2943423030203203,Low,6.5886846060406405
STORE_05,SKU_187,2026-05-31,21,11,1,22.301803278688524,3.1859718969555035,3.1859718969555035,6.591395241140538,17.814028103044496,6.591395241140538,Low,6.591395241140538
STORE_17,SKU_099,2026-05-31,18,8,2,19.112609329446062,2.7303727613494373,5.460745522698875,6.592506435313187,12.539254477301125,3.2962532176565933,Low,6.592506435313187
STORE_10,SKU_223,2026-05-31,22,10,2,23.34473732718894,3.334962475312706,6.669924950625412,6.5967758746482295,15.330075049374589,3.2983879373241147,Low,6.5967758746482295
STORE_11,SKU_243,2026-05-31,12,7,3,12.732438267267918,1.8189197524668455,5.456759257400536,6.597322385292383,6.543240742599464,2.1991074617641275,Low,6.597322385292383
STORE_15,SKU_135,2026-05-31,17,7,2,18.031364468864467,2.575909209837781,5.151818419675562,6.599611482840492,11.848181580324438,3.299805741420246,Low,6.599611482840492
STORE_12,SKU_211,2026-05-31,21,9,2,22.26473211943118,3.180676017061597,6.361352034123194,6.602370026797141,14.638647965876807,3.3011850133985705,Low,6.602370026797141
STORE_01,SKU_207,2026-05-31,11,7,3,11.65966934552275,1.6656670493603927,4.9970011480811785,6.603960860139451,6.0029988519188215,2.20132028671315,Low,6.603960860139451
STORE_18,SKU_117,2026-05-31,21,10,3,22.25876063318808,3.179822947598297,9.539468842794891,6.604141282728079,11.460531157205109,2.2013804275760265,Low,6.604141282728079
STORE_10,SKU_087,2026-05-31,12,6,3,12.719144800777453,1.8170206858253504,5.451062057476051,6.604217603911981,6.548937942523949,2.2014058679706605,Low,6.604217603911981
STORE_08,SKU_200,2026-05-31,16,7,3,16.95819290282958,2.4225989861185115,7.267796958355534,6.604477295532598,8.732203041644466,2.2014924318441995,Low,6.604477295532598
STORE_13,SKU_141,2026-05-31,15,6,3,15.880347949582816,2.268621135654688,6.805863406964064,6.611945804547589,8.194136593035935,2.203981934849196,Low,6.611945804547589
STORE_18,SKU_193,2026-05-31,24,9,3,25.400790110870393,3.628684301552913,10.88605290465874,6.613967489464179,13.11394709534126,2.2046558298213927,Low,6.613967489464179
STORE_18,SKU_152,2026-05-31,21,10,3,22.212167070217916,3.1731667243168453,9.519500172950536,6.617994522339861,11.480499827049464,2.2059981741132866,Low,6.617994522339861
STORE_08,SKU_045,2026-05-31,12,7,3,12.689278289278288,1.8127540413254697,5.4382621239764095,6.6197618245141,6.5617378760235905,2.206587274838033,Low,6.6197618245141
STORE_17,SKU_064,2026-05-31,18,8,3,19.030492058932165,2.718641722704595,8.155925168113786,6.620953342131821,9.844074831886214,2.2069844473772733,Low,6.620953342131821
STORE_15,SKU_142,2026-05-31,18,8,3,19.02893309222423,2.71841901317489,8.15525703952467,6.621495771167918,9.84474296047533,2.2071652570559728,Low,6.621495771167918
STORE_06,SKU_027,2026-05-31,11,6,1,11.628265330968034,1.6611807615668621,1.6611807615668621,6.621795926425586,9.338819238433137,6.621795926425586,Low,6.621795926425586
STORE_06,SKU_094,2026-05-31,10,7,1,10.568149572784312,1.5097356532549018,1.5097356532549018,6.623676123989378,8.490264346745098,6.623676123989378,Low,6.623676123989378
STORE_15,SKU_158,2026-05-31,19,9,3,20.077931387608807,2.8682759125155437,8.604827737546632,6.624188390347903,10.395172262453368,2.208062796782634,Low,6.624188390347903
STORE_18,SKU_214,2026-05-31,11,6,3,11.62267857142857,1.6603826530612245,4.981147959183673,6.62497887442961,6.018852040816327,2.2083262914765367,Low,6.62497887442961
STORE_04,SKU_211,2026-05-31,14,7,2,14.787761258349494,2.1125373226213564,4.225074645242713,6.6271018505026955,9.774925354757286,3.3135509252513478,Low,6.6271018505026955
STORE_17,SKU_013,2026-05-31,14,8,3,14.786678305244074,2.1123826150348677,6.337147845104603,6.6275872090383166,7.662852154895397,2.2091957363461057,Low,6.6275872090383166
STORE_05,SKU_213,2026-05-31,20,7,2,21.12117216117216,3.0173103087388804,6.034620617477761,6.628420001109939,13.96537938252224,3.3142100005549695,Low,6.628420001109939
STORE_06,SKU_156,2026-05-31,11,7,3,11.616406339071942,1.6594866198674203,4.9784598596022605,6.62855600539811,6.0215401403977395,2.209518668466037,Low,6.62855600539811
STORE_14,SKU_038,2026-05-31,13,7,3,13.722700768619134,1.9603858240884477,5.881157472265343,6.631347686899756,7.118842527734657,2.2104492289665854,Low,6.631347686899756
STORE_04,SKU_240,2026-05-31,12,7,1,12.664009509824487,1.8091442156892124,1.8091442156892124,6.632970382313316,10.190855784310788,6.632970382313316,Low,6.632970382313316
STORE_04,SKU_128,2026-05-31,23,9,3,24.26416837399888,3.466309767714126,10.398929303142378,6.635298499351215,12.601070696857622,2.2117661664504054,Low,6.635298499351215
STORE_10,SKU_106,2026-05-31,15,6,3,15.82016806722689,2.2600240096038413,6.780072028811524,6.637097630935941,8.219927971188476,2.2123658769786467,Low,6.637097630935941
STORE_15,SKU_181,2026-05-31,17,8,2,17.917173252279635,2.559596178897091,5.119192357794182,6.641672674837779,11.880807642205818,3.3208363374188896,Low,6.641672674837779
STORE_14,SKU_087,2026-05-31,9,7,3,9.484615384615385,1.354945054945055,4.064835164835165,6.642335766423357,4.935164835164835,2.2141119221411194,Low,6.642335766423357
STORE_01,SKU_186,2026-05-31,13,6,3,13.69808985741189,1.95686997963027,5.87060993889081,6.6432620129704345,7.12939006110919,2.2144206709901444,Low,6.6432620129704345
STORE_16,SKU_200,2026-05-31,24,9,2,25.282421240589695,3.611774462941385,7.22354892588277,6.644933189005023,16.77645107411723,3.3224665945025116,Low,6.644933189005023
STORE_16,SKU_236,2026-05-31,15,6,1,15.792857142857143,2.2561224489795917,2.2561224489795917,6.648575305291724,12.743877551020407,6.648575305291724,Low,6.648575305291724
STORE_18,SKU_057,2026-05-31,10,5,3,10.52596801903,1.5037097170042857,4.511129151012857,6.65021971123666,5.488870848987143,2.2167399037455535,Low,6.65021971123666
STORE_13,SKU_069,2026-05-31,22,8,3,23.151825071113716,3.307403581587674,9.92221074476302,6.651743416640796,12.07778925523698,2.2172478055469322,Low,6.651743416640796
STORE_10,SKU_157,2026-05-31,9,6,3,9.4697620794466,1.352823154206657,4.058469462619971,6.652754258392269,4.941530537380029,2.217584752797423,Low,6.652754258392269
STORE_02,SKU_053,2026-05-31,18,9,3,18.935753076036285,2.7051075822908976,8.115322746872693,6.654079164110799,9.884677253127307,2.218026388036933,Low,6.654079164110799
STORE_08,SKU_035,2026-05-31,25,12,1,26.288172017477205,3.7554531453538864,3.7554531453538864,6.656986263010395,21.244546854646114,6.656986263010395,Low,6.656986263010395
STORE_10,SKU_195,2026-05-31,15,6,3,15.770491803278688,2.252927400468384,6.758782201405152,6.658004158004158,8.241217798594848,2.2193347193347193,Low,6.658004158004158
STORE_10,SKU_216,2026-05-31,20,10,2,21.026945908976213,3.0038494155680304,6.007698831136061,6.658123372079217,13.99230116886394,3.3290616860396085,Low,6.658123372079217
STORE_01,SKU_081,2026-05-31,22,11,3,23.121671018276764,3.3030958597538236,9.90928757926147,6.660418266407696,12.09071242073853,2.2201394221358988,Low,6.660418266407696
STORE_10,SKU_213,2026-05-31,12,7,2,12.61089661089661,1.8015566586995158,3.6031133173990315,6.6609062457477215,8.396886682600968,3.3304531228738607,Low,6.6609062457477215
STORE_09,SKU_189,2026-05-31,20,10,3,21.008520836107046,3.0012172623010067,9.00365178690302,6.663962736461864,10.99634821309698,2.2213209121539546,Low,6.663962736461864
STORE_04,SKU_042,2026-05-31,29,11,3,30.45640074211503,4.3509143917307185,13.052743175192155,6.66526559454191,15.947256824807845,2.2217551981806367,Low,6.66526559454191
STORE_15,SKU_178,2026-05-31,15,7,1,15.751914751914752,2.2502735359878216,2.2502735359878216,6.665856288184682,12.749726464012179,6.665856288184682,Low,6.665856288184682
STORE_01,SKU_161,2026-05-31,12,7,3,12.592606854062378,1.7989438362946255,5.396831508883876,6.670580680671499,6.603168491116124,2.2235268935571666,Low,6.670580680671499
STORE_18,SKU_123,2026-05-31,14,6,3,14.683636363636364,2.097662337662338,6.292987012987013,6.674096087171867,7.707012987012987,2.224698695723956,Low,6.674096087171867
STORE_06,SKU_137,2026-05-31,9,7,3,9.43876048210153,1.348394354585933,4.045183063757799,6.6746052216777,4.954816936242201,2.2248684072259,Low,6.6746052216777
STORE_04,SKU_122,2026-05-31,20,11,1,20.974426807760143,2.9963466868228776,2.9963466868228776,6.674795038890056,17.00365331317712,6.674795038890056,Low,6.674795038890056
STORE_08,SKU_220,2026-05-31,15,7,2,15.727479674796747,2.2467828106852497,4.493565621370499,6.676212729002109,10.5064343786295,3.3381063645010545,Low,6.676212729002109
STORE_12,SKU_195,2026-05-31,9,5,2,9.43332277478619,1.34761753925517,2.69523507851034,6.678452704744636,6.30476492148966,3.339226352372318,Low,6.678452704744636
STORE_09,SKU_025,2026-05-31,16,6,3,16.76352239409564,2.3947889134422344,7.184366740326704,6.681173405384541,8.815633259673296,2.2270578017948472,Low,6.681173405384541
STORE_14,SKU_236,2026-05-31,11,6,3,11.524438346767278,1.6463483352524684,4.939045005757405,6.6814535930594205,6.060954994242595,2.2271511976864735,Low,6.6814535930594205
STORE_18,SKU_246,2026-05-31,18,9,3,18.851688882096003,2.6930984117280006,8.079295235184002,6.683751296132723,9.920704764815998,2.227917098710907,Low,6.683751296132723
STORE_06,SKU_115,2026-05-31,23,12,3,24.086713286713287,3.440959040959041,10.322877122877124,6.684183021716409,12.677122877122876,2.2280610072388027,Low,6.684183021716409
STORE_12,SKU_054,2026-05-31,12,6,2,12.558539205155746,1.7940770293079638,3.5881540586159275,6.688676017789942,8.411845941384072,3.344338008894971,Low,6.688676017789942
STORE_14,SKU_164,2026-05-31,13,7,1,13.604533760497063,1.9435048229281517,1.9435048229281517,6.6889466116239165,11.056495177071849,6.6889466116239165,Low,6.6889466116239165
STORE_01,SKU_110,2026-05-31,16,8,2,16.740384259430645,2.391483465632949,4.782966931265898,6.69040795386194,11.217033068734102,3.34520397693097,Low,6.69040795386194
STORE_12,SKU_006,2026-05-31,34,10,3,35.57125618278501,5.081608026112144,15.244824078336432,6.690795477590752,18.755175921663568,2.230265159196917,Low,6.690795477590752
STORE_02,SKU_134,2026-05-31,9,6,3,9.41326530612245,1.3447521865889214,4.034256559766764,6.692682926829268,4.965743440233236,2.2308943089430895,Low,6.692682926829268
STORE_15,SKU_194,2026-05-31,15,7,3,15.681951219512195,2.2402787456445994,6.720836236933798,6.695595371407241,8.279163763066201,2.2318651238024136,Low,6.695595371407241
STORE_08,SKU_236,2026-05-31,14,6,2,14.634131318523384,2.0905901883604834,4.181180376720967,6.696673541254543,9.818819623279033,3.3483367706272715,Low,6.696673541254543
STORE_13,SKU_089,2026-05-31,25,10,2,26.11338124848583,3.7304830354979757,7.460966070995951,6.701545017658228,17.53903392900405,3.350772508829114,Low,6.701545017658228
STORE_02,SKU_086,2026-05-31,23,11,1,24.019768591197163,3.4313955130281664,3.4313955130281664,6.702812285169298,19.568604486971832,6.702812285169298,Low,6.702812285169298
STORE_13,SKU_184,2026-05-31,21,10,2,21.92563443392839,3.1322334905611986,6.264466981122397,6.704481023934603,14.735533018877604,3.3522405119673016,Low,6.704481023934603
STORE_14,SKU_194,2026-05-31,15,8,3,15.659991872855336,2.237141696122191,6.711425088366573,6.704984322629474,8.288574911633427,2.2349947742098246,Low,6.704984322629474
STORE_04,SKU_082,2026-05-31,13,7,1,13.564625850340134,1.9378036929057334,1.9378036929057334,6.7086258776329,11.062196307094267,6.7086258776329,Low,6.7086258776329
STORE_12,SKU_180,2026-05-31,13,7,2,13.56352569276298,1.9376465275375685,3.875293055075137,6.709170024174054,9.124706944924863,3.354585012087027,Low,6.709170024174054
STORE_13,SKU_205,2026-05-31,18,7,3,18.779712918660287,2.682816131237184,8.048448393711553,6.709367738779503,9.951551606288447,2.236455912926501,Low,6.709367738779503
STORE_12,SKU_050,2026-05-31,29,10,1,30.24374825694896,4.320535465278423,4.320535465278423,6.712130992340133,24.679464534721575,6.712130992340133,Low,6.712130992340133
STORE_18,SKU_081,2026-05-31,11,7,3,11.470774331523733,1.6386820473605332,4.9160461420815995,6.7127116073053825,6.0839538579184005,2.237570535768461,Low,6.7127116073053825
STORE_08,SKU_060,2026-05-31,8,5,2,8.342375807675204,1.1917679725250292,2.3835359450500584,6.712716052479743,5.616464054949942,3.3563580262398713,Low,6.712716052479743
STORE_17,SKU_180,2026-05-31,16,7,1,16.673222480481556,2.3818889257830795,2.3818889257830795,6.717357735201601,13.61811107421692,6.717357735201601,Low,6.717357735201601
STORE_04,SKU_078,2026-05-31,11,6,2,11.459482038429407,1.6370688626327723,3.2741377252655446,6.719326383319968,7.725862274734455,3.359663191659984,Low,6.719326383319968
STORE_05,SKU_009,2026-05-31,16,7,3,16.664935064935065,2.3807050092764377,7.142115027829313,6.72069825436409,8.857884972170687,2.240232751454697,Low,6.72069825436409
STORE_07,SKU_096,2026-05-31,16,11,3,16.66218679880329,2.3803123998290414,7.140937199487125,6.721806768367526,8.859062800512875,2.2406022561225085,Low,6.721806768367526
STORE_13,SKU_139,2026-05-31,14,9,3,14.579215333932314,2.0827450477046163,6.248235143113849,6.72189811010682,7.751764856886151,2.24063270336894,Low,6.72189811010682
STORE_08,SKU_029,2026-05-31,13,6,3,13.527959183673467,1.9325655976676381,5.797696793002914,6.72680917827025,7.202303206997086,2.2422697260900835,Low,6.72680917827025
STORE_12,SKU_021,2026-05-31,10,6,2,10.404968944099378,1.4864241348713398,2.9728482697426797,6.727554918815664,7.02715173025732,3.363777459407832,Low,6.727554918815664
STORE_15,SKU_205,2026-05-31,15,7,2,15.605130941265394,2.2293044201807706,4.458608840361541,6.7285561649690155,10.541391159638458,3.3642780824845078,Low,6.7285561649690155
STORE_02,SKU_137,2026-05-31,16,7,2,16.63416244772177,2.37630892110311,4.75261784220622,6.733131310457992,11.24738215779378,3.366565655228996,Low,6.733131310457992
STORE_17,SKU_210,2026-05-31,14,8,3,14.549627079747562,2.0785181542496516,6.235554462748954,6.735567823343849,7.764445537251046,2.2451892744479496,Low,6.735567823343849
STORE_08,SKU_225,2026-05-31,10,6,3,10.390838688416544,1.4844055269166492,4.453216580749947,6.736703561574323,5.546783419250053,2.245567853858108,Low,6.736703561574323
STORE_11,SKU_088,2026-05-31,8,7,3,8.30688084392232,1.1866972634174744,3.5600917902524234,6.741399214961903,4.439908209747577,2.2471330716539675,Low,6.741399214961903
STORE_06,SKU_048,2026-05-31,25,12,3,25.957142857142856,3.7081632653061223,11.124489795918366,6.74188222344524,13.875510204081634,2.2472940744817467,Low,6.74188222344524
STORE_11,SKU_130,2026-05-31,16,8,3,16.611295681063126,2.373042240151875,7.1191267204556254,6.742399999999999,8.880873279544375,2.247466666666666,Low,6.742399999999999
STORE_12,SKU_032,2026-05-31,12,5,2,12.44717055797388,1.7781672225676972,3.5563344451353944,6.748521650664463,8.443665554864605,3.3742608253322315,Low,6.748521650664463
STORE_13,SKU_127,2026-05-31,15,6,3,15.558309037900875,2.222615576842982,6.667846730528947,6.748805396795652,8.332153269471053,2.249601798931884,Low,6.748805396795652
STORE_16,SKU_038,2026-05-31,16,6,1,16.595368916797486,2.370766988113927,2.370766988113927,6.748870757951993,13.629233011886074,6.748870757951993,Low,6.748870757951993
STORE_06,SKU_114,2026-05-31,19,10,3,19.6980231564682,2.814003308066886,8.442009924200658,6.751946575731741,10.557990075799342,2.2506488585772466,Low,6.751946575731741
STORE_14,SKU_166,2026-05-31,12,8,3,12.436120186120185,1.7765885980171692,5.329765794051507,6.754518189181821,6.670234205948493,2.251506063060607,Low,6.754518189181821
STORE_05,SKU_102,2026-05-31,12,7,3,12.435434956105347,1.7764907080150496,5.329472124045148,6.754890383529291,6.670527875954852,2.251630127843097,Low,6.754890383529291
STORE_17,SKU_227,2026-05-31,18,8,2,18.647334102892085,2.6639048718417264,5.327809743683453,6.756998040832989,12.672190256316547,3.3784990204164944,Low,6.756998040832989
STORE_12,SKU_116,2026-05-31,15,8,2,15.53796719401409,2.21970959914487,4.43941919828974,6.757640731823055,10.560580801710259,3.3788203659115275,Low,6.757640731823055
STORE_18,SKU_187,2026-05-31,17,8,3,17.601360544217687,2.5144800777453837,7.543440233236151,6.76084099868594,9.45655976676385,2.2536136662286466,Low,6.76084099868594
STORE_14,SKU_021,2026-05-31,8,6,2,8.28185328185328,1.1831218974076114,2.366243794815223,6.761771561771563,5.633756205184778,3.3808857808857815,Low,6.761771561771563
STORE_01,SKU_188,2026-05-31,28,12,1,28.985052953896172,4.140721850556596,4.140721850556596,6.762105983099599,23.859278149443405,6.762105983099599,Low,6.762105983099599
STORE_17,SKU_193,2026-05-31,20,9,2,20.70277112659946,2.957538732371351,5.915077464742702,6.7623797386295,14.084922535257299,3.38118986931475,Low,6.7623797386295
STORE_09,SKU_105,2026-05-31,14,11,3,14.488406881077037,2.069772411582434,6.209317234747301,6.764028702699913,7.790682765252699,2.254676234233304,Low,6.764028702699913
STORE_13,SKU_180,2026-05-31,11,7,3,11.381416515257,1.6259166450367142,4.877749935110143,6.765414471632778,6.122250064889857,2.2551381572109257,Low,6.765414471632778
STORE_13,SKU_131,2026-05-31,16,6,2,16.551811422243315,2.364544488891902,4.729088977783804,6.766630983330785,11.270911022216197,3.3833154916653925,Low,6.766630983330785
STORE_17,SKU_015,2026-05-31,13,7,3,13.43399638336347,1.9191423404804957,5.757427021441487,6.773859200430746,7.242572978558513,2.2579530668102485,Low,6.773859200430746
STORE_17,SKU_198,2026-05-31,15,6,2,15.49019607843137,2.2128851540616243,4.425770308123249,6.778481012658228,10.574229691876752,3.389240506329114,Low,6.778481012658228
STORE_02,SKU_206,2026-05-31,9,7,3,9.287555821555177,1.3267936887935967,3.98038106638079,6.783270131608298,5.01961893361921,2.261090043869433,Low,6.783270131608298
STORE_04,SKU_010,2026-05-31,20,10,3,20.63900809422577,2.9484297277465386,8.845289183239615,6.783271723177829,11.154710816760385,2.2610905743926097,Low,6.783271723177829
STORE_02,SKU_153,2026-05-31,14,7,2,14.441421012849585,2.063060144692798,4.126120289385596,6.786035800272166,9.873879710614403,3.393017900136083,Low,6.786035800272166
STORE_10,SKU_229,2026-05-31,19,7,3,19.5974025974026,2.7996289424860854,8.398886827458256,6.786613651424784,10.601113172541744,2.2622045504749284,Low,6.786613651424784
STORE_12,SKU_198,2026-05-31,15,6,3,15.471467656830175,2.2102096652614533,6.63062899578436,6.786686455932043,8.36937100421564,2.2622288186440147,Low,6.786686455932043
STORE_06,SKU_212,2026-05-31,16,7,3,16.502121640735503,2.3574459486765003,7.072337846029501,6.787006085540413,8.927662153970498,2.2623353618468043,Low,6.787006085540413
STORE_12,SKU_201,2026-05-31,21,9,2,21.656474519632415,3.0937820742332023,6.187564148466405,6.7878084157575564,14.812435851533596,3.3939042078787782,Low,6.7878084157575564
STORE_09,SKU_124,2026-05-31,17,8,3,17.530547075130713,2.504363867875816,7.513091603627449,6.7881509624315415,9.486908396372552,2.2627169874771806,Low,6.7881509624315415
STORE_18,SKU_244,2026-05-31,14,6,3,14.433221099887767,2.0618887285553953,6.185666185666186,6.789891135303265,7.814333814333814,2.2632970451010888,Low,6.789891135303265
STORE_14,SKU_079,2026-05-31,14,7,2,14.427427775844066,2.0610611108348666,4.122122221669733,6.792617611580217,9.877877778330266,3.3963088057901083,Low,6.792617611580217
STORE_14,SKU_139,2026-05-31,19,8,2,19.571428571428577,2.7959183673469394,5.591836734693879,6.795620437956202,13.408163265306122,3.397810218978101,Low,6.795620437956202
STORE_07,SKU_036,2026-05-31,13,7,3,13.38146718146718,1.9116381687810258,5.7349145063430775,6.800450112528132,7.2650854936569225,2.266816704176044,Low,6.800450112528132
STORE_12,SKU_044,2026-05-31,24,10,3,24.69529716393856,3.5278995948483653,10.583698784545096,6.80291469605488,13.416301215454904,2.2676382320182933,Low,6.80291469605488
STORE_17,SKU_027,2026-05-31,12,6,3,12.341971207087484,1.7631387438696406,5.2894162316089215,6.806044074366522,6.7105837683910785,2.268681358122174,Low,6.806044074366522
STORE_12,SKU_020,2026-05-31,24,11,2,24.681474139484592,3.5259248770692273,7.051849754138455,6.806724713871092,16.948150245861545,3.403362356935546,Low,6.806724713871092
STORE_08,SKU_023,2026-05-31,16,8,3,16.449839194937233,2.349977027848176,7.049931083544529,6.808577194752775,8.950068916455471,2.2695257315842583,Low,6.808577194752775
STORE_12,SKU_103,2026-05-31,27,11,2,27.757370977237052,3.9653387110338647,7.930677422067729,6.809002198190634,19.06932257793227,3.404501099095317,Low,6.809002198190634
STORE_09,SKU_087,2026-05-31,9,7,3,9.252291105121294,1.321755872160185,3.965267616480555,6.809124278972207,5.0347323835194455,2.2697080929907356,Low,6.809124278972207
STORE_15,SKU_221,2026-05-31,15,8,3,15.418546365914787,2.2026494808449697,6.607948442534909,6.8099804941482445,8.392051557465091,2.269993498049415,Low,6.8099804941482445
STORE_06,SKU_171,2026-05-31,27,12,2,27.74865297801078,3.9640932825729687,7.928186565145937,6.811141432694829,19.071813434854064,3.4055707163474147,Low,6.811141432694829
STORE_04,SKU_040,2026-05-31,24,11,3,24.65946293577314,3.5227804193961627,10.568341258188488,6.812800442473739,13.431658741811512,2.2709334808245796,Low,6.812800442473739
STORE_15,SKU_225,2026-05-31,12,6,3,12.326530612244898,1.7609329446064141,5.282798833819243,6.81456953642384,6.717201166180757,2.271523178807947,Low,6.81456953642384
STORE_13,SKU_109,2026-05-31,25,10,2,25.67916999201915,3.668452856002736,7.336905712005472,6.814862008950771,17.66309428799453,3.4074310044753857,Low,6.814862008950771
STORE_07,SKU_063,2026-05-31,10,6,3,10.27085590465872,1.46726512923696,4.40179538771088,6.815400843881857,5.59820461228912,2.2718002812939524,Low,6.815400843881857
STORE_05,SKU_051,2026-05-31,27,11,2,27.71458310099996,3.9592261572857086,7.918452314571417,6.819514452417679,19.081547685428582,3.4097572262088396,Low,6.819514452417679
STORE_04,SKU_244,2026-05-31,11,7,1,11.290278302048659,1.6128969002926656,1.6128969002926656,6.820026746907389,9.387103099707334,6.820026746907389,Low,6.820026746907389
STORE_06,SKU_139,2026-05-31,11,6,1,11.289265432949136,1.6127522047070195,1.6127522047070195,6.820638637414428,9.38724779529298,6.820638637414428,Low,6.820638637414428
STORE_12,SKU_159,2026-05-31,13,8,3,13.333441558441557,1.9047773654916509,5.714332096474953,6.824944602722382,7.285667903525047,2.2749815342407937,Low,6.824944602722382
STORE_13,SKU_052,2026-05-31,17,10,3,17.43560657704578,2.490800939577969,7.472402818733906,6.8251138538916765,9.527597181266094,2.2750379512972256,Low,6.8251138538916765
STORE_06,SKU_205,2026-05-31,14,9,2,14.355800953862458,2.0508287076946368,4.1016574153892735,6.826508692545845,9.898342584610727,3.4132543462729226,Low,6.826508692545845
STORE_02,SKU_112,2026-05-31,11,6,3,11.279050395668472,1.6112929136669245,4.833878741000774,6.826815848750046,6.166121258999226,2.2756052829166817,Low,6.826815848750046
STORE_18,SKU_042,2026-05-31,21,8,3,21.52251968503937,3.0746456692913386,9.223937007874015,6.830055316533497,11.776062992125985,2.2766851055111657,Low,6.830055316533497
STORE_15,SKU_049,2026-05-31,15,7,2,15.367477592829704,2.1953539418328147,4.3907078836656295,6.832611231461424,10.60929211633437,3.416305615730712,Low,6.832611231461424
STORE_17,SKU_056,2026-05-31,13,6,2,13.318367346938773,1.902623906705539,3.805247813411078,6.832669322709164,9.194752186588921,3.416334661354582,Low,6.832669322709164
STORE_14,SKU_065,2026-05-31,12,6,3,12.269541778975741,1.75279168271082,5.258375048132461,6.846221441124781,6.741624951867539,2.28207381370826,Low,6.846221441124781
STORE_01,SKU_013,2026-05-31,28,11,3,28.624871577254662,4.089267368179238,12.267802104537713,6.84719229118714,15.732197895462287,2.2823974303957133,Low,6.84719229118714
STORE_04,SKU_113,2026-05-31,11,7,3,11.23369060950248,1.60481294421464,4.81443883264392,6.8543814029261565,6.18556116735608,2.2847938009753856,Low,6.8543814029261565
STORE_02,SKU_011,2026-05-31,15,6,3,15.310765357710324,2.1872521939586176,6.561756581875853,6.857919741231174,8.438243418124147,2.2859732470770577,Low,6.857919741231174
STORE_17,SKU_033,2026-05-31,18,8,3,18.363736263736264,2.623390894819466,7.870172684458399,6.8613488121596555,10.1298273155416,2.2871162707198853,Low,6.8613488121596555
STORE_14,SKU_103,2026-05-31,18,10,1,18.352957772970946,2.6218511104244206,2.6218511104244206,6.865378407046993,15.378148889575579,6.865378407046993,Low,6.865378407046993
STORE_14,SKU_235,2026-05-31,14,10,3,14.268535901007287,2.0383622715724696,6.115086814717409,6.868258991665829,7.884913185282591,2.28941966388861,Low,6.868258991665829
STORE_13,SKU_227,2026-05-31,17,8,3,17.322666208481436,2.474666601211634,7.423999803634901,6.869612250667037,9.576000196365099,2.289870750222346,Low,6.869612250667037
STORE_10,SKU_170,2026-05-31,28,12,2,28.521008403361343,4.074429771908763,8.148859543817526,6.872127283441368,19.851140456182474,3.436063641720684,Low,6.872127283441368
STORE_13,SKU_045,2026-05-31,18,9,2,18.33236906724074,2.618909866748677,5.237819733497354,6.873088771988411,12.762180266502646,3.4365443859942055,Low,6.873088771988411
STORE_04,SKU_159,2026-05-31,16,11,3,16.285714285714285,2.326530612244898,6.979591836734693,6.87719298245614,9.020408163265307,2.2923976608187138,Low,6.87719298245614
STORE_16,SKU_223,2026-05-31,20,8,1,20.356190476190477,2.9080272108843537,2.9080272108843537,6.87751473753158,17.091972789115648,6.87751473753158,Low,6.87751473753158
STORE_14,SKU_112,2026-05-31,13,7,2,13.225990508185356,1.8894272154550509,3.7788544309101018,6.880392054090886,9.221145569089899,3.440196027045443,Low,6.880392054090886
STORE_13,SKU_142,2026-05-31,19,8,2,19.32984719311454,2.7614067418735053,5.522813483747011,6.880551029258823,13.477186516252988,3.4402755146294113,Low,6.880551029258823
STORE_17,SKU_216,2026-05-31,17,7,3,17.284332326142458,2.4691903323060655,7.407570996918197,6.884847950997398,9.592429003081804,2.2949493169991326,Low,6.884847950997398
STORE_08,SKU_072,2026-05-31,10,8,3,10.155158049497674,1.4507368642139533,4.35221059264186,6.893048799320515,5.64778940735814,2.297682933106838,Low,6.893048799320515
STORE_06,SKU_195,2026-05-31,7,5,3,7.105116279069767,1.015016611295681,3.0450498338870435,6.896438858339879,3.9549501661129565,2.2988129527799597,Low,6.896438858339879
STORE_13,SKU_028,2026-05-31,16,9,2,16.233872859488624,2.3191246942126607,4.638249388425321,6.899154685355104,11.361750611574678,3.449577342677552,Low,6.899154685355104
STORE_07,SKU_065,2026-05-31,12,6,3,12.168512017283282,1.7383588596118975,5.215076578835692,6.903062583222371,6.784923421164308,2.301020861074124,Low,6.903062583222371
STORE_01,SKU_172,2026-05-31,9,6,3,9.12624584717608,1.30374940673944,3.9112482202183196,6.903167091372406,5.08875177978168,2.3010556971241356,Low,6.903167091372406
STORE_18,SKU_096,2026-05-31,16,8,2,16.217532467532468,2.3167903525046385,4.633580705009277,6.9061061061061055,11.366419294990724,3.4530530530530528,Low,6.9061061061061055
STORE_13,SKU_160,2026-05-31,17,8,3,17.227272727272727,2.461038961038961,7.383116883116884,6.907651715039577,9.616883116883116,2.302550571679859,Low,6.907651715039577
STORE_05,SKU_167,2026-05-31,17,12,2,17.2234772978959,2.4604967568422715,4.920993513684543,6.909173910807058,12.079006486315457,3.454586955403529,Low,6.909173910807058
STORE_10,SKU_045,2026-05-31,12,6,2,12.156862745098039,1.7366946778711483,3.4733893557422966,6.909677419354839,8.526610644257703,3.4548387096774196,Low,6.909677419354839
STORE_15,SKU_003,2026-05-31,24,10,3,24.311962447451684,3.4731374924930978,10.419412477479293,6.91017849188926,13.580587522520707,2.3033928306297535,Low,6.91017849188926
STORE_15,SKU_180,2026-05-31,9,6,2,9.11295681063123,1.3018509729473187,2.6037019458946373,6.913233685745533,6.396298054105363,3.4566168428727666,Low,6.913233685745533
STORE_16,SKU_001,2026-05-31,19,7,1,19.233784977908687,2.7476835682726697,2.7476835682726697,6.914915610877399,16.25231643172733,6.914915610877399,Low,6.914915610877399
STORE_14,SKU_149,2026-05-31,23,11,2,23.27906976744186,3.3255813953488373,6.651162790697675,6.916083916083916,16.348837209302324,3.458041958041958,Low,6.916083916083916
STORE_17,SKU_040,2026-05-31,14,8,3,14.1626385771803,2.0232340824543287,6.0697022473629865,6.919614552467894,7.9302977526370135,2.3065381841559645,Low,6.919614552467894
STORE_17,SKU_214,2026-05-31,11,6,2,11.124437337123904,1.5892053338748435,3.178410667749687,6.921698389458272,7.821589332250313,3.460849194729136,Low,6.921698389458272
STORE_05,SKU_021,2026-05-31,14,6,2,14.153799392097262,2.02197134172818,4.04394268345636,6.923935918910795,9.956057316543639,3.4619679594553974,Low,6.923935918910795
STORE_02,SKU_010,2026-05-31,23,10,2,23.245892058080422,3.320841722582917,6.641683445165834,6.9259548998049905,16.358316554834165,3.4629774499024952,Low,6.9259548998049905
STORE_09,SKU_158,2026-05-31,13,6,2,13.135663627152988,1.8765233753075699,3.7530467506151397,6.927704802968013,9.24695324938486,3.4638524014840066,Low,6.927704802968013
STORE_15,SKU_077,2026-05-31,16,7,2,16.166950204607108,2.3095643149438727,4.619128629887745,6.927713550332039,11.380871370112255,3.4638567751660196,Low,6.927713550332039
STORE_04,SKU_158,2026-05-31,12,6,3,12.125162972620599,1.7321661389457998,5.196498416837399,6.927741935483872,6.803501583162601,2.3092473118279573,Low,6.927741935483872
STORE_14,SKU_170,2026-05-31,17,8,3,17.172450971279858,2.4532072816114083,7.3596218448342245,6.929703872733256,9.640378155165775,2.3099012909110854,Low,6.929703872733256
STORE_17,SKU_238,2026-05-31,17,7,3,17.166945466711276,2.4524207809587537,7.357262342876261,6.93192625506704,9.642737657123739,2.3106420850223466,Low,6.93192625506704
STORE_18,SKU_212,2026-05-31,18,11,3,18.17088055797733,2.595840079711047,7.787520239133141,6.934171384703964,10.21247976086686,2.311390461567988,Low,6.934171384703964
STORE_10,SKU_155,2026-05-31,20,12,3,20.18559754410239,2.883656792014627,8.650970376043881,6.935638129816161,11.349029623956119,2.311879376605387,Low,6.935638129816161
STORE_09,SKU_004,2026-05-31,21,9,3,21.18712228724507,3.0267317553207245,9.080195265962173,6.9381767852680944,11.919804734037827,2.312725595089365,Low,6.9381767852680944
STORE_13,SKU_147,2026-05-31,12,6,2,12.096119929453263,1.7280171327790375,3.456034265558075,6.944375592330685,8.543965734441926,3.4721877961653425,Low,6.944375592330685
STORE_15,SKU_154,2026-05-31,16,6,3,16.12342857142857,2.3033469387755097,6.910040816326529,6.9464133824780285,9.089959183673471,2.315471127492676,Low,6.9464133824780285
STORE_18,SKU_005,2026-05-31,11,6,3,11.081222810111699,1.583031830015957,4.749095490047871,6.948691612782745,6.250904509952129,2.3162305375942482,Low,6.948691612782745
STORE_14,SKU_178,2026-05-31,17,8,3,17.116524028966424,2.4452177184237747,7.3356531552713236,6.952346153846155,9.664346844728676,2.3174487179487184,Low,6.952346153846155
STORE_13,SKU_097,2026-05-31,15,10,3,15.075012036591238,2.1535731480844627,6.460719444253388,6.9651685680340325,8.539280555746611,2.3217228560113443,Low,6.9651685680340325
STORE_02,SKU_085,2026-05-31,13,7,2,13.061224489795917,1.865889212827988,3.731778425655976,6.967187500000001,9.268221574344023,3.4835937500000007,Low,6.967187500000001
STORE_17,SKU_185,2026-05-31,11,6,3,11.046028801130841,1.578004114447263,4.734012343341789,6.970831000559866,6.265987656658211,2.3236103335199556,Low,6.970831000559866
STORE_09,SKU_147,2026-05-31,12,6,1,12.049060460728043,1.7212943515325776,1.7212943515325776,6.971497924986298,10.278705648467422,6.971497924986298,Low,6.971497924986298
STORE_14,SKU_148,2026-05-31,22,9,2,22.086316493810642,3.1551880705443773,6.310376141088755,6.97264299563742,15.689623858911245,3.48632149781871,Low,6.97264299563742
STORE_14,SKU_088,2026-05-31,14,7,3,14.051374544975374,2.007339220710768,6.022017662132304,6.974406645152291,7.977982337867696,2.3248022150507635,Low,6.974406645152291
STORE_15,SKU_056,2026-05-31,12,6,2,12.036474164133738,1.7194963091619626,3.438992618323925,6.9787878787878785,8.561007381676074,3.4893939393939393,Low,6.9787878787878785
STORE_15,SKU_195,2026-05-31,16,6,2,16.022906102465466,2.2889865860664953,4.577973172132991,6.989992906640476,11.42202682786701,3.494996453320238,Low,6.989992906640476
STORE_09,SKU_139,2026-05-31,14,7,2,14.014405762304921,2.00205796604356,4.00411593208712,6.992804522871339,9.995884067912879,3.4964022614356693,Low,6.992804522871339
STORE_08,SKU_077,2026-05-31,26,11,2,26.022824919441458,3.7175464170630654,7.435092834126131,6.9938602193810695,18.56490716587387,3.4969301096905347,Low,6.9938602193810695
STORE_05,SKU_019,2026-05-31,26,12,1,26.01460475008862,3.716372107155517,3.716372107155517,6.996070159373842,22.283627892844482,6.996070159373842,Low,6.996070159373842
STORE_15,SKU_150,2026-05-31,19,9,3,19.002652519893903,2.7146646456991292,8.143993937097388,6.999022892238971,10.856006062902612,2.3330076307463234,Low,6.999022892238971
STORE_09,SKU_220,2026-05-31,15,7,3,15.0,2.142857142857143,6.428571428571429,7.0,8.571428571428571,2.333333333333333,Low,7.0
STORE_06,SKU_236,2026-05-31,14,6,3,13.999083269671504,1.9998690385245006,5.999607115573502,7.000458395180303,8.000392884426498,2.3334861317267674,Low,7.000458395180303
STORE_09,SKU_016,2026-05-31,25,11,3,24.977336254438317,3.568190893491188,10.704572680473564,7.006351606805293,14.295427319526436,2.3354505356017645,Low,7.006351606805293
STORE_06,SKU_009,2026-05-31,16,7,3,15.980978225754345,2.282996889393478,6.848990668180433,7.008331931740261,9.151009331819566,2.3361106439134205,Low,7.008331931740261
STORE_12,SKU_247,2026-05-31,21,9,3,20.968523002421307,2.995503286060187,8.986509858180561,7.010508083140877,12.013490141819439,2.3368360277136255,Low,7.010508083140877
STORE_06,SKU_056,2026-05-31,15,6,1,14.975539568345322,2.1393627954779033,2.1393627954779033,7.011433512682552,12.860637204522096,7.011433512682552,Low,7.011433512682552
STORE_12,SKU_235,2026-05-31,26,10,1,25.950927886411755,3.7072754123445364,3.7072754123445364,7.0132367057016705,22.292724587655464,7.0132367057016705,Low,7.0132367057016705
STORE_16,SKU_202,2026-05-31,13,6,3,12.96799070847851,1.8525701012112157,5.557710303633647,7.017278315946351,7.442289696366353,2.339092771982117,Low,7.017278315946351
STORE_06,SKU_098,2026-05-31,12,6,3,11.960743321718931,1.7086776173884188,5.126032852165256,7.022974888815521,6.873967147834744,2.340991629605174,Low,7.022974888815521
STORE_15,SKU_016,2026-05-31,15,8,3,14.946260635915808,2.1351800908451155,6.4055402725353465,7.0251685393258425,8.594459727464653,2.3417228464419475,Low,7.0251685393258425
STORE_09,SKU_182,2026-05-31,16,8,2,15.927318295739347,2.275331185105621,4.550662370211242,7.031943351691582,11.449337629788758,3.515971675845791,Low,7.031943351691582
STORE_12,SKU_016,2026-05-31,24,8,2,23.884892981582876,3.412127568797554,6.824255137595108,7.0337346761210595,17.17574486240489,3.5168673380605298,Low,7.0337346761210595
STORE_16,SKU_250,2026-05-31,22,11,2,21.893960023963835,3.1277085748519764,6.255417149703953,7.033903406758791,15.744582850296048,3.5169517033793953,Low,7.033903406758791
STORE_04,SKU_156,2026-05-31,15,6,2,14.925136944613513,2.1321624206590735,4.264324841318147,7.035111328602886,10.735675158681854,3.517555664301443,Low,7.035111328602886
STORE_13,SKU_171,2026-05-31,16,8,3,15.918586789554531,2.274083827079219,6.822251481237657,7.035800443886905,9.177748518762343,2.345266814628968,Low,7.035800443886905
STORE_04,SKU_141,2026-05-31,11,6,3,10.941112322791712,1.5630160461131017,4.689048138339305,7.037675670288049,6.310951861660695,2.3458918900960164,Low,7.037675670288049
STORE_09,SKU_119,2026-05-31,15,6,2,14.912334745218843,2.130333535031263,4.260667070062526,7.041150952815411,10.739332929937474,3.5205754764077053,Low,7.041150952815411
STORE_12,SKU_225,2026-05-31,12,6,2,11.92856077554064,1.70408011079152,3.40816022158304,7.041922456583439,8.59183977841696,3.5209612282917195,Low,7.041922456583439
STORE_01,SKU_009,2026-05-31,16,7,3,15.904009034443817,2.272001290634831,6.816003871904492,7.042249520698715,9.183996128095508,2.347416506899572,Low,7.042249520698715
STORE_03,SKU_195,2026-05-31,9,5,3,8.945382975233723,1.2779118536048177,3.8337355608144534,7.042739273927391,5.166264439185547,2.347579757975797,Low,7.042739273927391
STORE_12,SKU_177,2026-05-31,17,6,2,16.888320981344236,2.4126172830491766,4.825234566098353,7.046289570849223,12.174765433901648,3.5231447854246114,Low,7.046289570849223
STORE_09,SKU_205,2026-05-31,20,9,3,19.861813063783508,2.837401866254787,8.51220559876436,7.048701926174064,11.48779440123564,2.349567308724688,Low,7.048701926174064
STORE_08,SKU_215,2026-05-31,19,8,3,18.8597977243995,2.694256817771357,8.08277045331407,7.05203745785321,10.91722954668593,2.3506791526177366,Low,7.05203745785321
STORE_18,SKU_038,2026-05-31,18,6,2,17.865901360544218,2.5522716229348883,5.104543245869777,7.052540896607854,12.895456754130223,3.526270448303927,Low,7.052540896607854
STORE_08,SKU_213,2026-05-31,14,7,3,13.892668178382461,1.9846668826260658,5.954000647878198,7.054080522306857,8.045999352121802,2.3513601741022856,Low,7.054080522306857
STORE_15,SKU_079,2026-05-31,12,7,1,11.907079018300468,1.7010112883286383,1.7010112883286383,7.054626904793109,10.298988711671361,7.054626904793109,Low,7.054626904793109
STORE_14,SKU_196,2026-05-31,16,6,3,15.871560735311787,2.2673658193302555,6.802097457990767,7.056646908757825,9.197902542009233,2.352215636252608,Low,7.056646908757825
STORE_04,SKU_149,2026-05-31,15,8,3,14.873333333333333,2.124761904761905,6.3742857142857146,7.059614522635589,8.625714285714285,2.3532048408785298,Low,7.059614522635589
STORE_17,SKU_155,2026-05-31,17,8,2,16.855255764643516,2.4078936806633595,4.815787361326719,7.060112386405951,12.18421263867328,3.5300561932029755,Low,7.060112386405951
STORE_02,SKU_102,2026-05-31,15,6,3,14.869300911854104,2.124185844550586,6.372557533651758,7.0615290269828295,8.627442466348242,2.353843008994277,Low,7.0615290269828295
STORE_01,SKU_007,2026-05-31,12,6,3,11.891108715814804,1.698729816544972,5.096189449634916,7.064101591156308,6.903810550365084,2.3547005303854363,Low,7.064101591156308
STORE_18,SKU_235,2026-05-31,24,10,3,23.778829030898684,3.3969755758426694,10.190926727528009,7.06510820115227,13.809073272471991,2.3550360670507566,Low,7.06510820115227
STORE_02,SKU_181,2026-05-31,13,7,2,12.880031570639305,1.8400045100913294,3.6800090201826587,7.0652000735339175,9.31999097981734,3.5326000367669588,Low,7.0652000735339175
STORE_12,SKU_053,2026-05-31,9,7,2,8.91305352329611,1.273293360470873,2.546586720941746,7.068284716942006,6.453413279058254,3.534142358471003,Low,7.068284716942006
STORE_18,SKU_085,2026-05-31,15,11,3,14.846213895394225,2.120887699342032,6.362663098026096,7.072510253444105,8.637336901973903,2.357503417814702,Low,7.072510253444105
STORE_10,SKU_141,2026-05-31,15,6,3,14.84507042253521,2.1207243460764587,6.3621730382293755,7.073055028462998,8.637826961770624,2.3576850094876662,Low,7.073055028462998
STORE_12,SKU_081,2026-05-31,12,8,3,11.874328678839955,1.6963326684057078,5.088998005217124,7.074084124830395,6.911001994782876,2.3580280416101314,Low,7.074084124830395
STORE_01,SKU_097,2026-05-31,18,7,3,17.80714285714286,2.5438775510204086,7.631632653061226,7.0758122743682295,10.368367346938774,2.3586040914560766,Low,7.0758122743682295
STORE_10,SKU_121,2026-05-31,13,6,3,12.857142857142858,1.836734693877551,5.510204081632653,7.0777777777777775,7.489795918367347,2.359259259259259,Low,7.0777777777777775
STORE_08,SKU_062,2026-05-31,17,8,1,16.792405800477546,2.3989151143539353,2.3989151143539353,7.0865367008112585,14.601084885646065,7.0865367008112585,Low,7.0865367008112585
STORE_17,SKU_081,2026-05-31,16,8,3,15.791369920402179,2.2559099886288827,6.767729965886648,7.092481562052316,9.232270034113352,2.364160520684105,Low,7.092481562052316
STORE_09,SKU_131,2026-05-31,15,6,3,14.791056910569106,2.1130081300813006,6.339024390243901,7.098884186225472,8.660975609756099,2.366294728741824,Low,7.098884186225472
STORE_18,SKU_125,2026-05-31,15,5,2,14.790513833992096,2.1129305477131566,4.225861095426313,7.099144842330304,10.774138904573686,3.549572421165152,Low,7.099144842330304
STORE_17,SKU_194,2026-05-31,19,8,3,18.73428857524318,2.6763269393204543,8.028980817961363,7.099282124636195,10.971019182038637,2.3664273748787314,Low,7.099282124636195
STORE_02,SKU_174,2026-05-31,17,7,3,16.748836069590787,2.392690867084398,7.178072601253194,7.1049713249063675,9.821927398746805,2.368323774968789,Low,7.1049713249063675
STORE_16,SKU_195,2026-05-31,11,5,3,10.828988529718456,1.546998361388351,4.640995084165053,7.110544053923929,6.359004915834947,2.370181351307976,Low,7.110544053923929
STORE_12,SKU_004,2026-05-31,16,7,2,15.750866384289564,2.2501237691842233,4.500247538368447,7.110719960884978,11.499752461631553,3.555359980442489,Low,7.110719960884978
STORE_18,SKU_180,2026-05-31,17,7,2,16.733847943322406,2.390549706188915,4.78109941237783,7.111335085812502,12.21890058762217,3.555667542906251,Low,7.111335085812502
STORE_05,SKU_158,2026-05-31,19,7,1,18.700414339758606,2.671487762822658,2.671487762822658,7.112141880045468,16.328512237177343,7.112141880045468,Low,7.112141880045468
STORE_09,SKU_038,2026-05-31,19,8,3,18.6692152917505,2.6670307559643573,8.001092267893071,7.1240273317095255,10.998907732106929,2.374675777236509,Low,7.1240273317095255
STORE_02,SKU_042,2026-05-31,26,12,3,25.54239256678281,3.6489132238261157,10.946739671478348,7.1254092397235365,15.053260328521652,2.3751364132411785,Low,7.1254092397235365
STORE_15,SKU_047,2026-05-31,14,7,2,13.751339481774263,1.9644770688248947,3.9289541376497894,7.126578478401115,10.07104586235021,3.5632892392005573,Low,7.126578478401115
STORE_14,SKU_134,2026-05-31,10,6,3,9.818815331010454,1.4026879044300649,4.208063713290194,7.129169623846699,5.791936286709806,2.3763898746155667,Low,7.129169623846699
STORE_13,SKU_082,2026-05-31,19,9,2,18.645373596593107,2.663624799513301,5.327249599026602,7.133136770415898,13.672750400973399,3.566568385207949,Low,7.133136770415898
STORE_10,SKU_109,2026-05-31,17,8,3,16.681328488557405,2.383046926936772,7.149140780810316,7.133724396209111,9.850859219189683,2.3779081320697033,Low,7.133724396209111
STORE_04,SKU_057,2026-05-31,13,6,2,12.7529678910047,1.8218525558578142,3.6437051117156285,7.135593908629442,9.35629488828437,3.567796954314721,Low,7.135593908629442
STORE_08,SKU_230,2026-05-31,14,9,2,13.727769243898276,1.961109891985468,3.922219783970936,7.138814636147754,10.077780216029064,3.569407318073877,Low,7.138814636147754
STORE_02,SKU_005,2026-05-31,11,6,2,10.778349167610912,1.539764166801559,3.079528333603118,7.143951156396572,7.920471666396882,3.571975578198286,Low,7.143951156396572
STORE_15,SKU_222,2026-05-31,15,9,2,14.695881517549198,2.0994116453641714,4.198823290728343,7.144858909934286,10.801176709271658,3.572429454967143,Low,7.144858909934286
STORE_02,SKU_095,2026-05-31,15,7,2,14.693877551020407,2.0991253644314867,4.198250728862973,7.145833333333334,10.801749271137027,3.572916666666667,Low,7.145833333333334
STORE_02,SKU_105,2026-05-31,18,11,3,17.63096762747479,2.518709661067827,7.556128983203481,7.146516439837991,10.44387101679652,2.382172146612664,Low,7.146516439837991
STORE_04,SKU_114,2026-05-31,25,12,1,24.460375391032322,3.494339341576046,3.494339341576046,7.1544282212512,21.505660658423952,7.1544282212512,Low,7.1544282212512
STORE_07,SKU_060,2026-05-31,11,5,3,10.762539682539682,1.5375056689342403,4.612517006802721,7.154445165476963,6.387482993197279,2.3848150551589877,Low,7.154445165476963
STORE_05,SKU_088,2026-05-31,15,6,1,14.675220125786163,2.0964600179694517,2.0964600179694517,7.15491822950595,12.903539982030548,7.15491822950595,Low,7.15491822950595
STORE_09,SKU_096,2026-05-31,25,12,2,24.456070106519604,3.493724300931372,6.987448601862744,7.155687697891729,18.012551398137255,3.5778438489458644,Low,7.155687697891729
STORE_18,SKU_144,2026-05-31,11,6,3,10.759862715429751,1.537123245061393,4.611369735184179,7.156225133763206,6.388630264815821,2.3854083779210686,Low,7.156225133763206
STORE_04,SKU_054,2026-05-31,14,6,3,13.686487066652354,1.9552124380931934,5.865637314279581,7.160347247817939,8.134362685720419,2.386782415939313,Low,7.160347247817939
STORE_17,SKU_083,2026-05-31,19,10,3,18.553687967821848,2.6505268525459784,7.951580557637936,7.168386157548053,11.048419442362064,2.3894620525160173,Low,7.168386157548053
STORE_05,SKU_202,2026-05-31,14,6,2,13.67063492063492,1.9529478458049885,3.905895691609977,7.168650217706822,10.094104308390023,3.584325108853411,Low,7.168650217706822
STORE_15,SKU_040,2026-05-31,18,8,3,17.565337284438407,2.5093338977769153,7.528001693330745,7.173218365219022,10.471998306669255,2.3910727884063405,Low,7.173218365219022
STORE_18,SKU_077,2026-05-31,18,7,2,17.563791368184244,2.509113052597749,5.018226105195498,7.173849732025482,12.981773894804501,3.586924866012741,Low,7.173849732025482
STORE_12,SKU_084,2026-05-31,21,9,1,20.48776548493903,2.9268236407055754,2.9268236407055754,7.175013795821838,18.073176359294425,7.175013795821838,Low,7.175013795821838
STORE_12,SKU_120,2026-05-31,25,9,1,24.389125160553732,3.484160737221962,3.484160737221962,7.175329120990365,21.515839262778037,7.175329120990365,Low,7.175329120990365
STORE_16,SKU_159,2026-05-31,17,8,1,16.583774250440914,2.3691106072058448,2.3691106072058448,7.175688610018081,14.630889392794156,7.175688610018081,Low,7.175688610018081
STORE_14,SKU_244,2026-05-31,12,6,3,11.705326297407083,1.6721894710581549,5.016568413174465,7.176220283462524,6.983431586825535,2.3920734278208413,Low,7.176220283462524
STORE_09,SKU_113,2026-05-31,11,7,3,10.722613709160795,1.531801958451542,4.5954058753546265,7.181084956386665,6.4045941246453735,2.3936949854622216,Low,7.181084956386665
STORE_18,SKU_250,2026-05-31,21,11,1,20.46314024269473,2.9233057489563903,2.9233057489563903,7.183648172106843,18.07669425104361,7.183648172106843,Low,7.183648172106843
STORE_10,SKU_022,2026-05-31,17,7,2,16.56316646795076,2.3661666382786803,4.732333276557361,7.184616554465083,12.26766672344264,3.5923082772325414,Low,7.184616554465083
STORE_18,SKU_069,2026-05-31,17,8,2,16.560953973182297,2.365850567597471,4.731701135194942,7.18557639811696,12.268298864805057,3.59278819905848,Low,7.18557639811696
STORE_12,SKU_157,2026-05-31,23,9,3,22.40406779661017,3.200581113801453,9.601743341404358,7.1861950009078255,13.398256658595642,2.3953983336359417,Low,7.1861950009078255
STORE_01,SKU_133,2026-05-31,19,10,3,18.50516185476815,2.6435945506811644,7.930783652043493,7.187183827075278,11.069216347956507,2.395727942358426,Low,7.187183827075278
STORE_06,SKU_116,2026-05-31,22,11,2,21.42464678178964,3.060663825969949,6.121327651939898,7.187983147096537,15.878672348060103,3.5939915735482684,Low,7.187983147096537
STORE_10,SKU_077,2026-05-31,29,11,2,28.23002240477969,4.032860343539956,8.065720687079912,7.190925925925924,20.93427931292009,3.595462962962962,Low,7.190925925925924
STORE_10,SKU_079,2026-05-31,19,10,3,18.494954564666102,2.6421363663808717,7.9264090991426155,7.191150404559056,11.073590900857385,2.3970501348530187,Low,7.191150404559056
STORE_18,SKU_044,2026-05-31,19,10,2,18.491121097678473,2.641588728239782,5.283177456479564,7.192641230211721,13.716822543520436,3.5963206151058604,Low,7.192641230211721
STORE_17,SKU_115,2026-05-31,16,8,2,15.569272976680384,2.2241818538114835,4.448363707622967,7.193656387665198,11.551636292377033,3.596828193832599,Low,7.193656387665198
STORE_12,SKU_027,2026-05-31,12,5,2,11.668803104695263,1.6669718720993232,3.3339437441986464,7.198681753932441,8.666056255801355,3.5993408769662203,Low,7.198681753932441
STORE_01,SKU_063,2026-05-31,9,6,3,8.75,1.25,3.75,7.2,5.25,2.4,Low,7.2
STORE_06,SKU_249,2026-05-31,13,6,3,12.630537276134943,1.8043624680192776,5.4130874040578325,7.204760811873144,7.5869125959421675,2.401586937291048,Low,7.204760811873144
STORE_14,SKU_102,2026-05-31,15,6,2,14.553633217993081,2.079090459713297,4.158180919426594,7.214693295292439,10.841819080573405,3.6073466476462195,Low,7.214693295292439
STORE_17,SKU_051,2026-05-31,23,9,3,22.300492610837438,3.1857846586910625,9.557353976073188,7.219571460128121,13.442646023926812,2.4065238200427066,Low,7.219571460128121
STORE_14,SKU_204,2026-05-31,15,7,2,14.5389631262341,2.076994732319157,4.153989464638314,7.22197305876222,10.846010535361685,3.61098652938111,Low,7.22197305876222
STORE_05,SKU_240,2026-05-31,20,7,2,19.383458646616546,2.769065520945221,5.538131041890442,7.222653219550036,14.461868958109559,3.611326609775018,Low,7.222653219550036
STORE_01,SKU_170,2026-05-31,28,12,3,27.135809162374624,3.8765441660535176,11.629632498160554,7.222928154719093,16.370367501839446,2.4076427182396976,Low,7.222928154719093
STORE_02,SKU_117,2026-05-31,15,7,3,14.532345013477089,2.076049287639584,6.228147862918751,7.225261986460169,8.771852137081249,2.40842066215339,Low,7.225261986460169
STORE_06,SKU_142,2026-05-31,21,12,3,20.342479083709904,2.906068440529986,8.71820532158996,7.226257890942921,12.28179467841004,2.4087526303143068,Low,7.226257890942921
STORE_12,SKU_003,2026-05-31,19,10,2,18.404914063430315,2.6292734376329023,5.258546875265805,7.226330943009652,13.741453124734196,3.613165471504826,Low,7.226330943009652
STORE_09,SKU_169,2026-05-31,15,7,3,14.514825956166739,2.073546565166677,6.220639695500031,7.233982709616296,8.779360304499969,2.4113275698720984,Low,7.233982709616296
STORE_12,SKU_217,2026-05-31,20,8,1,19.345522010457078,2.763646001493868,2.763646001493868,7.236816867713575,17.236353998506132,7.236816867713575,Low,7.236816867713575
STORE_18,SKU_213,2026-05-31,19,9,3,18.369924812030078,2.624274973147154,7.872824919441463,7.2400949574328735,11.127175080558537,2.413364985810958,Low,7.2400949574328735
STORE_01,SKU_042,2026-05-31,20,11,2,19.332621388524537,2.7618030555035054,5.523606111007011,7.241645982013657,14.47639388899299,3.6208229910068286,Low,7.241645982013657
STORE_09,SKU_141,2026-05-31,16,6,3,15.46031746031746,2.2086167800453516,6.625850340136054,7.2443531827515395,9.374149659863946,2.4147843942505136,Low,7.2443531827515395
STORE_16,SKU_098,2026-05-31,15,6,2,14.493617021276595,2.0705167173252277,4.141033434650455,7.244568408690547,10.858966565349544,3.6222842043452737,Low,7.244568408690547
STORE_01,SKU_119,2026-05-31,13,7,3,12.54465023003421,1.7920928900048871,5.376278670014662,7.25408826322867,7.623721329985338,2.4180294210762234,Low,7.25408826322867
STORE_04,SKU_086,2026-05-31,22,11,2,21.21951219512195,3.0313588850174216,6.062717770034843,7.257471264367816,15.937282229965156,3.628735632183908,Low,7.257471264367816
STORE_09,SKU_007,2026-05-31,14,5,3,13.499329719647957,1.9284756742354223,5.785427022706267,7.259619702255535,8.214572977293733,2.4198732340851783,Low,7.259619702255535
STORE_01,SKU_228,2026-05-31,16,7,2,15.426900584795321,2.2038429406850457,4.407685881370091,7.260045489006824,11.592314118629908,3.630022744503412,Low,7.260045489006824
STORE_01,SKU_026,2026-05-31,29,12,2,27.953887595306576,3.993412513615225,7.98682502723045,7.261959514857728,21.013174972769548,3.630979757428864,Low,7.261959514857728
STORE_12,SKU_007,2026-05-31,8,5,2,7.711168164313222,1.101595452044746,2.203190904089492,7.262194106875312,5.796809095910508,3.631097053437656,Low,7.262194106875312
STORE_08,SKU_162,2026-05-31,22,12,3,21.20380677523535,3.02911525360505,9.08734576081515,7.262846791259288,12.91265423918485,2.4209489304197622,Low,7.262846791259288
STORE_11,SKU_049,2026-05-31,11,7,3,10.598666477514541,1.514095211073506,4.5422856332205175,7.265064917681702,6.4577143667794825,2.421688305893901,Low,7.265064917681702
STORE_01,SKU_209,2026-05-31,22,12,1,21.189320524076074,3.027045789153725,3.027045789153725,7.267812095485536,18.972954210846275,7.267812095485536,Low,7.267812095485536
STORE_11,SKU_079,2026-05-31,14,8,3,13.476611883691529,1.92523026909879,5.775690807296369,7.271857410881801,8.22430919270363,2.423952470293934,Low,7.271857410881801
STORE_18,SKU_248,2026-05-31,11,5,1,10.587152893944463,1.5124504134206376,1.5124504134206376,7.272965713382841,9.487549586579362,7.272965713382841,Low,7.272965713382841
STORE_15,SKU_061,2026-05-31,10,6,3,9.61633428300095,1.3737620404287072,4.121286121286122,7.279281058660873,5.878713878713878,2.426427019553624,Low,7.279281058660873
STORE_10,SKU_143,2026-05-31,23,9,3,22.10555050045496,3.15793578577928,9.47380735733784,7.283238659751379,13.52619264266216,2.4277462199171262,Low,7.283238659751379
STORE_15,SKU_102,2026-05-31,18,7,3,17.294988699244016,2.4707126713205736,7.412138013961721,7.285347344893473,10.587861986038279,2.428449114964491,Low,7.285347344893473
STORE_09,SKU_195,2026-05-31,9,5,3,8.64360627972119,1.234800897103027,3.704402691309081,7.288624442300737,5.295597308690919,2.4295414807669125,Low,7.288624442300737
STORE_15,SKU_176,2026-05-31,13,7,3,12.481700118063754,1.7831000168662505,5.349300050598751,7.290673477109346,7.650699949401249,2.430224492369782,Low,7.290673477109346
STORE_01,SKU_153,2026-05-31,13,7,3,12.478541033434649,1.7826487190620928,5.3479461571862785,7.292519194044975,7.6520538428137215,2.4308397313483248,Low,7.292519194044975
STORE_16,SKU_120,2026-05-31,24,9,3,23.033594976452118,3.2905135680645885,9.871540704193766,7.293694283143862,14.128459295806234,2.4312314277146205,Low,7.293694283143862
STORE_01,SKU_145,2026-05-31,18,11,3,17.269747033012337,2.4671067190017624,7.401320157005287,7.295995694618001,10.598679842994713,2.431998564872667,Low,7.295995694618001
STORE_02,SKU_115,2026-05-31,30,12,3,28.77142857142857,4.110204081632653,12.33061224489796,7.298907646474677,17.66938775510204,2.4329692154915588,Low,7.298907646474677
STORE_09,SKU_162,2026-05-31,21,12,3,20.134673366834175,2.876381909547739,8.629145728643218,7.300838574423479,12.370854271356782,2.4336128581411596,Low,7.300838574423479
STORE_11,SKU_086,2026-05-31,13,8,3,12.460092539039907,1.780013219862844,5.340039659588532,7.303316545593798,7.659960340411468,2.434438848531266,Low,7.303316545593798
STORE_02,SKU_237,2026-05-31,20,9,2,19.169024045261672,2.738432006465953,5.476864012931906,7.303449548053863,14.523135987068095,3.6517247740269316,Low,7.303449548053863
STORE_13,SKU_243,2026-05-31,15,7,3,14.375591531755914,2.0536559331079878,6.160967799323963,7.304047264284972,8.839032200676037,2.4346824214283243,Low,7.304047264284972
STORE_02,SKU_065,2026-05-31,11,6,3,10.538048241435812,1.5054354630622588,4.516306389186776,7.306855903091665,6.483693610813224,2.4356186343638884,Low,7.306855903091665
STORE_04,SKU_183,2026-05-31,25,12,3,23.931847968545213,3.4188354240778875,10.256506272233663,7.3124315443592565,14.743493727766337,2.4374771814530853,Low,7.3124315443592565
STORE_01,SKU_074,2026-05-31,16,8,3,15.312818805639974,2.1875455436628535,6.56263663098856,7.314133434318995,9.43736336901144,2.438044478106332,Low,7.314133434318995
STORE_12,SKU_010,2026-05-31,12,7,2,11.479803845657505,1.6399719779510722,3.2799439559021444,7.317198196881638,8.720056044097856,3.658599098440819,Low,7.317198196881638
STORE_08,SKU_226,2026-05-31,21,11,3,20.072740851381628,2.8675344073402327,8.602603222020697,7.323364611160305,12.397396777979303,2.4411215370534354,Low,7.323364611160305
STORE_08,SKU_015,2026-05-31,21,11,3,20.07067578612294,2.867239398017563,8.601718194052689,7.324118109746819,12.398281805947311,2.44137270324894,Low,7.324118109746819
STORE_15,SKU_239,2026-05-31,17,8,3,16.247341461222778,2.3210487801746824,6.963146340524047,7.32427519197618,10.036853659475952,2.44142506399206,Low,7.32427519197618
STORE_02,SKU_248,2026-05-31,12,6,1,11.467490842490843,1.6382129774986918,1.6382129774986918,7.32505490117788,10.361787022501309,7.32505490117788,Low,7.32505490117788
STORE_04,SKU_073,2026-05-31,12,7,3,11.467417155541462,1.6382024507916373,4.914607352374912,7.3251019702730735,7.085392647625088,2.4417006567576913,Low,7.3251019702730735
STORE_07,SKU_022,2026-05-31,13,7,3,12.421843462659789,1.7745490660942556,5.3236471982827664,7.32580476267851,7.6763528017172336,2.441934920892837,Low,7.32580476267851
STORE_17,SKU_053,2026-05-31,14,6,3,13.370865587614356,1.9101236553734793,5.730370966120438,7.329368421052632,8.269629033879562,2.443122807017544,Low,7.329368421052632
STORE_06,SKU_042,2026-05-31,31,12,3,29.606621746085608,4.229517392297944,12.688552176893833,7.329441429050929,18.311447823106167,2.443147143016976,Low,7.329441429050929
STORE_10,SKU_138,2026-05-31,13,7,3,12.415188495213899,1.7735983564591284,5.320795069377385,7.329731645643627,7.679204930622615,2.4432438818812092,Low,7.329731645643627
STORE_13,SKU_085,2026-05-31,24,10,3,22.90199335548173,3.2717133364973896,9.815140009492168,7.335606005657503,14.184859990507832,2.4452020018858347,Low,7.335606005657503
STORE_17,SKU_200,2026-05-31,21,10,3,20.037100213219617,2.8624428876028025,8.587328662808407,7.336390916636516,12.412671337191593,2.445463638878839,Low,7.336390916636516
STORE_12,SKU_250,2026-05-31,25,10,2,23.84932614555256,3.407046592221794,6.814093184443588,7.3377335247115205,18.18590681555641,3.6688667623557603,Low,7.3377335247115205
STORE_04,SKU_223,2026-05-31,20,10,3,19.079266519311304,2.7256095027587577,8.176828508276273,7.337808288295431,11.823171491723727,2.445936096098477,Low,7.337808288295431
STORE_02,SKU_221,2026-05-31,26,11,2,24.772869763465373,3.5389813947807673,7.077962789561535,7.346746732928401,18.922037210438464,3.6733733664642005,Low,7.346746732928401
STORE_06,SKU_089,2026-05-31,16,7,1,15.242195350126467,2.1774564785894954,2.1774564785894954,7.348022868573897,13.822543521410505,7.348022868573897,Low,7.348022868573897
STORE_09,SKU_206,2026-05-31,17,7,3,16.188370084876055,2.3126242978394367,6.9378728935183105,7.3509562343880095,10.06212710648169,2.450318744796003,Low,7.3509562343880095
STORE_17,SKU_133,2026-05-31,16,8,2,15.228215767634854,2.1754593953764076,4.350918790752815,7.3547683923705724,11.649081209247186,3.6773841961852862,Low,7.3547683923705724
STORE_02,SKU_043,2026-05-31,15,10,3,14.261630914346565,2.037375844906652,6.112127534719956,7.362411818859699,8.887872465280044,2.4541372729532327,Low,7.362411818859699
STORE_16,SKU_062,2026-05-31,27,10,2,25.668535546086563,3.6669336494409377,7.333867298881875,7.363100230656323,19.666132701118123,3.6815501153281613,Low,7.363100230656323
STORE_18,SKU_035,2026-05-31,15,8,3,14.258379578246394,2.0369113683209137,6.1107341049627415,7.364090668493319,8.889265895037259,2.454696889497773,Low,7.364090668493319
STORE_14,SKU_213,2026-05-31,23,10,1,21.861721205983503,3.1231030294262148,3.1231030294262148,7.364470458800594,19.876896970573785,7.364470458800594,Low,7.364470458800594
STORE_16,SKU_234,2026-05-31,15,9,1,14.257327785483124,2.0367611122118747,2.0367611122118747,7.364633932798507,12.963238887788126,7.364633932798507,Low,7.364633932798507
STORE_18,SKU_074,2026-05-31,26,10,2,24.711435661113082,3.530205094444726,7.060410188889452,7.365011183320385,18.939589811110547,3.6825055916601923,Low,7.365011183320385
STORE_17,SKU_164,2026-05-31,15,8,2,14.25044018438285,2.03577716919755,4.0715543383951,7.3681934481624065,10.9284456616049,3.6840967240812033,Low,7.3681934481624065
STORE_01,SKU_246,2026-05-31,14,6,2,13.298771121351766,1.8998244459073952,3.7996488918147904,7.369101934738666,10.20035110818521,3.684550967369333,Low,7.369101934738666
STORE_17,SKU_250,2026-05-31,21,10,3,19.93818140946387,2.8483116299234097,8.544934889770229,7.3727887705056645,12.455065110229771,2.4575962568352216,Low,7.3727887705056645
STORE_14,SKU_211,2026-05-31,28,10,3,26.58267844451213,3.7975254920731616,11.392576476219485,7.373222394015878,16.607423523780515,2.4577407980052923,Low,7.373222394015878
STORE_18,SKU_186,2026-05-31,14,6,3,13.288139292383054,1.898305613197579,5.694916839592738,7.374997946941673,8.305083160407262,2.4583326489805577,Low,7.374997946941673
STORE_10,SKU_018,2026-05-31,12,6,3,11.389002287091458,1.6270003267273512,4.881000980182053,7.375536318506795,7.118999019817947,2.4585121061689317,Low,7.375536318506795
STORE_03,SKU_179,2026-05-31,12,7,3,11.385141454290391,1.6264487791843416,4.879346337553025,7.3780374479533,7.120653662446975,2.4593458159844332,Low,7.3780374479533
STORE_10,SKU_188,2026-05-31,27,12,3,25.615415863757093,3.6593451233938703,10.978035370181612,7.378369377458109,16.021964629818388,2.459456459152703,Low,7.378369377458109
STORE_07,SKU_147,2026-05-31,14,7,3,13.276595744680849,1.896656534954407,5.6899696048632205,7.381410256410258,8.31003039513678,2.460470085470086,Low,7.381410256410258
STORE_09,SKU_094,2026-05-31,20,7,3,18.96256684491979,2.7089381207028276,8.126814362108483,7.382966723068243,11.873185637891517,2.4609889076894143,Low,7.382966723068243
STORE_08,SKU_086,2026-05-31,24,11,2,22.74933510638298,3.2499050151975686,6.499810030395137,7.384831214379657,17.50018996960486,3.6924156071898286,Low,7.384831214379657
STORE_01,SKU_066,2026-05-31,14,7,3,13.266630996968074,1.8952329995668677,5.6856989987006035,7.386954534455409,8.314301001299397,2.462318178151803,Low,7.386954534455409
STORE_08,SKU_022,2026-05-31,17,7,3,16.095562373718476,2.2993660533883538,6.898098160165061,7.393342167050236,10.10190183983494,2.4644473890167453,Low,7.393342167050236
STORE_15,SKU_196,2026-05-31,13,6,2,12.301142055700259,1.7573060079571798,3.5146120159143597,7.3976871080706905,9.48538798408564,3.6988435540353453,Low,7.3976871080706905
STORE_16,SKU_030,2026-05-31,11,6,3,10.3998283998284,1.4856897714040571,4.457069314212172,7.403968319445591,6.542930685787828,2.4679894398151965,Low,7.403968319445591
STORE_06,SKU_243,2026-05-31,19,11,3,17.959677419354836,2.5656682027649764,7.697004608294929,7.405478221823082,11.302995391705071,2.468492740607694,Low,7.405478221823082
STORE_09,SKU_062,2026-05-31,16,7,3,15.106413994169095,2.1580591420241566,6.47417742607247,7.414069284956094,9.525822573927531,2.471356428318698,Low,7.414069284956094
STORE_09,SKU_244,2026-05-31,14,6,3,13.206988058381246,1.8867125797687494,5.660137739306248,7.42031412209906,8.339862260693753,2.4734380406996865,Low,7.42031412209906
STORE_02,SKU_222,2026-05-31,15,7,3,14.148051948051943,2.0211502782931348,6.063450834879404,7.421516431062973,8.936549165120596,2.4738388103543243,Low,7.421516431062973
STORE_13,SKU_158,2026-05-31,15,9,3,14.147161689534569,2.0210230985049384,6.063069295514815,7.421983455357993,8.936930704485185,2.473994485119331,Low,7.421983455357993
STORE_08,SKU_106,2026-05-31,15,6,3,14.139047619047616,2.019863945578231,6.059591836734692,7.4262427589923234,8.940408163265307,2.475414252997441,Low,7.4262427589923234
STORE_06,SKU_228,2026-05-31,14,7,3,13.196384969081972,1.885197852725996,5.655593558177988,7.426276228649423,8.344406441822013,2.475425409549808,Low,7.426276228649423
STORE_18,SKU_228,2026-05-31,20,9,2,18.841207470026898,2.6916010671466997,5.383202134293399,7.430521649035275,14.616797865706602,3.7152608245176375,Low,7.430521649035275
STORE_06,SKU_133,2026-05-31,16,10,1,15.07027323403089,2.152896176290127,2.152896176290127,7.431849327528286,13.847103823709872,7.431849327528286,Low,7.431849327528286
STORE_14,SKU_050,2026-05-31,22,10,2,20.70869191049914,2.9583845586427344,5.916769117285469,7.436490951025411,16.08323088271453,3.7182454755127057,Low,7.436490951025411
STORE_08,SKU_079,2026-05-31,18,11,3,16.937728937728934,2.419675562532705,7.259026687598116,7.439013840830451,10.740973312401884,2.4796712802768166,Low,7.439013840830451
STORE_06,SKU_214,2026-05-31,11,6,3,10.345086271567892,1.4778694673668418,4.433608402100525,7.443147208121827,6.566391597899475,2.4810490693739427,Low,7.443147208121827
STORE_01,SKU_104,2026-05-31,26,11,2,24.437034230137677,3.491004890019668,6.982009780039336,7.4477122831682765,19.017990219960666,3.7238561415841382,Low,7.4477122831682765
STORE_10,SKU_240,2026-05-31,20,8,2,18.791208791208796,2.6844583987441135,5.368916797488227,7.450292397660817,14.631083202511773,3.7251461988304087,Low,7.450292397660817
STORE_08,SKU_249,2026-05-31,12,6,3,11.271604938271604,1.6102292768959434,4.830687830687831,7.452354874041622,7.169312169312169,2.484118291347207,Low,7.452354874041622
STORE_18,SKU_107,2026-05-31,8,5,2,7.507137490608565,1.0724482129440807,2.1448964258881613,7.459567654123299,5.855103574111839,3.7297838270616497,Low,7.459567654123299
STORE_06,SKU_183,2026-05-31,27,12,3,25.323928121059268,3.617704017294181,10.853112051882544,7.463297127384769,16.146887948117456,2.487765709128256,Low,7.463297127384769
STORE_06,SKU_060,2026-05-31,9,6,3,8.43693855551563,1.2052769365022329,3.615830809506699,7.467163543441227,5.384169190493301,2.489054514480409,Low,7.467163543441227
STORE_18,SKU_137,2026-05-31,17,9,3,15.934725585149312,2.2763893693070445,6.8291681079211335,7.467966697268038,10.170831892078866,2.4893222324226794,Low,7.467966697268038
STORE_13,SKU_083,2026-05-31,22,10,3,20.60746656150383,2.9439237945005474,8.831771383501643,7.473019526217872,13.168228616498357,2.4910065087392903,Low,7.473019526217872
STORE_11,SKU_098,2026-05-31,11,6,3,10.300602152576928,1.4715145932252756,4.414543779675826,7.475291139240506,6.585456220324174,2.491763713080169,Low,7.475291139240506
STORE_02,SKU_178,2026-05-31,21,11,3,19.653013824884795,2.807573403554971,8.422720210664913,7.479768818656581,12.577279789335087,2.4932562728855268,Low,7.479768818656581
STORE_06,SKU_040,2026-05-31,28,11,3,26.191039729501266,3.7415771042144668,11.2247313126434,7.483475342112058,16.7752686873566,2.4944917807040197,Low,7.483475342112058
STORE_16,SKU_175,2026-05-31,15,8,2,14.02160981503857,2.0030871164340813,4.006174232868163,7.488441155122186,10.993825767131838,3.744220577561093,Low,7.488441155122186
STORE_01,SKU_229,2026-05-31,14,7,2,13.064794664794665,1.8663992378278091,3.7327984756556183,7.501074644829885,10.267201524344381,3.7505373224149423,Low,7.501074644829885
STORE_13,SKU_074,2026-05-31,27,11,3,25.183458712005912,3.5976369588579873,10.792910876573963,7.504926235962041,16.207089123426037,2.5016420786540134,Low,7.504926235962041
STORE_16,SKU_136,2026-05-31,17,6,1,15.851895043731778,2.2645564348188256,2.2645564348188256,7.506988891341131,14.735443565181175,7.506988891341131,Low,7.506988891341131
STORE_16,SKU_170,2026-05-31,19,9,2,17.714912280701753,2.530701754385965,5.06140350877193,7.507798960138648,13.93859649122807,3.753899480069324,Low,7.507798960138648
STORE_02,SKU_168,2026-05-31,19,10,3,17.713201409596095,2.530457344228014,7.591372032684042,7.5085241185112634,11.408627967315958,2.5028413728370875,Low,7.5085241185112634
STORE_08,SKU_110,2026-05-31,16,7,3,14.904318936877075,2.1291884195538677,6.387565258661603,7.514600329900585,9.612434741338397,2.5048667766335284,Low,7.514600329900585
STORE_14,SKU_133,2026-05-31,13,8,2,12.108679541392387,1.7298113630560554,3.459622726112111,7.515270322327469,9.54037727388789,3.7576351611637344,Low,7.515270322327469
STORE_06,SKU_223,2026-05-31,18,10,2,16.760517318269656,2.3943596168956653,4.788719233791331,7.517667719161317,13.21128076620867,3.7588338595806583,Low,7.517667719161317
STORE_04,SKU_127,2026-05-31,12,6,3,11.173550960170072,1.5962215657385816,4.788664697215745,7.517753335482299,7.211335302784255,2.5059177784940996,Low,7.517753335482299
STORE_01,SKU_236,2026-05-31,10,6,2,9.310198700442603,1.3300283857775148,2.6600567715550296,7.518636524553684,7.33994322844497,3.759318262276842,Low,7.518636524553684
STORE_02,SKU_165,2026-05-31,16,8,1,14.883796296296296,2.1262566137566137,2.1262566137566137,7.524961896170955,13.873743386243387,7.524961896170955,Low,7.524961896170955
STORE_12,SKU_056,2026-05-31,15,6,1,13.94767441860465,1.9925249169435215,1.9925249169435215,7.528136723634848,13.007475083056478,7.528136723634848,Low,7.528136723634848
STORE_02,SKU_088,2026-05-31,12,6,3,11.156071776324941,1.5937245394749915,4.781173618424974,7.52953205072256,7.218826381575026,2.50984401690752,Low,7.52953205072256
STORE_15,SKU_143,2026-05-31,10,7,2,9.288481494292633,1.3269259277560903,2.6538518555121806,7.536215692846237,7.346148144487819,3.7681078464231184,Low,7.536215692846237
STORE_13,SKU_170,2026-05-31,21,8,3,19.503851336738258,2.786264476676894,8.358793430030682,7.5369729527780365,12.641206569969318,2.512324317592679,Low,7.5369729527780365
STORE_12,SKU_073,2026-05-31,19,10,3,17.645533953226263,2.520790564746609,7.562371694239827,7.537317961165048,11.437628305760173,2.5124393203883493,Low,7.537317961165048
STORE_17,SKU_162,2026-05-31,19,8,3,17.642521128194684,2.520360161170669,7.561080483512007,7.53860511395117,11.438919516487992,2.5128683713170568,Low,7.53860511395117
STORE_14,SKU_084,2026-05-31,26,10,3,24.13409687586472,3.4477281251235317,10.343184375370594,7.541197871879304,15.656815624629406,2.5137326239597684,Low,7.541197871879304
STORE_09,SKU_144,2026-05-31,12,6,3,11.132052821128452,1.5902932601612074,4.7708797804836225,7.545778065351019,7.2291202195163775,2.515259355117006,Low,7.545778065351019
STORE_04,SKU_029,2026-05-31,11,7,3,10.199855367825915,1.4571221954037021,4.371366586211106,7.549126651627458,6.628633413788894,2.516375550542486,Low,7.549126651627458
STORE_08,SKU_066,2026-05-31,13,6,1,12.054071348584227,1.7220101926548896,1.7220101926548896,7.5493165228931645,11.27798980734511,7.5493165228931645,Low,7.5493165228931645
STORE_16,SKU_194,2026-05-31,20,8,2,18.544127747252748,2.6491611067503924,5.298322213500785,7.54955972629883,14.701677786499214,3.774779863149415,Low,7.54955972629883
STORE_04,SKU_150,2026-05-31,15,7,2,13.903577837184603,1.986225405312086,3.972450810624172,7.552012958792621,11.027549189375828,3.7760064793963104,Low,7.552012958792621
STORE_04,SKU_100,2026-05-31,9,6,3,8.333358649148122,1.1904798070211604,3.5714394210634812,7.559977033562593,5.428560578936519,2.519992344520864,Low,7.559977033562593
STORE_17,SKU_161,2026-05-31,22,10,2,20.369224604287723,2.9098892291839604,5.819778458367921,7.560425248960287,16.18022154163208,3.7802126244801433,Low,7.560425248960287
STORE_04,SKU_080,2026-05-31,21,9,3,19.43780008729813,2.7768285838997326,8.330485751699198,7.562584209108055,12.669514248300802,2.5208614030360184,Low,7.562584209108055
STORE_03,SKU_206,2026-05-31,14,7,3,12.95330991305713,1.850472844722447,5.551418534167341,7.565633854032516,8.448581465832659,2.521877951344172,Low,7.565633854032516
STORE_18,SKU_070,2026-05-31,25,10,3,23.12818386819178,3.30402626688454,9.912078800653621,7.5665258023427295,15.087921199346379,2.5221752674475764,Low,7.5665258023427295
STORE_04,SKU_248,2026-05-31,11,6,1,10.172820109976433,1.453260015710919,1.453260015710919,7.569189189189189,9.546739984289081,7.569189189189189,Low,7.569189189189189
STORE_10,SKU_107,2026-05-31,10,5,3,9.24643698799237,1.3209195697131957,3.962758709139587,7.570483645852296,6.037241290860413,2.5234945486174323,Low,7.570483645852296
STORE_10,SKU_165,2026-05-31,18,9,3,16.643394199785178,2.377627742826454,7.132883228479362,7.5705711519845105,10.867116771520639,2.52352371732817,Low,7.5705711519845105
STORE_14,SKU_190,2026-05-31,20,8,2,18.4891240446796,2.6413034349542284,5.282606869908457,7.572019077901431,14.717393130091544,3.7860095389507156,Low,7.572019077901431
STORE_05,SKU_073,2026-05-31,15,7,1,13.865218602060706,1.9807455145801007,1.9807455145801007,7.572906206065476,13.0192544854199,7.572906206065476,Low,7.572906206065476
STORE_08,SKU_017,2026-05-31,17,8,3,15.707983193277311,2.243997599039616,6.731992797118847,7.5757656814230305,10.268007202881153,2.5252552271410105,Low,7.5757656814230305
STORE_02,SKU_156,2026-05-31,12,7,2,11.078406015037594,1.5826294307196562,3.1652588614393125,7.582318240185472,8.834741138560688,3.791159120092736,Low,7.582318240185472
STORE_08,SKU_009,2026-05-31,16,7,3,14.765498652291106,2.109356950327301,6.328070850981902,7.585250091274188,9.671929149018098,2.5284166970913957,Low,7.585250091274188
STORE_12,SKU_091,2026-05-31,13,6,2,11.988670108273562,1.7126671583247945,3.425334316649589,7.590499961893149,9.57466568335041,3.7952499809465743,Low,7.590499961893149
STORE_05,SKU_176,2026-05-31,24,9,1,22.127632005183028,3.1610902864547183,3.1610902864547183,7.592317151724541,20.83890971354528,7.592317151724541,Low,7.592317151724541
STORE_16,SKU_198,2026-05-31,14,6,1,12.907097933513027,1.8438711333590039,1.8438711333590039,7.5927215013643705,12.156128866640996,7.5927215013643705,Low,7.5927215013643705
STORE_16,SKU_137,2026-05-31,21,9,1,19.355745948966288,2.765106564138041,2.765106564138041,7.594644008429481,18.23489343586196,7.594644008429481,Low,7.594644008429481
STORE_12,SKU_030,2026-05-31,13,6,2,11.981885214967921,1.7116978878525602,3.4233957757051203,7.594798178029753,9.57660422429488,3.7973990890148763,Low,7.594798178029753
STORE_16,SKU_124,2026-05-31,29,10,1,26.728466034301047,3.818352290614435,3.818352290614435,7.594899001666875,25.181647709385565,7.594899001666875,Low,7.594899001666875
STORE_16,SKU_005,2026-05-31,15,6,2,13.82471971561389,1.9749599593734128,3.9499199187468257,7.595090689716558,11.050080081253174,3.797545344858279,Low,7.595090689716558
STORE_08,SKU_117,2026-05-31,20,7,2,18.42850800228335,2.632644000326193,5.265288000652386,7.596925371422015,14.734711999347613,3.7984626857110073,Low,7.596925371422015
STORE_09,SKU_199,2026-05-31,11,6,3,10.135135135135135,1.4478764478764479,4.343629343629344,7.597333333333333,6.656370656370656,2.5324444444444443,Low,7.597333333333333
STORE_18,SKU_198,2026-05-31,16,6,3,14.741531074953322,2.1059330107076173,6.317799032122852,7.597582600513879,9.682200967877147,2.5325275335046262,Low,7.597582600513879
STORE_14,SKU_155,2026-05-31,16,8,3,14.738542539188703,2.105506077026958,6.316518231080874,7.599123163107899,9.683481768919126,2.5330410543692996,Low,7.599123163107899
STORE_13,SKU_030,2026-05-31,12,5,3,11.05039408866995,1.5786277269528501,4.735883180858551,7.601538852458286,7.264116819141449,2.533846284152762,Low,7.601538852458286
STORE_02,SKU_091,2026-05-31,15,6,3,13.810579042276096,1.9729398631822994,5.9188195895468985,7.602867314873652,9.0811804104531,2.534289104957884,Low,7.602867314873652
STORE_08,SKU_088,2026-05-31,15,6,3,13.806290417401527,1.9723272024859324,5.916981607457798,7.605228980817135,9.083018392542202,2.535076326939045,Low,7.605228980817135
STORE_11,SKU_097,2026-05-31,17,10,3,15.640419655600658,2.2343456650858085,6.703036995257426,7.608491499611868,10.296963004742574,2.5361638332039558,Low,7.608491499611868
STORE_10,SKU_084,2026-05-31,15,7,2,13.799288382850026,1.971326911835718,3.942653823671436,7.609088025908326,11.057346176328565,3.804544012954163,Low,7.609088025908326
STORE_16,SKU_153,2026-05-31,22,10,3,20.238949063231853,2.8912784376045506,8.673835312813651,7.609090744725088,13.326164687186349,2.5363635815750296,Low,7.609090744725088
STORE_04,SKU_087,2026-05-31,14,7,2,12.87912087912088,1.8398744113029828,3.6797488226059656,7.609215017064846,10.320251177394034,3.804607508532423,Low,7.609215017064846
STORE_16,SKU_058,2026-05-31,23,8,2,21.150801006222693,3.0215430008889563,6.043086001777913,7.61200485752917,16.95691399822209,3.806002428764585,Low,7.61200485752917
STORE_09,SKU_023,2026-05-31,13,7,2,11.954010306830721,1.7077157581186744,3.4154315162373488,7.61250807588823,9.584568483762652,3.806254037944115,Low,7.61250807588823
STORE_08,SKU_052,2026-05-31,14,8,3,12.86139877996879,1.8373426828526842,5.512028048558053,7.619699977939555,8.487971951441947,2.539899992646518,Low,7.619699977939555
STORE_13,SKU_172,2026-05-31,10,5,3,9.185284640171858,1.312183520024551,3.9365505600736532,7.62088522481436,6.063449439926346,2.54029507493812,Low,7.62088522481436
STORE_08,SKU_098,2026-05-31,14,6,3,12.847290640394087,1.8353272343420124,5.505981703026038,7.628067484662578,8.494018296973962,2.5426891615541924,Low,7.628067484662578
STORE_05,SKU_079,2026-05-31,33,10,2,30.28217545166698,4.326025064523854,8.652050129047709,7.62824983854599,24.34794987095229,3.814124919272995,Low,7.62824983854599
STORE_09,SKU_240,2026-05-31,16,7,3,14.67824377457405,2.0968919677962927,6.290675903388879,7.6303406402071525,9.709324096611121,2.543446880069051,Low,7.6303406402071525
STORE_01,SKU_001,2026-05-31,20,11,3,18.346132832913675,2.6208761189876677,7.862628356963003,7.631035994072525,12.137371643036996,2.543678664690842,Low,7.631035994072525
STORE_17,SKU_172,2026-05-31,15,6,3,13.756613756613756,1.965230536659108,5.895691609977324,7.632692307692308,9.104308390022677,2.5442307692307695,Low,7.632692307692308
STORE_13,SKU_091,2026-05-31,14,7,3,12.836637047163364,1.8338052924519093,5.501415877355727,7.634398296059636,8.498584122644273,2.5447994320198792,Low,7.634398296059636
STORE_09,SKU_127,2026-05-31,15,7,1,13.753246753246753,1.9647495361781075,1.9647495361781075,7.634560906515581,13.035250463821892,7.634560906515581,Low,7.634560906515581
STORE_01,SKU_136,2026-05-31,13,6,3,11.916666666666666,1.7023809523809523,5.107142857142857,7.636363636363637,7.892857142857143,2.545454545454546,Low,7.636363636363637
STORE_17,SKU_080,2026-05-31,16,7,2,14.663908788215114,2.0948441126021593,4.189688225204319,7.6377998266063,11.810311774795682,3.81889991330315,Low,7.6377998266063
STORE_12,SKU_219,2026-05-31,15,9,1,13.74270200927818,1.963243144182597,1.963243144182597,7.640418887720248,13.036756855817403,7.640418887720248,Low,7.640418887720248
STORE_16,SKU_148,2026-05-31,20,9,2,18.31840628507295,2.61691518358185,5.2338303671637,7.642586250206781,14.7661696328363,3.8212931251033906,Low,7.642586250206781
STORE_08,SKU_011,2026-05-31,14,7,3,12.820473644003055,1.8314962348575794,5.494488704572738,7.644023358360148,8.505511295427262,2.548007786120049,Low,7.644023358360148
STORE_06,SKU_229,2026-05-31,17,7,2,15.562996031746032,2.22328514739229,4.44657029478458,7.646342629482072,12.55342970521542,3.823171314741036,Low,7.646342629482072
STORE_10,SKU_070,2026-05-31,14,8,1,12.814906832298135,1.8307009760425907,1.8307009760425907,7.647343931756495,12.169299023957409,7.647343931756495,Low,7.647343931756495
STORE_04,SKU_142,2026-05-31,18,11,1,16.474380330490405,2.353482904355772,2.353482904355772,7.648239112630057,15.646517095644228,7.648239112630057,Low,7.648239112630057
STORE_15,SKU_054,2026-05-31,11,5,2,10.063060878001457,1.4375801254287794,2.875160250857559,7.651747409014219,8.124839749142442,3.8258737045071096,Low,7.651747409014219
STORE_05,SKU_061,2026-05-31,15,5,2,13.709967284623772,1.958566754946253,3.917133509892506,7.658661601458475,11.082866490107493,3.8293308007292377,Low,7.658661601458475
STORE_15,SKU_039,2026-05-31,16,10,2,14.623615146655212,2.0890878780936015,4.178175756187203,7.65884488047521,11.821824243812797,3.829422440237605,Low,7.65884488047521
STORE_17,SKU_031,2026-05-31,13,6,3,11.881041831097079,1.6972916901567257,5.091875070470177,7.659260971695206,7.908124929529823,2.553086990565068,Low,7.659260971695206
STORE_06,SKU_140,2026-05-31,22,9,2,20.10127311112533,2.8716104444464756,5.743220888892951,7.66120629020092,16.25677911110705,3.83060314510046,Low,7.66120629020092
STORE_12,SKU_025,2026-05-31,20,6,2,18.261319688225147,2.608759955460735,5.21751991092147,7.6664776911096775,14.782480089078529,3.8332388455548387,Low,7.6664776911096775
STORE_09,SKU_197,2026-05-31,13,6,3,11.86890756302521,1.6955582232893158,5.086674669867947,7.66709147550269,7.913325330132053,2.5556971585008967,Low,7.66709147550269
STORE_10,SKU_129,2026-05-31,29,11,1,26.475914599271952,3.7822735141817074,3.7822735141817074,7.667346079352522,25.217726485818293,7.667346079352522,Low,7.667346079352522
STORE_17,SKU_091,2026-05-31,12,6,2,10.948523356998198,1.5640747652854567,3.1281495305709135,7.672267506860454,8.871850469429086,3.836133753430227,Low,7.672267506860454
STORE_12,SKU_036,2026-05-31,28,9,2,25.54590558027722,3.6494150828967458,7.2988301657934915,7.672462398487932,20.70116983420651,3.836231199243966,Low,7.672462398487932
STORE_14,SKU_151,2026-05-31,20,10,2,18.240522358527897,2.605788908361128,5.211577816722256,7.675218792983005,14.788422183277744,3.8376093964915023,Low,7.675218792983005
STORE_14,SKU_141,2026-05-31,15,6,2,13.672639588468545,1.9532342269240779,3.9064684538481558,7.679570526276186,11.093531546151844,3.839785263138093,Low,7.679570526276186
STORE_18,SKU_048,2026-05-31,17,8,2,15.49308396649133,2.2132977094987614,4.426595418997523,7.6808465156049595,12.573404581002478,3.8404232578024797,Low,7.6808465156049595
STORE_17,SKU_061,2026-05-31,12,6,3,10.930952380952382,1.5615646258503404,4.684693877551021,7.684600304944455,7.315306122448979,2.561533434981485,Low,7.684600304944455
STORE_10,SKU_134,2026-05-31,8,5,3,7.286799620132953,1.0409713743047075,3.1229141229141226,7.685129675485469,4.877085877085877,2.5617098918284897,Low,7.685129675485469
STORE_14,SKU_078,2026-05-31,18,9,3,16.391465677179962,2.341637953882852,7.024913861648555,7.686926994906622,10.975086138351445,2.5623089983022074,Low,7.686926994906622
STORE_01,SKU_023,2026-05-31,18,7,3,16.375095492742552,2.339299356106079,7.017898068318237,7.694611616515045,10.982101931681763,2.564870538838348,Low,7.694611616515045
STORE_14,SKU_247,2026-05-31,23,10,2,20.918235843565135,2.988319406223591,5.976638812447182,7.69663375076282,17.02336118755282,3.84831687538141,Low,7.69663375076282
STORE_04,SKU_245,2026-05-31,14,7,2,12.722184608440532,1.817454944062933,3.634909888125866,7.7030795430355505,10.365090111874133,3.8515397715177753,Low,7.7030795430355505
STORE_05,SKU_152,2026-05-31,14,8,3,12.722087705138552,1.817441100734079,5.452323302202236,7.703138216883776,8.547676697797764,2.567712738961259,Low,7.703138216883776
STORE_06,SKU_120,2026-05-31,28,11,3,25.43373053745262,3.6333900767789458,10.900170230336837,7.706301665474469,17.099829769663163,2.568767221824823,Low,7.706301665474469
STORE_09,SKU_224,2026-05-31,14,11,1,12.714107142857141,1.816301020408163,1.816301020408163,7.707973426593071,12.183698979591837,7.707973426593071,Low,7.707973426593071
STORE_04,SKU_196,2026-05-31,14,6,2,12.709756097560975,1.8156794425087106,3.631358885017421,7.710612166570717,10.368641114982578,3.8553060832853583,Low,7.710612166570717
STORE_14,SKU_130,2026-05-31,14,7,3,12.703782879449761,1.8148261256356801,5.444478376907041,7.714237635352649,8.55552162309296,2.57141254511755,Low,7.714237635352649
STORE_04,SKU_145,2026-05-31,25,11,2,22.675340659340662,3.239334379905809,6.478668759811618,7.717634880511142,18.52133124018838,3.858817440255571,Low,7.717634880511142
STORE_16,SKU_063,2026-05-31,8,6,2,7.2556390977443606,1.0365198711063373,2.0730397422126745,7.718134715025907,5.926960257787325,3.8590673575129535,Low,7.718134715025907
STORE_08,SKU_076,2026-05-31,15,7,1,13.60221077678383,1.9431729681119756,1.9431729681119756,7.719333402715194,13.056827031888025,7.719333402715194,Low,7.719333402715194
STORE_17,SKU_223,2026-05-31,14,7,3,12.6951995373048,1.8135999339006859,5.440799801702058,7.719453302961275,8.559200198297942,2.5731511009870918,Low,7.719453302961275
STORE_14,SKU_167,2026-05-31,19,9,3,17.22828282828283,2.4611832611832614,7.383549783549784,7.719863977485928,11.616450216450216,2.5732879924953096,Low,7.719863977485928
STORE_08,SKU_109,2026-05-31,17,7,2,15.412116679132385,2.201730954161769,4.403461908323538,7.721197709405029,12.59653809167646,3.8605988547025145,Low,7.721197709405029
STORE_16,SKU_206,2026-05-31,29,10,1,26.277954268637227,3.753993466948175,3.753993466948175,7.72510667781627,25.246006533051826,7.72510667781627,Low,7.72510667781627
STORE_04,SKU_207,2026-05-31,20,8,3,18.11911848072562,2.5884454972465174,7.765336491739552,7.726645208977814,12.234663508260448,2.575548402992605,Low,7.726645208977814
STORE_05,SKU_083,2026-05-31,20,7,3,18.111566367904395,2.587366623986342,7.762099871959026,7.7298670449671745,12.237900128040973,2.5766223483223913,Low,7.7298670449671745
STORE_14,SKU_226,2026-05-31,17,8,1,15.391156462585034,2.1987366375121478,2.1987366375121478,7.731712707182321,14.801263362487852,7.731712707182321,Low,7.731712707182321
STORE_15,SKU_008,2026-05-31,21,8,3,19.00727580023497,2.7153251143192816,8.145975342957845,7.733880517384967,12.854024657042155,2.5779601724616557,Low,7.733880517384967
STORE_17,SKU_231,2026-05-31,14,6,2,12.666666666666666,1.8095238095238095,3.619047619047619,7.7368421052631575,10.380952380952381,3.8684210526315788,Low,7.7368421052631575
STORE_01,SKU_091,2026-05-31,16,7,2,14.474296047532935,2.0677565782189906,4.135513156437981,7.737854720685348,11.86448684356202,3.868927360342674,Low,7.737854720685348
STORE_05,SKU_003,2026-05-31,25,7,2,22.614042614042617,3.2305775162918025,6.461155032583605,7.7385544454281,18.538844967416395,3.86927722271405,Low,7.7385544454281
STORE_17,SKU_104,2026-05-31,16,8,3,14.468597190086586,2.066942455726655,6.200827367179965,7.7409024889253795,9.799172632820035,2.5803008296417933,Low,7.7409024889253795
STORE_10,SKU_131,2026-05-31,11,6,3,9.946914399469144,1.4209877713527348,4.262963314058204,7.741094062708473,6.737036685941796,2.580364687569491,Low,7.741094062708473
STORE_13,SKU_114,2026-05-31,18,8,3,16.26728433354011,2.3238977619343015,6.971693285802905,7.745607528369776,11.028306714197095,2.5818691761232584,Low,7.745607528369776
STORE_01,SKU_098,2026-05-31,16,6,2,14.45255102040816,2.0646501457725943,4.129300291545189,7.749496946376251,11.870699708454811,3.8747484731881254,Low,7.749496946376251
STORE_10,SKU_015,2026-05-31,18,10,3,16.247661592557137,2.321094513222448,6.963283539667344,7.754962108376207,11.036716460332656,2.5849873694587355,Low,7.754962108376207
STORE_07,SKU_220,2026-05-31,11,7,3,9.923416789396171,1.4176309699137388,4.252892909741217,7.759424161472246,6.747107090258783,2.586474720490749,Low,7.759424161472246
STORE_10,SKU_247,2026-05-31,13,7,2,11.727652464494568,1.675378923499224,3.350757846998448,7.759438666476707,9.649242153001552,3.8797193332383535,Low,7.759438666476707
STORE_08,SKU_211,2026-05-31,15,7,3,13.525096525096524,1.9321566464423605,5.796469939327082,7.763345703682559,9.203530060672918,2.5877819012275194,Low,7.763345703682559
STORE_06,SKU_074,2026-05-31,17,7,3,15.31490909090909,2.187844155844156,6.563532467532468,7.7702060974451514,10.436467532467532,2.5900686991483837,Low,7.7702060974451514
STORE_03,SKU_009,2026-05-31,14,7,3,12.609523809523807,1.8013605442176868,5.40408163265306,7.771903323262841,8.59591836734694,2.5906344410876136,Low,7.771903323262841
STORE_06,SKU_146,2026-05-31,12,5,3,10.805542283803153,1.5436488976861646,4.630946693058494,7.773788468340999,7.369053306941506,2.5912628227803327,Low,7.773788468340999
STORE_13,SKU_244,2026-05-31,17,7,3,15.306521739130435,2.186645962732919,6.559937888198757,7.774463854566113,10.440062111801243,2.591487951522038,Low,7.774463854566113
STORE_06,SKU_188,2026-05-31,26,12,3,23.408,3.3440000000000003,10.032,7.775119617224879,15.968,2.59170653907496,Low,7.775119617224879
STORE_06,SKU_091,2026-05-31,13,6,3,11.7017316017316,1.6716759431045143,5.015027829313543,7.77662683585513,7.984972170686457,2.5922089452850434,Low,7.77662683585513
STORE_15,SKU_073,2026-05-31,22,10,2,19.802672007201895,2.828953143885985,5.65790628777197,7.77672830939142,16.342093712228028,3.88836415469571,Low,7.77672830939142
STORE_08,SKU_139,2026-05-31,13,6,2,11.700605516932047,1.6715150738474354,3.3430301476948707,7.777375270733905,9.65696985230513,3.8886876353669524,Low,7.777375270733905
STORE_13,SKU_010,2026-05-31,20,8,2,17.996900025833117,2.5709857179761597,5.141971435952319,7.77911750351678,14.85802856404768,3.88955875175839,Low,7.77911750351678
STORE_05,SKU_076,2026-05-31,16,7,1,14.391667594964911,2.055952513566416,2.055952513566416,7.782280910878213,13.944047486433584,7.782280910878213,Low,7.782280910878213
STORE_04,SKU_235,2026-05-31,14,7,2,12.592705167173252,1.7989578810247502,3.5979157620495004,7.782283369538982,10.4020842379505,3.891141684769491,Low,7.782283369538982
STORE_17,SKU_059,2026-05-31,14,5,2,12.585587863463969,1.7979411233519955,3.595882246703991,7.786684345869496,10.40411775329601,3.893342172934748,Low,7.786684345869496
STORE_02,SKU_073,2026-05-31,14,7,3,12.58202391667738,1.7974319880967686,5.392295964290306,7.788889978988334,8.607704035709695,2.596296659662778,Low,7.788889978988334
STORE_09,SKU_114,2026-05-31,27,12,3,24.25960591133005,3.465657987332864,10.396973961998592,7.7907283692407665,16.60302603800141,2.596909456413589,Low,7.7907283692407665
STORE_10,SKU_198,2026-05-31,17,6,1,15.272282608695651,2.181754658385093,2.181754658385093,7.791893526920751,14.818245341614908,7.791893526920751,Low,7.791893526920751
STORE_02,SKU_186,2026-05-31,14,6,3,12.576928547721776,1.796704078245968,5.390112234737904,7.792045540224686,8.609887765262096,2.5973485134082286,Low,7.792045540224686
STORE_09,SKU_026,2026-05-31,31,12,2,27.842973126750703,3.977567589535815,7.95513517907163,7.793707913739745,23.04486482092837,3.8968539568698723,Low,7.793707913739745
STORE_05,SKU_210,2026-05-31,28,10,1,25.137780207763804,3.591111458251972,3.591111458251972,7.797028949257237,24.408888541748027,7.797028949257237,Low,7.797028949257237
STORE_08,SKU_049,2026-05-31,20,11,3,17.953252145544866,2.5647503065064092,7.694250919519227,7.798030065251508,12.305749080480773,2.5993433550838363,Low,7.798030065251508
STORE_15,SKU_096,2026-05-31,23,8,3,20.6312003968254,2.9473143424036286,8.841943027210885,7.803714612009376,14.158056972789115,2.6012382040031254,Low,7.803714612009376
STORE_05,SKU_218,2026-05-31,23,11,1,20.63114949483837,2.9473070706911955,2.9473070706911955,7.8037338656423385,20.052692929308805,7.8037338656423385,Low,7.8037338656423385
STORE_08,SKU_039,2026-05-31,12,8,3,10.761094224924012,1.5372991749891445,4.611897524967434,7.805897638684895,7.388102475032566,2.6019658795616314,Low,7.805897638684895
STORE_08,SKU_125,2026-05-31,9,6,2,8.069264069264069,1.152752009894867,2.305504019789734,7.807403433476396,6.694495980210267,3.903701716738198,Low,7.807403433476396
STORE_02,SKU_030,2026-05-31,14,6,3,12.55054945054945,1.7929356357927786,5.378806907378336,7.808423080290693,8.621193092621663,2.602807693430231,Low,7.808423080290693
STORE_09,SKU_107,2026-05-31,12,5,3,10.739348370927319,1.5341926244181885,4.602577873254566,7.821703617269544,7.397422126745434,2.607234539089848,Low,7.821703617269544
STORE_12,SKU_216,2026-05-31,18,7,2,16.106301106301107,2.300900158043015,4.60180031608603,7.823025235179932,13.398199683913969,3.911512617589966,Low,7.823025235179932
STORE_15,SKU_209,2026-05-31,20,9,2,17.892353110599075,2.5560504443712966,5.112100888742593,7.824571711423847,14.887899111257408,3.9122858557119233,Low,7.824571711423847
STORE_18,SKU_209,2026-05-31,17,8,3,15.205128205128204,2.172161172161172,6.516483516483516,7.8263069139966275,10.483516483516484,2.6087689713322093,Low,7.8263069139966275
STORE_08,SKU_115,2026-05-31,31,12,3,27.72365339578454,3.960521913683506,11.881565741050519,7.827251224869066,19.11843425894948,2.6090837416230217,Low,7.827251224869066
STORE_01,SKU_085,2026-05-31,20,8,3,17.882949727437914,2.5547071039197022,7.664121311759107,7.828686102337869,12.335878688240893,2.609562034112623,Low,7.828686102337869
STORE_14,SKU_047,2026-05-31,17,7,2,15.196296296296296,2.170899470899471,4.341798941798942,7.830855471606142,12.658201058201058,3.915427735803071,Low,7.830855471606142
STORE_10,SKU_169,2026-05-31,13,6,2,11.62057957453835,1.6600827963626215,3.320165592725243,7.830934715114254,9.679834407274758,3.915467357557127,Low,7.830934715114254
STORE_02,SKU_060,2026-05-31,12,6,3,10.725995316159251,1.5322850451656074,4.596855135496822,7.831441048034934,7.403144864503178,2.6104803493449777,Low,7.831441048034934
STORE_01,SKU_139,2026-05-31,15,7,3,13.405595813204508,1.9150851161720726,5.745255348516218,7.832550038288864,9.254744651483783,2.6108500127629544,Low,7.832550038288864
STORE_05,SKU_119,2026-05-31,15,6,1,13.40187631317491,1.914553759024987,1.914553759024987,7.834723851075855,13.085446240975013,7.834723851075855,Low,7.834723851075855
STORE_08,SKU_043,2026-05-31,24,10,1,21.437788018433178,3.062541145490454,3.062541145490454,7.836629406706794,20.937458854509547,7.836629406706794,Low,7.836629406706794
STORE_09,SKU_210,2026-05-31,24,10,2,21.434331797235025,3.0620473996050035,6.124094799210007,7.837893039505508,17.875905200789994,3.918946519752754,Low,7.837893039505508
STORE_01,SKU_045,2026-05-31,15,6,1,13.387721591099492,1.912531655871356,1.912531655871356,7.843007436740151,13.087468344128643,7.843007436740151,Low,7.843007436740151
STORE_18,SKU_056,2026-05-31,17,6,2,15.16729182295574,2.166755974707963,4.333511949415926,7.84583044811554,12.666488050584075,3.92291522405777,Low,7.84583044811554
STORE_02,SKU_076,2026-05-31,13,6,3,11.588857765328354,1.655551109332622,4.966653327997866,7.852370081912179,8.033346672002134,2.6174566939707264,Low,7.852370081912179
STORE_08,SKU_247,2026-05-31,15,6,3,13.37142857142857,1.9102040816326529,5.730612244897959,7.852564102564103,9.269387755102041,2.617521367521368,Low,7.852564102564103
STORE_18,SKU_158,2026-05-31,22,9,2,19.606699507389166,2.8009570724841666,5.601914144968333,7.854458112236693,16.398085855031667,3.9272290561183465,Low,7.854458112236693
STORE_09,SKU_235,2026-05-31,20,7,3,17.803414195867024,2.5433448851238607,7.630034655371582,7.863660220436837,12.369965344628419,2.6212200734789457,Low,7.863660220436837
STORE_14,SKU_063,2026-05-31,17,6,1,15.118172268907562,2.159738895558223,2.159738895558223,7.871321869029009,14.840261104441776,7.871321869029009,Low,7.871321869029009
STORE_05,SKU_032,2026-05-31,14,5,3,12.447374847374846,1.778196406767835,5.3345892203035055,7.873146040963667,8.665410779696494,2.624382013654556,Low,7.873146040963667
STORE_02,SKU_131,2026-05-31,10,5,3,8.887733887733889,1.2696762696762698,3.8090288090288094,7.876023391812865,6.19097119097119,2.6253411306042884,Low,7.876023391812865
STORE_15,SKU_147,2026-05-31,12,7,2,10.665095951511663,1.5235851359302377,3.0471702718604754,7.876159800333901,8.952829728139525,3.9380799001669504,Low,7.876159800333901
STORE_10,SKU_210,2026-05-31,25,10,3,22.2,3.1714285714285713,9.514285714285714,7.882882882882884,15.485714285714286,2.6276276276276276,Low,7.882882882882884
STORE_14,SKU_174,2026-05-31,18,9,3,15.976023150062009,2.2822890214374296,6.846867064312288,7.88681881695389,11.153132935687712,2.628939605651297,Low,7.88681881695389
STORE_08,SKU_222,2026-05-31,12,6,3,10.64630284969268,1.5209004070989542,4.562701221296862,7.890062981105669,7.437298778703138,2.6300209937018897,Low,7.890062981105669
STORE_05,SKU_159,2026-05-31,25,12,2,22.172104818258667,3.167443545465524,6.334887090931048,7.892800500198248,18.665112909068952,3.946400250099124,Low,7.892800500198248
STORE_13,SKU_046,2026-05-31,19,8,1,16.835998822605966,2.4051426889437093,2.4051426889437093,7.899739207715955,16.59485731105629,7.899739207715955,Low,7.899739207715955
STORE_12,SKU_009,2026-05-31,21,8,2,18.60581960315952,2.6579742290227886,5.315948458045577,7.900753803666753,15.684051541954423,3.9503769018333763,Low,7.900753803666753
STORE_05,SKU_172,2026-05-31,13,6,2,11.514712551687342,1.6449589359553347,3.2899178719106694,7.902932842788598,9.710082128089331,3.951466421394299,Low,7.902932842788598
STORE_05,SKU_118,2026-05-31,24,7,1,21.25290805489059,3.036129722127227,3.036129722127227,7.904800583811911,20.963870277872772,7.904800583811911,Low,7.904800583811911
STORE_09,SKU_030,2026-05-31,15,5,2,13.279103779103778,1.897014825586254,3.794029651172508,7.907160132691317,11.205970348827492,3.9535800663456584,Low,7.907160132691317
STORE_01,SKU_006,2026-05-31,15,6,2,13.279075144508669,1.8970107349298098,3.7940214698596195,7.9071771834517355,11.205978530140381,3.9535885917258677,Low,7.9071771834517355
STORE_12,SKU_154,2026-05-31,17,7,2,15.048152295632699,2.1497360422332426,4.299472084466485,7.907947611251675,12.700527915533515,3.9539738056258376,Low,7.907947611251675
STORE_04,SKU_203,2026-05-31,17,7,2,15.034988905956649,2.147855557993807,4.295711115987614,7.9148711545010775,12.704288884012385,3.9574355772505387,Low,7.9148711545010775
STORE_16,SKU_141,2026-05-31,14,6,3,12.378325123152708,1.7683321604503868,5.304996481351161,7.9170646290990145,8.69500351864884,2.6390215430330044,Low,7.9170646290990145
STORE_15,SKU_024,2026-05-31,12,8,3,10.605423342947821,1.5150604775639744,4.5451814326919235,7.92047590027197,7.4548185673080765,2.6401586334239897,Low,7.92047590027197
STORE_15,SKU_155,2026-05-31,17,8,1,15.020072879995059,2.145724697142151,2.145724697142151,7.922731197828859,14.854275302857848,7.922731197828859,Low,7.922731197828859
STORE_18,SKU_029,2026-05-31,22,9,2,19.43411556660135,2.776302223800193,5.552604447600386,7.924209335497515,16.447395552399612,3.9621046677487577,Low,7.924209335497515
STORE_16,SKU_235,2026-05-31,32,11,3,28.26072529337817,4.037246470482596,12.111739411447786,7.926194309403868,19.888260588552214,2.6420647698012893,Low,7.926194309403868
STORE_06,SKU_141,2026-05-31,15,6,3,13.244945420028476,1.8921350600040678,5.676405180012203,7.927552486643185,9.323594819987797,2.6425174955477284,Low,7.927552486643185
STORE_15,SKU_219,2026-05-31,23,9,3,20.307437407952875,2.9010624868504107,8.703187460551232,7.928129815973166,14.296812539448768,2.6427099386577217,Low,7.928129815973166
STORE_08,SKU_032,2026-05-31,13,6,2,11.476808905380333,1.6395441293400475,3.279088258680095,7.9290333010022644,9.720911741319906,3.9645166505011322,Low,7.9290333010022644
STORE_12,SKU_196,2026-05-31,13,6,3,11.468803817823424,1.6384005454033463,4.915201636210039,7.934567671179346,8.084798363789961,2.6448558903931154,Low,7.934567671179346
STORE_10,SKU_156,2026-05-31,16,8,3,14.113507038035337,2.016215291147905,6.048645873443716,7.935660477453583,9.951354126556284,2.645220159151194,Low,7.935660477453583
STORE_18,SKU_007,2026-05-31,14,6,2,12.342857142857142,1.7632653061224488,3.5265306122448976,7.939814814814816,10.473469387755102,3.969907407407408,Low,7.939814814814816
STORE_02,SKU_027,2026-05-31,14,6,3,12.341305753070458,1.7630436790100654,5.289131037030196,7.940812905929185,8.710868962969805,2.6469376353097287,Low,7.940812905929185
STORE_13,SKU_037,2026-05-31,11,7,1,9.691876750700281,1.3845538215286115,1.3845538215286115,7.944797687861271,9.61544617847139,7.944797687861271,Low,7.944797687861271
STORE_14,SKU_153,2026-05-31,19,8,2,16.73645320197044,2.3909218859957773,4.7818437719915545,7.946725533480501,14.218156228008446,3.9733627667402507,Low,7.946725533480501
STORE_04,SKU_009,2026-05-31,12,7,2,10.565448157284893,1.5093497367549846,3.0186994735099693,7.950443629982877,8.981300526490031,3.9752218149914387,Low,7.950443629982877
STORE_12,SKU_122,2026-05-31,14,7,2,12.32401308615049,1.7605732980214985,3.521146596042997,7.951955204439915,10.478853403957004,3.9759776022199573,Low,7.951955204439915
STORE_16,SKU_224,2026-05-31,26,8,2,22.885640025990902,3.269377146570129,6.538754293140258,7.952585105476847,19.461245706859742,3.9762925527384234,Low,7.952585105476847
STORE_08,SKU_133,2026-05-31,27,11,3,23.76047261009667,3.39435323001381,10.18305969004143,7.954387233850188,16.816940309958568,2.6514624112833958,Low,7.954387233850188
STORE_09,SKU_176,2026-05-31,17,9,1,14.94612737631861,2.1351610537598016,2.1351610537598016,7.9619286657859965,14.864838946240198,7.9619286657859965,Low,7.9619286657859965
STORE_17,SKU_236,2026-05-31,15,6,3,13.185257664709717,1.8836082378156738,5.6508247134470215,7.963439370702026,9.349175286552978,2.6544797902340083,Low,7.963439370702026
STORE_14,SKU_029,2026-05-31,23,9,2,20.212504049238746,2.887500578462678,5.775001156925356,7.965366369639079,17.224998843074644,3.9826831848195394,Low,7.965366369639079
STORE_04,SKU_047,2026-05-31,22,9,3,19.331598305594913,2.7616569007992733,8.28497070239782,7.966232153470188,13.71502929760218,2.655410717823396,Low,7.966232153470188
STORE_06,SKU_169,2026-05-31,18,7,2,15.811661807580174,2.2588088296543107,4.5176176593086215,7.968801858612678,13.482382340691379,3.984400929306339,Low,7.968801858612678
STORE_02,SKU_096,2026-05-31,27,12,3,23.69651741293532,3.3852167732764746,10.155650319829423,7.975855553222759,16.844349680170577,2.65861851774092,Low,7.975855553222759
STORE_16,SKU_177,2026-05-31,13,7,3,11.407967032967035,1.6297095761381477,4.889128728414443,7.976881396748945,8.110871271585557,2.658960465582982,Low,7.976881396748945
STORE_16,SKU_229,2026-05-31,33,10,1,28.94902510513572,4.135575015019389,4.135575015019389,7.979543323516594,28.864424984980612,7.979543323516594,Low,7.979543323516594
STORE_16,SKU_247,2026-05-31,19,10,2,16.65893507727818,2.379847868182597,4.759695736365194,7.983703603083505,14.240304263634805,3.9918518015417526,Low,7.983703603083505
STORE_10,SKU_233,2026-05-31,13,6,3,11.39818763326226,1.6283125190374659,4.884937557112398,7.9837253893279705,8.115062442887602,2.6612417964426567,Low,7.9837253893279705
STORE_06,SKU_108,2026-05-31,17,7,3,14.88888888888889,2.126984126984127,6.380952380952381,7.992537313432836,10.619047619047619,2.6641791044776117,Low,7.992537313432836
STORE_12,SKU_169,2026-05-31,20,9,2,17.508361678004533,2.501194525429219,5.002389050858438,7.996179344174714,14.997610949141562,3.998089672087357,Low,7.996179344174714
STORE_10,SKU_197,2026-05-31,12,6,3,10.501519756838906,1.5002171081198437,4.500651324359531,7.998842257597684,7.499348675640469,2.6662807525325616,Low,7.998842257597684
STORE_12,SKU_174,2026-05-31,18,10,1,15.739881038734948,2.248554434104993,2.248554434104993,8.005143094151803,15.751445565895008,8.005143094151803,Low,8.005143094151803
STORE_11,SKU_021,2026-05-31,10,6,3,8.740818611879241,1.248688373125606,3.746065119376818,8.008403229517455,6.2539348806231825,2.669467743172485,Low,8.008403229517455
STORE_05,SKU_017,2026-05-31,17,7,2,14.858919687277897,2.122702812468271,4.245405624936542,8.008657594528016,12.754594375063459,4.004328797264008,Low,8.008657594528016
STORE_12,SKU_019,2026-05-31,20,8,2,17.478043868482118,2.4968634097831597,4.993726819566319,8.010049697406917,15.00627318043368,4.005024848703458,Low,8.010049697406917
STORE_17,SKU_058,2026-05-31,21,8,3,18.348898750152667,2.6212712500218096,7.863813750065429,8.011379974439988,13.136186249934571,2.670459991479996,Low,8.011379974439988
STORE_02,SKU_038,2026-05-31,23,9,4,20.08944189920867,2.8699202713155243,11.479681085262097,8.014159915828316,11.520318914737903,2.003539978957079,Low,8.014159915828316
STORE_03,SKU_118,2026-05-31,12,8,3,10.480160471384693,1.4971657816263846,4.4914973448791535,8.015144446438184,7.5085026551208465,2.671714815479395,Low,8.015144446438184
STORE_09,SKU_095,2026-05-31,12,7,4,10.47940797940798,1.4970582827725687,5.988233131090275,8.015719987718759,6.011766868909725,2.0039299969296898,Low,8.015719987718759
STORE_02,SKU_185,2026-05-31,13,6,3,11.350701966166719,1.6215288523095313,4.864586556928594,8.01712530830654,8.135413443071407,2.6723751027688465,Low,8.01712530830654
STORE_04,SKU_123,2026-05-31,14,7,3,12.218001651527663,1.7454288073610946,5.236286422083284,8.02095160854285,8.763713577916716,2.67365053618095,Low,8.02095160854285
STORE_01,SKU_008,2026-05-31,22,10,3,19.18875,2.74125,8.223749999999999,8.025535795713635,13.776250000000001,2.6751785985712115,Low,8.025535795713635
STORE_13,SKU_119,2026-05-31,12,6,4,10.455486542443065,1.4936409346347237,5.974563738538895,8.034059405940592,6.025436261461105,2.008514851485148,Low,8.034059405940592
STORE_16,SKU_207,2026-05-31,27,10,1,23.51898935324964,3.3598556218928057,3.3598556218928057,8.036059592581333,23.640144378107195,8.036059592581333,Low,8.036059592581333
STORE_15,SKU_120,2026-05-31,17,8,3,14.80715314086535,2.1153075915521926,6.345922774656578,8.036656261194413,10.654077225343421,2.6788854203981374,Low,8.036656261194413
STORE_14,SKU_074,2026-05-31,27,11,4,23.512352309344788,3.358907472763541,13.435629891054164,8.038328003654637,13.564370108945836,2.0095820009136593,Low,8.038328003654637
STORE_09,SKU_212,2026-05-31,18,7,3,15.669926403871358,2.2385609148387653,6.715682744516296,8.040880138969312,11.284317255483703,2.680293379656437,Low,8.040880138969312
STORE_17,SKU_124,2026-05-31,22,11,1,19.145402977143107,2.735057568163301,2.735057568163301,8.043706376086945,19.264942431836698,8.043706376086945,Low,8.043706376086945
STORE_04,SKU_118,2026-05-31,15,7,3,13.053046933614915,1.8647209905164164,5.594162971549249,8.04409886320092,9.405837028450751,2.68136628773364,Low,8.04409886320092
STORE_06,SKU_129,2026-05-31,26,11,1,22.62019414507376,3.231456306439109,3.231456306439109,8.045907954315062,22.76854369356089,8.045907954315062,Low,8.045907954315062
STORE_16,SKU_035,2026-05-31,19,8,3,16.528020732102366,2.3611458188717664,7.083437456615299,8.046940535455294,11.9165625433847,2.6823135118184314,Low,8.046940535455294
STORE_15,SKU_216,2026-05-31,16,8,3,13.917898193760262,1.9882711705371803,5.964813511611541,8.04719207173195,10.035186488388458,2.682397357243983,Low,8.04719207173195
STORE_09,SKU_059,2026-05-31,12,5,4,10.436806301467955,1.4909723287811365,5.963889315124546,8.04843910806175,6.036110684875454,2.0121097770154375,Low,8.04843910806175
STORE_12,SKU_086,2026-05-31,16,7,3,13.914519906323184,1.9877885580461692,5.963365674138507,8.049145838592949,10.036634325861492,2.683048612864316,Low,8.049145838592949
STORE_18,SKU_013,2026-05-31,18,8,3,15.651995193827862,2.23599931340398,6.707997940211941,8.050091917335005,11.292002059788059,2.6833639724450014,Low,8.050091917335005
STORE_17,SKU_127,2026-05-31,13,6,1,11.303340440653875,1.6147629200934106,1.6147629200934106,8.05071743859958,11.38523707990659,8.05071743859958,Low,8.05071743859958
STORE_04,SKU_058,2026-05-31,26,11,3,22.60551124002901,3.229358748575573,9.68807624572672,8.051133994161612,16.31192375427328,2.683711331387204,Low,8.051133994161612
STORE_01,SKU_203,2026-05-31,15,7,4,13.034013605442176,1.8620019436345967,7.448007774538387,8.055845511482255,7.551992225461613,2.013961377870564,Low,8.055845511482255
STORE_16,SKU_102,2026-05-31,15,6,3,13.033732718894008,1.8619618169848582,5.585885450954574,8.056019120891555,9.414114549045426,2.685339706963852,Low,8.056019120891555
STORE_13,SKU_088,2026-05-31,12,6,3,10.425464106445702,1.489352015206529,4.468056045619587,8.057195261750095,7.531943954380413,2.685731753916698,Low,8.057195261750095
STORE_18,SKU_043,2026-05-31,17,8,3,14.767989954602529,2.109712850657504,6.3291385519725125,8.057968644738478,10.670861448027487,2.6859895482461593,Low,8.057968644738478
STORE_15,SKU_161,2026-05-31,27,10,3,23.445996978851966,3.3494281398359953,10.048284419507986,8.061077554964966,16.951715580492014,2.6870258516549885,Low,8.061077554964966
STORE_09,SKU_246,2026-05-31,15,7,3,13.023487151146725,1.8604981644495322,5.581494493348597,8.062356785199016,9.418505506651403,2.687452261733005,Low,8.062356785199016
STORE_14,SKU_055,2026-05-31,15,6,3,13.014981992797118,1.8592831418281597,5.577849425484479,8.067625453351388,9.42215057451552,2.6892084844504627,Low,8.067625453351388
STORE_10,SKU_094,2026-05-31,15,6,3,13.012400635930046,1.858914376561435,5.5767431296843055,8.06922588212296,9.423256870315694,2.6897419607076536,Low,8.06922588212296
STORE_11,SKU_134,2026-05-31,12,5,4,10.403590007431545,1.4862271439187922,5.944908575675169,8.074135941535248,6.055091424324831,2.018533985383812,Low,8.074135941535248
STORE_02,SKU_007,2026-05-31,13,6,3,11.267036042725767,1.6095765775322524,4.8287297325967575,8.076658284833615,8.171270267403242,2.692219428277871,Low,8.076658284833615
STORE_15,SKU_241,2026-05-31,13,7,1,11.266139108704706,1.6094484441006724,1.6094484441006724,8.077301293900184,11.390551555899327,8.077301293900184,Low,8.077301293900184
STORE_08,SKU_095,2026-05-31,11,7,3,9.532806557619171,1.36182950823131,4.085488524693931,8.077369401612073,6.914511475306069,2.692456467204024,Low,8.077369401612073
STORE_02,SKU_235,2026-05-31,21,8,3,18.19298245614035,2.5989974937343354,7.796992481203006,8.080038572806172,13.203007518796994,2.693346190935391,Low,8.080038572806172
STORE_14,SKU_060,2026-05-31,12,6,3,10.391288298265042,1.484469756895006,4.453409270685018,8.083694493783304,7.546590729314982,2.6945648312611015,Low,8.083694493783304
STORE_10,SKU_147,2026-05-31,17,7,3,14.72013093289689,2.1028758475566987,6.308627542670096,8.08416722259284,10.691372457329905,2.6947224075309464,Low,8.08416722259284
STORE_08,SKU_203,2026-05-31,14,7,2,12.122166602490053,1.7317380860700076,3.463476172140015,8.084363399185547,10.536523827859984,4.042181699592773,Low,8.084363399185547
STORE_08,SKU_014,2026-05-31,22,9,3,19.049014477585906,2.7212877825122725,8.163863347536818,8.084407735697019,13.836136652463182,2.6948025785656724,Low,8.084407735697019
STORE_05,SKU_131,2026-05-31,20,6,1,17.316017316017316,2.473716759431045,2.473716759431045,8.084999999999999,17.526283240568954,8.084999999999999,Low,8.084999999999999
STORE_10,SKU_072,2026-05-31,15,7,4,12.978469995419147,1.8540671422027353,7.416268568810941,8.09032189750106,7.583731431189059,2.022580474375265,Low,8.09032189750106
STORE_02,SKU_002,2026-05-31,17,7,4,14.708333333333334,2.1011904761904763,8.404761904761905,8.090651558073654,8.595238095238095,2.0226628895184136,Low,8.090651558073654
STORE_06,SKU_026,2026-05-31,21,11,2,18.16336405529954,2.59476629361422,5.18953258722844,8.09321442616296,15.81046741277156,4.04660721308148,Low,8.09321442616296
STORE_16,SKU_196,2026-05-31,21,6,3,18.14209659018887,2.5917280843126957,7.775184252938088,8.10270187181655,13.224815747061912,2.7009006239388498,Low,8.10270187181655
STORE_13,SKU_047,2026-05-31,18,7,2,15.550294587696492,2.2214706553852133,4.4429413107704265,8.10274038793401,13.557058689229574,4.051370193967005,Low,8.10274038793401
STORE_17,SKU_113,2026-05-31,22,10,3,18.98889538281707,2.7126993404024384,8.138098021207316,8.110003077870113,13.861901978792684,2.703334359290037,Low,8.110003077870113
STORE_16,SKU_217,2026-05-31,23,8,2,19.841882699025557,2.8345546712893652,5.6691093425787304,8.114149369903632,17.33089065742127,4.057074684951816,Low,8.114149369903632
STORE_18,SKU_215,2026-05-31,25,10,4,21.56067588325653,3.080096554750933,12.320386219003732,8.116628669136505,12.679613780996268,2.029157167284126,Low,8.116628669136505
STORE_06,SKU_082,2026-05-31,16,7,3,13.797307404637245,1.9710439149481778,5.9131317448445335,8.117525884967748,10.086868255155466,2.7058419616559157,Low,8.117525884967748
STORE_02,SKU_036,2026-05-31,11,6,4,9.484202619595324,1.3548860885136178,5.419544354054471,8.118763705122683,5.580455645945529,2.029690926280671,Low,8.118763705122683
STORE_04,SKU_136,2026-05-31,14,6,3,12.069620253164556,1.7242314647377939,5.172694394213382,8.11955951756686,8.827305605786618,2.7065198391889527,Low,8.11955951756686
STORE_13,SKU_132,2026-05-31,17,7,3,14.618181818181817,2.088311688311688,6.264935064935065,8.140547263681594,10.735064935064935,2.7135157545605306,Low,8.140547263681594
STORE_18,SKU_039,2026-05-31,24,10,3,20.6331569664903,2.9475938523557574,8.842781557067273,8.142234379006752,15.157218442932727,2.714078126335584,Low,8.142234379006752
STORE_16,SKU_221,2026-05-31,16,7,2,13.753862433862432,1.964837490551776,3.929674981103552,8.143167094957454,12.070325018896447,4.071583547478727,Low,8.143167094957454
STORE_17,SKU_103,2026-05-31,23,10,2,19.766194581280793,2.823742083040113,5.647484166080226,8.145219826605981,17.352515833919774,4.0726099133029905,Low,8.145219826605981
STORE_12,SKU_232,2026-05-31,34,10,1,29.214528743758557,4.173504106251222,4.173504106251222,8.146631495839095,29.826495893748778,8.146631495839095,Low,8.146631495839095
STORE_14,SKU_017,2026-05-31,27,10,3,23.195504926108374,3.3136435608726247,9.940930682617875,8.148130450364354,17.059069317382125,2.716043483454784,Low,8.148130450364354
STORE_17,SKU_018,2026-05-31,16,6,3,13.745135845749342,1.9635908351070488,5.890772505321147,8.148337074066518,10.109227494678853,2.716112358022172,Low,8.148337074066518
STORE_16,SKU_095,2026-05-31,29,10,2,24.877551020408163,3.553935860058309,7.107871720116618,8.159967186218212,21.89212827988338,4.079983593109106,Low,8.159967186218212
STORE_06,SKU_213,2026-05-31,17,8,4,14.579461740643392,2.0827802486633415,8.331120994653366,8.16216689730471,8.668879005346634,2.0405417243261774,Low,8.16216689730471
STORE_05,SKU_090,2026-05-31,22,11,1,18.85982422165947,2.69426060309421,2.69426060309421,8.16550558425351,19.30573939690579,8.16550558425351,Low,8.16550558425351
STORE_12,SKU_227,2026-05-31,17,8,2,14.56931216931217,2.0813303099017384,4.162660619803477,8.167852992446253,12.837339380196523,4.0839264962231265,Low,8.167852992446253
STORE_12,SKU_063,2026-05-31,14,6,1,11.992406264831514,1.7132008949759305,1.7132008949759305,8.171837897736268,12.28679910502407,8.171837897736268,Low,8.171837897736268
STORE_16,SKU_060,2026-05-31,11,6,2,9.420485175202158,1.3457835964574512,2.6915671929149023,8.173676680972816,8.308432807085097,4.086838340486408,Low,8.173676680972816
STORE_06,SKU_173,2026-05-31,19,6,3,16.26775663361029,2.3239652333728986,6.971895700118695,8.175681687124147,12.028104299881305,2.725227229041382,Low,8.175681687124147
STORE_04,SKU_015,2026-05-31,23,10,4,19.678514102270128,2.811216300324304,11.244865201297216,8.18151203710177,11.755134798702784,2.0453780092754426,Low,8.18151203710177
STORE_17,SKU_005,2026-05-31,11,6,2,9.408963585434174,1.3441376550620248,2.6882753101240495,8.183685620720453,8.31172468987595,4.091842810360227,Low,8.183685620720453
STORE_03,SKU_030,2026-05-31,10,5,3,8.551408551408551,1.2216297930583644,3.664889379175093,8.185785953177259,6.335110620824906,2.7285953177257527,Low,8.185785953177259
STORE_15,SKU_098,2026-05-31,13,5,2,11.109020518776616,1.5870029312538023,3.1740058625076046,8.19154126560398,9.825994137492396,4.09577063280199,Low,8.19154126560398
STORE_17,SKU_102,2026-05-31,17,6,3,14.51948051948052,2.0742115027829313,6.2226345083487935,8.195885509838998,10.777365491651206,2.731961836613,Low,8.195885509838998
STORE_16,SKU_003,2026-05-31,27,10,1,23.05221674876847,3.2931738212526382,3.2931738212526382,8.198777673305413,23.706826178747363,8.198777673305413,Low,8.198777673305413
STORE_06,SKU_044,2026-05-31,18,7,4,15.363475177304965,2.1947821681864235,8.779128672745694,8.20126947489902,9.220871327254306,2.050317368724755,Low,8.20126947489902
STORE_16,SKU_151,2026-05-31,25,10,3,21.333333333333336,3.047619047619048,9.142857142857144,8.203125,15.857142857142856,2.7343749999999996,Low,8.203125
STORE_17,SKU_245,2026-05-31,22,10,2,18.773185343426366,2.6818836204894807,5.363767240978961,8.203189665621917,16.636232759021038,4.101594832810958,Low,8.203189665621917
STORE_14,SKU_057,2026-05-31,11,6,2,9.386023457820093,1.340860493974299,2.681720987948598,8.20368714674865,8.318279012051402,4.101843573374325,Low,8.20368714674865
STORE_05,SKU_098,2026-05-31,14,6,2,11.94499162085085,1.7064273744072642,3.4128547488145284,8.20427532397209,10.587145251185472,4.102137661986045,Low,8.20427532397209
STORE_15,SKU_203,2026-05-31,27,10,4,23.023411670092038,3.2890588100131484,13.156235240052593,8.209035337951912,13.843764759947407,2.052258834487978,Low,8.209035337951912
STORE_14,SKU_231,2026-05-31,10,6,3,8.527140156629759,1.218162879518537,3.6544886385556112,8.209082847732455,6.345511361444389,2.7363609492441516,Low,8.209082847732455
STORE_13,SKU_122,2026-05-31,17,7,4,14.491432737878235,2.0702046768397477,8.280818707358991,8.211748427672957,8.719181292641009,2.052937106918239,Low,8.211748427672957
STORE_04,SKU_129,2026-05-31,21,11,3,17.89412040869275,2.5563029155275356,7.668908746582607,8.214988870231876,13.331091253417393,2.738329623410625,Low,8.214988870231876
STORE_04,SKU_227,2026-05-31,26,12,2,22.145051569014704,3.163578795573529,6.327157591147058,8.218540355744933,19.672842408852944,4.1092701778724665,Low,8.218540355744933
STORE_15,SKU_137,2026-05-31,17,9,3,14.475524475524477,2.0679320679320683,6.203796203796205,8.220772946859903,10.796203796203795,2.7402576489533006,Low,8.220772946859903
STORE_03,SKU_248,2026-05-31,11,6,3,9.360958296362023,1.3372797566231462,4.011839269869439,8.225653566892262,6.988160730130561,2.7418845222974206,Low,8.225653566892262
STORE_14,SKU_092,2026-05-31,15,6,2,12.763505402160863,1.823357914594409,3.646715829188818,8.226580135440182,11.353284170811182,4.113290067720091,Low,8.226580135440182
STORE_15,SKU_249,2026-05-31,16,6,3,13.609221466364321,1.944174495194903,5.832523485584709,8.229713968342129,10.167476514415291,2.7432379894473766,Low,8.229713968342129
STORE_13,SKU_143,2026-05-31,18,7,4,15.307377049180328,2.186768149882904,8.747072599531617,8.23132530120482,9.252927400468383,2.057831325301205,Low,8.23132530120482
STORE_13,SKU_051,2026-05-31,21,8,3,17.837399014778324,2.5481998592540465,7.64459957776214,8.24111182791898,13.35540042223786,2.747037275972993,Low,8.24111182791898
STORE_06,SKU_105,2026-05-31,27,12,3,22.91958041958042,3.274225774225774,9.822677322677322,8.246224256292907,17.177322677322678,2.7487414187643022,Low,8.246224256292907
STORE_08,SKU_171,2026-05-31,26,11,2,22.059594514164147,3.1513706448805925,6.302741289761185,8.250378305147015,19.697258710238813,4.125189152573507,Low,8.250378305147015
STORE_18,SKU_004,2026-05-31,12,7,3,10.174525139664805,1.4535035913806864,4.3605107741420595,8.255913553403175,7.6394892258579405,2.751971184467725,Low,8.255913553403175
STORE_18,SKU_031,2026-05-31,11,6,1,9.326424870466322,1.3323464100666176,1.3323464100666176,8.25611111111111,9.667653589933382,8.25611111111111,Low,8.25611111111111
STORE_16,SKU_245,2026-05-31,31,10,2,26.281914893617017,3.7545592705167166,7.509118541033433,8.256628212912368,23.490881458966566,4.128314106456184,Low,8.256628212912368
STORE_06,SKU_050,2026-05-31,16,8,2,13.558481338481336,1.9369259054973338,3.8738518109946676,8.260512162385359,12.126148189005333,4.130256081192679,Low,8.260512162385359
STORE_10,SKU_059,2026-05-31,16,6,4,13.55142056822729,1.93591722403247,7.74366889612988,8.264816181898716,8.25633110387012,2.066204045474679,Low,8.264816181898716
STORE_17,SKU_092,2026-05-31,14,6,2,11.847338935574228,1.6924769907963184,3.384953981592637,8.271899751743705,10.615046018407362,4.1359498758718525,Low,8.271899751743705
STORE_15,SKU_199,2026-05-31,13,6,3,10.998095238095237,1.5711564625850338,4.713469387755102,8.274160027710426,8.2865306122449,2.7580533425701423,Low,8.274160027710426
STORE_04,SKU_199,2026-05-31,12,5,3,10.151996151996151,1.4502851645708787,4.350855493712636,8.274234814744624,7.649144506287364,2.758078271581541,Low,8.274234814744624
STORE_05,SKU_037,2026-05-31,20,7,2,16.915748961627862,2.4165355659468375,4.833071131893675,8.276311047035502,15.166928868106325,4.138155523517751,Low,8.276311047035502
STORE_01,SKU_184,2026-05-31,15,7,4,12.686507936507935,1.8123582766439907,7.249433106575963,8.27650922740069,7.750566893424037,2.0691273068501723,Low,8.27650922740069
STORE_02,SKU_229,2026-05-31,18,8,3,15.21420138303255,2.1734573404332216,6.520372021299664,8.281736045673744,11.479627978700336,2.760578681891248,Low,8.281736045673744
STORE_13,SKU_163,2026-05-31,21,10,2,17.745410591523758,2.5350586559319654,5.070117311863931,8.283831993733397,15.929882688136068,4.1419159968666985,Low,8.283831993733397
STORE_12,SKU_072,2026-05-31,26,10,2,21.96981752140448,3.13854536020064,6.27709072040128,8.28409247471825,19.72290927959872,4.142046237359125,Low,8.28409247471825
STORE_18,SKU_113,2026-05-31,27,11,2,22.813756613756613,3.259108087679516,6.518216175359032,8.284475161185584,20.481783824640967,4.142237580592792,Low,8.284475161185584
STORE_09,SKU_196,2026-05-31,18,6,3,15.198708706826302,2.171244100975186,6.5137323029255585,8.29017796382983,11.486267697074442,2.7633926546099437,Low,8.29017796382983
STORE_05,SKU_190,2026-05-31,32,12,2,27.001514041514042,3.85735914878772,7.71471829757544,8.295831102493235,24.28528170242456,4.1479155512466175,Low,8.295831102493235
STORE_05,SKU_220,2026-05-31,20,7,2,16.866165413533835,2.409452201933405,4.81890440386681,8.300641940085592,15.18109559613319,4.150320970042796,Low,8.300641940085592
STORE_08,SKU_102,2026-05-31,15,6,3,12.649240121580547,1.8070343030829352,5.4211029092488054,8.300893886966552,9.578897090751195,2.7669646289888505,Low,8.300893886966552
STORE_02,SKU_142,2026-05-31,16,11,3,13.490725343635397,1.9272464776621996,5.7817394329865985,8.301999866362925,10.218260567013402,2.767333288787642,Low,8.301999866362925
STORE_06,SKU_197,2026-05-31,16,6,3,13.489479512735326,1.9270685018193323,5.781205505457997,8.302766603727116,10.218794494542003,2.767588867909039,Low,8.302766603727116
STORE_05,SKU_068,2026-05-31,15,7,1,12.646370023419204,1.8066242890598863,1.8066242890598863,8.302777777777777,13.193375710940114,8.302777777777777,Low,8.302777777777777
STORE_03,SKU_067,2026-05-31,17,10,4,14.323516060251734,2.046216580035962,8.184866320143849,8.30801595777375,8.815133679856151,2.0770039894434373,Low,8.30801595777375
STORE_18,SKU_224,2026-05-31,22,8,1,18.53526625704045,2.6478951795772074,2.6478951795772074,8.308485989053677,19.35210482042279,8.308485989053677,Low,8.308485989053677
STORE_01,SKU_094,2026-05-31,11,6,4,9.254863964033797,1.3221234234333996,5.2884936937335985,8.319949412464299,5.7115063062664015,2.0799873531160746,Low,8.319949412464299
STORE_05,SKU_169,2026-05-31,14,6,1,11.778835978835978,1.6826908541194254,1.6826908541194254,8.32000718713503,12.317309145880575,8.32000718713503,Low,8.32000718713503
STORE_05,SKU_116,2026-05-31,34,12,1,28.58674275397363,4.083820393424804,4.083820393424804,8.325537541940395,29.916179606575195,8.325537541940395,Low,8.325537541940395
STORE_08,SKU_048,2026-05-31,23,12,3,19.335276756588826,2.762182393798404,8.28654718139521,8.326749186309758,14.71345281860479,2.7755830621032533,Low,8.326749186309758
STORE_05,SKU_064,2026-05-31,26,12,3,21.855287569573285,3.1221839385104695,9.366551815531409,8.327504244482173,16.63344818446859,2.7758347481607237,Low,8.327504244482173
STORE_16,SKU_211,2026-05-31,31,9,2,26.05779114153498,3.7225415916478544,7.445083183295709,8.32764369095397,23.554916816704292,4.163821845476985,Low,8.32764369095397
STORE_08,SKU_067,2026-05-31,22,10,2,18.490511162166825,2.641501594595261,5.283003189190522,8.328596145848971,16.716996810809476,4.164298072924486,Low,8.328596145848971
STORE_12,SKU_087,2026-05-31,15,6,1,12.606274331802865,1.800896333114695,1.800896333114695,8.329185708350645,13.199103666885305,8.329185708350645,Low,8.329185708350645
STORE_09,SKU_069,2026-05-31,27,10,2,22.686208771293945,3.2408869673277065,6.481773934655413,8.331052663111857,20.518226065344585,4.165526331555928,Low,8.331052663111857
STORE_01,SKU_029,2026-05-31,19,7,1,15.961965294592412,2.2802807563703444,2.2802807563703444,8.332307303353033,16.719719243629655,8.332307303353033,Low,8.332307303353033
STORE_08,SKU_194,2026-05-31,24,11,3,20.143470556161397,2.8776386508801997,8.632915952640598,8.340171547480079,15.367084047359402,2.7800571824933598,Low,8.340171547480079
STORE_17,SKU_159,2026-05-31,19,8,3,15.946675822204913,2.2780965460292735,6.834289638087821,8.340296214889152,12.16571036191218,2.7800987382963838,Low,8.340296214889152
STORE_02,SKU_012,2026-05-31,18,6,3,15.100297914597816,2.1571854163711164,6.471556249113349,8.344206234381165,11.528443750886652,2.7814020781270554,Low,8.344206234381165
STORE_16,SKU_026,2026-05-31,25,9,2,20.94927345317472,2.992753350453531,5.985506700907062,8.353511657153913,19.014493299092937,4.176755828576956,Low,8.353511657153913
STORE_10,SKU_061,2026-05-31,12,6,3,10.047813411078717,1.4354019158683882,4.306205747605165,8.360027855153204,7.693794252394835,2.786675951717734,Low,8.360027855153204
STORE_06,SKU_242,2026-05-31,30,12,2,25.106982703395257,3.586711814770751,7.173423629541502,8.364206981016535,22.826576370458497,4.1821034905082675,Low,8.364206981016535
STORE_18,SKU_094,2026-05-31,21,9,3,17.569164014125768,2.509880573446538,7.529641720339614,8.366931965676379,13.470358279660385,2.7889773218921263,Low,8.366931965676379
STORE_06,SKU_145,2026-05-31,22,11,3,18.391907294832826,2.627415327833261,7.882245983499783,8.373247947115633,14.117754016500218,2.791082649038544,Low,8.373247947115633
STORE_05,SKU_029,2026-05-31,19,7,3,15.881843131590351,2.268834733084336,6.806504199253007,8.374342883128694,12.193495800746993,2.791447627709565,Low,8.374342883128694
STORE_16,SKU_061,2026-05-31,17,5,1,14.203305785123966,2.029043683589138,2.029043683589138,8.378331199813802,14.970956316410863,8.378331199813802,Low,8.378331199813802
STORE_05,SKU_154,2026-05-31,19,9,2,15.873301435406699,2.2676144907723854,4.535228981544771,8.37884926089368,14.46477101845523,4.18942463044684,Low,8.37884926089368
STORE_18,SKU_138,2026-05-31,25,10,4,20.88063119676023,2.98294731382289,11.93178925529156,8.380972699098887,13.06821074470844,2.0952431747747218,Low,8.380972699098887
STORE_06,SKU_172,2026-05-31,10,5,2,8.34961863533292,1.192802662190417,2.385605324380834,8.383616432944896,7.614394675619166,4.191808216472448,Low,8.383616432944896
STORE_10,SKU_205,2026-05-31,21,9,2,17.53340749950919,2.5047724999298846,5.009544999859769,8.383994953868205,15.99045500014023,4.191997476934103,Low,8.383994953868205
STORE_07,SKU_089,2026-05-31,12,7,3,10.018236449098591,1.4311766355855131,4.29352990675654,8.38470926762345,7.70647009324346,2.7949030892078164,Low,8.38470926762345
STORE_10,SKU_159,2026-05-31,28,12,3,23.374707259953162,3.339243894279023,10.01773168283707,8.385131750325618,17.98226831716293,2.795043916775206,Low,8.385131750325618
STORE_18,SKU_146,2026-05-31,12,5,2,10.017718715393134,1.4311026736275905,2.862205347255181,8.385142604466063,9.13779465274482,4.1925713022330315,Low,8.385142604466063
STORE_15,SKU_082,2026-05-31,17,9,3,14.191281358769043,2.0273259083955777,6.081977725186733,8.385430250557874,10.918022274813268,2.795143416852625,Low,8.385430250557874
STORE_08,SKU_046,2026-05-31,24,11,3,20.03203920090464,2.86171988584352,8.58515965753056,8.386565057860567,15.41484034246944,2.795521685953523,Low,8.386565057860567
STORE_02,SKU_135,2026-05-31,24,9,1,20.02917505030181,2.861310721471687,2.861310721471687,8.387764327690995,21.138689278528314,8.387764327690995,Low,8.387764327690995
STORE_08,SKU_099,2026-05-31,22,11,4,18.357237339380195,2.6224624770543135,10.489849908217254,8.389061880767708,11.510150091782746,2.097265470191927,Low,8.389061880767708
STORE_18,SKU_136,2026-05-31,12,6,3,10.011672016340823,1.4302388594772604,4.290716578431781,8.390206936753133,7.709283421568219,2.7967356455843775,Low,8.390206936753133
STORE_08,SKU_234,2026-05-31,9,6,4,7.506114130434783,1.0723020186335404,4.289208074534161,8.393157751832746,4.710791925465839,2.0982894379581865,Low,8.393157751832746
STORE_15,SKU_046,2026-05-31,18,8,3,15.010928961748634,2.1444184231069476,6.433255269320843,8.393884237349836,11.566744730679158,2.7979614124499457,Low,8.393884237349836
STORE_03,SKU_032,2026-05-31,11,6,3,9.173023826567134,1.3104319752238762,3.9312959256716287,8.394178567049039,7.068704074328371,2.79805952234968,Low,8.394178567049039
STORE_13,SKU_021,2026-05-31,15,6,2,12.504723568553356,1.7863890812219079,3.5727781624438157,8.396826960977533,11.427221837556184,4.1984134804887665,Low,8.396826960977533
STORE_14,SKU_009,2026-05-31,23,9,2,19.169458662944006,2.7384940947062866,5.476988189412573,8.39877655550206,17.523011810587427,4.19938827775103,Low,8.39877655550206
STORE_14,SKU_041,2026-05-31,21,9,3,17.502198942531006,2.5003141346472866,7.50094240394186,8.398944640195149,13.49905759605814,2.799648213398383,Low,8.398944640195149
STORE_05,SKU_179,2026-05-31,17,7,3,14.167713042919281,2.0239590061313257,6.071877018393977,8.399379606257176,10.928122981606023,2.7997932020857257,Low,8.399379606257176
STORE_08,SKU_126,2026-05-31,22,11,3,18.334645999162127,2.619235142737447,7.857705428212341,8.399398603443863,14.142294571787659,2.799799534481288,Low,8.399398603443863
STORE_17,SKU_125,2026-05-31,15,6,3,12.496240601503759,1.7851772287862513,5.355531686358754,8.402527075812275,9.644468313641246,2.8008423586040916,Low,8.402527075812275
STORE_08,SKU_016,2026-05-31,23,10,3,19.160603371783502,2.7372290531119288,8.211687159335787,8.402658145781233,14.788312840664213,2.8008860485937443,Low,8.402658145781233
STORE_13,SKU_087,2026-05-31,13,6,3,10.829081632653061,1.5470116618075802,4.64103498542274,8.403297997644287,8.35896501457726,2.801099332548096,Low,8.403297997644287
STORE_10,SKU_048,2026-05-31,28,11,3,23.307700806540716,3.3296715437915307,9.989014631374593,8.409237857772636,18.010985368625406,2.803079285924212,Low,8.409237857772636
STORE_18,SKU_174,2026-05-31,20,10,4,16.619047619047617,2.3741496598639453,9.496598639455781,8.42406876790831,10.503401360544219,2.1060171919770774,Low,8.42406876790831
STORE_02,SKU_098,2026-05-31,10,5,3,8.308599954617653,1.1869428506596649,3.560828551978995,8.425005462093074,6.439171448021005,2.8083351540310244,Low,8.425005462093074
STORE_17,SKU_048,2026-05-31,16,8,2,13.286755349913244,1.8981079071304634,3.796215814260927,8.429446998189164,12.203784185739073,4.214723499094582,Low,8.429446998189164
STORE_08,SKU_012,2026-05-31,10,6,3,8.303765950824774,1.1862522786892533,3.5587568360677597,8.429910044977513,6.44124316393224,2.8099700149925044,Low,8.429910044977513
STORE_16,SKU_009,2026-05-31,33,9,2,27.40152126592804,3.91450303798972,7.82900607597944,8.43018888470375,25.17099392402056,4.215094442351875,Low,8.43018888470375
STORE_17,SKU_060,2026-05-31,13,5,2,10.792740780522735,1.5418201115032477,3.0836402230064954,8.431593220901254,9.916359776993504,4.215796610450627,Low,8.431593220901254
STORE_17,SKU_122,2026-05-31,15,7,2,12.448351648351649,1.7783359497645213,3.5566718995290425,8.434851694915254,11.443328100470957,4.217425847457627,Low,8.434851694915254
STORE_18,SKU_118,2026-05-31,23,10,3,19.079438790633336,2.7256341129476196,8.176902338842858,8.438403339150609,14.823097661157142,2.8128011130502033,Low,8.438403339150609
STORE_08,SKU_070,2026-05-31,18,8,4,14.908271644673318,2.1297530920961885,8.519012368384754,8.451683937823834,9.480987631615246,2.1129209844559584,Low,8.451683937823834
STORE_06,SKU_072,2026-05-31,17,7,3,14.079291617473434,2.011327373924776,6.033982121774328,8.452129782745056,10.96601787822567,2.8173765942483517,Low,8.452129782745056
STORE_18,SKU_205,2026-05-31,15,7,1,12.422516259250953,1.7746451798929932,1.7746451798929932,8.452393847487002,13.225354820107007,8.452393847487002,Low,8.452393847487002
STORE_05,SKU_011,2026-05-31,11,6,2,9.103896103896105,1.3005565862708721,2.6011131725417442,8.457917261055634,8.398886827458256,4.228958630527817,Low,8.457917261055634
STORE_01,SKU_093,2026-05-31,20,11,3,16.542219071251328,2.363174153035904,7.0895224591077115,8.463193444421588,12.910477540892288,2.821064481473863,Low,8.463193444421588
STORE_02,SKU_080,2026-05-31,15,9,2,12.397006802721089,1.7710009718172983,3.5420019436345966,8.469786430782063,11.457998056365403,4.234893215391032,Low,8.469786430782063
STORE_02,SKU_159,2026-05-31,30,12,4,24.793887223135698,3.5419838890193853,14.167935556077541,8.469829603969666,15.832064443922459,2.1174574009924165,Low,8.469829603969666
STORE_17,SKU_088,2026-05-31,17,7,2,14.04,2.005714285714286,4.011428571428572,8.475783475783475,12.98857142857143,4.237891737891737,Low,8.475783475783475
STORE_16,SKU_106,2026-05-31,15,6,3,12.385185185185184,1.7693121693121692,5.307936507936508,8.47787081339713,9.692063492063493,2.825956937799043,Low,8.47787081339713
STORE_08,SKU_231,2026-05-31,18,6,3,14.822695035460992,2.1175278622087133,6.35258358662614,8.500478468899521,11.647416413373861,2.833492822966507,Low,8.500478468899521
STORE_17,SKU_146,2026-05-31,14,6,3,11.522084033613446,1.646012004801921,4.938036014405762,8.505405768097507,9.061963985594238,2.835135256032503,Low,8.505405768097507
STORE_16,SKU_241,2026-05-31,14,7,1,11.51978021978022,1.6456828885400314,1.6456828885400314,8.5071067442526,12.354317111459968,8.5071067442526,Low,8.5071067442526
STORE_18,SKU_121,2026-05-31,20,9,1,16.45141395221344,2.3502019931733487,2.3502019931733487,8.509906832729342,17.64979800682665,8.509906832729342,Low,8.509906832729342
STORE_12,SKU_125,2026-05-31,16,6,1,13.154860143607328,1.8792657348010469,1.8792657348010469,8.513963567634505,14.120734265198953,8.513963567634505,Low,8.513963567634505
STORE_12,SKU_133,2026-05-31,17,8,3,13.97423887587822,1.9963198394111743,5.988959518233523,8.515669515669515,11.011040481766477,2.838556505223172,Low,8.515669515669515
STORE_13,SKU_106,2026-05-31,15,7,3,12.330022918258212,1.761431845465459,5.284295536396376,8.515799256505575,9.715704463603624,2.8385997521685256,Low,8.515799256505575
STORE_13,SKU_200,2026-05-31,20,9,1,16.436116700201207,2.3480166714573154,2.3480166714573154,8.517827084927314,17.651983328542684,8.517827084927314,Low,8.517827084927314
STORE_09,SKU_050,2026-05-31,17,7,3,13.970352879443787,1.9957646970633982,5.987294091190194,8.518038236177885,11.012705908809806,2.8393460787259617,Low,8.518038236177885
STORE_16,SKU_018,2026-05-31,20,6,3,16.433969716919023,2.3477099595598605,7.043129878679581,8.518939879502629,12.956870121320419,2.8396466265008766,Low,8.518939879502629
STORE_05,SKU_173,2026-05-31,14,5,2,11.494497508305647,1.6420710726150924,3.284142145230185,8.525818543106174,10.715857854769816,4.262909271553087,Low,8.525818543106174
STORE_18,SKU_022,2026-05-31,15,6,4,12.315333789017998,1.7593333984311426,7.03733359372457,8.525956486346482,7.96266640627543,2.1314891215866205,Low,8.525956486346482
STORE_06,SKU_109,2026-05-31,21,8,3,17.23876821868088,2.462681174097269,7.388043522291807,8.527291401290649,13.611956477708194,2.8424304670968827,Low,8.527291401290649
STORE_16,SKU_112,2026-05-31,18,6,1,14.774964838255977,2.1107092626079966,2.1107092626079966,8.527939076630176,15.889290737392002,8.527939076630176,Low,8.527939076630176
STORE_13,SKU_020,2026-05-31,22,10,3,18.0546202565907,2.5792314652272426,7.737694395681728,8.529672616281337,14.262305604318271,2.8432242054271124,Low,8.529672616281337
STORE_10,SKU_093,2026-05-31,23,10,3,18.874873076622666,2.696410439517524,8.08923131855257,8.529858682832964,14.91076868144743,2.8432862276109883,Low,8.529858682832964
STORE_13,SKU_013,2026-05-31,18,7,4,14.766955634880162,2.109565090697166,8.438260362788665,8.532564403619034,9.561739637211335,2.1331411009047585,Low,8.532564403619034
STORE_10,SKU_038,2026-05-31,26,9,3,21.323152954561614,3.0461647077945164,9.138494123383548,8.53532310103629,16.86150587661645,2.8451077003454306,Low,8.53532310103629
STORE_15,SKU_140,2026-05-31,13,7,4,10.660585089650834,1.5229407270929762,6.091762908371905,8.536116848627914,6.908237091628095,2.1340292121569786,Low,8.536116848627914
STORE_16,SKU_239,2026-05-31,19,7,2,15.572972972972972,2.2247104247104246,4.449420849420849,8.540437348143007,14.55057915057915,4.270218674071503,Low,8.540437348143007
STORE_09,SKU_233,2026-05-31,13,6,2,10.650562402076561,1.521508914582366,3.043017829164732,8.544149742013394,9.956982170835268,4.272074871006697,Low,8.544149742013394
STORE_15,SKU_133,2026-05-31,21,8,4,17.197446621175434,2.4567780887393478,9.827112354957391,8.547780565226295,11.172887645042609,2.136945141306574,Low,8.547780565226295
STORE_18,SKU_023,2026-05-31,18,9,1,14.73961661341853,2.105659516202647,2.105659516202647,8.548390592825404,15.894340483797354,8.548390592825404,Low,8.548390592825404
STORE_06,SKU_117,2026-05-31,19,7,3,15.556312539919098,2.2223303628455855,6.666991088536756,8.549583949198007,12.333008911463244,2.849861316399336,Low,8.549583949198007
STORE_13,SKU_198,2026-05-31,14,6,3,11.454463582123157,1.6363519403033082,4.909055820909924,8.555616707616707,9.090944179090076,2.8518722358722357,Low,8.555616707616707
STORE_13,SKU_250,2026-05-31,28,10,2,22.89980732177264,3.27140104596752,6.54280209193504,8.55902397980648,21.45719790806496,4.27951198990324,Low,8.55902397980648
STORE_18,SKU_120,2026-05-31,22,9,2,17.99218045112782,2.57031149301826,5.14062298603652,8.559273870018721,16.85937701396348,4.279636935009361,Low,8.559273870018721
STORE_05,SKU_002,2026-05-31,19,7,3,15.536883629191323,2.219554804170189,6.658664412510568,8.560275224699131,12.341335587489432,2.85342507489971,Low,8.560275224699131
STORE_13,SKU_213,2026-05-31,19,10,2,15.519770408163264,2.217110058309038,4.434220116618076,8.569714403123074,14.565779883381925,4.284857201561537,Low,8.569714403123074
STORE_06,SKU_128,2026-05-31,18,9,3,14.697938646323648,2.0997055209033784,6.299116562710135,8.57263069549661,11.700883437289864,2.8575435651655368,Low,8.57263069549661
STORE_17,SKU_120,2026-05-31,16,8,3,13.063096425010682,1.8661566321443832,5.59846989643315,8.57377120676872,10.40153010356685,2.8579237355895737,Low,8.57377120676872
STORE_12,SKU_149,2026-05-31,27,10,2,22.018032458425164,3.1454332083464522,6.2908664166929045,8.583873257379972,20.709133583307096,4.291936628689986,Low,8.583873257379972
STORE_13,SKU_098,2026-05-31,11,6,3,8.963689712085092,1.2805271017264417,3.841581305179325,8.59021256572352,7.158418694820675,2.8634041885745067,Low,8.59021256572352
STORE_06,SKU_149,2026-05-31,13,7,3,10.593107133315522,1.5133010190450746,4.5399030571352235,8.590491803278688,8.460096942864777,2.863497267759563,Low,8.590491803278688
STORE_17,SKU_041,2026-05-31,17,9,4,13.852195423623993,1.9788850605177133,7.915540242070853,8.590696013214878,9.084459757929146,2.1476740033037194,Low,8.590696013214878
STORE_18,SKU_179,2026-05-31,23,10,3,18.730040451351925,2.6757200644788464,8.02716019343654,8.595816993464053,14.97283980656346,2.865272331154684,Low,8.595816993464053
STORE_15,SKU_211,2026-05-31,20,9,3,16.285013832188316,2.3264305474554736,6.979291642366421,8.596860981676388,13.020708357633579,2.8656203272254626,Low,8.596860981676388
STORE_04,SKU_186,2026-05-31,15,6,3,12.211865211200758,1.7445521730286797,5.233656519086039,8.59819513105121,9.76634348091396,2.8660650436837365,Low,8.59819513105121
STORE_14,SKU_048,2026-05-31,22,8,2,17.90556900726392,2.5579384296091314,5.115876859218263,8.600676132521976,16.88412314078174,4.300338066260988,Low,8.600676132521976
STORE_14,SKU_175,2026-05-31,16,7,2,13.016812011148073,1.8595445730211533,3.7190891460423066,8.604257317696462,12.280910853957693,4.302128658848231,Low,8.604257317696462
STORE_13,SKU_176,2026-05-31,13,6,3,10.574165953806673,1.5105951362580963,4.531785408774288,8.605879688056174,8.468214591225712,2.868626562685392,Low,8.605879688056174
STORE_15,SKU_183,2026-05-31,24,9,3,19.520739703823764,2.788677100546252,8.366031301638756,8.606231246815499,15.633968698361244,2.8687437489384995,Low,8.606231246815499
STORE_06,SKU_083,2026-05-31,21,8,3,17.07817339070067,2.4397390558143814,7.319217167443144,8.60747789807801,13.680782832556856,2.8691592993593367,Low,8.60747789807801
STORE_09,SKU_168,2026-05-31,23,11,3,18.695756528417817,2.6708223612025455,8.012467083607635,8.61157983926875,14.987532916392365,2.870526613089584,Low,8.61157983926875
STORE_15,SKU_234,2026-05-31,22,9,2,17.875551571980143,2.553650224568592,5.107300449137184,8.61511877716794,16.892699550862815,4.30755938858397,Low,8.61511877716794
STORE_15,SKU_062,2026-05-31,25,10,2,20.311251405344635,2.901607343620662,5.803214687241324,8.615914229388697,19.196785312758678,4.307957114694348,Low,8.615914229388697
STORE_12,SKU_038,2026-05-31,20,7,2,16.248722208024535,2.321246029717791,4.642492059435582,8.61606212523346,15.357507940564417,4.30803106261673,Low,8.61606212523346
STORE_14,SKU_081,2026-05-31,17,8,3,13.798632946001366,1.971233278000195,5.913699834000585,8.62404271971626,11.086300165999415,2.8746809065720864,Low,8.62404271971626
STORE_09,SKU_160,2026-05-31,25,12,3,20.274220728766185,2.8963172469665976,8.688951740899792,8.631651117011877,16.311048259100208,2.8772170390039595,Low,8.631651117011877
STORE_05,SKU_055,2026-05-31,18,7,2,14.592081736909323,2.0845831052727606,4.169166210545521,8.634820053213835,13.830833789454479,4.317410026606917,Low,8.634820053213835
STORE_14,SKU_015,2026-05-31,19,8,3,15.402597402597403,2.2003710575139146,6.601113172541744,8.634907251264755,12.398886827458256,2.8783024170882516,Low,8.634907251264755
STORE_14,SKU_209,2026-05-31,14,8,3,11.342463054187192,1.6203518648838846,4.861055594651654,8.64009867449577,9.138944405348347,2.88003289149859,Low,8.64009867449577
STORE_02,SKU_129,2026-05-31,29,11,2,23.47715829977857,3.353879757111224,6.707759514222448,8.646702356729207,22.29224048577755,4.323351178364604,Low,8.646702356729207
STORE_04,SKU_191,2026-05-31,24,12,2,19.42078237789299,2.7743974825561417,5.548794965112283,8.650526880484344,18.451205034887717,4.325263440242172,Low,8.650526880484344
STORE_14,SKU_062,2026-05-31,26,11,2,21.024065540194574,3.0034379343135105,6.006875868627021,8.656746225036532,19.99312413137298,4.328373112518266,Low,8.656746225036532
STORE_08,SKU_177,2026-05-31,18,9,3,14.541573660714285,2.0773676658163263,6.232102997448979,8.664811865610071,11.76789700255102,2.888270621870024,Low,8.664811865610071
STORE_05,SKU_249,2026-05-31,18,7,2,14.54054054054054,2.077220077220077,4.154440154440154,8.66542750929368,13.845559845559846,4.33271375464684,Low,8.66542750929368
STORE_08,SKU_073,2026-05-31,16,7,1,12.920168067226891,1.8457382953181274,1.8457382953181274,8.668617886178861,14.154261704681872,8.668617886178861,Low,8.668617886178861
STORE_04,SKU_220,2026-05-31,17,7,3,13.726708074534159,1.9609582963620227,5.882874889086068,8.66923076923077,11.117125110913932,2.88974358974359,Low,8.66923076923077
STORE_13,SKU_173,2026-05-31,10,6,2,8.06530612244898,1.152186588921283,2.304373177842566,8.67914979757085,7.695626822157434,4.339574898785425,Low,8.67914979757085
STORE_13,SKU_093,2026-05-31,15,7,3,12.096804511278195,1.7281149301825993,5.184344790547798,8.679978245668558,9.815655209452203,2.8933260818895192,Low,8.679978245668558
STORE_02,SKU_243,2026-05-31,25,10,4,20.1557724539091,2.8793960648441574,11.51758425937663,8.682376247309723,13.48241574062337,2.1705940618274306,Low,8.682376247309723
STORE_10,SKU_118,2026-05-31,20,7,3,16.119503828696164,2.3027862612423093,6.9083587837269285,8.685130850663656,13.091641216273072,2.8950436168878855,Low,8.685130850663656
STORE_05,SKU_005,2026-05-31,15,6,3,12.081967213114753,1.7259953161592505,5.177985948477751,8.690637720488468,9.822014051522249,2.8968792401628227,Low,8.690637720488468
STORE_01,SKU_061,2026-05-31,15,6,2,12.081632653061224,1.725947521865889,3.451895043731778,8.690878378378379,11.548104956268222,4.3454391891891895,Low,8.690878378378379
STORE_05,SKU_105,2026-05-31,35,12,3,28.16509200450806,4.02358457207258,12.070753716217741,8.698711154956841,22.92924628378226,2.8995703849856134,Low,8.698711154956841
STORE_05,SKU_182,2026-05-31,21,8,1,16.876531257664354,2.4109330368091935,2.4109330368091935,8.710320726200239,18.589066963190806,8.710320726200239,Low,8.710320726200239
STORE_18,SKU_245,2026-05-31,21,10,2,16.86902518263242,2.40986074037606,4.81972148075212,8.714196487853044,16.180278519247878,4.357098243926522,Low,8.714196487853044
STORE_14,SKU_224,2026-05-31,21,8,1,16.86174924703242,2.4088213210046314,2.4088213210046314,8.717956710563184,18.59117867899537,8.717956710563184,Low,8.717956710563184
STORE_10,SKU_236,2026-05-31,12,6,3,9.633540372670808,1.3762200532386868,4.128660159716061,8.71953578336557,7.871339840283939,2.9065119277885234,Low,8.71953578336557
STORE_14,SKU_180,2026-05-31,15,7,3,12.03914225309574,1.7198774647279629,5.159632394183888,8.721551568426758,9.840367605816112,2.9071838561422525,Low,8.721551568426758
STORE_14,SKU_230,2026-05-31,14,7,2,11.236366887180404,1.6051952695972005,3.210390539194401,8.721680324608164,10.789609460805599,4.360840162304082,Low,8.721680324608164
STORE_04,SKU_146,2026-05-31,13,6,3,10.433673469387756,1.490524781341108,4.471574344023324,8.721760391198043,8.528425655976676,2.907253463732681,Low,8.721760391198043
STORE_15,SKU_005,2026-05-31,10,6,3,8.024844720496894,1.1464063886424134,3.4392191659272404,8.722910216718267,6.56078083407276,2.907636738906089,Low,8.722910216718267
STORE_05,SKU_140,2026-05-31,23,9,2,18.44963478851707,2.6356621126452957,5.271324225290591,8.72646000018414,17.72867577470941,4.36323000009207,Low,8.72646000018414
STORE_01,SKU_106,2026-05-31,16,6,3,12.82560917343526,1.832229881919323,5.496689645757969,8.732528684249738,10.503310354242032,2.910842894749913,Low,8.732528684249738
STORE_06,SKU_185,2026-05-31,14,6,3,11.221848739495798,1.6031212484993997,4.8093637454981994,8.732963905945784,9.1906362545018,2.9109879686485947,Low,8.732963905945784
STORE_10,SKU_172,2026-05-31,14,6,3,11.221518016866854,1.6030740024095507,4.809222007228652,8.73322128545336,9.190777992771348,2.911073761817787,Low,8.73322128545336
STORE_18,SKU_135,2026-05-31,13,6,3,10.415247179953063,1.487892454279009,4.463677362837027,8.737190623296383,8.536322637162973,2.912396874432128,Low,8.737190623296383
STORE_15,SKU_100,2026-05-31,24,10,2,19.224406779661017,2.7463438256658597,5.492687651331719,8.738891239949217,18.50731234866828,4.369445619974608,Low,8.738891239949217
STORE_09,SKU_188,2026-05-31,23,12,2,18.41584731058415,2.63083533008345,5.2616706601669,8.742470399799002,17.7383293398331,4.371235199899501,Low,8.742470399799002
STORE_04,SKU_005,2026-05-31,15,6,2,11.996435996435995,1.713776570919428,3.427553141838856,8.752599524658349,11.572446858161143,4.376299762329174,Low,8.752599524658349
STORE_05,SKU_215,2026-05-31,21,8,2,16.791821471066754,2.398831638723822,4.797663277447644,8.75426172516717,16.202336722552356,4.377130862583585,Low,8.75426172516717
STORE_08,SKU_061,2026-05-31,12,6,2,9.590476190476192,1.3700680272108845,2.740136054421769,8.758689175769613,9.259863945578232,4.379344587884806,Low,8.758689175769613
STORE_08,SKU_005,2026-05-31,16,6,3,12.782755705832628,1.8261079579760897,5.478323873928269,8.761803994180665,10.521676126071732,2.920601331393555,Low,8.761803994180665
STORE_18,SKU_116,2026-05-31,18,8,3,14.362026165716202,2.051718023673743,6.155154071021229,8.773135388151319,11.84484592897877,2.924378462717106,Low,8.773135388151319
STORE_18,SKU_012,2026-05-31,17,7,3,13.541299422882938,1.934471346126134,5.803414038378402,8.787930632336977,11.196585961621597,2.9293102107789926,Low,8.787930632336977
STORE_07,SKU_090,2026-05-31,18,10,3,14.323785509334591,2.0462550727620843,6.138765218286252,8.796557300993355,11.861234781713748,2.932185766997785,Low,8.796557300993355
STORE_04,SKU_242,2026-05-31,26,11,3,20.6627068815331,2.951815268790443,8.855445806371328,8.808139274465487,17.14455419362867,2.9360464248218294,Low,8.808139274465487
STORE_09,SKU_102,2026-05-31,12,6,2,9.531405279503106,1.361629325643301,2.723258651286602,8.812971176520898,9.276741348713397,4.406485588260449,Low,8.812971176520898
STORE_10,SKU_249,2026-05-31,15,6,2,11.912108197709463,1.7017297425299234,3.4034594850598467,8.814560635051155,11.596540514940154,4.4072803175255775,Low,8.814560635051155
STORE_01,SKU_151,2026-05-31,19,7,2,15.082942097026605,2.1547060138609435,4.309412027721887,8.817908279726083,14.690587972278113,4.408954139863042,Low,8.817908279726083
STORE_01,SKU_014,2026-05-31,17,9,1,13.489899909008187,1.927128558429741,1.927128558429741,8.821414599268824,15.072871441570259,8.821414599268824,Low,8.821414599268824
STORE_15,SKU_174,2026-05-31,24,9,3,19.02919062361787,2.718455803373981,8.155367410121944,8.828541545613016,15.844632589878056,2.9428471818710054,Low,8.828541545613016
STORE_09,SKU_155,2026-05-31,24,11,3,19.0225629223497,2.7175089889071,8.1525269667213,8.831617521034246,15.8474730332787,2.943872507011415,Low,8.831617521034246
STORE_09,SKU_175,2026-05-31,28,11,4,22.18547077922078,3.169352968460111,12.677411873840445,8.834610811305224,15.322588126159555,2.208652702826306,Low,8.834610811305224
STORE_12,SKU_028,2026-05-31,20,10,2,15.840607541899441,2.262943934557063,4.525887869114126,8.838044855899046,15.474112130885874,4.419022427949523,Low,8.838044855899046
STORE_16,SKU_015,2026-05-31,26,8,3,20.56712557262519,2.938160796089313,8.814482388267939,8.849073214306703,17.18551761173206,2.949691071435568,Low,8.849073214306703
STORE_18,SKU_072,2026-05-31,26,11,3,20.566335192820763,2.93804788468868,8.81414365406604,8.849413290878,17.18585634593396,2.9498044302926667,Low,8.849413290878
STORE_10,SKU_176,2026-05-31,22,9,3,17.38848775221,2.484069678887143,7.452209036661428,8.856434337162373,14.54779096333857,2.952144779054124,Low,8.856434337162373
STORE_05,SKU_094,2026-05-31,18,7,1,14.207142857142856,2.0295918367346935,2.0295918367346935,8.868778280542989,15.970408163265306,8.868778280542989,Low,8.868778280542989
STORE_17,SKU_168,2026-05-31,16,8,3,12.626940149700896,1.8038485928144137,5.411545778443241,8.869924041150464,10.58845422155676,2.9566413470501542,Low,8.869924041150464
STORE_07,SKU_109,2026-05-31,16,7,3,12.626373626373628,1.8037676609105182,5.411302982731555,8.870322019147084,10.588697017268444,2.956774006382361,Low,8.870322019147084
STORE_07,SKU_225,2026-05-31,12,6,4,9.459807281898726,1.3514010402712466,5.4056041610849865,8.879673496175064,6.5943958389150135,2.219918374043766,Low,8.879673496175064
STORE_10,SKU_161,2026-05-31,20,8,3,15.744675678303997,2.249239382614857,6.747718147844571,8.89189481323636,13.252281852155429,2.9639649377454536,Low,8.89189481323636
STORE_09,SKU_072,2026-05-31,16,7,3,12.595573440643863,1.7993676343776948,5.3981029031330845,8.892012779552715,10.601897096866916,2.964004259850905,Low,8.892012779552715
STORE_18,SKU_151,2026-05-31,16,10,3,12.590461321140477,1.7986373315914967,5.39591199477449,8.895623213737393,10.60408800522551,2.9652077379124644,Low,8.895623213737393
STORE_12,SKU_160,2026-05-31,25,8,2,19.670284938941656,2.8100407055630936,5.620081411126187,8.896668276195076,19.379918588873814,4.448334138097538,Low,8.896668276195076
STORE_09,SKU_228,2026-05-31,18,7,3,14.161904761904761,2.0231292517006803,6.06938775510204,8.897108271687962,11.93061224489796,2.965702757229321,Low,8.897108271687962
STORE_15,SKU_065,2026-05-31,18,6,4,14.138285024154591,2.0197550034506557,8.079020013802623,8.911971981377867,9.920979986197377,2.227992995344467,Low,8.911971981377867
STORE_01,SKU_211,2026-05-31,20,7,3,15.702068166360178,2.243152595194311,6.729457785582933,8.916022941483176,13.270542214417066,2.9720076471610586,Low,8.916022941483176
STORE_01,SKU_088,2026-05-31,16,7,3,12.559722885809842,1.794246126544263,5.382738379632789,8.917394198763672,10.617261620367211,2.972464732921224,Low,8.917394198763672
STORE_01,SKU_233,2026-05-31,13,6,3,10.204322863897332,1.4577604091281902,4.37328122738457,8.917789177560815,8.62671877261543,2.9725963925202716,Low,8.917789177560815
STORE_08,SKU_129,2026-05-31,28,10,2,21.973177842565597,3.1390254060808,6.2780508121616,8.919966033329795,21.7219491878384,4.459983016664897,Low,8.919966033329795
STORE_13,SKU_015,2026-05-31,23,8,4,18.046226677805624,2.5780323825436606,10.312129530174643,8.921532621443122,12.687870469825357,2.2303831553607805,Low,8.921532621443122
STORE_05,SKU_040,2026-05-31,26,11,2,20.37389770723104,2.9105568153187202,5.8211136306374405,8.932998614958448,20.17888636936256,4.466499307479224,Low,8.932998614958448
STORE_18,SKU_011,2026-05-31,12,6,2,9.397241379310346,1.3424630541871923,2.6849261083743845,8.938793483047116,9.315073891625616,4.469396741523558,Low,8.938793483047116
STORE_16,SKU_084,2026-05-31,27,10,2,21.131216931216933,3.0187452758881332,6.0374905517762665,8.944113375732385,20.962509448223734,4.472056687866193,Low,8.944113375732385
STORE_02,SKU_066,2026-05-31,14,6,1,10.955147491095204,1.5650210701564577,1.5650210701564577,8.945566463587864,12.434978929843542,8.945566463587864,Low,8.945566463587864
STORE_10,SKU_096,2026-05-31,24,11,1,18.771923076923073,2.6817032967032963,2.6817032967032963,8.949535927223556,21.318296703296703,8.949535927223556,Low,8.949535927223556
STORE_09,SKU_068,2026-05-31,21,7,2,16.41949910554562,2.34564272936366,4.69128545872732,8.952770060467396,16.30871454127268,4.476385030233698,Low,8.952770060467396
STORE_14,SKU_066,2026-05-31,16,6,1,12.500119760479041,1.7857313943541488,1.7857313943541488,8.959914156511076,14.21426860564585,8.959914156511076,Low,8.959914156511076
STORE_12,SKU_068,2026-05-31,27,11,2,21.08467891039073,3.0120969871986754,6.024193974397351,8.963854787793759,20.97580602560265,4.481927393896879,Low,8.963854787793759
STORE_08,SKU_083,2026-05-31,19,8,1,14.837149692412849,2.1195928132018356,2.1195928132018356,8.963985856933904,16.880407186798166,8.963985856933904,Low,8.963985856933904
STORE_10,SKU_049,2026-05-31,24,11,3,18.7396978021978,2.677099686028257,8.031299058084771,8.964925783397472,15.968700941915229,2.988308594465824,Low,8.964925783397472
STORE_16,SKU_199,2026-05-31,13,6,2,10.145730706075534,1.4493901008679335,2.898780201735867,8.969289904916042,10.101219798264133,4.484644952458021,Low,8.969289904916042
STORE_17,SKU_235,2026-05-31,29,11,4,22.61541409410262,3.2307734420146597,12.923093768058639,8.97617877591443,16.07690623194136,2.2440446939786076,Low,8.97617877591443
STORE_14,SKU_045,2026-05-31,23,9,3,17.935864627982852,2.562266375426122,7.686799126278366,8.976428142126693,15.313200873721634,2.992142714042231,Low,8.976428142126693
STORE_10,SKU_004,2026-05-31,21,9,1,16.376100628930818,2.339442946990117,2.339442946990117,8.976495890621399,18.66055705300988,8.976495890621399,Low,8.976495890621399
STORE_17,SKU_116,2026-05-31,21,8,3,16.371742543171116,2.3388203633101594,7.016461089930479,8.978885394292726,13.983538910069521,2.9929617980975753,Low,8.978885394292726
STORE_02,SKU_025,2026-05-31,15,6,1,11.69015444015444,1.6700220628792057,1.6700220628792057,8.981917265296012,13.329977937120795,8.981917265296012,Low,8.981917265296012
STORE_17,SKU_055,2026-05-31,12,7,3,9.345864661654137,1.3351235230934482,4.005370569280345,8.987932421560739,7.994629430719655,2.9959774738535794,Low,8.987932421560739
STORE_06,SKU_225,2026-05-31,15,6,3,11.682048963694532,1.6688641376706475,5.006592413011942,8.988149281544613,9.993407586988058,2.996049760514871,Low,8.988149281544613
STORE_05,SKU_242,2026-05-31,34,12,2,26.46058423369348,3.780083461956212,7.560166923912424,8.994510396975423,26.439833076087577,4.497255198487712,Low,8.994510396975423
STORE_05,SKU_052,2026-05-31,22,7,2,17.118404965672905,2.4454864236675578,4.8909728473351155,8.996165256565213,17.109027152664886,4.4980826282826065,Low,8.996165256565213
STORE_09,SKU_134,2026-05-31,12,5,4,9.33500156396622,1.3335716519951741,5.3342866079806965,8.99839163650985,6.6657133920193035,2.2495979091274627,Low,8.99839163650985
STORE_08,SKU_007,2026-05-31,14,6,3,10.889929742388759,1.5557042489126798,4.66711274673804,8.999139784946237,9.33288725326196,2.999713261648745,Low,8.999139784946237
STORE_16,SKU_072,2026-05-31,28,10,3,21.778271742150597,3.111181677450085,9.333545032350255,8.999795866292422,18.666454967649745,2.9999319554308075,Low,8.999795866292422
STORE_14,SKU_159,2026-05-31,23,8,4,17.88690759617907,2.5552725137398675,10.22109005495947,9.0009969098511,12.77890994504053,2.250249227462775,Low,9.0009969098511
STORE_12,SKU_244,2026-05-31,16,6,2,12.438898450946644,1.7769854929923776,3.5539709859847552,9.004012730040127,12.446029014015245,4.502006365020064,Low,9.004012730040127
STORE_18,SKU_032,2026-05-31,12,5,3,9.314471243042671,1.330638749006096,3.9919162470182883,9.018225276366895,8.008083752981712,3.0060750921222983,Low,9.018225276366895
STORE_12,SKU_111,2026-05-31,22,8,1,17.073106859678475,2.4390152656683535,2.4390152656683535,9.020033744631537,19.560984734331647,9.020033744631537,Low,9.020033744631537
STORE_09,SKU_033,2026-05-31,25,11,3,19.399234114363605,2.7713191591948005,8.313957477584403,9.02097469252285,16.686042522415597,3.006991564174283,Low,9.02097469252285
STORE_18,SKU_216,2026-05-31,19,7,3,14.743218806509946,2.1061741152157065,6.31852234564712,9.021096528885073,12.68147765435288,3.0070321762950245,Low,9.021096528885073
STORE_12,SKU_145,2026-05-31,18,8,2,13.959721968172671,1.9942459954532388,3.9884919909064775,9.025967729677744,14.011508009093522,4.512983864838872,Low,9.025967729677744
STORE_10,SKU_017,2026-05-31,19,7,4,14.734567901234568,2.1049382716049383,8.419753086419753,9.026392961876832,10.580246913580247,2.256598240469208,Low,9.026392961876832
STORE_12,SKU_078,2026-05-31,18,9,2,13.95093666369313,1.9929909519561613,3.9859819039123225,9.031651640130445,14.014018096087678,4.515825820065222,Low,9.031651640130445
STORE_04,SKU_195,2026-05-31,13,5,2,10.075638371290546,1.4393769101843639,2.8787538203687277,9.031685799610946,10.121246179631273,4.515842899805473,Low,9.031685799610946
STORE_04,SKU_154,2026-05-31,19,9,3,14.719608260591867,2.1028011800845525,6.308403540253657,9.035566548063294,12.691596459746343,3.011855516021098,Low,9.035566548063294
STORE_02,SKU_067,2026-05-31,21,10,4,16.26457034426674,2.323510049180963,9.294040196723852,9.038049999999998,11.705959803276148,2.2595124999999996,Low,9.038049999999998
STORE_12,SKU_188,2026-05-31,29,8,2,22.458008658008655,3.2082869511440935,6.416573902288187,9.03909171517792,22.583426097711815,4.51954585758896,Low,9.03909171517792
STORE_16,SKU_091,2026-05-31,21,6,1,16.257485029940117,2.322497861420017,2.322497861420017,9.041988950276243,18.67750213857998,9.041988950276243,Low,9.041988950276243
STORE_15,SKU_090,2026-05-31,18,8,2,13.928498985801216,1.9897855694001738,3.9795711388003476,9.0462008956202,14.020428861199653,4.5231004478101,Low,9.0462008956202
STORE_12,SKU_126,2026-05-31,20,8,2,15.469470046082948,2.209924292297564,4.419848584595128,9.050083783280582,15.580151415404872,4.525041891640291,Low,9.050083783280582
STORE_04,SKU_017,2026-05-31,15,7,2,11.598928709481473,1.6569898156402105,3.313979631280421,9.052560165678782,11.686020368719578,4.526280082839391,Low,9.052560165678782
STORE_08,SKU_142,2026-05-31,26,11,4,20.10435005148166,2.872050007354523,11.488200029418092,9.052767164019155,14.511799970581908,2.2631917910047887,Low,9.052767164019155
STORE_01,SKU_017,2026-05-31,18,7,3,13.912459230267448,1.9874941757524927,5.962482527257478,9.056630313487561,12.037517472742522,3.01887677116252,Low,9.056630313487561
STORE_10,SKU_112,2026-05-31,15,7,1,11.592307692307692,1.656043956043956,1.656043956043956,9.057730590577307,13.343956043956045,9.057730590577307,Low,9.057730590577307
STORE_18,SKU_080,2026-05-31,16,7,4,12.359905288082082,1.7657007554402975,7.06280302176119,9.061558109833973,8.93719697823881,2.265389527458493,Low,9.061558109833973
STORE_08,SKU_146,2026-05-31,15,5,3,11.580738675958187,1.6543912394225981,4.963173718267795,9.066779152696176,10.036826281732205,3.0222597175653916,Low,9.066779152696176
STORE_08,SKU_116,2026-05-31,28,12,3,21.61556603773585,3.0879380053908356,9.263814016172507,9.067539552645936,18.736185983827493,3.022513184215312,Low,9.067539552645936
STORE_12,SKU_105,2026-05-31,28,8,2,21.610615799295047,3.087230828470721,6.174461656941442,9.069616609740184,21.825538343058557,4.534808304870092,Low,9.069616609740184
STORE_17,SKU_140,2026-05-31,14,7,2,10.803366845920038,1.5433381208457198,3.0866762416914395,9.071246158507552,10.913323758308561,4.535623079253776,Low,9.071246158507552
STORE_01,SKU_112,2026-05-31,13,7,3,10.016433539708018,1.4309190771011455,4.292757231303437,9.085070014117287,8.707242768696563,3.028356671372429,Low,9.085070014117287
STORE_14,SKU_223,2026-05-31,17,7,3,13.069651228684766,1.8670930326692523,5.6012790980077565,9.1050631664006,11.398720901992244,3.0350210554668666,Low,9.1050631664006
STORE_06,SKU_029,2026-05-31,16,7,3,12.30008043916964,1.7571543484528058,5.271463045358417,9.105631508175808,10.728536954641584,3.035210502725269,Low,9.105631508175808
STORE_16,SKU_122,2026-05-31,20,7,2,15.374407582938389,2.1963439404197698,4.3926878808395395,9.106041923551171,15.607312119160461,4.5530209617755855,Low,9.106041923551171
STORE_12,SKU_172,2026-05-31,23,6,1,17.680197444831588,2.5257424921187983,2.5257424921187983,9.106233146002833,20.4742575078812,9.106233146002833,Low,9.106233146002833
STORE_15,SKU_067,2026-05-31,18,7,3,13.835588108573889,1.976512586939127,5.9295377608173805,9.1069493404417,12.07046223918262,3.0356497801472333,Low,9.1069493404417
STORE_04,SKU_121,2026-05-31,13,6,3,9.985556722689076,1.4265081032412965,4.2795243097238895,9.113162393162392,8.72047569027611,3.0377207977207976,Low,9.113162393162392
STORE_05,SKU_184,2026-05-31,22,7,3,16.896787423103213,2.4138267747290305,7.2414803241870915,9.11415857605178,14.75851967581291,3.0380528586839266,Low,9.11415857605178
STORE_06,SKU_181,2026-05-31,14,6,4,10.74378687645271,1.5348266966361013,6.139306786544405,9.121551006823099,7.860693213455595,2.2803877517057747,Low,9.121551006823099
STORE_02,SKU_078,2026-05-31,18,6,2,13.806143146913936,1.972306163844848,3.944612327689696,9.126372127190683,14.055387672310303,4.563186063595341,Low,9.126372127190683
STORE_13,SKU_154,2026-05-31,15,6,3,11.499255952380953,1.642750850340136,4.9282525510204085,9.131025558071821,10.071747448979592,3.04367518602394,Low,9.131025558071821
STORE_09,SKU_237,2026-05-31,21,9,3,16.09733124018838,2.2996187485983404,6.898856245795021,9.131948507899356,14.10114375420498,3.0439828359664522,Low,9.131948507899356
STORE_01,SKU_169,2026-05-31,15,6,3,11.494573884082923,1.6420819834404177,4.926245950321253,9.13474488561933,10.073754049678747,3.04491496187311,Low,9.13474488561933
STORE_13,SKU_044,2026-05-31,22,10,3,16.857257097161135,2.4081795853087336,7.224538755926201,9.135531309297914,14.7754612440738,3.0451771030993044,Low,9.135531309297914
STORE_05,SKU_186,2026-05-31,20,5,3,15.32409381663113,2.189156259518733,6.567468778556199,9.135939891470711,13.432531221443801,3.0453132971569037,Low,9.135939891470711
STORE_12,SKU_155,2026-05-31,19,8,2,14.549152542372882,2.078450363196126,4.156900726392252,9.141425908667287,14.843099273607749,4.5707129543336436,Low,9.141425908667287
STORE_04,SKU_088,2026-05-31,10,6,3,7.655058823529412,1.0935798319327732,3.2807394957983194,9.144279830331344,6.719260504201681,3.048093276777115,Low,9.144279830331344
STORE_16,SKU_007,2026-05-31,15,6,2,11.470481112341577,1.6386401589059396,3.2772803178118792,9.153931641718676,11.72271968218812,4.576965820859338,Low,9.153931641718676
STORE_02,SKU_061,2026-05-31,13,6,3,9.939448051948053,1.4199211502782934,4.25976345083488,9.155437960376956,8.74023654916512,3.0518126534589856,Low,9.155437960376956
STORE_08,SKU_101,2026-05-31,23,11,2,17.583532422242097,2.5119332031774424,5.023866406354885,9.156294431279623,17.976133593645116,4.578147215639811,Low,9.156294431279623
STORE_18,SKU_202,2026-05-31,15,6,3,11.453296703296704,1.6361852433281006,4.908555729984302,9.167666106980091,10.091444270015698,3.0558887023266967,Low,9.167666106980091
STORE_04,SKU_143,2026-05-31,21,9,4,16.029210406207213,2.289887200886745,9.15954880354698,9.170757403189064,11.84045119645302,2.292689350797266,Low,9.170757403189064
STORE_04,SKU_198,2026-05-31,13,6,3,9.920358387257343,1.4171940553224776,4.251582165967433,9.173055694932263,8.748417834032567,3.0576852316440872,Low,9.173055694932263
STORE_02,SKU_146,2026-05-31,12,6,1,9.156122448979593,1.3080174927113704,1.3080174927113704,9.174189234369775,10.69198250728863,9.174189234369775,Low,9.174189234369775
STORE_06,SKU_055,2026-05-31,17,6,3,12.971081869041052,1.8530116955772933,5.55903508673188,9.174254021480293,11.44096491326812,3.058084673826764,Low,9.174254021480293
STORE_16,SKU_023,2026-05-31,27,9,1,20.59388834899039,2.94198404985577,2.94198404985577,9.177480075503356,24.05801595014423,9.177480075503356,Low,9.177480075503356
STORE_02,SKU_240,2026-05-31,22,7,3,16.77345649003403,2.396208070004861,7.188624210014583,9.18117265165348,14.811375789985416,3.0603908838844935,Low,9.18117265165348
STORE_16,SKU_043,2026-05-31,25,7,2,19.050080558539207,2.721440079791315,5.44288015958263,9.186312859005533,19.55711984041737,4.593156429502766,Low,9.186312859005533
STORE_13,SKU_156,2026-05-31,24,9,2,18.280345546075345,2.6114779351536206,5.222955870307241,9.190198269313807,18.777044129692758,4.595099134656904,Low,9.190198269313807
STORE_02,SKU_207,2026-05-31,21,7,2,15.988034227143771,2.284004889591967,4.568009779183934,9.194376113508062,16.431990220816065,4.597188056754031,Low,9.194376113508062
STORE_12,SKU_066,2026-05-31,18,6,3,13.699996400676671,1.9571423429538102,5.87142702886143,9.197082708268201,12.12857297113857,3.0656942360894,Low,9.197082708268201
STORE_08,SKU_233,2026-05-31,14,6,3,10.651286061870003,1.5216122945528576,4.564836883658573,9.200766877421987,9.435163116341428,3.0669222924739956,Low,9.200766877421987
STORE_12,SKU_076,2026-05-31,26,9,2,19.779065613464063,2.8255808019234374,5.651161603846875,9.201648023054661,20.348838396153127,4.6008240115273304,Low,9.201648023054661
STORE_18,SKU_175,2026-05-31,24,8,4,18.245167114792068,2.6064524449702953,10.425809779881181,9.207917852601957,13.574190220118819,2.3019794631504893,Low,9.207917852601957
STORE_01,SKU_037,2026-05-31,16,6,3,12.15300880626223,1.7361441151803185,5.208432345540956,9.21582480400149,10.791567654459044,3.07194160133383,Low,9.21582480400149
STORE_17,SKU_167,2026-05-31,17,8,1,12.905266343825664,1.8436094776893805,1.8436094776893805,9.221041769272263,15.15639052231062,9.221041769272263,Low,9.221041769272263
STORE_05,SKU_181,2026-05-31,16,7,2,12.144322344322344,1.7349031920460491,3.4698063840920983,9.222416601315075,12.530193615907901,4.6112083006575375,Low,9.222416601315075
STORE_12,SKU_039,2026-05-31,26,10,1,19.72020214470603,2.8171717349580043,2.8171717349580043,9.229114319644976,23.182828265041994,9.229114319644976,Low,9.229114319644976
STORE_01,SKU_053,2026-05-31,16,8,1,12.133832739589133,1.7334046770841618,1.7334046770841618,9.230389309272155,14.266595322915839,9.230389309272155,Low,9.230389309272155
STORE_09,SKU_065,2026-05-31,14,6,3,10.616985376827897,1.5167121966896995,4.550136590069099,9.23049213328389,9.449863409930902,3.07683071109463,Low,9.23049213328389
STORE_14,SKU_198,2026-05-31,14,6,3,10.611389658010927,1.5159128082872753,4.547738424861826,9.235359661495062,9.452261575138174,3.0784532204983543,Low,9.235359661495062
STORE_01,SKU_222,2026-05-31,14,7,3,10.610902255639099,1.5158431793770142,4.547529538131043,9.235783879539413,9.452470461868957,3.078594626513138,Low,9.235783879539413
STORE_14,SKU_147,2026-05-31,15,6,3,11.368656407644934,1.624093772520705,4.8722813175621145,9.235919904254649,10.127718682437886,3.078639968084883,Low,9.235919904254649
STORE_09,SKU_215,2026-05-31,13,7,1,9.852213832678949,1.4074591189541354,1.4074591189541354,9.23650273384859,11.592540881045865,9.23650273384859,Low,9.23650273384859
STORE_05,SKU_108,2026-05-31,25,7,3,18.92902179787426,2.7041459711248943,8.112437913374682,9.245063050202235,16.887562086625316,3.081687683400745,Low,9.245063050202235
STORE_14,SKU_114,2026-05-31,19,8,4,14.374883489716023,2.0535547842451463,8.214219136980585,9.252248903105887,10.785780863019415,2.3130622257764717,Low,9.252248903105887
STORE_13,SKU_220,2026-05-31,15,9,1,11.343012704174228,1.620430386310604,1.620430386310604,9.2568,13.379569613689396,9.2568,Low,9.2568
STORE_16,SKU_019,2026-05-31,22,8,2,16.62907268170426,2.375581811672037,4.751163623344074,9.260889223813113,17.248836376655927,4.630444611906556,Low,9.260889223813113
STORE_05,SKU_151,2026-05-31,23,8,2,17.37348201421428,2.4819260020306113,4.963852004061223,9.266996671610004,18.036147995938776,4.633498335805002,Low,9.266996671610004
STORE_01,SKU_158,2026-05-31,17,6,3,12.841241111829346,1.8344630159756208,5.503389047926863,9.267017024575393,11.496610952073137,3.0890056748584644,Low,9.267017024575393
STORE_05,SKU_087,2026-05-31,18,6,2,13.59002976190476,1.9414328231292513,3.8828656462585025,9.271502874349851,14.117134353741498,4.6357514371749255,Low,9.271502874349851
STORE_16,SKU_125,2026-05-31,14,5,2,10.561224489795919,1.5087463556851313,3.0174927113702625,9.279227053140096,10.982507288629737,4.639613526570048,Low,9.279227053140096
STORE_04,SKU_236,2026-05-31,16,6,3,12.069136255272326,1.7241623221817608,5.172486966545282,9.279868718946107,10.827513033454718,3.0932895729820356,Low,9.279868718946107
STORE_15,SKU_012,2026-05-31,14,6,3,10.553102873802581,1.5075861248289402,4.522758374486821,9.28636830057621,9.47724162551318,3.09545610019207,Low,9.28636830057621
STORE_13,SKU_016,2026-05-31,17,8,4,12.814285714285713,1.830612244897959,7.322448979591836,9.286510590858418,9.677551020408163,2.3216276477146045,Low,9.286510590858418
STORE_18,SKU_010,2026-05-31,19,7,3,14.309534368070953,2.0442191954387074,6.132657586316123,9.294502293293666,12.867342413683877,3.0981674310978886,Low,9.294502293293666
STORE_14,SKU_059,2026-05-31,10,5,3,7.530442035029191,1.0757774335755987,3.227332300726796,9.295603056816923,6.772667699273204,3.0985343522723077,Low,9.295603056816923
STORE_05,SKU_125,2026-05-31,14,6,2,10.540182174564741,1.505740310652106,3.011480621304212,9.297752010063993,10.988519378695788,4.648876005031997,Low,9.297752010063993
STORE_10,SKU_068,2026-05-31,16,7,1,12.04100101579093,1.7201430022558473,1.7201430022558473,9.301552242468864,14.279856997744153,9.301552242468864,Low,9.301552242468864
STORE_01,SKU_058,2026-05-31,31,11,4,23.311983471074377,3.3302833530106253,13.321133412042501,9.308517238323143,17.6788665879575,2.3271293095807857,Low,9.308517238323143
STORE_08,SKU_167,2026-05-31,29,12,4,21.805539681188673,3.1150770973126676,12.46030838925067,9.309560917454622,16.53969161074933,2.3273902293636555,Low,9.309560917454622
STORE_06,SKU_216,2026-05-31,26,10,2,19.530979587709286,2.7901399411013266,5.580279882202653,9.318529016052599,20.419720117797347,4.6592645080262995,Low,9.318529016052599
STORE_13,SKU_146,2026-05-31,13,6,3,9.762459762459763,1.3946371089228233,4.18391132676847,9.321421262080728,8.81608867323153,3.1071404206935753,Low,9.321421262080728
STORE_09,SKU_250,2026-05-31,14,7,3,10.511978704525289,1.5017112435036126,4.505133730510838,9.322697729382966,9.494866269489162,3.107565909794322,Low,9.322697729382966
STORE_10,SKU_046,2026-05-31,24,10,4,18.009552377381397,2.572793196768771,10.291172787075084,9.32838287591173,13.708827212924916,2.3320957189779326,Low,9.32838287591173
STORE_05,SKU_243,2026-05-31,31,10,3,23.259490084985835,3.322784297855119,9.968352893565358,9.32952524785034,21.03164710643464,3.1098417492834467,Low,9.32952524785034
STORE_05,SKU_092,2026-05-31,25,9,3,18.75725900116144,2.6796084287373487,8.038825286212045,9.329721362229101,16.961174713787955,3.1099071207430344,Low,9.329721362229101
STORE_01,SKU_089,2026-05-31,18,7,2,13.49521354933726,1.9278876499053228,3.8557752998106456,9.336643658090743,14.144224700189355,4.668321829045372,Low,9.336643658090743
STORE_08,SKU_050,2026-05-31,13,7,3,9.740069686411152,1.3914385266301645,4.174315579890494,9.342848966158687,8.825684420109507,3.1142829887195624,Low,9.342848966158687
STORE_09,SKU_028,2026-05-31,17,7,3,12.727480519480519,1.8182115027829313,5.454634508348794,9.34984734943103,11.545365491651207,3.116615783143677,Low,9.34984734943103
STORE_12,SKU_071,2026-05-31,23,7,2,17.213882163034704,2.459126023290672,4.918252046581344,9.352916354088523,18.081747953418656,4.676458177044261,Low,9.352916354088523
STORE_16,SKU_144,2026-05-31,14,6,1,10.476190476190476,1.4965986394557824,1.4965986394557824,9.354545454545454,12.503401360544217,9.354545454545454,Low,9.354545454545454
STORE_15,SKU_235,2026-05-31,24,10,3,17.947762164975277,2.5639660235678967,7.69189807070369,9.360498454110834,16.30810192929631,3.120166151370278,Low,9.360498454110834
STORE_04,SKU_151,2026-05-31,18,7,3,13.451584889274857,1.9216549841821224,5.764964952546367,9.36692598211692,12.235035047453632,3.12230866070564,Low,9.36692598211692
STORE_12,SKU_104,2026-05-31,18,7,3,13.449372164880678,1.9213388806972398,5.764016642091719,9.368467052240119,12.235983357908282,3.1228223507467066,Low,9.368467052240119
STORE_14,SKU_032,2026-05-31,16,6,1,11.952380952380953,1.707482993197279,1.707482993197279,9.370517928286851,14.29251700680272,9.370517928286851,Low,9.370517928286851
STORE_08,SKU_127,2026-05-31,11,6,4,8.216541353383459,1.1737916219119227,4.695166487647691,9.371339677891655,6.304833512352309,2.3428349194729137,Low,9.371339677891655
STORE_18,SKU_166,2026-05-31,18,7,4,13.441737985516788,1.9202482836452555,7.680993134581022,9.373787834263885,10.319006865418977,2.343446958565971,Low,9.373787834263885
STORE_18,SKU_078,2026-05-31,23,10,1,17.173296437218955,2.4533280624598506,2.4533280624598506,9.375020141798261,20.54667193754015,9.375020141798261,Low,9.375020141798261
STORE_12,SKU_210,2026-05-31,23,7,3,17.17305354743778,2.4532933639196832,7.35988009175905,9.37515273886869,15.640119908240951,3.12505091295623,Low,9.37515273886869
STORE_02,SKU_227,2026-05-31,25,11,3,18.664570809759546,2.666367258537078,7.999101775611234,9.376052724903483,17.000898224388767,3.125350908301161,Low,9.376052724903483
STORE_07,SKU_136,2026-05-31,11,6,3,8.211696016574065,1.173099430939152,3.519298292817456,9.376869266055047,7.4807017071825435,3.125623088685016,Low,9.376869266055047
STORE_15,SKU_182,2026-05-31,26,10,3,19.400591715976333,2.7715131022823334,8.314539306847,9.381157165949919,17.685460693153,3.127052388649973,Low,9.381157165949919
STORE_16,SKU_126,2026-05-31,33,8,1,24.619288907813498,3.5170412725447853,3.5170412725447853,9.382886762691461,29.482958727455216,9.382886762691461,Low,9.382886762691461
STORE_17,SKU_046,2026-05-31,17,8,2,12.680408464048845,1.8114869234355493,3.6229738468710986,9.38455573709519,13.377026153128902,4.692277868547595,Low,9.38455573709519
STORE_09,SKU_060,2026-05-31,13,6,2,9.690353264325136,1.3843361806178767,2.7686723612357533,9.390782515124075,10.231327638764247,4.695391257562037,Low,9.390782515124075
STORE_16,SKU_042,2026-05-31,22,8,3,16.38783840066639,2.3411197715237697,7.023359314571309,9.397212508132727,14.976640685428691,3.1324041693775757,Low,9.397212508132727
STORE_06,SKU_059,2026-05-31,16,6,4,11.91598747580009,1.7022839251142987,6.809135700457195,9.399137102775432,9.190864299542806,2.349784275693858,Low,9.399137102775432
STORE_05,SKU_145,2026-05-31,31,10,3,23.08343988451227,3.2976342692160387,9.892902807648117,9.400678628733976,21.107097192351883,3.133559542911325,Low,9.400678628733976
STORE_16,SKU_192,2026-05-31,21,9,3,15.629090909090909,2.232727272727273,6.698181818181819,9.405537459283387,14.30181818181818,3.135179153094462,Low,9.405537459283387
STORE_01,SKU_059,2026-05-31,15,5,3,11.153310104529616,1.5933300149328022,4.7799900447984065,9.414245548266168,10.220009955201593,3.138081849422056,Low,9.414245548266168
STORE_12,SKU_046,2026-05-31,25,8,2,18.57498961362692,2.6535699448038454,5.307139889607691,9.421270409304407,19.69286011039231,4.7106352046522035,Low,9.421270409304407
STORE_10,SKU_125,2026-05-31,13,6,1,9.657934815717333,1.3797049736739047,1.3797049736739047,9.422304223042229,11.620295026326096,9.422304223042229,Low,9.422304223042229
STORE_12,SKU_167,2026-05-31,21,8,2,15.60079365079365,2.2286848072562355,4.457369614512471,9.422597547947298,16.542630385487527,4.711298773973649,Low,9.422597547947298
STORE_16,SKU_121,2026-05-31,20,9,2,14.851375332741792,2.121625047534542,4.243250095069084,9.42673637042569,15.756749904930917,4.713368185212845,Low,9.42673637042569
STORE_08,SKU_198,2026-05-31,18,6,3,13.35773252614199,1.90824750373457,5.7247425112037105,9.432738659305345,12.275257488796289,3.144246219768448,Low,9.432738659305345
STORE_10,SKU_167,2026-05-31,28,12,2,20.770887707933714,2.967269672561959,5.934539345123918,9.436284224151635,22.065460654876084,4.718142112075817,Low,9.436284224151635
STORE_09,SKU_063,2026-05-31,15,7,3,11.12670807453416,1.5895297249334515,4.768589174800354,9.436753377246847,10.231410825199646,3.1455844590822823,Low,9.436753377246847
STORE_12,SKU_083,2026-05-31,20,10,2,14.8303201160344,2.118617159433486,4.237234318866972,9.440119896578182,15.762765681133029,4.720059948289091,Low,9.440119896578182
STORE_04,SKU_144,2026-05-31,13,6,3,9.62920197044335,1.3756002814919073,4.126800844475722,9.450419700336823,8.87319915552428,3.1501399001122747,Low,9.450419700336823
STORE_14,SKU_243,2026-05-31,16,8,3,11.849111325946307,1.692730189420901,5.078190568262703,9.452185646593655,10.921809431737298,3.150728548864552,Low,9.452185646593655
STORE_10,SKU_250,2026-05-31,17,8,1,12.589230084557187,1.7984614406510266,1.7984614406510266,9.452524038461538,15.201538559348974,9.452524038461538,Low,9.452524038461538
STORE_16,SKU_071,2026-05-31,23,6,2,17.032293508678556,2.4331847869540795,4.866369573908159,9.452631844206113,18.13363042609184,4.726315922103057,Low,9.452631844206113
STORE_16,SKU_172,2026-05-31,20,6,1,14.799575821845174,2.1142251174064532,2.1142251174064532,9.459730581828605,17.885774882593548,9.459730581828605,Low,9.459730581828605
STORE_14,SKU_169,2026-05-31,20,9,2,14.79509059029807,2.1135843700425814,4.227168740085163,9.462598362987075,15.772831259914838,4.7312991814935375,Low,9.462598362987075
STORE_16,SKU_089,2026-05-31,20,10,2,14.779946491107227,2.1114209273010323,4.2228418546020645,9.472294103651523,15.777158145397935,4.736147051825761,Low,9.472294103651523
STORE_18,SKU_037,2026-05-31,16,7,3,11.816669524952838,1.688095646421834,5.064286939265502,9.478135930220745,10.935713060734498,3.159378643406915,Low,9.478135930220745
STORE_17,SKU_108,2026-05-31,19,10,3,14.01315060908084,2.0018786584401203,6.005635975320361,9.491084746767294,12.994364024679639,3.163694915589098,Low,9.491084746767294
STORE_16,SKU_188,2026-05-31,21,9,3,15.487491439731482,2.2124987771044973,6.637496331313492,9.491530669898381,14.362503668686507,3.163843556632794,Low,9.491530669898381
STORE_09,SKU_093,2026-05-31,18,10,1,13.265151465744937,1.8950216379635625,1.8950216379635625,9.498572279809558,16.104978362036437,9.498572279809558,Low,9.498572279809558
STORE_02,SKU_246,2026-05-31,15,7,3,11.046238785369221,1.578034112195603,4.734102336586809,9.505497938273146,10.265897663413192,3.1684993127577155,Low,9.505497938273146
STORE_15,SKU_011,2026-05-31,14,6,3,10.307366189719131,1.47248088424559,4.417442652736771,9.507763496143959,9.58255734726323,3.1692544987146527,Low,9.507763496143959
STORE_08,SKU_114,2026-05-31,29,12,1,21.3472706155633,3.0496100879376145,3.0496100879376145,9.509412404787811,25.950389912062384,9.509412404787811,Low,9.509412404787811
STORE_05,SKU_143,2026-05-31,28,9,1,20.607046850998465,2.9438638358569236,2.9438638358569236,9.511309476665906,25.056136164143076,9.511309476665906,Low,9.511309476665906
STORE_05,SKU_248,2026-05-31,16,6,1,11.773028414388772,1.6818612020555388,1.6818612020555388,9.51327016786231,14.318138797944462,9.51327016786231,Low,9.51327016786231
STORE_18,SKU_025,2026-05-31,13,6,2,9.561549460548552,1.3659356372212217,2.7318712744424434,9.517285914324944,10.268128725557556,4.758642957162472,Low,9.517285914324944
STORE_15,SKU_072,2026-05-31,22,10,3,16.17918134995934,2.311311621422763,6.933934864268289,9.518404959370026,15.066065135731712,3.172801653123342,Low,9.518404959370026
STORE_01,SKU_182,2026-05-31,19,7,2,13.970288115246095,1.9957554450351565,3.991510890070313,9.52020451567166,15.008489109929688,4.76010225783583,Low,9.52020451567166
STORE_17,SKU_112,2026-05-31,17,6,3,12.492093272581076,1.784584753225868,5.353754259677604,9.526025575008584,11.646245740322396,3.1753418583361945,Low,9.526025575008584
STORE_18,SKU_239,2026-05-31,20,8,4,14.681756038280419,2.0973937197543457,8.389574879017383,9.535644076564925,11.610425120982617,2.383911019141231,Low,9.535644076564925
STORE_16,SKU_111,2026-05-31,24,7,2,17.61658383246251,2.51665483320893,5.03330966641786,9.53646868188044,18.96669033358214,4.76823434094022,Low,9.53646868188044
STORE_05,SKU_198,2026-05-31,15,6,2,11.007866976577866,1.5725524252254093,3.1451048504508186,9.538632709081163,11.854895149549181,4.769316354540582,Low,9.538632709081163
STORE_13,SKU_148,2026-05-31,14,9,4,10.25944170771757,1.4656345296739386,5.862538118695754,9.552176696542894,8.137461881304246,2.3880441741357235,Low,9.552176696542894
STORE_16,SKU_055,2026-05-31,18,6,2,13.189210789210788,1.8841729698872556,3.768345939774511,9.553263043083076,14.23165406022549,4.776631521541538,Low,9.553263043083076
STORE_17,SKU_014,2026-05-31,16,7,3,11.722636224301041,1.6746623177572917,5.023986953271875,9.554164938414095,10.976013046728125,3.184721646138032,Low,9.554164938414095
STORE_13,SKU_202,2026-05-31,14,6,3,10.252826310380266,1.4646894729114666,4.3940684187344,9.558340016038494,9.605931581265601,3.1861133386794975,Low,9.558340016038494
STORE_06,SKU_080,2026-05-31,20,9,4,14.64246447463956,2.091780639234223,8.367122556936891,9.56123200725377,11.632877443063109,2.3903080018134424,Low,9.56123200725377
STORE_16,SKU_115,2026-05-31,21,8,3,15.373241976199061,2.1961774251712947,6.588532275513884,9.562068965517241,14.411467724486116,3.18735632183908,Low,9.562068965517241
STORE_04,SKU_202,2026-05-31,16,6,2,11.701298701298702,1.671614100185529,3.343228200371058,9.571587125416203,12.656771799628942,4.785793562708101,Low,9.571587125416203
STORE_17,SKU_171,2026-05-31,20,8,3,14.625396825396827,2.0893424036281183,6.268027210884355,9.572389841545473,13.731972789115645,3.1907966138484904,Low,9.572389841545473
STORE_09,SKU_021,2026-05-31,13,6,2,9.506493506493507,1.358070500927644,2.716141001855288,9.572404371584698,10.283858998144712,4.786202185792349,Low,9.572404371584698
STORE_06,SKU_199,2026-05-31,13,5,3,9.500927643784788,1.3572753776835411,4.071826133050624,9.578012107010348,8.928173866949376,3.1926707023367826,Low,9.578012107010348
STORE_04,SKU_176,2026-05-31,24,10,3,17.530485377430715,2.5043550539186734,7.51306516175602,9.5833056748268,16.48693483824398,3.1944352249422665,Low,9.5833056748268
STORE_12,SKU_102,2026-05-31,21,7,1,15.332512315270936,2.190358902181562,2.190358902181562,9.587469879518073,18.80964109781844,9.587469879518073,Low,9.587469879518073
STORE_06,SKU_196,2026-05-31,11,6,3,8.02332361516035,1.14618908788005,3.43856726364015,9.597020348837209,7.5614327363598495,3.1990067829457365,Low,9.597020348837209
STORE_10,SKU_122,2026-05-31,29,10,3,21.143260053889353,3.0204657219841935,9.061397165952581,9.60116838569829,19.93860283404742,3.2003894618994297,Low,9.60116838569829
STORE_15,SKU_084,2026-05-31,22,10,4,16.03124435614954,2.29017776516422,9.16071106065688,9.606241198670647,12.83928893934312,2.4015602996676617,Low,9.606241198670647
STORE_02,SKU_003,2026-05-31,13,7,2,9.468949232585597,1.3527070332265139,2.7054140664530277,9.610358843919103,10.294585933546973,4.805179421959552,Low,9.610358843919103
STORE_01,SKU_038,2026-05-31,21,9,2,15.294486215538848,2.1849266022198353,4.3698532044396705,9.611306841458418,16.63014679556033,4.805653420729209,Low,9.611306841458418
STORE_16,SKU_065,2026-05-31,12,6,2,8.731428571428571,1.2473469387755103,2.4946938775510206,9.620418848167539,9.50530612244898,4.810209424083769,Low,9.620418848167539
STORE_09,SKU_128,2026-05-31,15,9,2,10.912949301020694,1.5589927572886706,3.117985514577341,9.621596976555118,11.882014485422658,4.810798488277559,Low,9.621596976555118
STORE_01,SKU_244,2026-05-31,13,6,2,9.455915863277827,1.350845123325404,2.701690246650808,9.623605086568048,10.298309753349193,4.811802543284024,Low,9.623605086568048
STORE_13,SKU_011,2026-05-31,15,6,2,10.905695611577965,1.5579565159397093,3.1159130318794186,9.627996575342465,11.884086968120581,4.813998287671232,Low,9.627996575342465
STORE_14,SKU_043,2026-05-31,19,7,3,13.811633043003548,1.9730904347147926,5.919271304144377,9.629563686342852,13.080728695855623,3.2098545621142844,Low,9.629563686342852
STORE_05,SKU_065,2026-05-31,17,5,1,12.35344827586207,1.7647783251231528,1.7647783251231528,9.632937892533146,15.235221674876847,9.632937892533146,Low,9.632937892533146
STORE_13,SKU_218,2026-05-31,16,7,2,11.624330691796958,1.6606186702567083,3.3212373405134166,9.634963334193168,12.678762659486583,4.817481667096584,Low,9.634963334193168
STORE_04,SKU_025,2026-05-31,13,6,3,9.443709157084953,1.3491013081549934,4.04730392446498,9.636044321814916,8.95269607553502,3.2120147739383054,Low,9.636044321814916
STORE_17,SKU_206,2026-05-31,21,10,2,15.253432120287645,2.1790617314696634,4.358123462939327,9.637175347867082,16.641876537060675,4.818587673933541,Low,9.637175347867082
STORE_14,SKU_119,2026-05-31,17,6,4,12.345142857142857,1.7635918367346939,7.0543673469387755,9.639418626180337,9.945632653061224,2.4098546565450842,Low,9.639418626180337
STORE_14,SKU_026,2026-05-31,21,8,1,15.246963562753036,2.1781376518218623,2.1781376518218623,9.641263940520446,18.821862348178136,9.641263940520446,Low,9.641263940520446
STORE_12,SKU_213,2026-05-31,38,10,1,27.57351510008331,3.939073585726187,3.939073585726187,9.646938340451063,34.060926414273816,9.646938340451063,Low,9.646938340451063
STORE_18,SKU_225,2026-05-31,14,6,4,10.157635467980295,1.4510907811400422,5.804363124560169,9.647914645974781,8.195636875439831,2.4119786614936953,Low,9.647914645974781
STORE_01,SKU_020,2026-05-31,15,7,2,10.881156236738972,1.5544508909627104,3.1089017819254208,9.649709802482164,11.891098218074578,4.824854901241082,Low,9.649709802482164
STORE_08,SKU_185,2026-05-31,18,6,3,13.054323725055433,1.8649033892936333,5.5947101678808995,9.651974522292994,12.4052898321191,3.217324840764331,Low,9.651974522292994
STORE_16,SKU_127,2026-05-31,19,6,1,13.765182186234817,1.9664545980335453,1.9664545980335453,9.662058823529412,17.033545401966453,9.662058823529412,Low,9.662058823529412
STORE_17,SKU_032,2026-05-31,13,6,3,9.41060315380656,1.3443718791152228,4.033115637345668,9.669943415177462,8.966884362654332,3.223314471725821,Low,9.669943415177462
STORE_05,SKU_012,2026-05-31,19,7,2,13.744714285714284,1.9635306122448977,3.9270612244897953,9.67644704977498,15.072938775510204,4.83822352488749,Low,9.67644704977498
STORE_16,SKU_179,2026-05-31,31,9,2,22.419598236158745,3.2027997480226778,6.4055994960453555,9.679031609496835,24.594400503954645,4.839515804748418,Low,9.679031609496835
STORE_08,SKU_184,2026-05-31,20,8,4,14.461800712846738,2.065971530406677,8.263886121626708,9.680675510597714,11.736113878373292,2.4201688776494286,Low,9.680675510597714
STORE_08,SKU_087,2026-05-31,18,6,3,13.007089151450053,1.8581555930642932,5.57446677919288,9.68702517011297,12.42553322080712,3.2290083900376563,Low,9.68702517011297
STORE_17,SKU_076,2026-05-31,26,9,4,18.783963897780346,2.683423413968621,10.733693655874484,9.689115726074542,15.266306344125516,2.4222789315186355,Low,9.689115726074542
STORE_09,SKU_249,2026-05-31,15,7,2,10.830408112612133,1.5472011589445904,3.094402317889181,9.694925519724997,11.90559768211082,4.847462759862498,Low,9.694925519724997
STORE_16,SKU_219,2026-05-31,31,9,1,22.379928315412187,3.197132616487455,3.197132616487455,9.696188340807176,27.802867383512545,9.696188340807176,Low,9.696188340807176
STORE_12,SKU_230,2026-05-31,20,7,3,14.436423297785069,2.062346185397867,6.187038556193601,9.69769291964996,13.8129614438064,3.232564306549987,Low,9.69769291964996
STORE_09,SKU_236,2026-05-31,13,6,3,9.38063198365974,1.3400902833799628,4.020270850139888,9.700838936919627,8.979729149860113,3.233612978973209,Low,9.700838936919627
STORE_05,SKU_156,2026-05-31,24,6,2,17.28985088985089,2.469978698550127,4.939957397100254,9.716682987625747,19.060042602899745,4.8583414938128735,Low,9.716682987625747
STORE_05,SKU_208,2026-05-31,29,12,2,20.878612871313603,2.982658981616229,5.965317963232458,9.722868145082284,23.034682036767542,4.861434072541142,Low,9.722868145082284
STORE_03,SKU_001,2026-05-31,21,12,4,15.107445520581113,2.158206502940159,8.632826011760637,9.730301512571371,12.367173988239363,2.4325753781428427,Low,9.730301512571371
STORE_05,SKU_134,2026-05-31,18,6,1,12.935916395543723,1.847988056506246,1.847988056506246,9.7403226912788,16.152011943493754,9.7403226912788,Low,9.7403226912788
STORE_05,SKU_045,2026-05-31,18,7,1,12.935064935064934,1.8478664192949907,1.8478664192949907,9.740963855421686,16.15213358070501,9.740963855421686,Low,9.740963855421686
STORE_09,SKU_154,2026-05-31,17,9,2,12.204690831556503,1.743527261650929,3.487054523301858,9.750349406009784,13.512945476698142,4.875174703004892,Low,9.750349406009784
STORE_06,SKU_230,2026-05-31,19,9,3,13.638563622170178,1.9483662317385968,5.845098695215791,9.751760059527218,13.15490130478421,3.2505866865090725,Low,9.751760059527218
STORE_03,SKU_026,2026-05-31,21,12,3,15.06015773918822,2.151451105598317,6.4543533167949505,9.760853939629698,14.54564668320505,3.253617979876566,Low,9.760853939629698
STORE_12,SKU_012,2026-05-31,17,6,2,12.178571428571427,1.7397959183673468,3.4795918367346936,9.771260997067449,13.520408163265307,4.885630498533724,Low,9.771260997067449
STORE_12,SKU_077,2026-05-31,24,8,2,17.190277280502844,2.455753897214692,4.911507794429384,9.772966268004591,19.088492205570617,4.886483134002296,Low,9.772966268004591
STORE_04,SKU_069,2026-05-31,31,11,3,22.190111692572053,3.170015956081722,9.510047868245167,9.77913058782119,21.489952131754833,3.2597101959403965,Low,9.77913058782119
STORE_17,SKU_165,2026-05-31,16,6,4,11.451033243486073,1.635861891926582,6.543447567706328,9.780776775205963,9.456552432293673,2.4451941938014907,Low,9.780776775205963
STORE_18,SKU_127,2026-05-31,17,6,3,12.160788177339901,1.7372554539057001,5.211766361717101,9.785549938427637,11.7882336382829,3.261849979475879,Low,9.785549938427637
STORE_05,SKU_160,2026-05-31,38,11,2,27.17923040620648,3.88274720088664,7.76549440177328,9.786884912652196,30.23450559822672,4.893442456326098,Low,9.786884912652196
STORE_12,SKU_202,2026-05-31,15,6,2,10.724968944099379,1.5321384205856254,3.064276841171251,9.790238139362492,11.935723158828749,4.895119069681246,Low,9.790238139362492
STORE_04,SKU_232,2026-05-31,15,7,3,10.720655482694346,1.531522211813478,4.594566635440434,9.794177246857213,10.405433364559567,3.2647257489524044,Low,9.794177246857213
STORE_05,SKU_018,2026-05-31,18,5,2,12.864596273291925,1.8377994676131322,3.6755989352262644,9.794322132097335,14.324401064773735,4.8971610660486675,Low,9.794322132097335
STORE_15,SKU_055,2026-05-31,16,6,3,11.432995982301785,1.6332851403288264,4.899855420986479,9.79620741347022,11.10014457901352,3.2654024711567406,Low,9.79620741347022
STORE_04,SKU_072,2026-05-31,18,8,2,12.85667037899497,1.8366671969992814,3.6733343939985628,9.800360146578608,14.326665606001438,4.900180073289304,Low,9.800360146578608
STORE_16,SKU_209,2026-05-31,24,8,1,17.1239485575252,2.446278365360743,2.446278365360743,9.81082134389919,21.553721634639256,9.81082134389919,Low,9.81082134389919
STORE_15,SKU_227,2026-05-31,20,8,3,14.267573696145124,2.0382248137350176,6.114674441205053,9.812460267005722,13.885325558794946,3.2708200890019077,Low,9.812460267005722
STORE_09,SKU_045,2026-05-31,13,7,1,9.270128467265923,1.3243040667522747,1.3243040667522747,9.81647668868164,11.675695933247725,9.81647668868164,Low,9.81647668868164
STORE_16,SKU_117,2026-05-31,39,10,3,27.782833242907284,3.9689761775581833,11.90692853267455,9.826211661465251,27.09307146732545,3.275403887155084,Low,9.826211661465251
STORE_09,SKU_010,2026-05-31,23,11,2,16.374223602484474,2.339174800354925,4.67834960070985,9.83252726410621,18.32165039929015,4.916263632053105,Low,9.83252726410621
STORE_10,SKU_135,2026-05-31,22,9,3,15.65284178187404,2.2361202545534344,6.708360763660304,9.83846908734053,15.291639236339696,3.279489695780176,Low,9.83846908734053
STORE_01,SKU_192,2026-05-31,19,7,3,13.514997549841382,1.930713935691626,5.792141807074878,9.84091928315303,13.207858192925123,3.2803064277176763,Low,9.84091928315303
STORE_02,SKU_193,2026-05-31,17,7,3,12.082089552238806,1.7260127931769722,5.178038379530917,9.849289684990735,11.821961620469082,3.2830965616635783,Low,9.849289684990735
STORE_13,SKU_237,2026-05-31,17,7,2,12.075944700460829,1.7251349572086898,3.4502699144173796,9.854301502014899,13.54973008558262,4.927150751007449,Low,9.854301502014899
STORE_06,SKU_186,2026-05-31,10,5,3,7.09650716737331,1.0137867381961871,3.041360214588561,9.864007510882242,6.958639785411439,3.2880025036274145,Low,9.864007510882242
STORE_03,SKU_173,2026-05-31,12,6,3,8.511557147764636,1.215936735394948,3.647810206184844,9.86893450184502,8.352189793815157,3.2896448339483397,Low,9.86893450184502
STORE_17,SKU_073,2026-05-31,22,10,4,15.604349980113179,2.229192854301883,8.916771417207531,9.86904293971001,13.083228582792469,2.4672607349275024,Low,9.86904293971001
STORE_15,SKU_023,2026-05-31,24,10,3,17.01359360485654,2.4305133721223626,7.291540116367088,9.874457090126116,16.708459883632912,3.2914856967087056,Low,9.874457090126116
STORE_16,SKU_158,2026-05-31,29,9,3,20.528132884065087,2.932590412009298,8.797771236027895,9.888868176490531,20.202228763972105,3.29628939216351,Low,9.888868176490531
STORE_16,SKU_113,2026-05-31,34,10,2,24.055856146868017,3.4365508781240024,6.873101756248005,9.893640806086493,27.126898243751995,4.9468204030432466,Low,9.893640806086493
STORE_18,SKU_091,2026-05-31,12,6,3,8.489880643487286,1.2128400919267552,3.638520275780266,9.894132029339852,8.361479724219734,3.2980440097799506,Low,9.894132029339852
STORE_05,SKU_084,2026-05-31,27,8,1,19.09835111296711,2.7283358732810155,2.7283358732810155,9.896142283805624,24.271664126718985,9.896142283805624,Low,9.896142283805624
STORE_12,SKU_132,2026-05-31,23,8,2,16.267942583732058,2.3239917976760083,4.6479835953520166,9.896764705882353,18.352016404647983,4.948382352941176,Low,9.896764705882353
STORE_02,SKU_225,2026-05-31,18,6,3,12.725068322981366,1.8178669032830523,5.453600709849157,9.90171500866876,12.546399290150843,3.3005716695562533,Low,9.90171500866876
STORE_12,SKU_107,2026-05-31,22,6,2,15.55191169412894,2.2217016705898485,4.443403341179697,9.902319600884637,17.556596658820304,4.951159800442318,Low,9.902319600884637
STORE_01,SKU_249,2026-05-31,16,6,4,11.305297266835728,1.6150424666908183,6.460169866763273,9.906860240513428,9.539830133236727,2.476715060128357,Low,9.906860240513428
STORE_13,SKU_208,2026-05-31,18,9,3,12.716883116883116,1.8166975881261593,5.4500927643784784,9.90808823529412,12.549907235621522,3.3026960784313726,Low,9.90808823529412
STORE_10,SKU_026,2026-05-31,23,12,3,16.248275640819994,2.321182234402856,6.963546703208568,9.908743768201788,16.036453296791432,3.302914589400596,Low,9.908743768201788
STORE_05,SKU_183,2026-05-31,40,12,2,28.248161053039105,4.035451579005587,8.070903158011173,9.91214966079627,31.929096841988827,4.956074830398135,Low,9.91214966079627
STORE_12,SKU_223,2026-05-31,25,7,2,17.647619047619045,2.5210884353741494,5.042176870748299,9.916351861845657,19.9578231292517,4.958175930922828,Low,9.916351861845657
STORE_10,SKU_002,2026-05-31,14,7,3,9.879699248120302,1.411385606874329,4.234156820622987,9.9193302891933,9.765843179377013,3.3064434297311003,Low,9.9193302891933
STORE_04,SKU_056,2026-05-31,16,6,2,11.29071657843178,1.61295951120454,3.22591902240908,9.91965383436772,12.77408097759092,4.95982691718386,Low,9.91965383436772
STORE_12,SKU_023,2026-05-31,30,9,2,21.169992441421016,3.0242846344887164,6.048569268977433,9.919701227153766,23.95143073102257,4.959850613576883,Low,9.919701227153766
STORE_06,SKU_240,2026-05-31,18,7,3,12.693811824246605,1.8134016891780864,5.44020506753426,9.926096411743387,12.55979493246574,3.308698803914462,Low,9.926096411743387
STORE_15,SKU_233,2026-05-31,17,6,2,11.986361251967127,1.7123373217095896,3.4246746434191793,9.927950401167031,13.575325356580821,4.963975200583516,Low,9.927950401167031
STORE_08,SKU_026,2026-05-31,31,12,2,21.816271223936727,3.116610174848104,6.233220349696208,9.946704355321199,24.766779650303793,4.973352177660599,Low,9.946704355321199
STORE_01,SKU_210,2026-05-31,22,10,4,15.481140495091362,2.2115914992987658,8.846365997195063,9.94758752101172,13.153634002804937,2.48689688025293,Low,9.94758752101172
STORE_09,SKU_027,2026-05-31,14,5,2,9.8503861003861,1.4071980143408713,2.8143960286817427,9.948848603625676,11.185603971318258,4.974424301812838,Low,9.948848603625676
STORE_05,SKU_142,2026-05-31,32,11,3,22.514035109271155,3.216290729895879,9.648872189687637,9.949349324224784,22.351127810312363,3.3164497747415944,Low,9.949349324224784
STORE_13,SKU_064,2026-05-31,22,7,4,15.47728130899937,2.21104018699991,8.84416074799964,9.950067904397116,13.15583925200036,2.487516976099279,Low,9.950067904397116
STORE_05,SKU_057,2026-05-31,18,6,1,12.63673469387755,1.8052478134110785,1.8052478134110785,9.97093023255814,16.19475218658892,9.97093023255814,Low,9.97093023255814
STORE_09,SKU_089,2026-05-31,14,7,3,9.827577104140087,1.4039395863057267,4.21181875891718,9.971939061024035,9.788181241082821,3.323979687008012,Low,9.971939061024035
STORE_12,SKU_141,2026-05-31,21,6,2,14.733390362132877,2.104770051733268,4.209540103466536,9.977336946003483,16.790459896533463,4.988668473001741,Low,9.977336946003483
STORE_14,SKU_127,2026-05-31,12,5,3,8.419047619047618,1.2027210884353738,3.6081632653061213,9.977375565610862,8.391836734693879,3.325791855203621,Low,9.977375565610862
STORE_16,SKU_020,2026-05-31,36,10,2,25.230778491171748,3.60439692731025,7.2087938546205,9.987801212244593,28.7912061453795,4.993900606122296,Low,9.987801212244593
STORE_13,SKU_022,2026-05-31,15,6,1,10.506612443057328,1.5009446347224755,1.5009446347224755,9.993706398619759,13.499055365277524,9.993706398619759,Low,9.993706398619759
STORE_04,SKU_036,2026-05-31,18,7,3,12.596967278531524,1.7995667540759321,5.398700262227797,10.002407501267106,12.601299737772203,3.3341358337557017,Low,10.002407501267106
STORE_18,SKU_173,2026-05-31,12,5,3,8.388704318936876,1.1983863312766965,3.5951589938300894,10.013465346534655,8.40484100616991,3.3378217821782186,Low,10.013465346534655
STORE_05,SKU_150,2026-05-31,23,7,2,16.063132945485886,2.294733277926555,4.58946655585311,10.022951347435916,18.41053344414689,5.011475673717958,Low,10.022951347435916
STORE_13,SKU_048,2026-05-31,18,9,3,12.563518084829559,1.794788297832794,5.3843648934983825,10.029037977200426,12.615635106501617,3.343012659066808,Low,10.029037977200426
STORE_16,SKU_079,2026-05-31,18,8,1,12.563029194608141,1.7947184563725915,1.7947184563725915,10.029428257165657,16.205281543627407,10.029428257165657,Low,10.029428257165657
STORE_08,SKU_148,2026-05-31,20,7,2,13.949595687331534,1.9927993839045048,3.9855987678090097,10.036133171023904,16.01440123219099,5.018066585511952,Low,10.036133171023904
STORE_12,SKU_088,2026-05-31,19,6,1,13.232793448589625,1.890399064084232,1.890399064084232,10.050787879121273,17.10960093591577,10.050787879121273,Low,10.050787879121273
STORE_14,SKU_012,2026-05-31,18,7,3,12.53007769145394,1.7900110987791342,5.370033296337403,10.055803571428571,12.629966703662596,3.3519345238095237,Low,10.055803571428571
STORE_05,SKU_174,2026-05-31,17,7,3,11.83383869011522,1.6905483843021742,5.071645152906523,10.055908578456494,11.928354847093477,3.3519695261521645,Low,10.055908578456494
STORE_04,SKU_140,2026-05-31,11,8,2,7.655570763755817,1.093652966250831,2.187305932501662,10.058035171530943,8.812694067498338,5.029017585765471,Low,10.058035171530943
STORE_16,SKU_028,2026-05-31,36,10,3,25.047915978218704,3.5782737111741008,10.734821133522303,10.06071723568282,25.265178866477697,3.3535724118942727,Low,10.06071723568282
STORE_11,SKU_223,2026-05-31,18,8,5,12.51473098330241,1.7878187119003444,8.939093559501721,10.068134917811145,9.060906440498279,2.013626983562229,Low,10.068134917811145
STORE_16,SKU_047,2026-05-31,25,7,1,17.37981651376147,2.482830930537353,2.482830930537353,10.069151182432432,22.517169069462646,10.069151182432432,Low,10.069151182432432
STORE_01,SKU_181,2026-05-31,18,7,3,12.504466996270274,1.7863524280386105,5.359057284115831,10.076399101023835,12.640942715884169,3.3587997003412786,Low,10.076399101023835
STORE_04,SKU_250,2026-05-31,13,7,3,9.029836906125567,1.289976700875081,3.8699301026252435,10.077701396607546,9.130069897374756,3.359233798869182,Low,10.077701396607546
STORE_04,SKU_108,2026-05-31,14,7,1,9.723032069970845,1.3890045814244065,1.3890045814244065,10.079160419790105,12.610995418575593,10.079160419790105,Low,10.079160419790105
STORE_12,SKU_114,2026-05-31,25,9,3,17.36157991143675,2.480225701633821,7.4406771049014635,10.079727818130232,17.559322895098536,3.359909272710077,Low,10.079727818130232
STORE_02,SKU_195,2026-05-31,12,5,2,8.332960393824122,1.1904229134034459,2.3808458268068917,10.08045112781955,9.619154173193108,5.040225563909775,Low,10.08045112781955
STORE_10,SKU_180,2026-05-31,20,9,1,13.859947334523604,1.9799924763605148,1.9799924763605148,10.101048483155157,18.020007523639485,10.101048483155157,Low,10.101048483155157
STORE_02,SKU_236,2026-05-31,15,5,3,10.39154593134964,1.484506561621377,4.453519684864132,10.104367597821199,10.546480315135868,3.3681225326070656,Low,10.104367597821199
STORE_04,SKU_155,2026-05-31,25,11,4,17.302034733416466,2.4717192476309235,9.886876990523694,10.11441733277832,15.113123009476306,2.52860433319458,Low,10.11441733277832
STORE_10,SKU_100,2026-05-31,18,7,3,12.454046621767858,1.7791495173954084,5.337448552186225,10.117193537702867,12.662551447813776,3.372397845900956,Low,10.117193537702867
STORE_01,SKU_150,2026-05-31,20,7,3,13.83500602167804,1.9764294316682915,5.929288295004874,10.11925833502597,14.070711704995126,3.3730861116753235,Low,10.11925833502597
STORE_01,SKU_012,2026-05-31,14,6,3,9.679063114607546,1.3827233020867922,4.148169906260376,10.124946892029186,9.851830093739624,3.3749822973430623,Low,10.124946892029186
STORE_12,SKU_074,2026-05-31,23,11,2,15.899983745025676,2.2714262492893824,4.542852498578765,10.12579651538128,18.457147501421236,5.06289825769064,Low,10.12579651538128
STORE_08,SKU_188,2026-05-31,29,12,4,20.04574702949421,2.863678147070601,11.454712588282405,10.126836365904298,17.545287411717595,2.5317090914760745,Low,10.126836365904298
STORE_18,SKU_150,2026-05-31,20,9,4,13.821233411397344,1.9744619159139063,7.897847663655625,10.129341993787067,12.102152336344375,2.5323354984467668,Low,10.129341993787067
STORE_05,SKU_006,2026-05-31,19,7,1,13.117913832199545,1.8739876903142207,1.8739876903142207,10.138807260155575,17.12601230968578,10.138807260155575,Low,10.138807260155575
STORE_12,SKU_097,2026-05-31,32,10,1,22.08884885606197,3.155549836580281,3.155549836580281,10.140863449229787,28.84445016341972,10.140863449229787,Low,10.140863449229787
STORE_12,SKU_165,2026-05-31,24,7,3,16.563448694596232,2.3662069563708905,7.098620869112672,10.142815249266864,16.901379130887328,3.3809384164222878,Low,10.142815249266864
STORE_05,SKU_048,2026-05-31,35,12,2,24.143049845837613,3.4490071208339446,6.898014241667889,10.147847996190063,28.101985758332113,5.073923998095031,Low,10.147847996190063
STORE_17,SKU_047,2026-05-31,17,8,1,11.715906593406594,1.6737009419152276,1.6737009419152276,10.157131166184792,15.326299058084773,10.157131166184792,Low,10.157131166184792
STORE_14,SKU_225,2026-05-31,15,6,2,10.3330658105939,1.4761522586562716,2.9523045173125433,10.16155339805825,12.047695482687457,5.080776699029125,Low,10.16155339805825
STORE_05,SKU_209,2026-05-31,41,11,2,28.210277876736725,4.030039696676675,8.06007939335335,10.173597057569971,32.93992060664665,5.0867985287849855,Low,10.173597057569971
STORE_06,SKU_021,2026-05-31,12,6,2,8.256424426637192,1.179489203805313,2.358978407610626,10.173895582329319,9.641021592389373,5.0869477911646594,Low,10.173895582329319
STORE_05,SKU_071,2026-05-31,27,9,1,18.563992081052753,2.651998868721822,2.651998868721822,10.180999818078027,24.348001131278178,10.180999818078027,Low,10.180999818078027
STORE_08,SKU_069,2026-05-31,30,11,3,20.61783982522513,2.9454056893178757,8.836217067953626,10.185354129246514,21.163782932046374,3.3951180430821717,Low,10.185354129246514
STORE_09,SKU_067,2026-05-31,20,10,4,13.738976749057393,1.962710964151056,7.850843856604224,10.1899874027813,12.149156143395775,2.547496850695325,Low,10.1899874027813
STORE_16,SKU_163,2026-05-31,33,11,2,22.66094197241738,3.237277424631054,6.474554849262108,10.193751004753922,26.52544515073789,5.096875502376961,Low,10.193751004753922
STORE_15,SKU_104,2026-05-31,19,8,3,13.04686057743909,1.8638372253484412,5.591511676045323,10.194023244947253,13.408488323954677,3.398007748315751,Low,10.194023244947253
STORE_18,SKU_034,2026-05-31,22,8,3,15.081062030075188,2.154437432867884,6.463312298603652,10.211482433590403,15.536687701396348,3.4038274778634676,Low,10.211482433590403
STORE_10,SKU_228,2026-05-31,14,7,3,9.569387755102042,1.367055393586006,4.1011661807580175,10.240989550010662,9.898833819241982,3.4136631833368876,Low,10.240989550010662
STORE_12,SKU_197,2026-05-31,22,6,1,15.032467532467532,2.147495361781076,2.147495361781076,10.244492440604752,19.852504638218925,10.244492440604752,Low,10.244492440604752
STORE_12,SKU_137,2026-05-31,23,9,2,15.70607195409637,2.24372456487091,4.48744912974182,10.250812581945983,18.51255087025818,5.125406290972991,Low,10.250812581945983
STORE_15,SKU_015,2026-05-31,19,8,3,12.967874231032125,1.852553461576018,5.557660384728054,10.256114273666455,13.442339615271946,3.4187047578888183,Low,10.256114273666455
STORE_15,SKU_246,2026-05-31,17,9,3,11.602392525724385,1.657484646532055,4.972453939596165,10.256505262699715,12.027546060403836,3.418835087566572,Low,10.256505262699715
STORE_18,SKU_110,2026-05-31,27,10,3,18.41731562070545,2.6310450886722068,7.89313526601662,10.262081830618085,19.10686473398338,3.4206939435393613,Low,10.262081830618085
STORE_09,SKU_216,2026-05-31,27,10,3,18.40727595385981,2.6296108505514013,7.888832551654204,10.267678958785247,19.111167448345796,3.4225596529284155,Low,10.267678958785247
STORE_01,SKU_073,2026-05-31,20,7,4,13.62322220813791,1.9461746011625587,7.784698404650235,10.276570246088344,12.215301595349764,2.569142561522086,Low,10.276570246088344
STORE_04,SKU_165,2026-05-31,23,9,1,15.642857142857142,2.2346938775510203,2.2346938775510203,10.292237442922374,20.76530612244898,10.292237442922374,Low,10.292237442922374
STORE_06,SKU_005,2026-05-31,15,6,1,10.201207243460765,1.457315320494395,1.457315320494395,10.292899408284024,13.542684679505605,10.292899408284024,Low,10.292899408284024
STORE_17,SKU_130,2026-05-31,17,8,3,11.560846560846562,1.651549508692366,4.954648526077098,10.293363844393593,12.045351473922903,3.4311212814645304,Low,10.293363844393593
STORE_16,SKU_165,2026-05-31,17,7,2,11.557760141093473,1.6511085915847818,3.3022171831695637,10.29611261587762,13.697782816830436,5.14805630793881,Low,10.29611261587762
STORE_16,SKU_135,2026-05-31,23,6,3,15.635714285714284,2.233673469387755,6.701020408163265,10.29693924166286,16.298979591836734,3.432313080554287,Low,10.29693924166286
STORE_10,SKU_173,2026-05-31,12,5,3,8.15482782260191,1.1649754032288442,3.4949262096865326,10.300646663217796,8.505073790313467,3.4335488877392653,Low,10.300646663217796
STORE_10,SKU_231,2026-05-31,15,6,4,10.160965794768611,1.4515665421098016,5.8062661684392065,10.333663366336634,9.193733831560793,2.5834158415841584,Low,10.333663366336634
STORE_08,SKU_121,2026-05-31,20,7,3,13.541033434650455,1.9344333478072078,5.803300043421624,10.338945005611674,14.196699956578376,3.4463150018705577,Low,10.338945005611674
STORE_14,SKU_208,2026-05-31,20,7,3,13.525085034013603,1.932155004859086,5.796465014577258,10.351136399358715,14.203534985422742,3.4503787997862383,Low,10.351136399358715
STORE_05,SKU_047,2026-05-31,34,10,2,22.9825351343976,3.283219304913943,6.566438609827886,10.355689596827338,27.433561390172116,5.177844798413669,Low,10.355689596827338
STORE_08,SKU_155,2026-05-31,25,12,2,16.889596384923486,2.412799483560498,4.825598967120996,10.361408053315822,20.174401032879004,5.180704026657911,Low,10.361408053315822
STORE_14,SKU_016,2026-05-31,18,8,3,12.150603845542665,1.735800549363238,5.207401648089714,10.369854996648739,12.792598351910286,3.4566183322162463,Low,10.369854996648739
STORE_09,SKU_056,2026-05-31,12,5,2,8.099955771782398,1.1571365388260568,2.3142730776521137,10.370426995740962,9.685726922347886,5.185213497870481,Low,10.370426995740962
STORE_05,SKU_192,2026-05-31,23,7,1,15.521678860223334,2.217382694317619,2.217382694317619,10.37258929590323,20.78261730568238,10.37258929590323,Low,10.37258929590323
STORE_16,SKU_145,2026-05-31,24,8,1,16.163164321059057,2.309023474437008,2.309023474437008,10.39400433373755,21.69097652556299,10.39400433373755,Low,10.39400433373755
STORE_16,SKU_249,2026-05-31,19,7,2,12.794425087108012,1.8277750124440018,3.6555500248880035,10.395152505446625,15.344449975111996,5.197576252723312,Low,10.395152505446625
STORE_17,SKU_189,2026-05-31,19,7,3,12.769679300291545,1.8242399000416492,5.472719700124948,10.41529680365297,13.527280299875052,3.471765601217656,Low,10.41529680365297
STORE_09,SKU_042,2026-05-31,28,11,3,18.796509908311148,2.685215701187307,8.05564710356192,10.427467703104595,19.94435289643808,3.4758225677015315,Low,10.427467703104595
STORE_10,SKU_212,2026-05-31,18,8,2,12.08139920424403,1.7259141720348616,3.4518283440697233,10.429255574614066,14.548171655930277,5.214627787307033,Low,10.429255574614066
STORE_18,SKU_217,2026-05-31,24,8,3,16.10846465787177,2.3012092368388246,6.903627710516474,10.429299350879038,17.096372289483526,3.476433116959679,Low,10.429299350879038
STORE_13,SKU_177,2026-05-31,17,6,3,11.404210213114144,1.629172887587735,4.887518662763204,10.434742763962495,12.112481337236796,3.478247587987499,Low,10.434742763962495
STORE_05,SKU_039,2026-05-31,14,7,2,9.381270903010034,1.340181557572862,2.680363115145724,10.446345811051692,11.319636884854276,5.223172905525846,Low,10.446345811051692
STORE_04,SKU_197,2026-05-31,14,6,3,9.36062717770035,1.3372324539571927,4.011697361871578,10.469383956821142,9.988302638128422,3.4897946522737144,Low,10.469383956821142
STORE_12,SKU_189,2026-05-31,24,7,3,16.039436840865672,2.2913481201236676,6.874044360371003,10.474183206480507,17.125955639628998,3.4913944021601693,Low,10.474183206480507
STORE_14,SKU_218,2026-05-31,19,7,3,12.696345514950165,1.8137636449928807,5.4412909349786425,10.475455306677832,13.558709065021358,3.4918184355592774,Low,10.475455306677832
STORE_08,SKU_235,2026-05-31,16,7,4,10.689315473339992,1.527045067619999,6.108180270479996,10.47775232,9.891819729520005,2.61943808,Low,10.47775232
STORE_02,SKU_177,2026-05-31,21,10,3,14.008295955225655,2.001185136460808,6.0035554093824235,10.493781718336919,14.996444590617577,3.49792723944564,Low,10.493781718336919
STORE_02,SKU_037,2026-05-31,18,6,3,12.004859086491738,1.7149798694988196,5.144939608496459,10.495750020238,12.85506039150354,3.498583340079333,Low,10.495750020238
STORE_12,SKU_229,2026-05-31,38,10,2,25.342302284042105,3.620328897720301,7.240657795440602,10.496283921587446,30.7593422045594,5.248141960793723,Low,10.496283921587446
STORE_06,SKU_147,2026-05-31,16,6,3,10.668789808917197,1.5241128298453137,4.572338489535941,10.497910447761196,11.427661510464059,3.4993034825870653,Low,10.497910447761196
STORE_01,SKU_206,2026-05-31,18,8,4,11.975064935064935,1.7107235621521337,6.842894248608535,10.521863612701717,11.157105751391466,2.630465903175429,Low,10.521863612701717
STORE_16,SKU_094,2026-05-31,22,9,2,14.631551967192106,2.090221709598872,4.180443419197744,10.525199264255058,17.819556580802256,5.262599632127529,Low,10.525199264255058
STORE_12,SKU_057,2026-05-31,13,6,2,8.645853043204037,1.2351218633148624,2.470243726629725,10.525277210388094,10.529756273370275,5.262638605194047,Low,10.525277210388094
STORE_12,SKU_179,2026-05-31,26,10,3,17.286418298587662,2.4694883283696663,7.408464985108999,10.528496815032515,18.591535014891,3.5094989383441715,Low,10.528496815032515
STORE_16,SKU_109,2026-05-31,31,10,3,20.607936507936508,2.9439909297052154,8.831972789115646,10.52992374643765,22.168027210884354,3.509974582145883,Low,10.52992374643765
STORE_17,SKU_128,2026-05-31,17,7,2,11.296376977757395,1.613768139679628,3.227536279359256,10.534350990083936,13.772463720640744,5.267175495041968,Low,10.534350990083936
STORE_12,SKU_239,2026-05-31,21,7,1,13.951745561085811,1.9931065087265445,1.9931065087265445,10.536316001204336,19.006893491273456,10.536316001204336,Low,10.536316001204336
STORE_16,SKU_114,2026-05-31,29,8,3,19.259235044132073,2.7513192920188674,8.253957876056603,10.540397868078893,20.746042123943397,3.5134659560262973,Low,10.540397868078893
STORE_12,SKU_222,2026-05-31,26,9,3,17.26530612244898,2.4664723032069973,7.399416909620992,10.541371158392435,18.600583090379008,3.513790386130811,Low,10.541371158392435
STORE_15,SKU_168,2026-05-31,22,8,3,14.603890362511052,2.086270051787293,6.2588101553618785,10.545135315129867,15.741189844638122,3.5150451050432894,Low,10.545135315129867
STORE_16,SKU_088,2026-05-31,25,7,1,16.593406593406595,2.370486656200942,2.370486656200942,10.546357615894038,22.629513343799058,10.546357615894038,Low,10.546357615894038
STORE_17,SKU_239,2026-05-31,18,8,4,11.944666569385669,1.706380938483667,6.825523753934668,10.548641041428446,11.174476246065332,2.6371602603571116,Low,10.548641041428446
STORE_14,SKU_156,2026-05-31,24,9,2,15.920883713987163,2.2744119591410232,4.5488239182820465,10.55217807114595,19.451176081717954,5.276089035572975,Low,10.55217807114595
STORE_18,SKU_242,2026-05-31,18,8,2,11.934605706689455,1.7049436723842077,3.4098873447684155,10.55753353706322,14.590112655231584,5.27876676853161,Low,10.55753353706322
STORE_05,SKU_086,2026-05-31,42,11,2,27.841424465027146,3.977346352146735,7.95469270429347,10.559804523267353,34.04530729570653,5.279902261633676,Low,10.559804523267353
STORE_05,SKU_028,2026-05-31,21,7,1,13.917365820020686,1.9881951171458123,1.9881951171458123,10.562343614517529,19.011804882854186,10.562343614517529,Low,10.562343614517529
STORE_12,SKU_129,2026-05-31,20,7,2,13.244657296881014,1.8920938995544305,3.784187799108861,10.57029992259359,16.21581220089114,5.285149961296795,Low,10.57029992259359
STORE_01,SKU_083,2026-05-31,16,7,3,10.583416583416584,1.5119166547737977,4.535749964321393,10.582593921087408,11.464250035678607,3.5275313070291356,Low,10.582593921087408
STORE_04,SKU_138,2026-05-31,17,7,1,11.235474006116208,1.6050677151594583,1.6050677151594583,10.591453456722917,15.394932284840541,10.591453456722917,Low,10.591453456722917
STORE_18,SKU_047,2026-05-31,18,8,1,11.8857586512866,1.6979655216123715,1.6979655216123715,10.600921968608276,16.30203447838763,10.600921968608276,Low,10.600921968608276
STORE_13,SKU_005,2026-05-31,16,6,4,10.56103896103896,1.5087198515769944,6.034879406307978,10.605017215937039,9.965120593692022,2.6512543039842598,Low,10.605017215937039
STORE_12,SKU_055,2026-05-31,20,6,1,13.188385177520532,1.884055025360076,1.884055025360076,10.615401212168763,18.115944974639923,10.615401212168763,Low,10.615401212168763
STORE_12,SKU_226,2026-05-31,23,7,2,15.141069958847737,2.163009994121105,4.32601998824221,10.63333043421539,18.67398001175779,5.316665217107695,Low,10.63333043421539
STORE_16,SKU_031,2026-05-31,29,7,1,19.082706766917298,2.726100966702471,2.726100966702471,10.637903861308114,26.27389903329753,10.637903861308114,Low,10.637903861308114
STORE_18,SKU_102,2026-05-31,16,6,3,10.511896027670057,1.5016994325242938,4.505098297572881,10.65459548926157,11.494901702427118,3.551531829753857,Low,10.65459548926157
STORE_05,SKU_141,2026-05-31,22,6,3,14.453196347031964,2.0647423352902807,6.194227005870842,10.655082536924413,15.805772994129157,3.551694178974804,Low,10.655082536924413
STORE_16,SKU_154,2026-05-31,18,6,1,11.820005421523447,1.6885722030747783,1.6885722030747783,10.659893587744243,16.311427796925223,10.659893587744243,Low,10.659893587744243
STORE_14,SKU_140,2026-05-31,13,7,3,8.530422478269658,1.218631782609951,3.655895347829853,10.667701421800949,9.344104652170147,3.55590047393365,Low,10.667701421800949
STORE_17,SKU_228,2026-05-31,23,9,3,15.076813655761026,2.153830522251575,6.4614915667547255,10.678648929144257,16.538508433245276,3.559549643048086,Low,10.678648929144257
STORE_05,SKU_204,2026-05-31,39,10,2,25.559971942950664,3.6514245632786664,7.302849126557333,10.68076289791438,31.697150873442666,5.34038144895719,Low,10.68076289791438
STORE_05,SKU_114,2026-05-31,39,12,3,25.55474689245181,3.6506781274931157,10.952034382479347,10.682946739755693,28.047965617520653,3.560982246585231,Low,10.682946739755693
STORE_01,SKU_120,2026-05-31,26,11,3,17.022750299346043,2.431821471335149,7.295464414005447,10.691574322569476,18.704535585994552,3.5638581075231586,Low,10.691574322569476
STORE_16,SKU_233,2026-05-31,20,6,2,13.093494299128102,1.8704991855897288,3.7409983711794577,10.692332909888128,16.259001628820542,5.346166454944064,Low,10.692332909888128
STORE_14,SKU_165,2026-05-31,19,7,3,12.425846153846154,1.775120879120879,5.3253626373626375,10.70349643423138,13.674637362637363,3.5678321447437926,Low,10.70349643423138
STORE_11,SKU_076,2026-05-31,17,9,3,11.100399600399601,1.5857713714856574,4.757314114456972,10.72033478828241,12.242685885543029,3.57344492942747,Low,10.72033478828241
STORE_14,SKU_014,2026-05-31,12,7,1,7.8276181649675625,1.1182311664239375,1.1182311664239375,10.731233720104191,10.881768833576063,10.731233720104191,Low,10.731233720104191
STORE_15,SKU_134,2026-05-31,15,6,4,9.781789638932498,1.3973985198474996,5.5895940793899985,10.734232065479056,9.410405920610001,2.683558016369764,Low,10.734232065479056
STORE_16,SKU_087,2026-05-31,17,6,2,11.079648199901365,1.5828068857001951,3.1656137714003902,10.740413220074927,13.834386228599609,5.370206610037464,Low,10.740413220074927
STORE_04,SKU_020,2026-05-31,15,8,3,9.776025647992176,1.3965750925703109,4.189725277710933,10.740561019453253,10.810274722289067,3.580187006484418,Low,10.740561019453253
STORE_16,SKU_197,2026-05-31,17,6,2,11.077922077922079,1.5825602968460113,3.1651205936920226,10.742086752637748,13.834879406307977,5.371043376318874,Low,10.742086752637748
STORE_06,SKU_163,2026-05-31,14,7,3,9.114262419195155,1.3020374884564507,3.906112465369352,10.752378579050612,10.093887534630648,3.584126193016871,Low,10.752378579050612
STORE_15,SKU_006,2026-05-31,27,10,4,17.574134831044134,2.510590690149162,10.042362760596648,10.754441218132554,16.957637239403354,2.6886103045331384,Low,10.754441218132554
STORE_08,SKU_021,2026-05-31,17,6,3,11.060642377756471,1.5800917682509243,4.740275304752773,10.758868783183445,12.259724695247227,3.586289594394482,Low,10.758868783183445
STORE_09,SKU_137,2026-05-31,17,7,3,11.05503981697391,1.5792914024248443,4.737874207274533,10.764321248059856,12.262125792725467,3.5881070826866184,Low,10.764321248059856
STORE_12,SKU_131,2026-05-31,24,6,2,15.601761252446183,2.22882303606374,4.45764607212748,10.76801505174036,19.54235392787252,5.38400752587018,Low,10.76801505174036
STORE_16,SKU_189,2026-05-31,20,7,2,12.996697350853768,1.856671050121967,3.713342100243934,10.771967386837952,16.286657899756065,5.385983693418976,Low,10.771967386837952
STORE_05,SKU_091,2026-05-31,23,7,3,14.943999999999999,2.134857142857143,6.404571428571428,10.77355460385439,16.59542857142857,3.5911848679514637,Low,10.77355460385439
STORE_01,SKU_046,2026-05-31,29,11,1,18.842018025484307,2.6917168607834725,2.6917168607834725,10.773792898692557,26.308283139216528,10.773792898692557,Low,10.773792898692557
STORE_16,SKU_017,2026-05-31,29,10,2,18.833753726209586,2.6905362466013694,5.381072493202739,10.778520466554655,23.618927506797263,5.389260233277327,Low,10.778520466554655
STORE_02,SKU_006,2026-05-31,15,7,3,9.739719727647833,1.391388532521119,4.174165597563357,10.78059769029491,10.825834402436643,3.5935325634316366,Low,10.78059769029491
STORE_05,SKU_144,2026-05-31,25,6,2,16.22354497354497,2.317649281934996,4.635298563869992,10.786791683652671,20.36470143613001,5.393395841826336,Low,10.786791683652671
STORE_05,SKU_126,2026-05-31,41,11,2,26.567869690194826,3.795409955742118,7.590819911484236,10.802522119638391,33.40918008851576,5.401261059819196,Low,10.802522119638391
STORE_12,SKU_101,2026-05-31,20,8,3,12.954073057794545,1.8505818653992208,5.551745596197662,10.80741164384287,14.448254403802338,3.602470547947624,Low,10.80741164384287
STORE_12,SKU_178,2026-05-31,28,7,2,18.126256927204793,2.5894652753149705,5.178930550629941,10.813043243684437,22.821069449370057,5.406521621842218,Low,10.813043243684437
STORE_16,SKU_160,2026-05-31,22,8,1,14.239021678710394,2.034145954101485,2.034145954101485,10.815349781386633,19.965854045898514,10.815349781386633,Low,10.815349781386633
STORE_14,SKU_035,2026-05-31,17,8,2,10.99647266313933,1.5709246661627616,3.141849332325523,10.821651964715315,13.858150667674476,5.410825982357657,Low,10.821651964715315
STORE_12,SKU_214,2026-05-31,19,6,3,12.269300911854103,1.7527572731220147,5.258271819366044,10.840063419709658,13.741728180633956,3.6133544732365523,Low,10.840063419709658
STORE_12,SKU_153,2026-05-31,25,9,2,16.131048586601576,2.304435512371654,4.608871024743308,10.848643785336728,20.39112897525669,5.424321892668364,Low,10.848643785336728
STORE_06,SKU_061,2026-05-31,16,5,1,10.323191308403523,1.4747416154862176,1.4747416154862176,10.849358173651899,14.525258384513782,10.849358173651899,Low,10.849358173651899
STORE_08,SKU_152,2026-05-31,21,8,3,13.548045741594127,1.935435105942018,5.806305317826054,10.85027337549447,15.193694682173945,3.6167577918314904,Low,10.85027337549447
STORE_16,SKU_105,2026-05-31,27,8,2,17.398819362455725,2.485545623207961,4.971091246415922,10.862806036588676,22.028908753584076,5.431403018294338,Low,10.862806036588676
STORE_17,SKU_169,2026-05-31,23,9,3,14.81531637976478,2.116473768537826,6.349421305613477,10.867132086352122,16.650578694386525,3.622377362117374,Low,10.867132086352122
STORE_12,SKU_206,2026-05-31,30,10,2,19.27076411960133,2.75296630280019,5.50593260560038,10.897336436514093,24.49406739439962,5.448668218257047,Low,10.897336436514093
STORE_12,SKU_207,2026-05-31,26,11,2,16.68558489678292,2.383654985254703,4.767309970509406,10.907618829417881,21.232690029490595,5.453809414708941,Low,10.907618829417881
STORE_05,SKU_022,2026-05-31,22,7,1,14.114864864864865,2.0164092664092665,2.0164092664092665,10.910483484921015,19.983590733590734,10.910483484921015,Low,10.910483484921015
STORE_01,SKU_130,2026-05-31,24,11,3,15.38592440193482,2.1979892002764028,6.593967600829208,10.919070938556905,17.40603239917079,3.6396903128523017,Low,10.919070938556905
STORE_12,SKU_183,2026-05-31,23,8,3,14.73938223938224,2.1056260341974626,6.316878102592388,10.923117223313687,16.683121897407613,3.641039074437896,Low,10.923117223313687
STORE_13,SKU_221,2026-05-31,18,7,3,11.530701754385964,1.6472431077694234,4.94172932330827,10.92734880182579,13.05827067669173,3.6424496006085967,Low,10.92734880182579
STORE_13,SKU_113,2026-05-31,24,10,1,15.360544217687075,2.194363459669582,2.194363459669582,10.937112488928255,21.80563654033042,10.937112488928255,Low,10.937112488928255
STORE_02,SKU_047,2026-05-31,27,10,4,17.257049571641204,2.4652927959487436,9.861171183794974,10.952045957530702,17.138828816205027,2.7380114893826755,Low,10.952045957530702
STORE_05,SKU_082,2026-05-31,28,7,2,17.89173343756107,2.555961919651581,5.111923839303162,10.954779797273682,22.888076160696837,5.477389898636841,Low,10.954779797273682
STORE_05,SKU_130,2026-05-31,42,12,2,26.829056865464636,3.832722409352091,7.665444818704182,10.958268174474957,34.33455518129582,5.479134087237479,Low,10.958268174474957
STORE_16,SKU_021,2026-05-31,18,6,2,11.490393340434766,1.6414847629192522,3.2829695258385043,10.965682049943862,14.717030474161495,5.482841024971931,Low,10.965682049943862
STORE_15,SKU_045,2026-05-31,25,9,1,15.951015086608306,2.2787164409440437,2.2787164409440437,10.971088614098388,22.721283559055955,10.971088614098388,Low,10.971088614098388
STORE_17,SKU_195,2026-05-31,14,6,3,8.928952526132406,1.2755646465903436,3.826693939771031,10.975531532190697,10.173306060228969,3.6585105107302325,Low,10.975531532190697
STORE_09,SKU_202,2026-05-31,16,6,3,10.200043487714721,1.4571490696735316,4.3714472090205945,10.980345342144531,11.628552790979406,3.6601151140481774,Low,10.980345342144531
STORE_10,SKU_095,2026-05-31,18,8,1,11.46139606284992,1.6373422946928458,1.6373422946928458,10.99342517343124,16.362657705307154,10.99342517343124,Low,10.99342517343124
STORE_16,SKU_240,2026-05-31,29,10,1,18.432323645790692,2.633189092255813,2.633189092255813,11.013261480266934,26.36681090774419,11.013261480266934,Low,11.013261480266934
STORE_02,SKU_188,2026-05-31,29,11,2,18.423208699538208,2.631886957076887,5.263773914153774,11.018710329492622,23.736226085846226,5.509355164746311,Low,11.018710329492622
STORE_06,SKU_148,2026-05-31,20,7,3,12.696364567332308,1.8137663667617583,5.441299100285275,11.026778512663334,14.558700899714726,3.6755928375544444,Low,11.026778512663334
STORE_16,SKU_215,2026-05-31,36,10,1,22.83099273607748,3.2615703908682114,3.2615703908682114,11.03762779451067,32.738429609131785,11.03762779451067,Low,11.03762779451067
STORE_05,SKU_191,2026-05-31,47,12,1,29.776483863687652,4.253783409098236,4.253783409098236,11.048987567038253,42.74621659090177,11.048987567038253,Low,11.048987567038253
STORE_09,SKU_214,2026-05-31,15,6,3,9.500537056928035,1.357219579561148,4.0716587386834435,11.052006783493498,10.928341261316557,3.6840022611644994,Low,11.052006783493498
STORE_16,SKU_208,2026-05-31,30,8,2,19.000614935239632,2.7143735621770904,5.428747124354181,11.052273871964108,24.57125287564582,5.526136935982054,Low,11.052273871964108
STORE_16,SKU_032,2026-05-31,16,6,1,10.130385487528345,1.4471979267897637,1.4471979267897637,11.055847789591493,14.552802073210236,11.055847789591493,Low,11.055847789591493
STORE_12,SKU_163,2026-05-31,39,10,2,24.67765702707681,3.5253795752966868,7.0507591505933735,11.062638551968652,31.94924084940663,5.531319275984326,Low,11.062638551968652
STORE_18,SKU_053,2026-05-31,20,7,3,12.64041184041184,1.8057731200588343,5.417319360176503,11.07558849881893,14.582680639823497,3.6918628329396435,Low,11.07558849881893
STORE_15,SKU_247,2026-05-31,26,9,1,16.423512227761957,2.3462160325374226,2.3462160325374226,11.081673485915578,23.653783967462576,11.081673485915578,Low,11.081673485915578
STORE_18,SKU_236,2026-05-31,15,6,4,9.470748299319729,1.3529640427599612,5.411856171039845,11.086769142364602,9.588143828960156,2.7716922855911506,Low,11.086769142364602
STORE_10,SKU_092,2026-05-31,21,9,4,13.240560763739571,1.8915086805342245,7.566034722136898,11.102248811286929,13.433965277863102,2.775562202821732,Low,11.102248811286929
STORE_01,SKU_077,2026-05-31,27,11,4,17.01343705799151,2.4304910082845015,9.721964033138006,11.108866442199778,17.278035966861992,2.7772166105499445,Low,11.108866442199778
STORE_16,SKU_107,2026-05-31,16,6,3,10.073089700996677,1.4390128144280967,4.31703844328429,11.11873350923483,11.68296155671571,3.7062445030782762,Low,11.11873350923483
STORE_05,SKU_230,2026-05-31,31,9,1,19.5008210180624,2.785831574008914,2.785831574008914,11.127736611653754,28.214168425991087,11.127736611653754,Low,11.127736611653754
STORE_18,SKU_231,2026-05-31,16,6,3,10.05433342168036,1.436333345954337,4.309000037863012,11.139475418478979,11.690999962136988,3.7131584728263256,Low,11.139475418478979
STORE_13,SKU_175,2026-05-31,21,7,3,13.189649595687332,1.8842356565267617,5.652706969580285,11.145102751483643,15.347293030419715,3.715034250494548,Low,11.145102751483643
STORE_12,SKU_093,2026-05-31,21,8,3,13.18814601036823,1.884020858624033,5.652062575872099,11.146373408698373,15.3479374241279,3.715457802899458,Low,11.146373408698373
STORE_17,SKU_145,2026-05-31,22,8,2,13.788402810304447,1.9697718300434925,3.939543660086985,11.168806287332396,18.060456339913014,5.584403143666198,Low,11.168806287332396
STORE_04,SKU_109,2026-05-31,24,8,4,15.029307568438004,2.147043938348286,8.588175753393145,11.178159687995542,15.411824246606855,2.7945399219988856,Low,11.178159687995542
STORE_15,SKU_106,2026-05-31,15,6,3,9.365931607542347,1.3379902296489068,4.013970688946721,11.210844195727836,10.98602931105328,3.7369480652426117,Low,11.210844195727836
STORE_16,SKU_002,2026-05-31,29,11,2,18.08022857142857,2.582889795918367,5.165779591836734,11.227734162652812,23.834220408163265,5.613867081326406,Low,11.227734162652812
STORE_14,SKU_073,2026-05-31,23,10,3,14.339164237123418,2.048452033874774,6.145356101624321,11.227990511690955,16.854643898375677,3.7426635038969853,Low,11.227990511690955
STORE_15,SKU_117,2026-05-31,26,11,3,16.175497110268093,2.3107853014668707,6.9323559044006124,11.251586196041396,19.067644095599388,3.7505287320137985,Low,11.251586196041396
STORE_13,SKU_086,2026-05-31,21,8,3,13.048961611076148,1.8641373730108783,5.592412119032635,11.265264193529719,15.407587880967366,3.755088064509906,Low,11.265264193529719
STORE_12,SKU_070,2026-05-31,32,10,2,19.864329023772097,2.8377612891102997,5.675522578220599,11.276494651892548,26.3244774217794,5.638247325946274,Low,11.276494651892548
STORE_16,SKU_176,2026-05-31,25,7,3,15.49862877088008,2.21408982441144,6.64226947323432,11.291321483149682,18.35773052676568,3.7637738277165607,Low,11.291321483149682
STORE_16,SKU_171,2026-05-31,25,8,2,15.490909090909092,2.2129870129870133,4.425974025974027,11.29694835680751,20.57402597402597,5.648474178403755,Low,11.29694835680751
STORE_16,SKU_162,2026-05-31,30,8,2,18.58508636546227,2.6550123379231816,5.310024675846363,11.299382519429935,24.689975324153636,5.6496912597149676,Low,11.299382519429935
STORE_18,SKU_017,2026-05-31,27,10,3,16.717342118842534,2.3881917312632193,7.164575193789657,11.305624940640138,19.83542480621034,3.768541646880046,Low,11.305624940640138
STORE_13,SKU_150,2026-05-31,25,9,2,15.47057829832761,2.2100826140468013,4.420165228093603,11.311794337960704,20.5798347719064,5.655897168980352,Low,11.311794337960704
STORE_10,SKU_184,2026-05-31,17,8,2,10.518851608439986,1.502693086919998,3.005386173839996,11.313022032226241,13.994613826160004,5.656511016113121,Low,11.313022032226241
STORE_05,SKU_060,2026-05-31,21,6,2,12.99350054525627,1.8562143636080386,3.712428727216077,11.313348507432623,17.28757127278392,5.656674253716312,Low,11.313348507432623
STORE_16,SKU_190,2026-05-31,24,8,2,14.838345864661655,2.119763694951665,4.23952738990333,11.32201672156068,19.76047261009667,5.66100836078034,Low,11.32201672156068
STORE_06,SKU_046,2026-05-31,21,11,4,12.959175382186675,1.8513107688838109,7.405243075535243,11.343314344064062,13.594756924464757,2.8358285860160155,Low,11.343314344064062
STORE_14,SKU_172,2026-05-31,12,5,2,7.40231884057971,1.0574741200828157,2.1149482401656314,11.347795442086303,9.885051759834369,5.673897721043152,Low,11.347795442086303
STORE_17,SKU_174,2026-05-31,23,10,3,14.176436047821603,2.0252051496888006,6.075615449066402,11.356874143606762,16.9243845509336,3.785624714535587,Low,11.356874143606762
STORE_05,SKU_188,2026-05-31,38,11,2,23.413740270883125,3.344820038697589,6.689640077395178,11.360850377707166,31.31035992260482,5.680425188853583,Low,11.360850377707166
STORE_13,SKU_075,2026-05-31,18,7,2,11.086436109461374,1.5837765870659106,3.1675531741318212,11.365239356989504,14.832446825868178,5.682619678494752,Low,11.365239356989504
STORE_14,SKU_025,2026-05-31,15,6,4,9.223121318498245,1.3175887597854636,5.2703550391418545,11.384432273422227,9.729644960858145,2.846108068355557,Low,11.384432273422227
STORE_16,SKU_132,2026-05-31,27,8,2,16.600587371512482,2.3715124816446402,4.7430249632892805,11.385139318885448,22.25697503671072,5.692569659442724,Low,11.385139318885448
STORE_16,SKU_186,2026-05-31,21,6,2,12.907563025210084,1.843937575030012,3.687875150060024,11.388671875,17.312124849939977,5.6943359375,Low,11.388671875
STORE_05,SKU_216,2026-05-31,33,10,2,20.283116883116882,2.8975881261595546,5.795176252319109,11.388782174414137,27.20482374768089,5.694391087207069,Low,11.388782174414137
STORE_16,SKU_142,2026-05-31,22,8,1,13.517372167581371,1.9310531667973387,1.9310531667973387,11.392746910478445,20.068946833202663,11.392746910478445,Low,11.392746910478445
STORE_12,SKU_208,2026-05-31,32,8,3,19.648474246841594,2.806924892405942,8.420774677217826,11.400376293136706,23.57922532278217,3.8001254310455685,Low,11.400376293136706
STORE_16,SKU_048,2026-05-31,22,8,2,13.507574648711941,1.929653521244563,3.859307042489126,11.401010470424103,18.140692957510876,5.700505235212051,Low,11.401010470424103
STORE_18,SKU_233,2026-05-31,15,7,4,9.20516717325228,1.3150238818931828,5.260095527572731,11.406636948984646,9.73990447242727,2.8516592372461615,Low,11.406636948984646
STORE_16,SKU_191,2026-05-31,28,8,1,17.17408989636776,2.453441413766823,2.453441413766823,11.41254070420658,25.54655858623318,11.41254070420658,Low,11.41254070420658
STORE_09,SKU_103,2026-05-31,17,8,2,10.40200463436978,1.4860006620528257,2.9720013241056513,11.440102574729316,14.027998675894349,5.720051287364658,Low,11.440102574729316
STORE_12,SKU_100,2026-05-31,27,9,3,16.519166396717416,2.359880913816774,7.079642741450321,11.441255294671338,19.92035725854968,3.8137517648904464,Low,11.441255294671338
STORE_16,SKU_075,2026-05-31,27,8,2,16.509186813186812,2.3584552590266874,4.716910518053375,11.448171381102497,22.283089481946625,5.724085690551249,Low,11.448171381102497
STORE_12,SKU_035,2026-05-31,27,7,1,16.485982157045243,2.3551403081493203,2.3551403081493203,11.464285124149024,24.64485969185068,11.464285124149024,Low,11.464285124149024
STORE_16,SKU_036,2026-05-31,26,9,2,15.834067421524182,2.2620096316463116,4.524019263292623,11.494203930987226,21.475980736707378,5.747101965493613,Low,11.494203930987226
STORE_05,SKU_185,2026-05-31,20,7,3,12.164169446971995,1.7377384924245707,5.213215477273712,11.509211591495049,14.786784522726288,3.836403863831683,Low,11.509211591495049
STORE_05,SKU_121,2026-05-31,17,6,1,10.33860949709477,1.4769442138706814,1.4769442138706814,11.510251937984497,15.52305578612932,11.510251937984497,Low,11.510251937984497
STORE_08,SKU_094,2026-05-31,14,6,2,8.501009194886745,1.2144298849838207,2.4288597699676413,11.528043053870102,11.57114023003236,5.764021526935051,Low,11.528043053870102
STORE_12,SKU_069,2026-05-31,20,7,3,12.14038766191408,1.7343410945591542,5.203023283677463,11.531756966805728,14.796976716322536,3.843918988935243,Low,11.531756966805728
STORE_15,SKU_146,2026-05-31,17,6,2,10.312421264802218,1.4732030378288883,2.9464060756577766,11.539482042511604,14.053593924342223,5.769741021255802,Low,11.539482042511604
STORE_05,SKU_236,2026-05-31,18,5,2,10.908721383290159,1.5583887690414513,3.1167775380829026,11.550391248694389,14.883222461917097,5.7751956243471945,Low,11.550391248694389
STORE_13,SKU_063,2026-05-31,19,6,4,11.476354679802956,1.6394792399718507,6.557916959887403,11.589045799888398,12.442083040112596,2.8972614499720994,Low,11.589045799888398
STORE_05,SKU_033,2026-05-31,33,12,1,19.89364759988503,2.8419496571264324,2.8419496571264324,11.61174685739055,30.15805034287357,11.61174685739055,Low,11.61174685739055
STORE_14,SKU_091,2026-05-31,16,6,1,9.62117128154864,1.3744530402212345,1.3744530402212345,11.640994295028523,14.625546959778765,11.640994295028523,Low,11.640994295028523
STORE_12,SKU_171,2026-05-31,23,8,1,13.822974530971596,1.9747106472816565,1.9747106472816565,11.647276035940404,21.025289352718342,11.647276035940404,Low,11.647276035940404
STORE_17,SKU_066,2026-05-31,17,6,1,10.210395269218798,1.4586278956026855,1.4586278956026855,11.654788758153996,15.541372104397315,11.654788758153996,Low,11.654788758153996
STORE_16,SKU_051,2026-05-31,33,9,2,19.81417830290011,2.8305969004143017,5.661193800828603,11.658318425760283,27.338806199171398,5.829159212880142,Low,11.658318425760283
STORE_16,SKU_056,2026-05-31,23,6,1,13.773809523809522,1.9676870748299318,1.9676870748299318,11.68885047536733,21.032312925170068,11.68885047536733,Low,11.68885047536733
STORE_12,SKU_095,2026-05-31,31,10,1,18.562127976190474,2.6517325680272106,2.6517325680272106,11.690469986972644,28.34826743197279,11.690469986972644,Low,11.690469986972644
STORE_18,SKU_030,2026-05-31,13,5,2,7.781484962406014,1.111640708915145,2.22328141783029,11.694425991907725,10.77671858216971,5.847212995953862,Low,11.694425991907725
STORE_05,SKU_124,2026-05-31,27,8,2,16.140157519318407,2.305736788474058,4.611473576948116,11.709922891011624,22.388526423051886,5.854961445505812,Low,11.709922891011624
STORE_12,SKU_008,2026-05-31,30,8,2,17.89547038327526,2.556495769039323,5.112991538078646,11.734813084112151,24.887008461921354,5.8674065420560755,Low,11.734813084112151
STORE_10,SKU_151,2026-05-31,20,7,2,11.92744286654754,1.7039204095067915,3.407840819013583,11.737637443869284,16.592159180986418,5.868818721934642,Low,11.737637443869284
STORE_05,SKU_078,2026-05-31,19,7,1,11.327593307593308,1.6182276153704724,1.6182276153704724,11.741240737416407,17.381772384629528,11.741240737416407,Low,11.741240737416407
STORE_13,SKU_134,2026-05-31,16,6,3,9.537662337662338,1.3625231910946198,4.08756957328386,11.742919389978212,11.91243042671614,3.9143064633260707,Low,11.742919389978212
STORE_08,SKU_202,2026-05-31,16,6,3,9.523201621073962,1.3604573744391375,4.081372123317412,11.760750686214012,11.918627876682589,3.9202502287380043,Low,11.760750686214012
STORE_13,SKU_246,2026-05-31,20,9,4,11.876691729323307,1.6966702470461867,6.786680988184747,11.787794378323627,13.213319011815253,2.9469485945809066,Low,11.787794378323627
STORE_05,SKU_062,2026-05-31,28,7,2,16.62271963748584,2.3746742339265485,4.749348467853097,11.791091005228834,23.250651532146904,5.895545502614417,Low,11.791091005228834
STORE_12,SKU_024,2026-05-31,27,7,2,16.027397260273972,2.2896281800391387,4.579256360078277,11.792307692307693,22.420743639921724,5.8961538461538465,Low,11.792307692307693
STORE_15,SKU_136,2026-05-31,14,6,2,8.306878306878307,1.1866969009826154,2.3733938019652308,11.797452229299362,11.62660619803477,5.898726114649681,Low,11.797452229299362
STORE_02,SKU_202,2026-05-31,16,6,1,9.484729064039408,1.3549612948627725,1.3549612948627725,11.808455385893842,14.645038705137228,11.808455385893842,Low,11.808455385893842
STORE_17,SKU_075,2026-05-31,18,7,2,10.670194003527337,1.524313429075334,3.048626858150668,11.808595041322313,14.951373141849333,5.9042975206611565,Low,11.808595041322313
STORE_12,SKU_048,2026-05-31,23,7,2,13.626496739774746,1.9466423913963922,3.8932847827927843,11.815215830937147,19.106715217207217,5.9076079154685734,Low,11.815215830937147
STORE_16,SKU_244,2026-05-31,19,7,2,11.24614242743857,1.6065917753483672,3.2131835506967343,11.826277397617147,15.786816449303267,5.913138698808574,Low,11.826277397617147
STORE_12,SKU_079,2026-05-31,17,7,2,10.044091710758376,1.4348702443940538,2.8697404887881075,11.847761194029852,14.130259511211893,5.923880597014926,Low,11.847761194029852
STORE_15,SKU_125,2026-05-31,16,6,4,9.427210884353741,1.3467444120505345,5.386977648202138,11.880502236975031,10.613022351797863,2.970125559243758,Low,11.880502236975031
STORE_16,SKU_068,2026-05-31,21,10,1,12.325138869106965,1.7607341241581378,1.7607341241581378,11.926843304658934,19.239265875841863,11.926843304658934,Low,11.926843304658934
STORE_09,SKU_225,2026-05-31,14,6,3,8.213107552218538,1.1733010788883627,3.5199032366650878,11.932146191550611,10.480096763334913,3.977382063850204,Low,11.932146191550611
STORE_16,SKU_010,2026-05-31,20,7,2,11.730353679933511,1.675764811419073,3.351529622838146,11.934849009667161,16.648470377161853,5.967424504833581,Low,11.934849009667161
STORE_05,SKU_163,2026-05-31,21,8,1,12.253870358716174,1.750552908388025,1.750552908388025,11.996209825693066,19.249447091611977,11.996209825693066,Low,11.996209825693066
STORE_16,SKU_131,2026-05-31,24,6,2,14.002942137953578,2.00042030542194,4.00084061084388,11.997478697326953,19.99915938915612,5.998739348663476,Low,11.997478697326953
STORE_14,SKU_187,2026-05-31,21,8,4,12.252326217843459,1.7503323168347797,7.001329267339119,11.997721688630781,13.99867073266088,2.9994304221576953,Low,11.997721688630781
STORE_16,SKU_123,2026-05-31,20,7,2,11.6652950310559,1.6664707187222714,3.3329414374445427,12.001410991088129,16.667058562555457,6.000705495544064,Low,12.001410991088129
STORE_16,SKU_027,2026-05-31,23,6,3,13.33738095238095,1.9053401360544215,5.716020408163264,12.071335487441313,17.283979591836736,4.0237784958137714,Low,12.071335487441313
STORE_05,SKU_235,2026-05-31,26,8,1,15.000712250712251,2.142958892958893,2.142958892958893,12.13275722900147,23.857041107041105,12.13275722900147,Low,12.13275722900147
STORE_16,SKU_138,2026-05-31,25,9,2,14.411811822502269,2.058830260357467,4.117660520714934,12.14281744414391,20.882339479285065,6.071408722071955,Low,12.14281744414391
STORE_16,SKU_118,2026-05-31,24,10,3,13.831242411978955,1.9758917731398509,5.927675319419553,12.146414255200867,18.072324680580447,4.048804751733622,Low,12.146414255200867
STORE_09,SKU_048,2026-05-31,23,11,1,13.20873117884686,1.8869615969781228,1.8869615969781228,12.188907308359312,21.11303840302188,12.188907308359312,Low,12.188907308359312
STORE_05,SKU_180,2026-05-31,25,9,2,14.34866163349348,2.049808804784783,4.099617609569566,12.196259447048694,20.900382390430433,6.098129723524347,Low,12.196259447048694
STORE_16,SKU_216,2026-05-31,28,8,1,16.040139064475348,2.2914484377821926,2.2914484377821926,12.21934543161711,25.708551562217806,12.21934543161711,Low,12.21934543161711
STORE_15,SKU_200,2026-05-31,26,9,3,14.835541158095678,2.119363022585097,6.358089067755291,12.267836950503389,19.64191093224471,4.08927898350113,Low,12.267836950503389
STORE_18,SKU_018,2026-05-31,16,6,3,9.127659574468085,1.303951367781155,3.911854103343465,12.27039627039627,12.088145896656535,4.090132090132091,Low,12.27039627039627
STORE_09,SKU_117,2026-05-31,22,8,1,12.534170391347367,1.7905957701924808,1.7905957701924808,12.28641347546303,20.209404229807518,12.28641347546303,Low,12.28641347546303
STORE_12,SKU_241,2026-05-31,26,6,2,14.802017654476671,2.1145739506395245,4.229147901279049,12.29562105980576,21.77085209872095,6.14781052990288,Low,12.29562105980576
STORE_16,SKU_073,2026-05-31,24,9,2,13.662301057494647,1.9517572939278067,3.9035145878556134,12.296610892485145,20.096485412144386,6.148305446242572,Low,12.296610892485145
STORE_01,SKU_116,2026-05-31,28,11,3,15.87313641012925,2.26759091573275,6.802772747198249,12.347906231998673,21.197227252801753,4.115968743999558,Low,12.347906231998673
STORE_05,SKU_089,2026-05-31,28,7,2,15.856265028052364,2.265180718293195,4.53036143658639,12.361044650379107,23.46963856341361,6.180522325189553,Low,12.361044650379107
STORE_16,SKU_205,2026-05-31,19,6,1,10.753722541648239,1.5362460773783198,1.5362460773783198,12.367810261507351,17.46375392262168,12.367810261507351,Low,12.367810261507351
STORE_18,SKU_027,2026-05-31,15,5,3,8.473766233766233,1.210538033395176,3.631614100185528,12.391184404119668,11.368385899814472,4.130394801373223,Low,12.391184404119668
STORE_16,SKU_040,2026-05-31,27,8,3,15.226053639846743,2.1751505199781063,6.525451559934319,12.41293407146452,20.474548440065682,4.137644690488173,Low,12.41293407146452
STORE_09,SKU_039,2026-05-31,19,7,4,10.69038208168643,1.5271974402409185,6.108789760963674,12.441089474981514,12.891210239036326,3.1102723687453784,Low,12.441089474981514
STORE_05,SKU_200,2026-05-31,20,6,1,11.247808199744645,1.6068297428206635,1.6068297428206635,12.446869426807828,18.393170257179335,12.446869426807828,Low,12.446869426807828
STORE_16,SKU_029,2026-05-31,25,9,2,14.055405212932628,2.007915030418947,4.015830060837894,12.450726062239697,20.984169939162108,6.225363031119849,Low,12.450726062239697
STORE_10,SKU_181,2026-05-31,17,7,3,9.553677811550152,1.364811115935736,4.0944333478072075,12.455936064342891,12.905566652192793,4.151978688114298,Low,12.455936064342891
STORE_13,SKU_057,2026-05-31,18,6,3,10.10483592086344,1.443547988694777,4.330643966084331,12.469277184387328,13.669356033915669,4.1564257281291095,Low,12.469277184387328
STORE_12,SKU_143,2026-05-31,23,7,1,12.901685393258427,1.8430979133226324,1.8430979133226324,12.478989767036795,21.156902086677366,12.478989767036795,Low,12.478989767036795
STORE_18,SKU_128,2026-05-31,15,7,3,8.406109613656783,1.200872801950969,3.6026184058529065,12.490914920906372,11.397381594147094,4.163638306968791,Low,12.490914920906372
STORE_05,SKU_232,2026-05-31,24,7,1,13.448619527205132,1.9212313610293046,1.9212313610293046,12.491988464701064,22.078768638970697,12.491988464701064,Low,12.491988464701064
STORE_05,SKU_043,2026-05-31,28,10,2,15.687263556116015,2.2410376508737166,4.482075301747433,12.494212218649517,23.517924698252568,6.247106109324759,Low,12.494212218649517
STORE_01,SKU_036,2026-05-31,13,7,4,7.242886597938144,1.0346980854197347,4.138792341678939,12.56405146891369,8.86120765832106,3.1410128672284223,Low,12.56405146891369
STORE_17,SKU_234,2026-05-31,21,9,2,11.68892606222817,1.66984658031831,3.33969316063662,12.576005632803064,17.66030683936338,6.288002816401532,Low,12.576005632803064
STORE_12,SKU_212,2026-05-31,35,11,3,19.43629343629344,2.77661334804192,8.32984004412576,12.605284068335317,26.67015995587424,4.201761356111772,Low,12.605284068335317
STORE_16,SKU_099,2026-05-31,31,8,2,17.21307657859382,2.4590109397991173,4.918021879598235,12.606694625983431,26.081978120401764,6.303347312991716,Low,12.606694625983431
STORE_10,SKU_214,2026-05-31,17,6,4,9.430271495543765,1.3471816422205378,5.388726568882151,12.618936799034147,11.611273431117848,3.1547341997585368,Low,12.618936799034147
STORE_05,SKU_020,2026-05-31,23,7,2,12.725274725274724,1.8178963893249607,3.6357927786499213,12.651986183074266,19.364207221350078,6.325993091537133,Low,12.651986183074266
STORE_05,SKU_008,2026-05-31,35,10,1,19.27965875766462,2.75423696538066,2.75423696538066,12.70769379684173,32.24576303461934,12.70769379684173,Low,12.70769379684173
STORE_05,SKU_038,2026-05-31,30,9,3,16.50611299528497,2.358016142183567,7.0740484265507,12.722559215485031,22.9259515734493,4.240853071828344,Low,12.722559215485031
STORE_14,SKU_109,2026-05-31,26,11,4,14.297842461381334,2.0425489230544764,8.170195692217906,12.729193267556587,17.829804307782094,3.1822983168891468,Low,12.729193267556587
STORE_06,SKU_024,2026-05-31,28,12,4,15.3874883286648,2.1982126183806856,8.792850473522742,12.7376213592233,19.20714952647726,3.184405339805825,Low,12.7376213592233
STORE_04,SKU_229,2026-05-31,15,7,4,8.24169925619201,1.17738560802743,4.70954243210972,12.740091179754371,10.290457567890279,3.1850227949385927,Low,12.740091179754371
STORE_18,SKU_145,2026-05-31,18,7,1,9.866689916735691,1.4095271309622415,1.4095271309622415,12.770240178145379,16.590472869037757,12.770240178145379,Low,12.770240178145379
STORE_15,SKU_031,2026-05-31,17,7,1,9.299232736572892,1.328461819510413,1.328461819510413,12.796754675467545,15.671538180489588,12.796754675467545,Low,12.796754675467545
STORE_16,SKU_016,2026-05-31,28,8,1,15.294117647058824,2.184873949579832,2.184873949579832,12.815384615384614,25.81512605042017,12.815384615384614,Low,12.815384615384614
STORE_16,SKU_232,2026-05-31,39,10,3,21.282329873989983,3.0403328391414264,9.12099851742428,12.827542924877063,29.87900148257572,4.275847641625687,Low,12.827542924877063
STORE_18,SKU_167,2026-05-31,21,8,2,11.439594356261024,1.6342277651801462,3.2684555303602925,12.850105993447677,17.731544469639708,6.425052996723839,Low,12.850105993447677
STORE_15,SKU_244,2026-05-31,15,7,2,8.163980886472235,1.1662829837817479,2.3325659675634958,12.861372590176641,12.667434032436503,6.430686295088321,Low,12.861372590176641
STORE_17,SKU_157,2026-05-31,21,9,3,11.413885491292445,1.630555070184635,4.891665210553905,12.879049830326846,16.108334789446097,4.293016610108949,Low,12.879049830326846
STORE_13,SKU_026,2026-05-31,22,9,3,11.923454870009367,1.703350695715624,5.1100520871468715,12.915719619768144,16.889947912853128,4.305239873256048,Low,12.915719619768144
STORE_04,SKU_222,2026-05-31,19,8,3,10.297500000000001,1.4710714285714288,4.413214285714286,12.915756251517356,14.586785714285714,4.305252083839119,Low,12.915756251517356
STORE_12,SKU_203,2026-05-31,40,10,3,21.66945957268538,3.095637081812197,9.286911245436592,12.921411309811504,30.713088754563408,4.307137103270501,Low,12.921411309811504
STORE_05,SKU_146,2026-05-31,22,5,1,11.9147314098053,1.702104487115043,1.702104487115043,12.925175961017867,20.297895512884956,12.925175961017867,Low,12.925175961017867
STORE_06,SKU_014,2026-05-31,25,9,2,13.436510280011134,1.9195014685730192,3.8390029371460384,13.024215094029236,21.160997062853962,6.512107547014618,Low,13.024215094029236
STORE_08,SKU_201,2026-05-31,20,7,2,10.720496894409937,1.5314995563442768,3.0629991126885536,13.05909617612978,16.937000887311445,6.52954808806489,Low,13.05909617612978
STORE_05,SKU_106,2026-05-31,22,6,2,11.766193433895298,1.6808847762707568,3.3617695525415137,13.088345085026958,18.638230447458486,6.544172542513479,Low,13.088345085026958
STORE_05,SKU_050,2026-05-31,24,8,3,12.834504293520686,1.833500613360098,5.500501840080294,13.089714737546378,18.499498159919707,4.363238245848793,Low,13.089714737546378
STORE_05,SKU_136,2026-05-31,24,6,3,12.825655976676384,1.8322365680966262,5.496709704289879,13.098745226404803,18.503290295710123,4.3662484088016,Low,13.098745226404803
STORE_05,SKU_059,2026-05-31,22,5,1,11.749672346002622,1.6785246208575175,1.6785246208575175,13.106748466257667,20.321475379142484,13.106748466257667,Low,13.106748466257667
STORE_05,SKU_096,2026-05-31,38,11,2,20.25650726392252,2.893786751988931,5.787573503977862,13.131582682753727,32.21242649602214,6.565791341376864,Low,13.131582682753727
STORE_04,SKU_030,2026-05-31,13,5,2,6.9131270420911015,0.9875895774415859,1.9751791548831719,13.163362895826962,11.024820845116828,6.581681447913481,Low,13.163362895826962
STORE_16,SKU_187,2026-05-31,28,8,2,14.870117681033861,2.1243025258619803,4.248605051723961,13.180796830544846,23.75139494827604,6.590398415272423,Low,13.180796830544846
STORE_14,SKU_037,2026-05-31,18,6,1,9.538205980066447,1.3626008542952068,1.3626008542952068,13.21003134796238,16.637399145704794,13.21003134796238,Low,13.21003134796238
STORE_09,SKU_181,2026-05-31,14,6,2,7.413617886178862,1.0590882694541233,2.1181765389082465,13.218917066483892,11.881823461091754,6.609458533241946,Low,13.218917066483892
STORE_10,SKU_168,2026-05-31,25,11,1,13.2328349944629,1.8904049992089857,1.8904049992089857,13.224679373182418,23.109595000791014,13.224679373182418,Low,13.224679373182418
STORE_16,SKU_067,2026-05-31,25,7,2,13.192722371967655,1.8846746245668078,3.7693492491336156,13.264889161303504,21.230650750866385,6.632444580651752,Low,13.264889161303504
STORE_15,SKU_122,2026-05-31,20,8,1,10.533520533520534,1.5047886476457906,1.5047886476457906,13.290903032322559,18.49521135235421,13.290903032322559,Low,13.290903032322559
STORE_16,SKU_024,2026-05-31,25,8,1,13.157384987893462,1.8796264268419232,1.8796264268419232,13.300515274199485,23.120373573158076,13.300515274199485,Low,13.300515274199485
STORE_16,SKU_074,2026-05-31,36,10,3,18.891732964372192,2.698818994910313,8.096456984730938,13.339168009374541,27.90354301526906,4.44638933645818,Low,13.339168009374541
STORE_05,SKU_199,2026-05-31,21,6,2,11.014285714285714,1.573469387755102,3.146938775510204,13.346303501945526,17.853061224489796,6.673151750972763,Low,13.346303501945526
STORE_05,SKU_207,2026-05-31,23,7,2,12.012345679012345,1.7160493827160492,3.4320987654320985,13.402877697841728,19.567901234567902,6.701438848920864,Low,13.402877697841728
STORE_02,SKU_119,2026-05-31,16,6,3,8.352186588921281,1.1931695127030402,3.5795085381091205,13.409662105557109,12.42049146189088,4.469887368519037,Low,13.409662105557109
STORE_16,SKU_157,2026-05-31,32,9,2,16.650437569333167,2.3786339384761668,4.7572678769523336,13.453099900062925,27.242732123047666,6.726549950031463,Low,13.453099900062925
STORE_05,SKU_217,2026-05-31,41,11,1,21.218200685513036,3.031171526501862,3.031171526501862,13.526123362380698,37.968828473498135,13.526123362380698,Low,13.526123362380698
STORE_02,SKU_021,2026-05-31,16,6,3,8.273127390893011,1.1818753415561445,3.5456260246684335,13.537806769818225,12.454373975331567,4.512602256606075,Low,13.537806769818225
STORE_05,SKU_238,2026-05-31,38,11,3,19.627851140456187,2.803978734350884,8.411936203052651,13.552171253822626,29.58806379694735,4.5173904179408755,Low,13.552171253822626
STORE_12,SKU_060,2026-05-31,24,6,2,12.36409608091024,1.7662994401300343,3.5325988802600685,13.587730061349694,20.467401119739932,6.793865030674847,Low,13.587730061349694
STORE_05,SKU_127,2026-05-31,25,6,3,12.854382332643201,1.836340333234743,5.509020999704229,13.614034145817676,19.49097900029577,4.538011381939225,Low,13.614034145817676
STORE_05,SKU_103,2026-05-31,29,8,2,14.892454913507546,2.1274935590725064,4.254987118145013,13.631063594214934,24.745012881854986,6.815531797107467,Low,13.631063594214934
STORE_16,SKU_139,2026-05-31,34,9,3,17.4584331797235,2.494061882817643,7.482185648452928,13.63238026860377,26.517814351547074,4.544126756201257,Low,13.63238026860377
STORE_01,SKU_142,2026-05-31,26,11,3,13.348453017570664,1.906921859652952,5.720765578958856,13.634538755946632,20.279234421041146,4.544846251982211,Low,13.634538755946632
STORE_05,SKU_023,2026-05-31,22,7,1,11.273992673992675,1.6105703819989536,1.6105703819989536,13.659756969263759,20.389429618001046,13.659756969263759,Low,13.659756969263759
STORE_05,SKU_203,2026-05-31,22,7,1,11.252380952380951,1.6074829931972787,1.6074829931972787,13.685992382564539,20.39251700680272,13.685992382564539,Low,13.685992382564539
STORE_05,SKU_245,2026-05-31,26,7,2,13.278460101989513,1.8969228717127875,3.793845743425575,13.706408619831672,22.206154256574425,6.853204309915836,Low,13.706408619831672
STORE_08,SKU_019,2026-05-31,28,11,3,14.29378911244196,2.041969873205994,6.125909619617982,13.71224931739008,21.874090380382018,4.57074977246336,Low,13.71224931739008
STORE_12,SKU_022,2026-05-31,18,6,2,9.187593052109182,1.3125132931584547,2.6250265863169093,13.714146815751091,15.37497341368309,6.8570734078755455,Low,13.714146815751091
STORE_18,SKU_206,2026-05-31,25,10,3,12.70341843799654,1.8147740625709343,5.444322187712803,13.775819544490995,19.555677812287197,4.591939848163665,Low,13.775819544490995
STORE_18,SKU_210,2026-05-31,19,7,4,9.65054477810258,1.3786492540146542,5.514597016058617,13.781605397218778,13.485402983941384,3.4454013493046944,Low,13.781605397218778
STORE_16,SKU_100,2026-05-31,30,10,1,15.033467202141901,2.1476381717345574,2.1476381717345574,13.968833481745325,27.852361828265444,13.968833481745325,Low,13.968833481745325
STORE_05,SKU_031,2026-05-31,36,9,3,17.9776357827476,2.5682336832496575,7.704701049748973,14.017416029856053,28.295298950251027,4.672472009952017,Low,14.017416029856053
STORE_14,SKU_039,2026-05-31,23,10,3,11.455345986791219,1.6364779981130313,4.909433994339094,14.054573313249882,18.090566005660907,4.684857771083294,Low,14.054573313249882
STORE_12,SKU_140,2026-05-31,27,7,3,13.435761392373678,1.9193944846248112,5.758183453874434,14.066936326160048,21.241816546125566,4.6889787753866825,Low,14.066936326160048
STORE_12,SKU_041,2026-05-31,27,10,3,13.41053598626792,1.9157908551811313,5.747372565543394,14.093396430502976,21.252627434456606,4.697798810167659,Low,14.093396430502976
STORE_18,SKU_153,2026-05-31,23,9,3,11.420340975896531,1.631477282270933,4.8944318468127985,14.097652630495213,18.1055681531872,4.6992175434984045,Low,14.097652630495213
STORE_16,SKU_169,2026-05-31,30,8,3,14.83113622096673,2.11873374585239,6.356201237557169,14.159400660289512,23.64379876244283,4.719800220096505,Low,14.159400660289512
STORE_10,SKU_029,2026-05-31,18,6,2,8.897416413373861,1.2710594876248373,2.5421189752496747,14.161414296694849,15.457881024750325,7.080707148347424,Low,14.161414296694849
STORE_09,SKU_151,2026-05-31,17,7,4,8.381757777106614,1.1973939681580876,4.7895758726323505,14.197499279331222,12.210424127367649,3.5493748198328054,Low,14.197499279331222
STORE_12,SKU_173,2026-05-31,19,6,2,9.36369525138273,1.337670750197533,2.675341500395066,14.203794167730948,16.324658499604933,7.101897083865474,Low,14.203794167730948
STORE_12,SKU_220,2026-05-31,33,10,2,16.262046908315565,2.323149558330795,4.64629911666159,14.20485387247768,28.353700883338412,7.10242693623884,Low,14.20485387247768
STORE_12,SKU_121,2026-05-31,25,9,1,12.285477129220643,1.7550681613172348,1.7550681613172348,14.244461013546449,23.244931838682767,14.244461013546449,Low,14.244461013546449
STORE_16,SKU_080,2026-05-31,24,7,3,11.765217391304347,1.6807453416149067,5.04223602484472,14.279379157427938,18.95776397515528,4.75979305247598,Low,14.279379157427938
STORE_16,SKU_057,2026-05-31,27,6,1,13.230458471760798,1.8900654959658283,1.8900654959658283,14.285219246438299,25.10993450403417,14.285219246438299,Low,14.285219246438299
STORE_12,SKU_161,2026-05-31,42,11,2,20.47998716611855,2.9257124523026503,5.851424904605301,14.355477745922828,36.1485750953947,7.177738872961414,Low,14.355477745922828
STORE_05,SKU_066,2026-05-31,24,6,1,11.699651018799955,1.671378716971422,1.671378716971422,14.359402663382342,22.32862128302858,14.359402663382342,Low,14.359402663382342
STORE_05,SKU_056,2026-05-31,20,6,2,9.699768316789594,1.3856811881127993,2.7713623762255986,14.433334428995604,17.2286376237744,7.216667214497802,Low,14.433334428995604
STORE_16,SKU_053,2026-05-31,26,7,3,12.600891391039173,1.8001273415770247,5.4003820247310745,14.44342263987967,20.599617975268927,4.814474213293223,Low,14.44342263987967
STORE_05,SKU_072,2026-05-31,31,8,2,15.023949064428823,2.146278437775546,4.292556875551092,14.4436059433785,26.707443124448908,7.22180297168925,Low,14.4436059433785
STORE_12,SKU_043,2026-05-31,22,7,3,10.648097076668506,1.521156725238358,4.563470175715074,14.462678062678062,17.436529824284925,4.820892687559354,Low,14.462678062678062
STORE_12,SKU_231,2026-05-31,19,6,1,9.154532967032967,1.3077904238618525,1.3077904238618525,14.52832170455398,17.692209576138147,14.52832170455398,Low,14.52832170455398
STORE_02,SKU_214,2026-05-31,17,5,3,8.136054421768707,1.162293488824101,3.4868804664723028,14.626254180602007,13.513119533527696,4.875418060200669,Low,14.626254180602007
STORE_05,SKU_168,2026-05-31,39,11,3,18.603644417597906,2.6576634882282724,7.972990464684817,14.674544077060446,31.027009535315184,4.891514692353482,Low,14.674544077060446
STORE_05,SKU_165,2026-05-31,34,8,2,16.173654916512056,2.310522130930294,4.621044261860588,14.715288611544464,29.37895573813941,7.357644305772232,Low,14.715288611544464
STORE_04,SKU_027,2026-05-31,16,6,3,7.5764462809917354,1.082349468713105,3.247048406139315,14.782656122170712,12.752951593860685,4.927552040723571,Low,14.782656122170712
STORE_12,SKU_168,2026-05-31,24,8,1,11.324117987275882,1.6177311410394117,1.6177311410394117,14.835592510495726,22.38226885896059,14.835592510495726,Low,14.835592510495726
STORE_12,SKU_106,2026-05-31,18,6,3,8.491371838310613,1.213053119758659,3.639159359275977,14.838591737500467,14.360840640724023,4.946197245833488,Low,14.838591737500467
STORE_05,SKU_132,2026-05-31,46,11,1,21.656855707106963,3.093836529586709,3.093836529586709,14.868271015645716,42.90616347041329,14.868271015645716,Low,14.868271015645716
STORE_12,SKU_205,2026-05-31,22,7,2,10.349980642663569,1.4785686632376527,2.9571373264753054,14.879254881424405,19.042862673524695,7.4396274407122025,Low,14.879254881424405
STORE_06,SKU_033,2026-05-31,33,12,3,15.483565204097232,2.2119378862996046,6.6358136588988135,14.919044609885662,26.36418634110119,4.9730148699618875,Low,14.919044609885662
STORE_09,SKU_088,2026-05-31,16,6,3,7.4447311827956995,1.0635330261136713,3.190599078341014,15.044196660696747,12.809400921658986,5.014732220232249,Low,15.044196660696747
STORE_05,SKU_109,2026-05-31,22,7,1,10.193704600484262,1.4562435143548946,1.4562435143548946,15.107363420427552,20.543756485645105,15.107363420427552,Low,15.107363420427552
STORE_16,SKU_204,2026-05-31,28,7,2,12.951851851851849,1.8502645502645498,3.7005291005290997,15.132971118101233,24.2994708994709,7.566485559050617,Low,15.132971118101233
STORE_09,SKU_078,2026-05-31,18,6,4,8.301412872841443,1.1859161246916348,4.743664498766539,15.178139183055977,13.256335501233462,3.7945347957639943,Low,15.178139183055977
STORE_05,SKU_247,2026-05-31,25,7,2,11.505024201081264,1.643574885868752,3.287149771737504,15.210745926423446,21.712850228262496,7.605372963211723,Low,15.210745926423446
STORE_12,SKU_119,2026-05-31,23,6,3,10.550854488136718,1.507264926876674,4.521794780630022,15.259427582953295,18.47820521936998,5.086475860984431,Low,15.259427582953295
STORE_12,SKU_061,2026-05-31,20,5,2,9.05073051948052,1.2929615027829315,2.585923005565863,15.46836464732523,17.414076994434136,7.734182323662615,Low,15.46836464732523
STORE_12,SKU_194,2026-05-31,30,7,2,13.504464285714285,1.9292091836734693,3.8584183673469385,15.550413223140497,26.14158163265306,7.7752066115702485,Low,15.550413223140497
STORE_12,SKU_221,2026-05-31,31,7,1,13.880239799237845,1.9828913998911208,1.9828913998911208,15.63373566585754,29.01710860010888,15.63373566585754,Low,15.63373566585754
STORE_05,SKU_138,2026-05-31,28,7,2,12.536222071767094,1.7908888673952992,3.5817777347905984,15.634694318427307,24.4182222652094,7.817347159213654,Low,15.634694318427307
STORE_16,SKU_069,2026-05-31,23,8,2,10.28061224489796,1.46865889212828,2.93731778425656,15.660545905707195,20.06268221574344,7.830272952853598,Low,15.660545905707195
STORE_10,SKU_204,2026-05-31,27,10,4,12.064369197889533,1.723481313984219,6.893925255936876,15.665966193496672,20.106074744063122,3.916491548374168,Low,15.665966193496672
STORE_12,SKU_065,2026-05-31,17,6,2,7.49645390070922,1.070921985815603,2.141843971631206,15.874172185430462,14.858156028368795,7.937086092715231,Low,15.874172185430462
STORE_12,SKU_237,2026-05-31,21,7,2,9.192047952047952,1.3131497074354217,2.6262994148708434,15.992083675678495,18.373700585129157,7.996041837839248,Low,15.992083675678495
STORE_08,SKU_058,2026-05-31,32,11,2,13.714149400218101,1.9591642000311573,3.9183284000623146,16.333495681215027,28.081671599937685,8.166747840607513,Low,16.333495681215027
STORE_05,SKU_100,2026-05-31,25,7,2,10.493275651274335,1.4990393787534764,2.9980787575069527,16.677347075957876,22.001921242493047,8.338673537978938,Low,16.677347075957876
STORE_05,SKU_227,2026-05-31,43,11,1,18.042482901019486,2.577497557288498,2.577497557288498,16.68284801217642,40.422502442711505,16.68284801217642,Low,16.68284801217642
STORE_16,SKU_086,2026-05-31,27,7,2,11.237978453183848,1.6054254933119783,3.2108509866239565,16.81797138047138,23.789149013376043,8.40898569023569,Low,16.81797138047138
STORE_05,SKU_077,2026-05-31,35,11,2,14.131375757053876,2.018767965293411,4.037535930586822,17.337307011860098,30.96246406941318,8.668653505930049,Low,17.337307011860098
STORE_12,SKU_018,2026-05-31,18,6,2,7.133333333333334,1.0190476190476192,2.0380952380952384,17.663551401869157,15.961904761904762,8.831775700934578,Low,17.663551401869157
STORE_12,SKU_138,2026-05-31,35,10,2,13.81350349938246,1.9733576427689228,3.9467152855378456,17.73626799392007,31.053284714462155,8.868133996960035,Low,17.73626799392007
STORE_16,SKU_064,2026-05-31,34,8,3,13.394017946161513,1.9134311351659306,5.740293405497791,17.76912655759182,28.25970659450221,5.923042185863941,Low,17.76912655759182
STORE_05,SKU_036,2026-05-31,23,6,3,8.999009846526212,1.2855728352180302,3.856718505654091,17.890857188266,19.14328149434591,5.963619062755334,Low,17.890857188266
STORE_12,SKU_123,2026-05-31,21,6,1,8.163354889280814,1.1661935556115448,1.1661935556115448,18.00730238899985,19.833806444388454,18.00730238899985,Low,18.00730238899985
STORE_12,SKU_144,2026-05-31,22,6,1,8.451105754113824,1.2073008220162607,1.2073008220162607,18.222467506697093,20.79269917798374,18.222467506697093,Low,18.222467506697093
STORE_16,SKU_093,2026-05-31,30,8,1,11.399878271454657,1.6285540387792368,1.6285540387792368,18.42124933262146,28.371445961220765,18.42124933262146,Low,18.42124933262146
STORE_05,SKU_115,2026-05-31,45,12,2,17.091540173381606,2.441648596197372,4.883297192394744,18.430170529077394,40.11670280760526,9.215085264538697,Low,18.430170529077394
STORE_16,SKU_243,2026-05-31,31,7,2,11.761904761904761,1.6802721088435373,3.3605442176870746,18.44939271255061,27.639455782312925,9.224696356275304,Low,18.44939271255061
STORE_12,SKU_042,2026-05-31,26,7,2,9.668367346938776,1.3811953352769681,2.7623906705539363,18.82427440633245,23.237609329446062,9.412137203166225,Low,18.82427440633245
STORE_05,SKU_196,2026-05-31,26,6,2,9.570949185043146,1.3672784550061636,2.7345569100123273,19.015877786125717,23.265443089987674,9.507938893062859,Low,19.015877786125717
STORE_05,SKU_075,2026-05-31,40,10,3,14.139511542321845,2.019930220331692,6.059790660995076,19.80266426898233,33.94020933900492,6.600888089660776,Low,19.80266426898233
STORE_16,SKU_039,2026-05-31,35,11,1,11.852813852813853,1.6932591218305504,1.6932591218305504,20.67019722425128,33.30674087816945,20.67019722425128,Low,20.67019722425128
STORE_16,SKU_227,2026-05-31,29,8,2,9.616510538641688,1.3737872198059553,2.7475744396119106,21.10952815829528,26.25242556038809,10.55476407914764,Low,21.10952815829528
